TF,target,importance
FOSB,ALAS2,56.83804727781907
FOSB,SLC25A37,48.38073313479973
FOSB,SNCA,48.13005443788056
FOSB,YBX3,35.318412192800324
FOSB,BTG1,31.793865306776624
FOSB,HLA-A,30.27134725382337
LEF1,RGS1,28.25218654922068
FOSB,RGS1,27.632088686800262
JUNB,FOSB,26.95182739384448
FOSB,CXCR4,26.262316827299706
RUNX3,YBX3,25.205364767652323
JUN,FOSB,25.195221692278277
LEF1,BTG1,23.6037242802182
JUN,CD200,23.521181438777006
LEF1,FOSB,21.27141840792634
RUNX3,BTG1,20.91471765839055
RUNX3,SLC25A37,20.317690715620497
FOSB,LGALS3,19.997541000154147
PAX5,IGHM-secreted,19.67735638780766
RUNX3,SNCA,19.608231107591735
IKZF1,IL15RA,19.35522389251549
RUNX3,HLA-A,19.34919455565949
EGR1,FOSB,18.906062449033815
EGR1,FLT3,18.688139766234492
FOSB,IL1R2,18.423558782262926
RUNX3,ALAS2,18.26664313618658
RUNX3,CXCR4,17.94826753228145
RUNX3,FOSB,17.830545956303194
MYC,CD9,17.668216475170944
POU2AF1,PAX5,17.661568804042055
RUNX3,NKG7,17.284351225940124
PRDM1,BPI,17.216289347600338
PAX5,BLNK,16.965121274160893
LEF1,YBX3,16.956734347579467
RUNX3,CTSW,16.95240180670409
RUNX3,ITGAM,16.92086703861454
JUNB,ALAS2,16.60992551010669
RUNX3,RGS1,16.146960026485523
RUNX3,FCGR3A,16.067981960827332
RUNX3,KLRB1,15.90656227314716
PAX5,POU2AF1,15.678023312639827
IRF8,TGFB1,15.642848344921395
RUNX3,IL2RB,15.587399841423366
RUNX3,KLRF1,15.510739356634835
IRF8,IRF4,15.496124760851568
RUNX3,HAVCR2,15.485758953441193
PRDM1,VSIG4,15.375068154155263
LEF1,IL23R,15.362340936598056
LEF1,CXCR4,15.305499196475196
JUN,SLC25A37,15.292170416757635
IRF8,TCF4,15.254893808136444
LEF1,SLC25A37,15.219741680836892
EGR1,FASLG,15.148030704762949
RUNX3,GZMA,15.140458027262166
RUNX3,PRF1,15.137382712014132
JUN,SNCA,14.998257514192764
RUNX3,KLRC1,14.912506062818686
RUNX3,TBX21,14.812415285894456
RUNX3,ZBTB16,14.705217474522522
JUNB,YBX3,14.701613954185813
RUNX3,CCL5,14.558459636518613
RUNX3,GNLY,14.386837038281854
EGR1,CTSG,14.358018513854287
LEF1,ALAS2,14.132451384764027
JUNB,SLC25A37,14.086320621770321
JUNB,SNCA,14.037243082061458
PRDM1,CLEC10A,13.83335245991216
FOXO1,FAM129C,13.27935403680651
JUNB,CXCR4,12.994541835511454
PAX5,MS4A1,12.932971432259638
MYC,TNFSF14,12.891551361802176
JUN,BTG1,12.883472212603447
MYC,FOSL1,12.847580442660103
POU2AF1,CD22,12.8357010576467
LEF1,PASK,12.812043199629034
LEF1,CD52,12.667954102308602
EGR1,C1QB,12.655557613322955
RUNX3,LAIR2,12.592635525821903
PAX5,IGHM-membrane,12.537654488492336
JUN,ALAS2,12.432720801059489
IRF8,CXCR3,12.350098047539548
RUNX3,GZMK,12.348930881742639
FOSB,NAMPT,12.122625536821214
EGR3,IKZF2,12.066954843717017
PAX5,CD79A,12.05560857005179
RUNX3,IFNG,11.996679215244633
JUNB,BTG1,11.968095702992002
RUNX3,KIR2DL1,11.9676406571098
FOSB,FTH1,11.851478800579727
JUNB,HLA-A,11.842467826815199
JUNB,RGS1,11.791207806530448
JUN,YBX3,11.773632890820696
MYC,MGST1,11.725744792145814
MYC,APOBEC3G,11.70897145542732
FOSB,IL15,11.62640530425497
JUNB,BTLA,11.624918775498347
PRDM1,SLC7A7,11.624359850351887
FOSB,CSF3,11.574534889682859
RUNX3,KLRK1,11.5394328373256
IRF4,JCHAIN,11.50644613648733
FOSB,PTPRC,11.47446315455502
LEF1,SNCA,11.47152689562926
FOSB,S100A9,11.461342559543427
FOSB,CLEC4E,11.441883047908911
RUNX3,CST7,11.387292951564921
LEF1,BCL11B,11.318632067583144
FOSB,ADGRE1,11.295840838607266
LEF1,NT5E,11.20583722650527
FOSB,CCL3,11.197072547494166
PAX5,IGLC3,11.182668438386601
LEF1,HLA-A,11.17014724852708
RUNX3,GZMB,11.166623693583908
RUNX3,GZMH,11.142501120298592
PRDM1,RNASE2,11.064957160020452
IRF8,JCHAIN,10.980927161531067
RUNX3,IL12RB2,10.886394311200426
RUNX3,STAT4,10.867874073240447
IRF4,TCF4,10.826320325492821
PRDM1,ADGRE1,10.799125413000581
PRDM1,F13A1,10.78250119728665
XBP1,CXCR3,10.683360387750787
FOSB,CD14,10.650329126415631
FOSB,BCL2A1,10.600324713738113
PRDM1,TLR2,10.530077391053325
FOSB,IL23R,10.513994671780292
PAX5,IGHD-membrane,10.479361580104882
FOSB,EGR1,10.462417157673617
STAT4,ZAP70,10.347983233929218
RUNX3,CD7,10.269998796848034
PRDM1,CD86,10.26189586019786
RUNX3,IFITM2,10.24070128696414
FOSB,IER3,10.222137171542794
JUN,RGS1,10.22198253660172
PAX5,VPREB3,10.185796160588865
PRDM1,TLR8,10.16807096438101
LEF1,CD3G,10.167149643567159
LEF1,CD6,10.139471293588914
FOSB,CXCL3,10.120486385375287
RUNX3,PIK3AP1,10.096957519224194
FOSB,FCN1,10.067653977871482
IRF8,TGFBI,10.061307381352288
FOSB,IL1B,10.060890762281442
STAT5A,FCER1A,9.993888867434856
FOSB,S100A12,9.945981249902886
PRDM1,THBS1,9.941791949868835
MYC,HMMR,9.907814655999609
MYC,TOP2A,9.902006423186705
FOSB,NINJ2,9.826856902672484
FOSB,S100A10,9.79007646896186
PRDM1,ANXA5,9.769223368608769
JUNB,IGHG1-secreted,9.752456686409182
RUNX3,IL18RAP,9.72676848163027
JUNB,ATF6B,9.676935279703784
FOSB,ANXA5,9.639873542898442
JUNB,VPREB3,9.587194236706633
LEF1,CD2,9.578354624891178
RUNX3,ARL4C,9.543605372824654
RUNX3,CD160,9.495701246671887
BAX,MCM4,9.474071585113544
FOSB,ICAM1,9.400180041862367
RUNX3,KLRC3,9.354811306065471
PRDM1,IL1RN,9.252701260113085
RUNX3,TRDC,9.16930893246917
LEF1,CCR7,9.152595603789152
PAX5,IGKC,9.141665198559892
BAX,FOSB,9.123273308490182
FOSB,ARG1,9.114496335812346
PRDM1,CLEC4D,9.111874130474611
FOSB,CD69,9.004603954855249
BAX,SNCA,8.920032939670882
LEF1,CD44,8.877726807252282
POU2AF1,IGLC3,8.873127832606517
RUNX3,TARP-refseq,8.868381596933364
FOSB,BTLA,8.832784318033651
POU2AF1,IGHM-membrane,8.832303777610413
EGR1,TNF,8.823503964494856
LEF1,TXK,8.765875824594266
BCL11B,RGS1,8.765389243143956
FOXP1,CXCR4,8.747677155199435
FOSB,THBD,8.74032380131393
EGR1,EGR3,8.730324747826867
BAX,ALAS2,8.666364820341588
IRF4,TNFSF13,8.610759994818437
MYC,KCNE3,8.599047188233671
IRF4,IRF8,8.58730197970342
FOSB,CXCL1,8.579279480003184
POU2AF1,MS4A1,8.577852392003598
POU2AF1,IGHD-membrane,8.575454593874982
FOSB,CXCL2,8.566980139140297
PAX5,CD22,8.564556011911867
IKZF1,CD36,8.5603377774803
STAT5A,KIAA0101,8.5400295470095
FOSB,CASP5,8.525650328748956
RUNX3,IFITM3,8.501027037321089
LEF1,TNFSF8,8.438632708798625
IRF4,MZB1,8.427057404257905
MYC,EBF1,8.400810725662271
BAX,TLR8,8.39403284501449
STAT3,FAS,8.383122169994481
LEF1,ICOS,8.374976421552232
RUNX3,ITGB2,8.330941450216926
LEF1,LAT,8.298069707810006
FOSB,DUSP2,8.291331558558932
STAT5A,KIT,8.259417733687664
RUNX3,CD69,8.172700308384522
FOSB,PRDM1,8.17027556849487
FOSB,SLC7A7,8.167532123568389
RUNX3,CNOT2,8.164733423771606
BCL11B,CD5,8.151408361502906
LEF1,CD48,8.115863329972777
LEF1,PIK3IP1,8.114427165450909
RUNX3,ITGAX,8.114260054096299
IKZF1,TOP2A,8.108385469370628
IRF8,HLA-DQB1,8.10498396611106
PRDM1,FCN1,8.078429514361677
PRDM1,AQP9,8.075275439496279
LEF1,FAM65B,8.040008745517277
JUN,HLA-A,8.020656659610564
FOSB,CCR1,7.97440675395125
LEF1,LCK,7.939932362331835
BCL11B,BTG1,7.915178142788529
IRF8,HLA-DMA,7.8904259916297175
EGR1,YBX3,7.882603317304507
RUNX3,CD8A,7.85451775425303
LEF1,TRAC,7.8501694523517855
JUNB,CD69,7.846848653541875
BCL11B,LEF1,7.812817842743329
MYC,FOSB,7.802748850498327
FOSB,EGR3,7.797866617347223
IRF4,CD4,7.796239954439715
RUNX3,FYN,7.761294264397453
PRDM1,LGALS1,7.747539993693618
LEF1,GIMAP2,7.738273194429217
PAX5,CD1C,7.677104886081445
RUNX3,CD247,7.670817219471713
LEF1,TRIB2,7.613420392534756
JUN,CXCR4,7.579333550586506
FOSB,IL18,7.555072051771537
BCL11B,FOSB,7.549404196959505
RUNX3,CCL4,7.532410443440303
STAT5A,TYMS,7.526173397427967
LEF1,FYB,7.504840814770353
MYC,KIAA0101,7.43719844721955
PRDM1,CXCL3,7.4095891859762935
LEF1,TRAT1,7.398913476912447
BACH2,TCF7,7.398412651459359
BAX,HLA-A,7.364151002009162
PAX5,CD74,7.316501843352915
PRDM1,VEGFA,7.314217167792298
FOSB,THBS1,7.298722317894112
STAT5A,CPA3,7.285838252490813
STAT1,CD38,7.276089176996567
FOSB,JUNB,7.262425913075174
FOXP3,DUSP4,7.172691110892796
IRF4,TGFBI,7.167098447430716
FOSB,CXCL16,7.162713069685784
JUNB,CD27,7.161734851018078
LEF1,PTPRC,7.1481371870826464
PRDM1,CCL2,7.147461150747353
FOSB,KLRG1,7.129020109504425
PRDM1,CD163,7.128015059759325
RUNX3,PRDM1,7.108979135370625
PAX5,LY86,7.095360180035698
RUNX3,CD33,7.084102272001319
TBX21,CD160,7.078142470996512
LEF1,FOXP1,7.073331841608242
POU2AF1,CD79A,7.072262902831373
FOSB,CXCR2,7.068980634005545
LEF1,ADA,7.0420811104802725
FOSB,QPCT,7.010184925935346
FOSB,FCER1G,7.001469306136787
BCL11B,CXCR4,6.997552277128295
FOSB,TLR2,6.994248116872449
PRDM1,S100A9,6.980199366144781
JUNB,LAMP3,6.969496406265555
XBP1,C1QB,6.962626319327107
RUNX3,DUSP2,6.95470434715281
RUNX3,SELPLG,6.917814815958706
IKZF1,CTLA4,6.852805766438312
FOSB,DUSP1,6.838265272388113
EGR1,SNCA,6.832158856839343
MYC,CLEC4D,6.806130709435455
IRF8,ICAM1,6.787572232731317
EGR1,TGFB1,6.741970110365
LEF1,IL4R,6.741882340736607
RUNX3,BIN2,6.733777248212587
IRF4,IL3RA,6.724082928899457
PRDM1,CXCL8,6.704933325213734
FOSB,BCL6,6.698211569198121
FOSL1,CD163,6.67800606995154
RUNX3,IFNGR1,6.648123456102952
BCL6,LAMP3,6.626161852496801
IRF8,CXCR2,6.5994384213699995
JUNB,CTLA4,6.57551549879036
PRDM1,CCL20,6.571471467698677
FOSB,CCL20,6.56462493755533
LEF1,DPP4,6.543443163632709
FOSB,CLEC4D,6.526359117647948
IRF8,LYN,6.522267502602916
FOXP1,BTG1,6.496056896511098
PRDM1,FOXP3,6.483358354679658
EGR1,IER3,6.435559745576341
STAT6,NT5E,6.4230003036353365
FOSL1,TREM1,6.363347023572589
LEF1,TRBC2,6.338083963897843
MYC,KLRC4,6.32812261852
LEF1,CD69,6.32425815726692
FOXP1,HLA-A,6.319706319099686
FOSB,LEF1,6.313594303887207
FOSB,IL1RN,6.289519121342503
PRDM1,CCL3,6.285702554500068
FOSB,ARL4C,6.247479834769027
FOSB,CD37,6.241200465937371
RUNX3,PTPRC,6.231117990469604
LEF1,ITGAE,6.223065446231958
FOSB,RUNX3,6.216680240030018
FOSL1,TNFSF10,6.195718935775401
BCL11B,BCL2,6.185430864144529
BCL11B,CD3E,6.172374080299244
BAX,SLC25A37,6.146365283196263
FOSB,PIK3IP1,6.120108812702725
STAT4,IL18R1,6.1000990224562655
LEF1,CD8B,6.0971042084906735
FOSB,CD63,6.0767644802776
RUNX3,LAMP1,6.0523169010772015
FOSB,HLA-DRA,6.040937837947307
MYC,CCL2,6.028147220489485
EGR1,ALAS2,6.02438130874731
MYC,UBE2C,6.01812236032498
LEF1,MYC,6.008760692480906
JUNB,CTSD,5.996034614318918
LEF1,JUNB,5.977964181408479
IKZF1,VEGFA,5.952712461272852
JUN,CD34,5.951096298892668
LEF1,S100A9,5.95057194589241
PAX5,TCL1A,5.950223750974577
BCL11B,IKZF1,5.948268124429413
JUNB,LEF1,5.944317802560026
RUNX3,IL18R1,5.924276486070453
FOXP1,TNFSF14,5.918134489980015
FOSB,CD44,5.917978498953227
FOXP1,ALAS2,5.915205933568314
PRDM1,BCL2A1,5.9094048004141015
IRF8,RNASE6,5.906682115352259
PRDM1,IER3,5.895845609415289
FOSB,CD52,5.874169975658706
BCL11B,CD52,5.859894515173217
BCL11B,IL7R,5.846599628336802
PRDM1,CD1C,5.835076449344882
PAX5,HLA-DRA,5.83339362055263
LEF1,BCL2,5.823842012433592
BCL11B,HLA-A,5.821256232662848
EGR1,KLRG1,5.820490671347786
EGR1,JUN,5.808435732629597
STAT5A,TMEM97,5.798121351021554
BAX,RGS1,5.7973092303969675
BAX,RPN2,5.790869886124585
JUN,ENTPD1,5.779769432611514
POU2AF1,CD1C,5.778652519283955
JUNB,DUSP1,5.755738647487208
FOXP1,SLC25A37,5.754623514342319
POU2AF1,CD24,5.732013487998478
MYC,BTG1,5.717915662285634
LEF1,FOXO1,5.7130748094693775
FOSB,ITGAX,5.7108571408860165
EGR3,IL6,5.706473555284305
FOSB,CCL4,5.705705277424233
FOXP1,BACH2,5.7034759084405335
FOSB,GAB2,5.698952804159886
FOSB,CCL2,5.6957685359424
JUN,PTPRC,5.68308409298503
RUNX3,APOBEC3G,5.681744432825726
FOXP1,SNCA,5.667397560846562
LEF1,IL7R,5.608575555761377
FOSB,ITGB2,5.60574340147912
FOSB,SELL,5.581826938791948
LEF1,STAT3,5.576646486117832
IRF4,CD24,5.55595041790853
TCF7,QPCT,5.551176384916657
RUNX3,FCER1G,5.549209371550591
FOSB,LAMP1,5.540969735265267
LEF1,CD28,5.5321178975238325
JUN,IL12RB2,5.494902545505008
PAX5,CD72,5.482126697665823
FOXP1,FOSB,5.469180434337421
PRDM1,S100A12,5.461367431352686
BCL11B,CD3D,5.452084684107391
MYC,MCM4,5.442613833352993
EGR1,IGHG1-secreted,5.4333750283630655
FOSB,GAPDH,5.4259366538276375
FOSB,LYN,5.410831017612816
FOXP1,RGS1,5.4054745123377925
FOSB,AQP9,5.403789888920939
STAT1,TMEM97,5.398458240658447
MYC,PTTG2,5.397104005406336
FOSB,TIAF1,5.388393845593567
LEF1,ARL4C,5.3850567484787515
BAX,BTG1,5.3816043985052575
POU2AF1,IL6,5.381378971183501
FOSB,IL6,5.347290537862518
PRDM1,CCR1,5.295258234431975
IKZF1,AURKB,5.2901298713731375
PRDM1,CXCL16,5.2704961748646095
JUN,STAT6,5.2678977719628675
FOSB,IFITM3,5.266644186261382
LEF1,CCND2,5.246590538327406
JUNB,EGR1,5.241951660171043
RUNX3,ATF6B,5.240152060215815
FOSB,CD48,5.224770682817919
STAT1,MCM2,5.2177845238022815
JUN,CD247,5.209148174842544
IRF8,VSIG4,5.2049439964807185
RUNX3,TIGIT,5.202343210699448
IRF8,THBD,5.184260022975883
MYC,CCR1,5.182060482688383
RUNX3,NCR3,5.178796261474526
FOSB,FYB,5.176243075663741
BAX,YBX3,5.174221234892477
FOXP1,CD52,5.167618342717009
BAX,ATF6B,5.135392822418459
JUN,TIAF1,5.13427026469697
RUNX3,CASP5,5.120109378800612
STAT5A,CD33,5.119952415647826
LEF1,BAX,5.114990288375621
STAT1,KIAA0101,5.104685997509026
JUN,CD69,5.097395061742794
MYC,AURKB,5.0633468390673935
RUNX3,LGALS3,5.0627778893310325
FOSB,VPS28,5.044861824039914
PRDM1,CLEC4E,5.041136899264285
FOSB,NCR3,5.039538143711405
LEF1,CD3D,5.035610387797483
LEF1,CBLB,5.029239777571313
FOXP1,BIRC3,5.023197567025954
RUNX3,RPN2,5.022489297659504
MYC,TYMS,5.019859988925316
RUNX3,CCR1,5.019515866516644
FOSB,LAT2,5.012636520097989
JUNB,IL7R,5.011776042096095
BCL11B,TRIB2,5.008539911507574
BAX,TSPAN32,4.984740743190655
EGR1,TNFRSF25,4.979854420825605
LEF1,IGBP1,4.979400082591569
BAX,CD8B,4.9786014460463806
PAX5,STAT6,4.971568452117236
LEF1,IL32,4.947259856420544
LEF1,ITGA4,4.939205905090533
RUNX3,CD27,4.9368574262835825
FOSB,IFNGR1,4.926099016613644
JUNB,CD52,4.919115308122193
MYC,SLC25A37,4.901836937714108
FOSB,JUN,4.887521420388917
LEF1,LGALS3,4.853519478422796
JUNB,TNFSF13,4.847228383040082
FOXP1,RORA,4.839214713949709
FOSB,VNN2,4.832508083502223
STAT6,CD72,4.826880365289359
FOSB,TNFSF13B,4.8251743144204156
PAX5,CD24,4.8230563144986105
IRF4,RNASE6,4.8227807605999535
FOXP1,IL23R,4.818135381958203
MYC,IL23R,4.811286908989878
FOSB,HLA-DPA1,4.801092844252061
FOSB,CXCL8,4.796728889972895
FOSB,LY86,4.792108761805266
TCF4,IRF8,4.783850457490299
FOSB,ITGAE,4.761780535075288
JUN,FOSL1,4.754190306098431
FOSB,CNOT2,4.75184479174877
BAX,CD8A,4.741055187287555
FOSB,CD8A,4.739445827436839
JUN,EGR1,4.716845546349888
LEF1,CCL3,4.711442675425454
FOSB,KCNE3,4.708393189098704
JUNB,CTSG,4.695741324557527
XBP1,CPA3,4.692133327829351
PRDM1,CXCL1,4.689014452597922
FOXP1,TRIB2,4.6820716433437175
PAX5,CXCR5,4.675434297923766
EGR1,SLC25A37,4.673481671927899
PRDM1,CSF2,4.673076437646099
IRF8,IL3RA,4.654703042691248
FOSB,C10orf54,4.652099539126178
IRF8,GZMB,4.643493485131802
ZBTB16,CD27,4.634936973623737
MYC,MCM2,4.633717932922991
STAT1,PDIA4,4.613933780177582
FOSB,IL7R,4.61151778634509
STAT1,UBE2C,4.595834031611277
RUNX3,CD300A,4.5776528772438265
BCL11B,TRBC2,4.576380188754554
JUNB,CSF3,4.5698192834634845
IRF8,CD72,4.563245396232631
LEF1,CHI3L2,4.553381167658017
FOXP1,PTPRC,4.551833289611654
PAX5,HLA-DQB1,4.5401943251978
TCF4,JCHAIN,4.537081601396149
RUNX3,LAP3,4.532596436083233
MYC,IL7R,4.523836972638709
JUN,STAT5A,4.500617518447674
JUN,DUSP1,4.496651575044924
FOSB,ADA,4.491771265585222
RUNX3,JUN,4.489075811977021
PAX5,HLA-DPA1,4.483759717617293
BCL11B,LAT,4.483183308494403
FOSB,FOXP1,4.48197935708002
JUNB,CD5,4.475361885773311
FOSB,PDIA4,4.475181506619279
FOXP1,STAT1,4.474151422900797
BCL11B,IL32,4.472783015787648
FOXP1,TNFSF8,4.468440091620814
BCL11B,SELL,4.466187280031986
RUNX3,GNAI2,4.46097707590092
RUNX3,TSPAN32,4.460863159184232
FOXP1,BCL11B,4.441389382260832
PAX5,LTA,4.4208724332818505
TBX21,LAIR2,4.396844414812276
EGR1,LGALS9,4.3773170941887445
FOSB,CD7,4.368847833041648
EGR1,RNASE2,4.362683567475627
FOXP1,YBX3,4.355231008922474
STAT3,GIMAP5,4.348907172757204
IRF8,PDIA4,4.323233775415382
BCL11B,SLC25A37,4.317911419159635
LEF1,BACH2,4.312131621263612
IRF8,PRDM1,4.30822945067172
FOSB,F13A1,4.283675485214702
FOXP1,FYB,4.277338118494845
FOXP1,CD3G,4.274094658073571
MYC,CD36,4.249563436566201
POU2AF1,CXCR5,4.2482180055502035
EGR1,BTG1,4.245183866357937
EGR1,CSF2,4.243566081520555
FOXP1,TNFRSF25,4.241742408170049
JUNB,IL23R,4.239612406320919
TCF4,FUT4,4.239490467022755
MYC,ALAS2,4.237129231105827
FOSB,C1QB,4.2354330726290215
TCF4,PDIA4,4.226185981492485
BCL11B,FAM65B,4.223376872173279
BCL6,FAM129C,4.223075243604772
JUNB,NT5E,4.220701153878324
JUNB,PTPRC,4.198650078593467
JUNB,JUN,4.172183500914485
STAT1,TYMS,4.1647888520032605
PRDM1,CD14,4.163542048767112
IRF8,PIK3AP1,4.159828177366874
PRDM1,S100A10,4.14922953043063
POU2AF1,IGKC,4.146595795757465
IRF8,SLC25A37,4.146067828628523
FOSB,VEGFA,4.142075777580569
FOSB,DOCK8,4.137628409632171
RORA,FOXP3,4.132909387537734
MYC,SNCA,4.131629581260996
EGR1,QPCT,4.130725366152594
FOSB,TCF7,4.129252848592938
BCL11B,PASK,4.126870530264011
BCL11B,FOXO1,4.122378377861173
JUN,TNF,4.092682662837967
STAT5A,PTTG2,4.09025705076833
FOSB,STAT4,4.076968767977533
JUN,RUNX3,4.074627468545217
LEF1,RORA,4.073407213665116
IRF8,RNASE2,4.061894605636832
STAT5A,MGST1,4.060511753080524
JUN,LGALS3,4.053243079454495
EGR1,CD244,4.0524333215194694
LEF1,THBD,4.046675539059159
JUN,IFNGR1,4.032493652646585
MYC,RGS1,4.029337055928476
EGR3,CD244,4.025492627816341
LEF1,TIGIT,4.024237697700393
JUN,LTA,4.020427621700172
IRF8,IL18RAP,4.016538120151936
FOXP1,CCR7,4.015491235782142
IRF8,YBX3,4.015150948010604
PAX5,HLA-DMA,4.012280420707587
LEF1,TCF7,4.007696080161174
BAX,CXCR4,3.9979368527833765
BAX,PDIA6,3.99688746052317
TCF4,RNASE6,3.9943174458520643
BCL11B,TRAC,3.989391801517739
PRDM1,VNN2,3.989203624657964
EGR1,CD300A,3.9868439416453954
IRF8,CTSD,3.9865091006184388
FOSB,LTA,3.985859440215144
BCL11B,CD2,3.975630371921053
BCL11B,CCR7,3.967665738284554
IRF8,KLRC1,3.9637629214846055
FOSB,TRBC2,3.961975546992368
PAX5,EBF1,3.952872261920622
FOSB,TIGIT,3.9491972237741297
STAT5A,MCM2,3.946692056678773
FOSB,GNAI2,3.9421829202084977
FOSB,LAP3,3.939348244933031
IRF8,CD24,3.9363328365084578
FOSB,SELPLG,3.933948041215419
RUNX3,ICAM1,3.930263300864914
BCL11B,PIK3IP1,3.928445395685937
JUNB,EBF1,3.921886200293159
RUNX3,EBF1,3.92005620735184
BAX,KCNE3,3.9176262795095984
STAT5A,CD34,3.9104861161309756
BAX,ITGAE,3.9068606412847773
POU2AF1,IGHM-secreted,3.8911278784015515
TCF4,IRF4,3.8903808699723186
LEF1,CXCL2,3.889939254904593
PRDM1,FCER1A,3.884808463027784
BAX,KIAA0101,3.884753590568892
STAT5A,LAT2,3.8823748306496366
STAT5A,LGALS9,3.879754610645149
BCL11B,PTPRC,3.8785022828642113
FOXP1,IL4R,3.878432674738752
TCF4,MZB1,3.8703940531881016
RUNX3,CCL3,3.8654355900907706
LEF1,BIRC3,3.8594836221440465
IRF8,GZMH,3.855183284050306
MYC,LEF1,3.848866209634302
FOSB,IL18R1,3.848845911022668
EGR1,CXCL2,3.8430154438589743
FOSB,PSEN1,3.8292188828373575
JUNB,FOXP3,3.8249904039963876
PAX5,IL6,3.819247072146335
XBP1,IL3RA,3.817314277720297
PRDM1,CXCL2,3.8142025228343384
PRDM1,GAB2,3.8011840022925285
JUNB,TNFSF8,3.787522045554729
FOSB,GZMK,3.7819685113765646
BCL11B,CTLA4,3.7809601620965383
RUNX3,TNFSF14,3.7758554189744458
FOSL1,FAM129C,3.7723073279299246
FOSB,IL32,3.771694079996684
IRF8,ALAS2,3.767827377822469
FOXP1,IL7R,3.7671392527530934
IRF8,CLEC10A,3.7670396650553313
RUNX3,DUSP4,3.7642744869958142
JUNB,THBD,3.7572405745781734
BCL11B,TRAT1,3.7555091869641304
RUNX3,DUSP1,3.754650860891072
RUNX3,NINJ2,3.743283851678349
IRF8,IL18R1,3.739973172500589
BCL11B,CD6,3.737399203185222
IRF8,IL15,3.7360539134801014
IRF8,FOSB,3.726041499325771
FOSB,FAS,3.725561174241711
POU2AF1,TCL1A,3.716674493747026
FOSB,CD300A,3.708716754806081
FOSB,KLRC3,3.694807359389907
BAX,TNFSF10,3.6870258767114277
JUNB,BAX,3.667085245346851
RUNX3,LIPA,3.6495470753157475
BCL11B,IGBP1,3.644822942461243
EGR1,CD33,3.642586534621644
XBP1,CD300A,3.641964345673971
FOSB,CBLB,3.64192573575145
JUNB,CD37,3.638245730807912
RUNX3,CCND2,3.632466151859692
MYC,CSF2,3.623484223751057
FOSB,TNFSF8,3.6188738984509183
FOXP1,CBLB,3.5788945042277467
JUN,GIMAP2,3.5780545877193406
FOSB,RPN2,3.5769341136118307
IRF8,IGHM-membrane,3.5714175130448274
RUNX3,CD63,3.5682881562141056
LEF1,S100A12,3.5640406444215706
TBX21,TRDC,3.5607885635044703
JUN,GAPDH,3.5579639804050913
JUNB,MYC,3.5540111848211398
JUN,IFNG,3.5476599188268163
RUNX3,CD244,3.5338550775139796
POU2AF1,CD74,3.529875125010867
RUNX3,PSEN1,3.5212449445483394
IRF8,IGKC,3.5140047065492683
FOSB,CPA3,3.513387584226309
IKZF2,CHI3L2,3.496282986012727
MYC,BAX,3.4928433465596362
JUNB,BIRC3,3.490396421651245
IRF8,IGHD-membrane,3.486857829437785
EGR1,CXCL1,3.4837062908639664
JUNB,CD48,3.483211737549332
XBP1,MGST1,3.4694066789252753
IRF8,SNCA,3.467004374102046
BCL11B,IL23R,3.459568206650151
FOSB,CD74,3.4585979116769776
BAX,CD52,3.449109917510293
RUNX3,FUT4,3.4468440897697237
BCL11B,FOXP1,3.4454008971453796
RUNX3,PDIA4,3.4362446514846097
IRF8,IFNG,3.4360099113039304
FOSL1,GAB2,3.4285240908135797
RUNX3,THBD,3.4203746143866245
FOSB,BIN2,3.4118928883094477
POU2AF1,EGR3,3.4098745525507232
BAX,XBP1,3.4080798734990836
BCL11B,STAT3,3.4017908850524483
LEF1,CD9,3.397873543250899
BCL11B,LCK,3.375806826070667
FOSB,TNF,3.373905596618455
STAT4,CD244,3.3725039864534354
FOSB,PDIA6,3.370532073499744
BCL11B,TXK,3.370019680517063
MYC,CD69,3.367728611401345
PRDM1,NAMPT,3.3657381249225997
BAX,MYC,3.361603435156509
EGR1,S100A12,3.361553386438753
FOSB,IL4R,3.3614699915491
IRF8,HLA-DPA1,3.3462194865988324
JUN,STAT4,3.3361796947075737
BCL11B,ICOS,3.334621114082875
IRF4,GZMB,3.3312372634739176
PRDM1,CXCR2,3.3195463473653515
MYC,LTA,3.316866183987511
RUNX3,RORA,3.311196526957767
JUNB,STAT6,3.3090015596800817
LEF1,ZAP70,3.306809535156114
FOSB,CD4,3.3067720573230344
IRF4,CD27,3.3047656675408854
RUNX3,BCL6,3.304347442934137
FOSB,PTTG2,3.2915121017651843
LEF1,ARG1,3.288610557547325
MYC,STAT5A,3.2876570620166268
RUNX3,IRF8,3.2874991413977357
XBP1,AURKB,3.285807072662717
LEF1,DOCK8,3.2711026072489573
LEF1,CXCL8,3.267812594928158
JUNB,TSPAN32,3.2666604308900595
RUNX3,IL4R,3.2664795528004626
LEF1,STAT5A,3.262736878292364
IRF8,LGALS1,3.2588744898076407
JUN,CD3D,3.241891048478908
JUNB,ITGA4,3.2418392856546854
FOSB,CD86,3.229040663884038
STAT4,HAVCR2,3.226637408925966
MYC,TNFRSF25,3.217061752397184
FOSB,LCK,3.2165140174462747
ZBTB16,LAT2,3.2058631420117223
JUN,IL23R,3.2018479008857863
IRF8,IGHG1-secreted,3.199161184917205
STAT4,NCR3,3.1979970167241643
FOSB,IL15RA,3.1946811100433106
MYC,TIGIT,3.193896846156873
FOSB,FOXO1,3.1909046991867487
FOSB,PCNA,3.190085651189742
FOXP1,LEF1,3.1880430455265096
JUNB,CD3E,3.1845688869756303
TCF4,HLA-DMA,3.1835339918597345
EBF1,CD38,3.1805779732678694
PRDM1,DUSP4,3.177771292908974
IRF8,IFNGR1,3.1723854969774763
EGR1,TNFSF10,3.171371802537462
STAT4,RUNX3,3.1641412575120444
FOSB,CD38,3.1588214611479195
LEF1,BTLA,3.1571182679515233
BAX,UBE2C,3.153584845419324
JUNB,ENTPD1,3.153480575181407
BCL11B,FAS,3.1515552204978445
IRF8,ITGAX,3.147918254423523
XBP1,KIT,3.1467302252059155
IRF8,GZMK,3.143570935626919
XBP1,FUT4,3.1380917719014225
EGR1,ENTPD1,3.123319922580916
FOSB,XBP1,3.121712743986308
LEF1,CD36,3.121457392000647
IRF8,PAX5,3.11436809955479
IRF8,GAB2,3.111268453148316
EGR3,CTSD,3.1095322718081433
MYC,HLA-A,3.1093673719058
EGR1,BCL2A1,3.1087530191109973
BAX,IL23R,3.1027179614464115
PRDM1,TNFSF13B,3.10245960294875
RUNX3,CXCL8,3.102027896741872
LEF1,IKZF1,3.0972489864206088
MYC,FAS,3.0950401861131387
BCL6,KLRC4,3.0940281732249435
BAX,TMEM97,3.088392495809726
EGR1,CXCR2,3.08607427435179
MYC,YBX3,3.0812086997287955
RUNX3,LGALS9,3.080541926964915
FOXP1,BCL2,3.0779666531229117
PRDM1,FCER1G,3.077569854896105
PRDM1,CD63,3.0760273904184827
BCL11B,SNCA,3.0625643403270764
BAX,IL15RA,3.058123601532758
MYC,PCNA,3.055969126768958
JUNB,CXCR5,3.0555188619313367
LEF1,CCL4,3.0545255306505283
JUN,LEF1,3.0475529569970115
JUN,PSEN1,3.0422211303445033
XBP1,HMMR,3.0398200984837915
FOSB,LGALS1,3.0356563550818567
JUNB,RPN2,3.0298894410863504
STAT6,GIMAP5,3.0263755262231866
BAX,PTTG2,3.0255748541533567
EGR1,RGS1,3.0188565485287198
JUNB,TRAC,3.0178507434185136
BCL11B,RORA,3.0130646515264727
JUN,PCNA,3.012834411935223
POU2AF1,HLA-DPA1,3.011953496195145
FOSB,LGALS9,3.0093694132959743
PAX5,LYN,3.008382352156067
JUNB,ITGB2,3.0081940017106117
LEF1,LAMP1,3.0081809291133625
FOSB,CD247,2.9945754243597333
JUNB,STAT3,2.9932859680381565
EGR1,MYC,2.9881827857725174
JUN,LAP3,2.987897084921971
FOSB,PASK,2.987198588102553
RORA,TIGIT,2.986627923216001
FOSB,CCND2,2.982011422157035
RUNX3,S100A9,2.9802675632268265
TBX21,TARP-refseq,2.9735216504844018
STAT4,KLRC4,2.9696579729621955
FOSB,HLA-DMA,2.9637074609489265
JUNB,CD3D,2.9632194316018676
JUNB,TXK,2.960485558439806
FOSB,LAMP3,2.955803005063036
LEF1,MCM4,2.9552741833995912
JUNB,PDIA6,2.9528994312423396
FOXP1,BAX,2.9488413509729523
BAX,CTSD,2.9480157190240974
XBP1,ENTPD1,2.945982642456485
JUN,TMEM97,2.9411805943993525
LEF1,CD5,2.9374922415933886
LEF1,PCNA,2.9325364309355515
BAX,LEF1,2.9320409798099973
FOSB,TLR8,2.9295955841107184
PAX5,ENTPD1,2.924918371386785
POU2AF1,HLA-DQB1,2.9243635978550353
RUNX3,KLRC4,2.920941957266345
FOSB,CD163,2.916441412946673
FOSB,ITGA4,2.9164302001434135
JUNB,TNF,2.9150269753774762
PRDM1,LGALS9,2.9150106181727837
JUN,IL7R,2.9127908919659284
BAX,IKZF1,2.9093796738450584
JUN,DUSP2,2.901337778147763
IRF8,TNFSF13,2.900036011444397
FOXP1,CXCL5,2.8981565404858403
TCF4,HLA-DPA1,2.894271809114161
MYC,PDIA6,2.89308750344521
PRDM1,ITGAX,2.8876350355319023
STAT5A,TSPAN32,2.8794471967314523
FOSB,CCR7,2.877845154860536
FOSB,BCL11B,2.8759292686550157
BAX,CD63,2.8726095671701644
IRF4,IGKC,2.8720788830526036
FOSB,ENTPD1,2.8689052439425042
BAX,IGBP1,2.86637887934841
RUNX3,IKZF1,2.8646810502390787
JUN,CPA3,2.863746225993517
LEF1,BCL6,2.8608029107072492
BCL11B,FYB,2.857963448480901
FOSB,KIT,2.8562745844940993
BCL11B,BACH2,2.8512398094396523
FOSB,STAT6,2.850289425527425
TBX21,CTSD,2.8499344603868138
TCF4,TGFBI,2.843827527831318
FOSB,ZBTB16,2.840108623185079
TBX21,KLRC3,2.839530311143505
RUNX3,S100A10,2.838291380604921
FOSB,FYN,2.837428222824081
FOSB,BACH2,2.8350625593728913
FOXP1,IKZF1,2.8337778348255616
EGR3,STAT6,2.83079195042018
PRDM1,IL1B,2.822658684291884
MYC,CD38,2.8218529250620605
LEF1,CD3E,2.8147117890528737
FOXO1,FOSB,2.813841646434932
MYC,FOXO1,2.8138034206338394
LEF1,BCL2A1,2.8096365671240062
BAX,SELPLG,2.807287051573491
FOXP1,DOCK8,2.80110092373545
FOSB,CD34,2.800779337131759
PRDM1,TREM1,2.8002326383887013
JUNB,ARG1,2.7976677399590066
IRF8,MZB1,2.7973846420962323
POU2AF1,LY86,2.7955533932468213
FOSB,TREM1,2.7952925425788018
FOXP1,CD6,2.794319937704477
EGR1,HLA-A,2.7897656279112915
FOXP1,IL32,2.7883699613936845
IRF8,CD74,2.7877147261704454
BAX,DOCK8,2.7871881783176256
IKZF1,KIAA0101,2.785639330122717
FOXP1,CD69,2.785412257248877
JUN,BCL11B,2.7815971292775883
PRDM1,ICAM1,2.7805522528679716
BCL11B,ALAS2,2.7753214032599076
LEF1,LAP3,2.7741979884220282
FOSB,FUT4,2.7713239622378083
BCL11B,CCND2,2.7657844558471387
JUNB,CASP5,2.762448298570718
LEF1,IL1B,2.761918608097419
FOXP1,C10orf54,2.757939597396049
JUNB,LIPA,2.7568155529210925
EGR1,LGALS1,2.7527614763117287
JUNB,IL4R,2.751960981275641
IRF8,TRDC,2.750004834772661
RUNX3,TREM1,2.738746512163638
FOSB,BAX,2.7344998244686587
JUNB,ZAP70,2.731023212267216
FOSB,STAT3,2.7222067152398726
BAX,MZB1,2.7193682941502604
MYC,CD2,2.719255145191686
IRF8,IL2RB,2.718548601957117
FOSB,CD3E,2.7147246933515885
FOXP1,GIMAP2,2.712868083258536
FOXP1,TRAC,2.7123697241755944
BAX,CD28,2.710813844774475
LEF1,CD8A,2.70243833183356
BAX,FOXP1,2.7012909314013434
STAT5A,STAT1,2.7007094274566597
FOXP1,BLNK,2.6992133222304973
STAT4,GNLY,2.6944982082641076
IRF8,CST7,2.684819469942517
IRF8,IGHM-secreted,2.67924222628139
STAT5A,MCM4,2.6789012653939692
JUNB,IL18,2.6779030741574466
JUN,ITGB2,2.676401184551542
LEF1,GIMAP5,2.6762862905412805
IRF8,CXCL16,2.6748450099639136
MYC,GAPDH,2.670793533039198
LEF1,THBS1,2.6700832137342623
FOSB,TRAC,2.670018237470883
BCL11B,CD28,2.6696706892764275
JUNB,LAMP1,2.6658180932614934
STAT4,PRF1,2.656059660764151
STAT1,IL3RA,2.6504304843505864
FOXP1,PIK3IP1,2.6477128735859363
LEF1,LTA,2.6455338814630025
EGR1,FUT4,2.6402920429664887
BAX,VPS28,2.6351193015876686
TBX21,NCR3,2.6293634515506312
FOSB,BLNK,2.6286111656839433
FOXO1,RGS1,2.6263480871586875
XBP1,MCM4,2.625420874478547
FOSL1,CD86,2.620078712643176
JUN,KIR2DL1,2.6144710517416994
BAX,TRIB2,2.6137047167681784
IRF8,PRF1,2.6127103175876507
JUNB,TRBC2,2.611827870506183
XBP1,TNFSF13B,2.609381744970909
STAT5A,TNFSF13B,2.6083862791842787
FOSB,IFITM2,2.608030665730156
BCL11B,CD4,2.6013521737605148
STAT3,CXCR5,2.596539458767725
JUN,ITGA4,2.5964953063011924
FOSB,TRAT1,2.595436308434953
IRF8,CD79A,2.5896732397824564
RUNX3,BAX,2.5844586787047397
EGR1,CCL20,2.581607892895631
JUNB,DUSP2,2.578312594950048
FOXP1,CD2,2.5774827093575183
LEF1,FCER1G,2.57338751692259
MYC,TMEM97,2.5729682267111555
FOXO1,IKZF2,2.5669172805891463
BAX,CSF2,2.5651655299395446
BCL11B,CD3G,2.5647076529512978
JUN,BCL2,2.562829961207891
LEF1,SELL,2.5627623461194933
FOSB,IRF8,2.5626108549906648
MYC,ICOS,2.5561170677884792
PRDM1,ALAS2,2.554745068409476
FOSB,FOSL1,2.5504416928043647
MYC,DUSP4,2.546475895058317
STAT1,AURKB,2.5429724315320463
ZBTB16,CD160,2.541116996678877
FOXP1,ICOS,2.5398650036692376
BAX,CCND2,2.531915798135399
JUN,JUNB,2.531311345467063
JUN,ARL4C,2.527496735102482
FOXP1,PASK,2.524569180222276
LEF1,CLEC4E,2.523914464458755
ZBTB16,TRDC,2.5157048035657543
LEF1,PSEN1,2.515687711295275
JUNB,C10orf54,2.5099541233413225
LEF1,AQP9,2.506060394492463
BAX,PCNA,2.5059245922899813
MYC,EGR1,2.5041282228257256
XBP1,PTTG2,2.502423929621374
LEF1,CCL20,2.502399591617453
FOSB,FLT3,2.499543900045183
JUN,BACH2,2.49749157664123
JUN,STAT3,2.4955376021099647
JUN,SELPLG,2.4946753141121043
JUNB,LGALS3,2.4905576419646227
FOXP1,LGALS3,2.4896963015877294
RUNX3,IL23R,2.4847291456294593
JUNB,ARL4C,2.4844401156784026
JUNB,FYB,2.4832112727526567
MYC,CCR7,2.4812306473245607
EGR1,VPS28,2.4811606774675856
BCL11B,GNAI2,2.4777735787624113
FOXP1,CD3D,2.477451443582938
STAT3,FOXP3,2.4742171907347883
MYC,TRAT1,2.4722856911882203
RUNX3,XBP1,2.470088126287269
ZBTB16,KLRB1,2.468159724317438
FOSB,EBF1,2.46665239221217
LEF1,CXCL5,2.454117434027001
FOSB,CD36,2.446662081596443
JUN,CNOT2,2.4435991462777693
IRF8,CD160,2.442852781295893
JUNB,PIK3IP1,2.4390732767392205
MYC,CD52,2.437765298283781
STAT4,KLRK1,2.4368314568694815
MYC,TRBC2,2.430444386852383
FOXP1,CD8B,2.429346478087634
EGR1,CXCR4,2.4223301966457615
BAX,LIPA,2.418838235827826
RUNX3,DOCK8,2.4174224022969018
FOXP1,LAT,2.4127246953874857
JUN,DOCK8,2.4116834411463843
TCF4,CD74,2.4075558403810726
JUNB,SELL,2.402324136922572
JUNB,ICOS,2.3907790137032943
BAX,IL18R1,2.390139988181229
FOSB,CD6,2.378613689093801
IRF8,IKZF2,2.3767715370873796
FOSB,TCL1A,2.3724745715890094
JUNB,CXCR2,2.3703029418110813
LEF1,CD4,2.36981542856044
BAX,LAP3,2.3674627602858545
FOXP1,CD24,2.3666884425069536
JUN,CD33,2.3664574569590147
ZBTB16,NCR3,2.3662595577177514
TBX21,HAVCR2,2.3659529920435878
MYC,FYB,2.362441079300683
STAT4,IL12RB2,2.358808839672904
EGR1,DUSP2,2.3562180066975578
STAT3,TNFSF13,2.352272829502866
IKZF1,SLC25A37,2.35011576892359
BCL11B,TCF7,2.3485879463444403
MYC,CXCR5,2.3421730051379224
EGR1,TIAF1,2.3355089264976203
JUN,TSPAN32,2.330711566300599
JUNB,FOXP1,2.3297113780042955
BAX,ITGA4,2.3292440074198386
FOXO1,FOXP3,2.326696142234943
FOSB,RNASE6,2.318708630315535
RUNX3,KLRG1,2.317170732348759
FOSB,FAM65B,2.317150693517384
LEF1,CNOT2,2.316958940044568
XBP1,UBE2C,2.3164175486420797
JUNB,IL32,2.311695758529607
JUN,C10orf54,2.3116924395065075
JUNB,LCK,2.3102378239213
BAX,CBLB,2.3082190362528188
BAX,BIN2,2.3067402481744144
IKZF1,KIR2DL1,2.3026555024453113
XBP1,FOSB,2.3024312100625726
XBP1,CD34,2.3020180902663534
EGR1,CXCL16,2.3005522974518042
FOSB,LAT,2.3005241785389834
FOSB,CD244,2.2990602664194086
RUNX3,FASLG,2.296064823190374
FOXP1,CD3E,2.2957311786941053
JUNB,TREM1,2.289629123637875
JUN,LAMP1,2.2893441002460055
TBX21,FCGR3A,2.287647078741802
MYC,GZMH,2.2827218315156204
FOXP1,CD37,2.282443895365541
STAT4,APOBEC3G,2.2822254108996884
BAX,LAMP1,2.278522456620975
LEF1,NINJ2,2.2735161113457107
FOSB,IGBP1,2.2685668509417547
MYC,LAP3,2.2661729249895632
BAX,MCM2,2.265089990671883
RUNX3,PDIA6,2.2629401267395726
STAT5A,PDIA6,2.2614793512976092
STAT5A,UBE2C,2.2605999007481863
BAX,KLRK1,2.2605365325680133
JUN,ZAP70,2.259244724850732
RUNX3,CSF3,2.256075003064084
FOXO1,BTG1,2.2545378433637113
IRF8,CD63,2.2543448045561862
JUN,ITGAE,2.253447086445168
XBP1,CD244,2.2509055217523968
JUN,ADA,2.249671779355988
EGR3,FLT3,2.246064522404857
MYC,RPN2,2.244596954156155
IRF8,CD86,2.2441853284988094
FOXP1,SELL,2.2438292364693297
BAX,IL18,2.239726889259431
BAX,CD69,2.2355723003338572
PRDM1,HLA-DMA,2.2297487827100055
IRF8,CD4,2.228887856191343
IRF8,ITGAM,2.227862688937671
FOSB,CXCR5,2.2233155688311355
JUN,BIRC3,2.222933757885588
LEF1,CD7,2.2225144632579354
FOSB,RORA,2.2190968388121974
FOSB,TNFSF13,2.2171864539793305
FOSB,CD8B,2.2165112098574133
FOXP1,LIPA,2.2159926757503596
LEF1,RPN2,2.215096270883064
LEF1,CXCL3,2.213316122440081
RUNX3,TNFRSF25,2.2117539550745584
JUN,FYN,2.2115120044971697
JUNB,RUNX3,2.2104068167415147
TCF4,KIT,2.20794745959211
FOXP1,TRAT1,2.205750787066077
LEF1,DUSP1,2.2048978141693687
STAT4,CST7,2.2044031445189565
JUN,LGALS9,2.2033667192520703
RUNX3,C10orf54,2.1964441072608265
STAT4,CCL5,2.19268235245414
STAT1,CHI3L2,2.1877489206365777
RUNX3,IL18,2.18667661186464
FOSB,TGFBI,2.1823599123024775
EGR1,CCL3,2.1787881273485397
BCL11B,ARL4C,2.177938380542749
PRDM1,YBX3,2.1772025348917285
MYC,PASK,2.1770480959479652
ARG1,CD36,2.173384257629886
EGR1,JUNB,2.173308663675324
STAT4,YBX3,2.173151481820823
JUN,RORA,2.169795527151126
STAT5A,HMMR,2.167337005606811
LEF1,CXCL1,2.166501893974806
IKZF1,CXCL5,2.1652168691625615
PAX5,LGALS9,2.143425747150917
MYC,IL4R,2.140277626839462
JUNB,IFITM3,2.1394051320919694
JUNB,FTH1,2.138340189364236
FOSB,LIPA,2.1351212686012806
JUN,FAM65B,2.134133583847081
LEF1,BIN2,2.1334673387051315
MYC,TIAF1,2.1309780221240744
MYC,CD37,2.1290864330456625
JUNB,LTA,2.1283972021386397
MYC,JUNB,2.1258968142070107
MYC,DPP4,2.123141993434396
POU2AF1,HLA-DRA,2.1224313506166532
EGR1,CXCL3,2.1210862006190028
FOSB,BIRC3,2.117261299654747
LEF1,IKZF2,2.1166874607027366
FOSB,TARP-refseq,2.1150581774762824
JUN,XBP1,2.11398832911599
IRF8,XBP1,2.1135171871618574
RUNX3,S100A12,2.112683871440755
STAT3,CXCL5,2.1119014115071852
EGR1,DUSP1,2.1073129301721534
LEF1,IL1RN,2.098420000660901
JUNB,IKZF1,2.0967716814461665
JUN,CD2,2.0961425687245208
BAX,GAPDH,2.093000666483962
IRF8,LY86,2.092951513528403
FOSL1,EGR3,2.091510283860736
BAX,TOP2A,2.0892631839964984
PRDM1,HLA-DPA1,2.0884913174351465
JUN,GNAI2,2.0812293907419965
IRF8,RUNX3,2.079773972668891
JUNB,XBP1,2.0774141423197054
JUN,PIK3IP1,2.075617547140442
IKZF1,CXCR4,2.074754506444394
FOXP1,ITGAE,2.0696282405756152
STAT5A,VPS28,2.067602525554329
MYC,CD3D,2.0644964008623594
BCL6,GIMAP5,2.0576530444190313
FOSB,CTLA4,2.057210168000688
MYC,STAT1,2.05658553117183
IRF8,NKG7,2.0562079761595724
IRF8,DPP4,2.0560420511252233
BAX,CCR1,2.0547533526485204
BCL11B,CXCL5,2.054577788493443
IKZF1,ATF6B,2.0532745260185146
STAT1,CD33,2.052234320293504
RUNX3,PIK3IP1,2.0507042023987445
BCL11B,ITGA4,2.0484714314009715
XBP1,GIMAP5,2.048020503737328
JUNB,KLRC4,2.0430951727535853
FOSB,TNFSF14,2.041870161478188
MYC,SELL,2.0408028628720523
FOSL1,VEGFA,2.0365218281953483
RUNX3,IL1RN,2.0357524071651945
JUNB,BCL11B,2.0198632791968163
EGR3,GIMAP5,2.017116266579648
RUNX3,LCK,2.016844610618813
STAT3,BCL6,2.01571005701509
ZBTB16,LAIR2,2.0136392635708225
LEF1,EGR1,2.012871192797101
FOSB,HMMR,2.01170533082721
MYC,STAT3,2.0101994134094263
FOXP1,RPN2,2.009891314902256
MYC,JUN,2.0092581749730782
MYC,GIMAP2,2.0076101013547296
FOSB,TXK,2.0053512029721348
FOXP1,LGALS9,2.0046686660943154
RUNX3,TNFSF10,2.002825215298555
EGR1,TNFSF13B,2.0028006694598357
JUN,TXK,1.998755964453128
BAX,CASP5,1.9960876017789488
LEF1,CD37,1.9954652697876465
MYC,TRIB2,1.9922205978293897
FOSB,TRDC,1.991775592173097
JUN,IL4R,1.9906940331021463
JUNB,FOXO1,1.9900386186152392
BAX,GIMAP2,1.9891489088439813
POU2AF1,CD72,1.9885283882321296
FOXP1,BIN2,1.9863970681945622
FOXP1,TSPAN32,1.9859704924359922
FOSB,TBX21,1.9849662189875468
EGR1,CD34,1.978609665184789
TCF4,STAT5A,1.9760339671981968
TBX21,KLRF1,1.9759999977942346
IRF8,CTSG,1.9743191719909692
IRF8,HLA-DRA,1.9735119835113235
JUN,BIN2,1.971254449273753
IKZF1,STAT1,1.971056478388213
LEF1,LGALS1,1.9673318400385438
BCL11B,NINJ2,1.9651277069005118
FOSB,CSF2,1.9637245815437014
BCL11B,TNFSF8,1.9602583847947253
JUN,TRBC2,1.95715227305757
FOXO1,CD28,1.9550149730862327
RUNX3,CTLA4,1.9541822109814946
RUNX3,LYN,1.9533180469628546
JUNB,BIN2,1.9511275972216424
FOXP1,SELPLG,1.9507223501435464
FOXP1,TCL1A,1.948682872589854
BAX,IFITM3,1.9485020470446528
FOXP1,NT5E,1.9478910890618406
EGR1,CTSD,1.947644330142614
ZBTB16,IL18RAP,1.947564629144289
ZBTB16,GNLY,1.9466293722956798
LEF1,FYN,1.9438379254374822
JUNB,IFITM2,1.9418791203177406
JUNB,CD8B,1.9395102301785638
BAX,S100A10,1.9387901577436266
FOSL1,VNN2,1.93817192502918
JUN,ARG1,1.936900826148235
BAX,CD36,1.9325749868929163
JUNB,ITGAE,1.9314516151548806
BAX,FOXO1,1.9307557118110212
RUNX3,CBLB,1.9280865636291118
BCL11B,ADA,1.9279807710200096
LEF1,IER3,1.923041021822898
STAT3,STAT1,1.9223762303702558
PRDM1,KCNE3,1.9209695779576659
FOSB,MYC,1.9209507625456768
BCL11B,PSEN1,1.9186310810258307
XBP1,KLRC4,1.914008985251766
TBX21,CTSW,1.9117092871592922
IRF8,LAT2,1.9103470197577275
BAX,IL3RA,1.9097620890980487
IKZF1,SNCA,1.906053643749196
FOSB,HLA-DQB1,1.9053381861263237
FOXP1,MYC,1.90420393178302
JUNB,IGBP1,1.9026320785306312
BAX,C10orf54,1.902472322475034
MYC,EGR3,1.8973272801947028
TBX21,KLRG1,1.8932017869043107
RUNX3,ITGA4,1.8919161338715524
ZBTB16,DPP4,1.8880255391888
LEF1,IL18,1.887907263299398
BCL11B,YBX3,1.8863291177843649
LEF1,FAS,1.8821492593222935
BAX,MGST1,1.881672601039033
EGR1,IL1B,1.8815804208385887
TBX21,CST7,1.8809980508495556
LEF1,JUN,1.8790380881105408
FOXP1,STAT3,1.8787777354813966
IRF4,HLA-DQB1,1.877781832727364
JUN,RPN2,1.874241275609484
ZBTB16,FCGR3A,1.86678248177172
IRF4,POU2AF1,1.8661657693791296
LEF1,STAT1,1.8630596014026206
MYC,PTPRC,1.8592726962029917
IKZF1,LIPA,1.8566399329378214
IKZF1,MGST1,1.8543250567564584
LEF1,ZBTB16,1.8530766340785985
TCF4,CD4,1.8526209414944121
IKZF1,HLA-A,1.8525893404081046
IRF8,GNLY,1.8524335734696102
PRDM1,HLA-DRA,1.8501431942990494
JUN,CD3G,1.8497413041634172
STAT5A,TCF4,1.848105882976539
JUN,CASP5,1.8471258084875137
ZBTB16,RUNX3,1.845299073568462
BCL11B,DPP4,1.844267722601721
MYC,ADA,1.8434510496014722
IKZF1,GNAI2,1.8420814169229258
JUN,LCK,1.8370227281582137
JUN,GZMA,1.8354270653343576
FOSB,CTSW,1.8352546263438332
FOXO1,PTPRC,1.8336545679609813
MYC,VPREB3,1.8328714247340812
JUN,IGBP1,1.8327137281828867
EGR1,VNN2,1.831932605658246
LEF1,CD86,1.828607315365385
PRDM1,KLRC4,1.826452348601753
IKZF1,TSPAN32,1.8263955483816887
FOSB,CHI3L2,1.8236437690471394
FOXO1,HLA-A,1.8224366985187437
ZBTB16,TARP-refseq,1.8215940843103222
JUN,FTH1,1.8215515889558027
JUNB,PRDM1,1.8208317498233517
BAX,VNN2,1.8205963679517772
RUNX3,ITGAE,1.8204882163593832
BCL11B,PCNA,1.8197641022970703
LEF1,KCNE3,1.8187401071501637
JUN,IL18RAP,1.8162672750985007
XBP1,TOP2A,1.8159484027343107
JUNB,SELPLG,1.8143195615684449
LEF1,TNFRSF25,1.8117405276406255
TBX21,CD72,1.8082001636187384
RUNX3,GAB2,1.8078654497413007
JUNB,NAMPT,1.8074767644609375
JUNB,TIGIT,1.8051556484852769
IRF8,CXCR5,1.804643005789039
XBP1,CD38,1.8044273375434017
BAX,STAT6,1.8023950888503149
FOSB,FCGR3A,1.8016978210168433
JUN,BAX,1.8003214020601916
STAT4,HLA-A,1.799569552113444
BAX,NINJ2,1.7980016553519977
JUN,IFITM3,1.7971356757828343
MYC,S100A10,1.7933102794650053
LEF1,F13A1,1.7929704364396015
STAT4,ITGAM,1.7916889878773063
LEF1,CD160,1.791091382876798
FOSB,ZAP70,1.7884304343958428
FOXP1,FAM65B,1.7873748126758828
MYC,CHI3L2,1.7860588985375672
JUN,LAMP3,1.7853742465386666
FOSB,KLRF1,1.784339890837822
IKZF1,CCND2,1.7839249372666643
TCF4,IGKC,1.7836835690639554
FOXP1,LCK,1.7834922460052134
BCL11B,LGALS3,1.7817965454449183
JUN,CD160,1.7776434789745845
BCL11B,TNFRSF25,1.7766020288110789
BCL11B,LAP3,1.774414453425382
IRF8,STAT4,1.7728088232762562
TBX21,IFNG,1.7721544472958561
RUNX3,VNN2,1.7698722643516103
BAX,CD3D,1.7696412018934102
LEF1,GAPDH,1.7691544850848748
IRF8,TCL1A,1.7686373114551217
FOSB,CD160,1.7677117452783195
TCF4,FAM129C,1.7670377983733703
STAT5A,TIAF1,1.7663173969255592
FOSB,CD28,1.7655436467678347
FOSB,PRF1,1.7648275305889995
PAX5,CD37,1.7644914015814688
BCL11B,JUN,1.764320508708558
STAT1,GZMK,1.7640402138049955
RUNX3,IL1B,1.762596946534431
BAX,IFITM2,1.7602774943947717
JUNB,DPP4,1.7596858707132652
JUN,GZMB,1.7565014077925325
JUNB,IL15,1.7563219055263795
IRF4,IGHG1-secreted,1.751399213160906
RUNX3,GAPDH,1.7490015160510481
IRF4,PDIA4,1.7487785438536643
LEF1,IFITM2,1.74842999401528
EGR1,CXCL5,1.7474469127341348
FOSB,STAT5A,1.7470127476794994
STAT4,KLRC1,1.746157223873022
FOSB,IL18RAP,1.745873154046814
RUNX3,CCL20,1.7453761803023529
MYC,ITGAE,1.743886953937566
IRF8,FCER1G,1.7437501722358624
IKZF1,BTG1,1.7406848009740616
MYC,TCF7,1.7358660348438182
IKZF1,FCER1A,1.735456695191181
FOSB,KLRB1,1.7342613073288868
XBP1,ALAS2,1.7340575043706832
FOXP1,TRBC2,1.73198574450596
BAX,LGALS3,1.7259354221837453
EGR1,LAMP3,1.7206134662589068
EGR1,NAMPT,1.7187178304766972
JUN,CD3E,1.7186202145038243
IRF4,IGHM-membrane,1.7170726892482044
JUNB,VPS28,1.7165526311756412
JUNB,CD44,1.7126481502622188
XBP1,CD163,1.7123665915315165
JUNB,CD6,1.7112018441698853
TBX21,GNLY,1.7093416457872002
IRF4,MS4A1,1.7065838178070547
BAX,CD247,1.7049159424109936
XBP1,CCND2,1.7039824095249776
MYC,BIRC3,1.6977465955238251
FOSB,CTSG,1.6973607107003228
BAX,CD34,1.6972255962562208
TBX21,CCL5,1.6966742859060289
JUN,KLRC3,1.6891794089899594
EGR3,POU2AF1,1.6891396143347732
MYC,KIT,1.688932207373536
FOSB,ICOS,1.6871874403033416
FOSB,CD5,1.6865739227853778
RUNX3,FCER1A,1.6837569586688472
PRDM1,FOSB,1.6837373691153033
ZBTB16,CCL5,1.6812945999924045
FOXP1,QPCT,1.6795454734458717
XBP1,CD63,1.6764538787738408
JUNB,NINJ2,1.6755045228282106
FOSB,GZMH,1.6749647578001232
JUNB,TRAT1,1.6729229815106188
FOXO1,VNN2,1.6716997144450254
EGR1,CLEC4D,1.6642692959007879
BCL6,UBE2C,1.6620913004127151
BCL11B,CXCL8,1.6611627821073636
LEF1,CD14,1.6608604736142012
EGR1,CD14,1.6604101382337206
JUN,LIPA,1.6600860301854692
JUNB,CCR7,1.6578484051223605
FOXP1,JUNB,1.6571259449657316
RUNX3,CXCL5,1.654262370966219
STAT5A,LIPA,1.6522898374148214
BAX,IL7R,1.65178279666923
IRF8,ARG1,1.6505089610314514
IRF8,BCL2A1,1.6500958819889313
BAX,STAT1,1.6459322027071146
FOSB,CCL5,1.6434175927426438
BAX,RUNX3,1.638250608760405
FOSB,ATF6B,1.6382376968101826
JUN,MCM2,1.6335023935679884
FOXP1,CD5,1.6329384440736057
JUNB,FYN,1.6315026878746495
STAT5A,CD38,1.630563406779554
STAT4,KLRF1,1.6291007379258964
IRF8,HLA-A,1.6288297201808846
TBX21,APOBEC3G,1.6253992225297949
TBX21,ITGAX,1.6252647712440143
STAT3,RGS1,1.6240024966187663
FOSB,FASLG,1.6235102099084655
FOSB,IFNG,1.6224043238774046
MYC,BCL11B,1.622377283363933
JUN,CD44,1.6200021718006201
IRF8,FCGR3A,1.6177806490061135
LEF1,DUSP4,1.6163611728513478
JUN,FAS,1.615532058546394
MYC,CXCR4,1.6149191717468536
BCL11B,GIMAP2,1.6133163838663085
IKZF1,FAM65B,1.6124212011742616
PRDM1,GIMAP5,1.611545931439755
FOSB,CST7,1.611399984966595
STAT6,CHI3L2,1.6110353007902043
ZBTB16,FASLG,1.6108743430529568
LEF1,LAMP3,1.6076624702600586
FOSB,CTSD,1.606662976767024
RUNX3,ARG1,1.605793682119208
FOXP1,FYN,1.6052823876519506
JUNB,CD7,1.6049718339052006
FOSB,CD3D,1.603871168448337
MYC,CXCL5,1.603713623410405
MYC,LGALS3,1.6032452281971152
XBP1,STAT5A,1.6025557084755997
JUN,GNLY,1.6003943222837873
LEF1,GNAI2,1.5986277162047464
JUN,BCL6,1.598029026900562
STAT4,KIR2DL1,1.5949341697524357
STAT5A,IL18,1.5906959368832387
KLRG1,CD300A,1.5891957502693579
IKZF1,IL23R,1.5884881398533184
FOSL1,IL1B,1.5877614265969442
IRF8,IL12RB2,1.586290502459338
RUNX3,VPS28,1.5848043505833753
STAT4,IFNGR1,1.584138757775754
XBP1,MZB1,1.5812385141601655
JUNB,CBLB,1.5804442150399827
BAX,CD7,1.5794709722720006
TBX21,RUNX3,1.5755203247689071
PRDM1,FTH1,1.5745690890702158
IRF4,HLA-DPA1,1.574202182124981
PRDM1,SLC25A37,1.5733684831916397
FOSB,CD1C,1.5723169616936896
LEF1,TREM1,1.5715444644312273
TBX21,GZMB,1.569123711367945
FOSB,CLEC10A,1.5690885143533622
FOXO1,CXCR4,1.5647299601551496
BCL11B,CD8B,1.5643550629975218
ZBTB16,PIK3AP1,1.5636982288586425
LEF1,LIPA,1.562354035814486
XBP1,PDIA6,1.5606123601917476
TBX21,CCL4,1.5584924771359638
EGR1,F13A1,1.558060744203558
FOSB,GZMA,1.55753672397158
FOXP1,ADA,1.5564609418666309
TCF4,EBF1,1.5517752569587393
EGR1,CPA3,1.55159736418739
JUN,ICOS,1.5513987108507048
FOXP1,FOXP3,1.5494211755466891
JUN,NCR3,1.5491743723114693
MYC,CASP5,1.5485307479084085
ZBTB16,CTSW,1.548095483864115
IRF8,CCL20,1.5467354300087754
BCL11B,MYC,1.545069691755012
TCF4,HLA-DRA,1.5446004713810073
JUNB,DOCK8,1.543522033176968
FOXO1,RPN2,1.5398708940536419
TBX21,IL2RB,1.5385022458425486
XBP1,SLC25A37,1.5384781884750716
JUNB,TCL1A,1.5381770058750215
JUN,TRAC,1.5378782815381016
MYC,KLRG1,1.5375818950364453
JUN,UBE2C,1.5332106469612237
BAX,AURKB,1.5331836122864104
JUN,FYB,1.5327770818169582
KLRG1,ZAP70,1.5325809668876478
BAX,ADA,1.5315448946430457
FOXO1,PRDM1,1.5309058507373035
PRDM1,ENTPD1,1.5290963045976784
IKZF1,RGS1,1.527970474918569
LEF1,VPS28,1.5265401436932184
FOSB,KLRC1,1.5251613125329848
MYC,IGBP1,1.5247536197869467
IKZF1,MCM2,1.5236547886560783
IKZF1,ALAS2,1.5219721903529253
EGR1,FTH1,1.521930067999667
FOXP1,IL6,1.5192367645872562
JUNB,CNOT2,1.5179341699151414
XBP1,GNAI2,1.5166077109005234
BAX,TYMS,1.5140656273621842
LEF1,SELPLG,1.5129372179784035
ZBTB16,TBX21,1.5126705707682466
JUN,KLRC4,1.5118422871022652
JUN,TIGIT,1.5083930522484814
JUNB,TRIB2,1.5076798578118886
MYC,DOCK8,1.506697111213693
FOSB,DPP4,1.5049780968250113
BAX,HMMR,1.5021547650378952
STAT4,KLRC3,1.501866842302497
JUNB,KLRG1,1.4992176341903476
FOSB,RNASE2,1.4983544893803633
JUN,CD6,1.497477194968035
IRF8,IFITM3,1.4961860241416387
JUNB,CHI3L2,1.496153925605465
FOSB,FCER1A,1.494043542287835
JUN,IKZF2,1.493909985106359
JUNB,CD247,1.4910577236706637
RUNX3,CD3E,1.4906822386122869
BAX,KLRC4,1.4905709207386433
IRF8,KLRC3,1.4900475387646412
LEF1,IL1R2,1.4845299748213134
FOXP1,IL1B,1.4839676877181756
BAX,STAT3,1.4836400549279085
STAT1,TOP2A,1.4809612720610321
LEF1,VNN2,1.4807123189693367
MYC,LAMP1,1.4801370160061735
EGR1,CHI3L2,1.4772495075093524
BAX,TARP-refseq,1.475115105834722
BCL6,AQP9,1.4747119061941765
JUNB,IER3,1.4724112350376828
JUN,S100A10,1.4702702806690355
IRF8,BLNK,1.4694724425991177
BAX,PIK3IP1,1.469005488521719
JUNB,FCER1A,1.4629870934785785
FOXO1,TNFRSF25,1.4600067463860775
JUN,CCL4,1.4594900947768477
IRF8,CCL3,1.455803302462535
ZBTB16,HMMR,1.4557417683874065
EGR1,PASK,1.4547284884479705
JUN,LAT,1.4542081630738046
RORA,FUT4,1.4540717776632446
STAT3,IL3RA,1.449135412385377
MYC,C10orf54,1.4487800970867524
MYC,XBP1,1.4487249709636056
STAT3,ITGA4,1.4482864407196785
ATF6B,TREM1,1.4470034442613067
LEF1,HMMR,1.4461372167996283
MYC,CD244,1.4439804075593694
STAT3,VNN2,1.4425111334406207
EGR1,C10orf54,1.4407164301706692
JUNB,PCNA,1.440631954347541
BCL11B,BCL6,1.4390028921881073
JUNB,GIMAP5,1.4378639576554069
FOSB,TNFSF10,1.4365863194196153
STAT5A,GAPDH,1.435545406454701
JUN,CCR7,1.4349379242101379
FOXO1,BCL6,1.434253643755492
RUNX3,CXCR2,1.4313431777632246
BCL11B,CD27,1.431019534507984
BCL11B,CD44,1.4308288691805466
JUN,FOXO1,1.4306018951364114
LEF1,KLRC4,1.4299772518144787
IRF8,BCL6,1.4295452613911217
IRF8,CTSW,1.429142657423767
RORA,RGS1,1.4285688109243795
JUNB,LAP3,1.4253584377634827
JUN,PDIA6,1.4253448854381785
EGR1,PTTG2,1.4247352606122632
STAT4,LAIR2,1.4245653287182345
RUNX3,PCNA,1.4231745819633757
IRF8,NCR3,1.4214830924151547
RUNX3,TNF,1.4203832628281816
TBX21,LAT2,1.4203408813770875
FOSB,DUSP4,1.4195369635514459
EGR1,TLR2,1.4168460619154686
IRF4,FASLG,1.4168080820092772
RUNX3,CD34,1.4166964709044483
RUNX3,TNFSF13B,1.4148156586369425
IRF8,CSF2,1.4138478005256632
BAX,CCR7,1.4132717352662922
IRF8,APOBEC3G,1.4122455266631178
JUN,FOXP1,1.4085450008544325
RUNX3,BPI,1.4076965219933335
JUN,CST7,1.4073386517946507
EGR1,CLEC4E,1.4064555056475345
JUN,TNFSF8,1.4053860053125784
FOXP1,VPS28,1.4039678003029747
BAX,FYB,1.401542411867098
MYC,THBD,1.4012920098827655
RUNX3,TXK,1.3988912819728532
EGR1,CD69,1.3979563929987362
FOSB,MGST1,1.3973433420122345
IRF8,HAVCR2,1.3946842313386092
BAX,CD44,1.394002064511149
FOSB,POU2AF1,1.3937040280998232
XBP1,RPN2,1.393197690877607
IRF8,CNOT2,1.3925086116498673
JUN,MYC,1.3876075408554507
BAX,TNFSF8,1.386725508643513
FOXP1,TXK,1.384439346193655
FOSB,VSIG4,1.3843598011703293
RUNX3,STAT1,1.3815784556282553
FOSL1,CLEC10A,1.381430395065943
MYC,FASLG,1.3812421281103833
RUNX3,STAT6,1.3782639849132325
JUN,LAT2,1.37706515645048
EGR1,CD52,1.3758153207728536
XBP1,CD36,1.3744131777409883
RUNX3,IL32,1.3741137526110294
JUNB,STAT1,1.3722618376682654
JUN,ZBTB16,1.3714269397567878
FOSB,TRIB2,1.3692901601855105
FOXP1,CD300A,1.3675511893177419
JUNB,S100A10,1.3666904352455596
BCL11B,FYN,1.3657444143435389
BAX,PIK3AP1,1.3638941945269727
FOSB,ITGAM,1.3625327476390379
BCL11B,DOCK8,1.3612383063619025
BAX,CD48,1.3605441645605671
BAX,GNAI2,1.3595494841817077
FOSB,IRF4,1.3591359979464186
JUN,CD28,1.35669317651925
ZBTB16,GZMH,1.3549874375808357
JUNB,BACH2,1.35258088044004
JUNB,CD2,1.349962091566316
FOXO1,SNCA,1.348657075312626
JUN,IER3,1.3460559211800187
EGR1,FCER1A,1.3448698776575587
STAT4,BTG1,1.344182814807098
IRF4,CD79A,1.3417475089942614
IKZF1,MZB1,1.340102588326876
ZBTB16,IL2RB,1.3399348608614603
IKZF1,LEF1,1.3396376771225293
MYC,FAM65B,1.3370159292659018
BAX,ARL4C,1.3342006081032791
RUNX3,CD72,1.3319286805113935
RUNX3,FOXO1,1.3314732749988716
BCL11B,ITGAE,1.3287901869710461
IKZF1,FOXP1,1.3284080545664998
RUNX3,LAT2,1.3281657640875055
XBP1,VPS28,1.3280411192404316
IRF4,TNFSF13B,1.324802198318211
STAT1,MGST1,1.3212282493779046
JUN,CTSD,1.3210739215417902
EGR1,CSF3,1.3192484649803142
EGR1,MCM4,1.3175119857718676
MYC,CPA3,1.3161145200357807
JUNB,KLRK1,1.3156254105836154
RUNX3,ZAP70,1.313744676909088
STAT4,GZMA,1.3116323845231002
RUNX3,CXCL3,1.3106879520988732
FOSB,UBE2C,1.308674872643761
JUN,CD7,1.3081506021405789
BAX,GZMA,1.306151775811388
JUN,AURKB,1.3059847568594962
JUN,KIT,1.305683272438641
IKZF1,YBX3,1.3056125303916757
BAX,DUSP2,1.3025970217627485
BAX,TNFSF13B,1.3023157499706515
JUNB,IRF4,1.2984111535559326
EGR1,CBLB,1.2950753777777932
FOXO1,SLC25A37,1.29500811304865
BAX,STAT5A,1.2946612425352693
MYC,GNAI2,1.2928835070727476
IRF8,KIR2DL1,1.2927975257092665
JUN,CHI3L2,1.2913703352430732
FOXP1,IL15,1.2881320095140167
BAX,PTPRC,1.2873355927289072
POU2AF1,LYN,1.287124743203266
JUNB,BCL2,1.285183369606078
STAT1,STAT5A,1.282858634160881
JUNB,TARP-refseq,1.281932364533057
RUNX3,STAT3,1.2816802536072815
LEF1,FCN1,1.2794723603566798
JUN,CCL5,1.2778005711814258
RUNX3,LTA,1.2732039860820485
FOSB,IL3RA,1.2706040103802014
ZBTB16,GZMB,1.2683778385021283
STAT5A,IGHG1-secreted,1.267829087065045
RUNX3,CD36,1.2675493874850938
MYC,LCK,1.2675247727646377
RUNX3,CD14,1.2669218960959832
STAT4,KLRB1,1.2666652777947967
FOXP1,LAMP1,1.2647955487817817
IRF8,KLRK1,1.2634038727536245
JUNB,PAX5,1.2623166145928937
EGR3,FCER1A,1.2598480170847097
BAX,BCL11B,1.2570750663778165
JUN,CD37,1.2563062781079046
FOSB,TNFRSF25,1.2549788610411698
BAX,BCL2,1.25441156650796
JUNB,RORA,1.2533028283065089
EGR1,PTPRC,1.2529910854642379
JUNB,GAPDH,1.249011676811386
IRF8,CCL5,1.2475762983396324
PAX5,CCL2,1.2456935648266971
JUN,IKZF1,1.2436869870540177
IRF8,UBE2C,1.2420590517717418
BCL11B,BIN2,1.2395743849676204
BCL11B,CXCL1,1.239364059107531
EGR1,TNFSF13,1.2392352412251202
MYC,CBLB,1.2366604142067714
RORA,CD3G,1.2318922532248568
EGR1,IL23R,1.2314048189956697
BAX,BIRC3,1.2288122558681134
JUN,FCER1A,1.2281588352508435
MYC,LAT,1.2274997481063123
PRDM1,SNCA,1.2260794130899668
LEF1,CCL5,1.2253325527209835
BAX,CNOT2,1.2253042818502258
XBP1,IFITM3,1.2243720376211613
STAT4,FOSB,1.2236498512109906
ZBTB16,FCER1G,1.2231593088483772
JUN,NAMPT,1.2224702115403114
IKZF1,BCL11B,1.2213270236661358
PRDM1,RNASE6,1.220671187799623
IRF8,POU2AF1,1.220496747419552
FOSL1,S100A9,1.2197926327673705
XBP1,IL18,1.2166619085359158
FOSB,BCL2,1.2159009165381414
JUN,NINJ2,1.2146438205131602
BCL11B,CHI3L2,1.214460941503301
TBX21,NKG7,1.2137198105367963
XBP1,LGALS1,1.21345942981952
EGR1,FAS,1.2127714141791908
PRDM1,CCL4,1.212393091005739
IKZF1,IL12RB2,1.2116339796338558
FOSB,CD33,1.2093135499656082
STAT4,TBX21,1.2059451664966527
JUNB,PSEN1,1.2057552492340977
JUN,IL32,1.2004819140063077
JUN,CD8A,1.1977113721308497
STAT5A,CCND2,1.1949954420805804
FOXP1,TMEM97,1.1939741977678977
STAT3,DUSP4,1.1937563350214027
ATF6B,IL1RN,1.1907428574132861
TCF4,TIAF1,1.1900001878031312
IRF4,TIAF1,1.188609144093159
LEF1,XBP1,1.1885919097004674
BAX,EGR1,1.188534111510654
FOXP1,ARL4C,1.1866576353696927
ARG1,VPS28,1.1849145808386903
IRF8,LAIR2,1.1842195641382978
JUNB,PASK,1.1836737003869031
LEF1,CD247,1.1829955153844662
IRF4,FOSB,1.1824312050006116
BAX,LYN,1.1822497523582276
STAT4,IL18RAP,1.1815951486474185
MYC,TRAC,1.181369010227151
MYC,CD3E,1.1803374945061664
FOXP1,HMMR,1.1768821671787975
RORA,BTG1,1.1759029739354554
RUNX3,AQP9,1.1692925391474482
FOXO1,FOXP1,1.1674815678955355
STAT4,IKZF2,1.166652068292199
IRF4,XBP1,1.1648074887756406
MYC,PRDM1,1.1643244929220893
MYC,TNFSF8,1.164040641876376
ZBTB16,ITGAM,1.1632739586591672
BAX,CD6,1.162416234987293
JUN,CXCL5,1.1589340254167226
EGR1,FOXP1,1.1538002628319688
JUN,GZMH,1.1534070402621104
JUNB,IL12RB2,1.1529981306429755
IKZF1,DOCK8,1.1494270469709569
FOSL1,IER3,1.1484633619366493
MYC,CD44,1.1461120092172612
ZBTB16,CSF2,1.144056866149551
BAX,SELL,1.1439772329707902
FOXO1,CD52,1.1420429981880096
XBP1,CXCL16,1.1394870735932936
LEF1,GAB2,1.1390533457454344
MYC,TARP-refseq,1.1381024648105547
IRF4,HLA-DRA,1.1373712538839622
MYC,TREM1,1.1365175619105392
FOXO1,GIMAP5,1.1360297937256936
BAX,TRAT1,1.13578440970763
RUNX3,FYB,1.135398219640638
TCF4,XBP1,1.1350221662823026
IKZF1,PCNA,1.1349660100165824
LEF1,CD27,1.1343865780490991
POU2AF1,CCL2,1.134200961953318
JUNB,IFNGR1,1.1329031261202853
JUN,KLRB1,1.132650229529996
MYC,CD48,1.1318367738734763
FOSB,IKZF2,1.129762759593418
ZBTB16,PRF1,1.1296432989533165
JUNB,LAT,1.129424333134875
IRF8,IGLC3,1.127843474228898
KLRG1,PTTG2,1.1267448027918177
STAT3,BTG1,1.1265148406004373
JUNB,GIMAP2,1.1257045153870913
IKZF1,VPS28,1.1251743330113728
POU2AF1,HLA-DMA,1.124792069752127
STAT5A,TNFSF10,1.1244893586244384
MYC,CD300A,1.122372737740428
EGR1,CD27,1.1217401517371313
IKZF1,DPP4,1.1196352009516846
STAT1,CD34,1.119549794098634
STAT3,BIRC3,1.119099858772114
TBX21,GZMH,1.118515718453436
JUN,IL18,1.1184482803239402
XBP1,PRDM1,1.1184394753712252
FOXP1,DUSP1,1.1183420193990625
RORA,DUSP4,1.1181375251173429
ZBTB16,IFNG,1.1176527342254003
EGR1,TSPAN32,1.1175676139050288
JUN,CD300A,1.1173649881462278
FOXO1,PCNA,1.1173044815046096
RUNX3,FTH1,1.1168878086479443
FOSB,AURKB,1.1146892372078474
IRF8,TBX21,1.110952316679129
LEF1,TYMS,1.1097574792098852
XBP1,SNCA,1.1085516675075286
JUNB,CD8A,1.1084844357128742
RUNX3,CXCL2,1.107498292811104
EGR1,KIT,1.1072912532540296
PRDM1,IL6,1.1070326917058035
BACH2,FUT4,1.1069530045169136
BAX,KLRC3,1.10646639327737
BAX,PDIA4,1.1042652706831773
JUN,CLEC10A,1.10380777794915
FOSB,CXCL5,1.1036175123622696
BAX,TCL1A,1.102691571980496
IKZF1,UBE2C,1.1020385752725994
LEF1,TSPAN32,1.1003834897674465
LEF1,BPI,1.1000682515636437
LEF1,FOXP3,1.0993510379480396
FOXP1,C1QB,1.0987570277334053
FOSB,NT5E,1.0987442469793613
EGR1,LEF1,1.0975754021831252
RUNX3,TIAF1,1.096394612222511
STAT4,GZMB,1.0952120643383856
FOXP1,DPP4,1.0944965811963279
TBX21,IL15,1.0939541468358573
TCF4,LYN,1.093692998756474
BAX,TRBC2,1.0925507650884105
LEF1,GZMK,1.0915889925722797
RUNX3,CTSD,1.0910019650120963
STAT4,FCGR3A,1.0870161907710125
JUN,TNFSF10,1.0866912213129598
FOXP1,TCF7,1.0842738524697955
FOXP1,XBP1,1.0838777828888415
LEF1,CTLA4,1.0818317382338996
JUN,HAVCR2,1.0814656611937834
FOXP1,IER3,1.08056892786376
IRF8,CD27,1.0789573562493664
IKZF1,LGALS3,1.0788161379930143
RUNX3,DPP4,1.0782868946472366
IRF8,CD22,1.0778562474637234
EGR1,KCNE3,1.077701350566604
POU2AF1,TNFSF10,1.0755927782086498
FOSL1,SLC7A7,1.071925881933512
BCL6,CD86,1.0701064088792782
RORA,MCM2,1.0695618559150706
MYC,DUSP2,1.0676204542792618
FOXP1,JUN,1.0648755592432315
XBP1,CD14,1.0630928613999884
FOXP1,ITGA4,1.0615459309263937
LEF1,CSF3,1.0611752969314956
RORA,CD8B,1.059450130115937
IRF4,PAX5,1.0591396545412943
IRF8,CD69,1.0587245878591551
ZBTB16,IL15RA,1.0585316128243907
EGR1,ARG1,1.0583120015012177
JUN,PIK3AP1,1.057962687694231
LEF1,GNLY,1.0577429848900335
FOXP1,THBD,1.056038670877172
LEF1,CD38,1.0547831813125577
BCL11B,CD163,1.0545107825139879
TCF4,TNFSF13,1.0541310800567356
BAX,PSEN1,1.0540520438747745
BCL11B,IFITM2,1.0538014275051337
STAT3,CD28,1.0535585314748943
FOSB,CD2,1.0532691224244775
IRF4,CD74,1.0527512071173144
STAT4,CTSW,1.0521600034398602
FOSB,IKZF1,1.0515440525464115
RORA,CXCR4,1.051527340338105
FOSL1,CD14,1.0513294508662472
TBX21,IL18RAP,1.048475413703125
JUNB,CD28,1.0476240159212553
RUNX3,F13A1,1.047083163859832
BAX,TXK,1.0470245743944169
BAX,LAT,1.045944736437018
EGR1,PRDM1,1.044862569762335
FOSB,NKG7,1.0443034612109137
STAT3,ICOS,1.0439413185697495
POU2AF1,STAT6,1.0434002296091471
POU2AF1,CD37,1.0432753981550806
BCL11B,CD69,1.0426812987529992
FOXP1,CD28,1.0424343752962462
IRF4,LYN,1.0423505161082576
STAT4,IL2RB,1.0414436660792354
STAT4,FYN,1.0397210114598523
JUN,CD63,1.03839629944796
EGR1,TREM1,1.037940785008441
RUNX3,FOSL1,1.0375423169243616
RUNX3,CXCL1,1.0362989819152961
JUN,IFITM2,1.0361714445555967
ZBTB16,PSEN1,1.0330737805669603
IKZF1,LAT,1.0325280543479107
XBP1,GAPDH,1.032126894722532
STAT4,XBP1,1.031504643593345
IKZF1,CD3E,1.0310316898080885
ZBTB16,CST7,1.0306994605830309
POU2AF1,VPREB3,1.0304519799119307
IRF8,CCR1,1.0302257872742087
PRDM1,IL15,1.029464584850986
IKZF1,CD69,1.0274129346366274
LEF1,GZMB,1.0272005653401333
FOXO1,LEF1,1.0269300797852832
LEF1,QPCT,1.0264441678867748
FOSB,BPI,1.0261939826702107
IKZF1,LCK,1.024895929953789
TCF4,IL15,1.0237075996381229
IKZF1,SELPLG,1.0236424868587424
RUNX3,CD52,1.0235800959713375
FOSL1,F13A1,1.0220509335784789
BAX,FYN,1.0189013376545073
LEF1,HAVCR2,1.0180315659392056
JUNB,FLT3,1.0179034769713593
JUN,TYMS,1.0175795173049444
EGR1,NCR3,1.0168994365576407
BAX,KIT,1.0168856800765307
BAX,PASK,1.0159291857201012
FOSB,CD72,1.0157068804660334
FOXO1,CD69,1.0138935688564163
LEF1,SLC7A7,1.0125356786064144
XBP1,IL1RN,1.012465593022606
ZBTB16,NKG7,1.012116921003635
LEF1,S100A10,1.0109261140097308
STAT4,NKG7,1.0102350913723745
STAT3,ALAS2,1.0086768085788698
PAX5,CD38,1.0079458108138746
POU2AF1,IRF8,1.0068757136865147
STAT4,RGS1,1.004961951090585
LEF1,AURKB,1.004713666616075
BAX,IRF4,1.0029078432711604
IKZF1,ADA,1.0023503433307706
MYC,CD28,1.001927874576926
PRDM1,CD74,0.999913464516904
FOSB,STAT1,0.9996283687412004
FOXP1,CTLA4,0.9988223649106268
TCF7,BACH2,0.9984148216190059
JUN,CCND2,0.9973957848689631
IKZF1,CD4,0.9958260657576258
MYC,PIK3IP1,0.9955144022029577
MYC,VPS28,0.9941713977552297
FOXO1,CD6,0.9923454476338772
MYC,ITGA4,0.9913053807022092
MYC,CTLA4,0.9894101927479312
IKZF1,IL3RA,0.9891765494898419
BAX,GZMH,0.9885240412407392
MYC,CD5,0.988356030594959
BCL11B,SELPLG,0.9873836873080528
STAT1,CD24,0.9865463295094665
BCL11B,S100A9,0.9859629523862771
STAT4,ZBTB16,0.9858503690459612
EGR1,LY86,0.9853750664292695
BAX,CXCR5,0.9849670230007351
FOXP1,AQP9,0.9838823540342875
STAT3,CD8B,0.9835726031048625
JUNB,GNAI2,0.9824924937722084
STAT3,CD6,0.9820545088871927
FOXO1,CD5,0.9809270433780501
MYC,FOXP1,0.9806783392914461
IRF8,IL1RN,0.9805374092009195
IKZF1,LAMP1,0.9802011567875929
MYC,LAT2,0.9801499297584847
STAT4,CD7,0.9797124404021444
FOXO1,TNFSF13B,0.9794625624869315
STAT5A,FUT4,0.9792915577553005
LEF1,LGALS9,0.9792882500217621
JUNB,CD63,0.9787664205248616
LEF1,TNFSF10,0.9781377242084536
FOXO1,IL1R2,0.9764406428587805
STAT4,PIK3AP1,0.9758529563509231
PAX5,MZB1,0.9753401833798745
RUNX3,TMEM97,0.9741387689036112
MYC,RORA,0.9710152965740504
IKZF1,CHI3L2,0.9701848482838292
PRDM1,FOSL1,0.9692719551019268
LEF1,TLR2,0.9684961854429235
EGR1,GAB2,0.9682000982795513
MYC,CD33,0.9673487400607528
FOSB,TMEM97,0.9664819258036981
TBX21,KLRC4,0.9663152219510597
RUNX3,FOXP1,0.964712738908399
FOXP1,CD8A,0.9645704281346975
BAX,IFNGR1,0.964156298578216
STAT3,CD2,0.9628495512121668
RUNX3,QPCT,0.9615305856279548
BAX,CPA3,0.9597750279519065
LEF1,CXCL16,0.9585273617779586
STAT6,EGR3,0.9579732421518576
FOXP1,CD79A,0.9562203393526341
PAX5,RNASE6,0.952884645992093
FOXO1,PIK3IP1,0.9524540717705616
JUNB,LY86,0.950450741607928
RUNX3,CD6,0.9504397271650359
FOSL1,TYMS,0.949797924220355
FOSL1,IL1RN,0.9493037231192045
STAT3,TRIB2,0.9479542192595611
EGR1,LGALS3,0.9474643807404141
RUNX3,FOXP3,0.9456659117936808
IRF8,CCL2,0.9450238277810383
JUNB,ADGRE1,0.943963933322565
BAX,KLRF1,0.9411760701813497
BAX,DUSP1,0.9410663663193014
MYC,ARG1,0.9396713574835769
JUNB,LAT2,0.9392393786164188
BAX,GZMK,0.9391200994114831
JUN,CSF2,0.9384102811571319
RUNX3,HLA-DQB1,0.9382755905967023
IRF8,LGALS3,0.9382244872892903
PRDM1,TNFRSF25,0.9380826001766521
FOXO1,TRAT1,0.9370351113457042
BCL6,TLR2,0.9360779351017985
EGR1,FCN1,0.9358882437420603
XBP1,VNN2,0.9358568691999407
PRDM1,TGFBI,0.935296943959005
BCL11B,CD37,0.9344292475575928
IRF8,CHI3L2,0.9342206547489736
FOXP1,CXCL2,0.9339120478011664
FOXP1,IL18,0.9328421498558602
JUNB,POU2AF1,0.9327095826996993
BAX,F13A1,0.9325997859873272
JUN,CD38,0.9322717093310982
FOXP1,CXCL8,0.9321124844239149
FOXP1,CCND2,0.9291474465788707
BCL6,TNFSF13B,0.9289325233268422
STAT3,BACH2,0.9289136894409389
LEF1,HLA-DRA,0.9270445873573736
JUNB,FAM65B,0.9266004602327331
BAX,CD3E,0.9246395698209039
STAT4,DPP4,0.9241676574597146
RUNX3,PASK,0.9226532516464659
STAT3,BCL2,0.9208983149996991
STAT4,TSPAN32,0.9203221605775798
TCF4,TCF7,0.92032029746422
RUNX3,THBS1,0.9167938880072266
PRDM1,HLA-DQB1,0.9167509871750708
JUN,TNFRSF25,0.9157078294844248
PRDM1,HAVCR2,0.9124932241582759
RORA,IGBP1,0.9123190797877224
FOSB,GIMAP2,0.9117857434521447
LEF1,ITGB2,0.9104240709400447
IRF8,GZMA,0.910017040818873
RUNX3,MZB1,0.90885962334529
IRF8,FTH1,0.9087647035769225
FOXP1,SLC7A7,0.9085166466294707
FOSB,CD24,0.9074625696096054
LEF1,C10orf54,0.9057276711960718
IKZF1,IL32,0.9053133340826648
LEF1,FCGR3A,0.9052323669018992
IKZF1,RORA,0.9049184928555044
FOXP1,IFITM2,0.9032076553293124
BCL6,BPI,0.9014239225562578
IKZF1,CD52,0.8997529938934847
STAT4,SLC25A37,0.8997153972773931
IRF8,BTG1,0.899451670019697
BAX,TRAC,0.8989644075044797
XBP1,HLA-A,0.8986441892397479
ZBTB16,CD300A,0.8974153856757172
FOXP1,CASP5,0.8963376782509798
XBP1,PSEN1,0.8959466184535119
JUN,PRDM1,0.8957177873481945
EGR1,S100A9,0.8956803587021809
JUNB,TCF7,0.8955691232573966
XBP1,ICAM1,0.8946302804639882
IRF8,CXCR4,0.8944342100765471
FOXP1,PTTG2,0.8941622972152788
BAX,ICOS,0.8938013380333389
EGR1,CD48,0.8927421937124046
FOXP1,BCL6,0.890117120348896
BCL11B,BAX,0.8893453066969882
MYC,CCND2,0.8891218358965267
BAX,RORA,0.8886238825760147
LEF1,NAMPT,0.8876401992157429
FOSB,MCM2,0.8875978200590566
IKZF1,TRBC2,0.8875181747518781
BCL6,QPCT,0.8870540008500213
LEF1,KLRB1,0.8869344189161725
FOXP1,STAT5A,0.8843627283071335
EGR1,CASP5,0.8807766310946458
FOXO1,STAT3,0.8805924831513485
EGR1,FYB,0.8800801759907904
PAX5,PDIA4,0.8799942824024638
EGR1,ITGAE,0.8788145365040427
BCL6,VNN2,0.8783514624771067
IRF4,HLA-DMA,0.8768078648102325
STAT4,TRDC,0.8766049167765145
RUNX3,ENTPD1,0.8760847010976328
LEF1,TCL1A,0.8754784163434599
IRF8,DUSP4,0.8753621814335967
IKZF1,SELL,0.8748966322418913
FOXP1,CD44,0.8745627873297648
MYC,BCL6,0.8732363115737566
EGR1,STAT5A,0.8723667590782709
RUNX3,ADA,0.8723129495328229
IKZF1,BCL2,0.8717011180240215
RORA,CD28,0.8711094983905288
JUN,CTLA4,0.8708266615952969
BCL11B,RPN2,0.8705209735222535
BCL11B,LAMP1,0.8695064790580365
IKZF1,BIRC3,0.8691627003702302
EGR1,ITGA4,0.8689374453117326
FOXO1,DOCK8,0.8678510305542605
IRF8,CLEC4D,0.867765789530043
BCL11B,STAT4,0.8672368820423799
BCL11B,F13A1,0.8654383396939559
JUNB,IL1RN,0.8652167978175108
BAX,CSF3,0.8648029087006329
EGR1,VSIG4,0.8640727350683839
JUN,CXCR5,0.8640515729867564
STAT3,SLC25A37,0.8627776289249182
LEF1,KLRC1,0.8623775924093794
IRF4,CXCR4,0.8621991169068869
BAX,NKG7,0.861441290477015
XBP1,S100A10,0.8609534851226731
IKZF1,IL1R2,0.860193165549409
JUN,TCF7,0.8601699859645509
KLRG1,FUT4,0.8601652620769199
XBP1,VEGFA,0.855693964533429
XBP1,CLEC10A,0.8542658216142759
RUNX3,LGALS1,0.8542378727128377
EGR1,SLC7A7,0.8531642247469577
FOXP1,CHI3L2,0.8528412199793459
BAX,CD4,0.8528080716786002
RUNX3,CSF2,0.852721466508287
LEF1,KIR2DL1,0.8525164853373806
IRF8,KLRB1,0.8514295468458268
LEF1,IL15,0.8509014024598291
XBP1,NAMPT,0.8505682079964315
IRF8,CD36,0.8497000516150847
STAT4,GIMAP5,0.8480946917442571
FOXP1,LAT2,0.8480711344969293
FOSB,IL2RB,0.8464136905142688
IKZF2,EGR3,0.8463976142908424
MYC,PSEN1,0.845807043053042
LEF1,TBX21,0.8446103789905273
EGR1,KIR2DL1,0.8445048708343433
FOSB,TYMS,0.8437671627948948
EBF1,TCF4,0.8437501261822156
MYC,FYN,0.8433434964378493
FOXO1,YBX3,0.8432004791892056
JUNB,ADA,0.84284185728704
LEF1,ITGAX,0.8418622811174373
RUNX3,CD3D,0.8414781135898717
LEF1,C1QB,0.8405314840021789
JUN,GAB2,0.8393436584198335
STAT5A,GAB2,0.8390649782440739
JUN,ICAM1,0.8388920080971131
RORA,IL32,0.8386485122844071
FOSL1,KCNE3,0.8384750778366751
EGR1,PCNA,0.8379554444647237
JUN,ITGAX,0.8376295549497876
FOXP1,PAX5,0.8369239200837534
JUN,BPI,0.8368608938949286
IKZF1,GIMAP2,0.836858832090385
STAT3,YBX3,0.8367382391344044
FOSB,KIAA0101,0.8358692828408025
JUN,IL15RA,0.8343617632748191
LEF1,FUT4,0.8325766437415894
RUNX3,CPA3,0.8325644425823276
RUNX3,NAMPT,0.8318234515570433
STAT3,FOSB,0.8314168739559904
XBP1,RUNX3,0.831375951581945
EGR1,GAPDH,0.8306613012347563
IRF4,IGHD-membrane,0.8303950235728199
BAX,DPP4,0.8301575486851845
JUN,CD5,0.8299530269917217
IKZF1,ITGAE,0.8294850422768342
BAX,CST7,0.8290649081951547
FOXP1,FTH1,0.828190148369025
IKZF1,LTA,0.8274426108505618
JUNB,QPCT,0.8270875803270022
STAT3,IL23R,0.8262534665459152
FOSL1,KIAA0101,0.8256715046317354
IRF8,TNF,0.8252060642263412
IRF8,CD300A,0.8236478531819744
FOXO1,IKZF1,0.8235346389558196
BCL11B,CBLB,0.8232403693194085
FOXP1,CD9,0.822920997599377
BCL11B,CASP5,0.821073710007368
ZBTB16,KLRC1,0.8207943547576997
TCF4,STAT1,0.8207016318894207
MYC,BIN2,0.8199881486156335
ZBTB16,GZMA,0.8189656815952496
RUNX3,ICOS,0.8176176046456848
BCL11B,LTA,0.8174697445878936
EGR1,BIRC3,0.8173579313424785
IKZF1,ITGA4,0.8172840249994745
LEF1,CD163,0.8171760354815831
FOXO1,SELL,0.8169172396958736
IKZF1,CD3D,0.8162904682485389
BCL11B,JUNB,0.8161537769389737
RUNX3,IL3RA,0.8144889580312821
BCL11B,CD247,0.8135525792124951
BCL11B,IL4R,0.8135308317140699
JUNB,CCL4,0.8126541364472596
FOSB,MS4A1,0.8122071802785428
FOXO1,LAP3,0.81178354220944
FOXO1,TRIB2,0.8114243000447136
JUN,CD52,0.8112362362358262
RORA,YBX3,0.8106447117427499
LEF1,VEGFA,0.8104072307201695
FOSB,GZMB,0.8102946383295367
RORA,TARP-refseq,0.8074664130762086
IKZF1,CD3G,0.805994634329347
IRF8,LTA,0.8056653461780787
JUN,FUT4,0.8047659604080456
RUNX3,SLC7A7,0.8044636402711801
MYC,LAMP3,0.804334542449135
XBP1,YBX3,0.8042772518350211
LEF1,KIT,0.802836854241052
JUNB,KLRC3,0.8025026745529583
STAT3,SNCA,0.8002088681335993
BAX,PRDM1,0.7983460069865707
ZBTB16,TNFSF14,0.7968577888261479
STAT4,CD69,0.7963484561372
STAT3,CD3D,0.7946691830366767
STAT3,CD48,0.7943917637193327
EGR3,TIAF1,0.7937260467265256
JUNB,TNFSF13B,0.7933476117168787
IKZF1,TRIB2,0.7921686171686732
FOXP1,ZAP70,0.7916548685125001
EGR1,DOCK8,0.7905212946627924
BAX,HLA-DMA,0.7887684164087133
LEF1,IFITM3,0.7877430692697109
RUNX3,CXCL16,0.7874344837084206
EGR1,TIGIT,0.7870387436763018
STAT4,CXCR4,0.7860271038633568
JUN,SELL,0.7858985396360707
XBP1,CSF2,0.783963187181531
ZBTB16,KLRC3,0.7836098916018548
RUNX3,TCL1A,0.7826024123580895
TBX21,KIR2DL1,0.7826005467406164
FOSB,VPREB3,0.7820386426808643
JUN,THBS1,0.7819689961043294
JUN,CD4,0.781110661688135
FOSL1,CLEC4D,0.7809566447726657
EGR1,NT5E,0.7803835873469522
RORA,KLRK1,0.7802329109114003
FOXO1,FAS,0.7796780395179936
EGR1,LIPA,0.779446556318792
FOXP1,IGBP1,0.7788969533162415
XBP1,ANXA5,0.7771998309266867
EGR1,IL18,0.776319419496825
FOXP1,CCL3,0.7759016317400657
IRF8,CD34,0.7752237849816817
PRDM1,LY86,0.7743962887698842
BAX,IL12RB2,0.7738192512226395
BAX,IL4R,0.7733425993920655
RUNX3,TLR8,0.7724702577516196
FOSB,CD3G,0.7712197034306821
STAT4,UBE2C,0.7711373032153679
EGR1,CD3D,0.7708503230370989
KLRG1,GZMH,0.7702101635259515
FOXO1,NCR3,0.7701503105613166
FOXO1,ICOS,0.7696210878451846
FOXO1,IL23R,0.7692610575404886
IRF8,LGALS9,0.7677197704077029
BAX,CTSG,0.767401823933111
TCF4,IGHM-membrane,0.7669112567053419
XBP1,LAIR2,0.7668404508372172
JUNB,FASLG,0.7668334568702213
RUNX3,MGST1,0.7667397673482257
BAX,CD27,0.7661255672693319
ATF6B,TLR2,0.7661066025643835
EGR1,IL15,0.7655651284024653
FOXP1,PDIA6,0.7655424788196341
EGR1,VEGFA,0.7652067187476728
IRF8,PDIA6,0.7650145223590459
ZBTB16,HAVCR2,0.7639217010290811
BCL6,APOBEC3G,0.7621545732324002
BAX,JUN,0.7616436425695964
IRF8,CCL4,0.7614908950073168
MYC,CD8B,0.7608166763821558
JUNB,AURKB,0.7606065277093444
FOXO1,STAT1,0.759874477850248
IKZF1,BACH2,0.7598681684455884
STAT4,BCL6,0.7597775419719837
STAT3,GNAI2,0.7590724543986884
IKZF1,ARL4C,0.7585882773114947
BAX,CCL5,0.7584205712682434
JUN,CTSW,0.7582549495354528
FOXO1,IL7R,0.7571247899167796
PRDM1,GAPDH,0.7568925992769153
RUNX3,C1QB,0.7556970439937544
TBX21,ZAP70,0.7553780619990345
FOSB,CD27,0.7549383168150142
STAT4,CXCL8,0.7545988740158556
RORA,KIR2DL1,0.7543882029352358
LEF1,CCR1,0.7529307295362029
TBX21,FCER1G,0.7528746282501113
TCF4,TCL1A,0.7516713444949915
LEF1,CLEC10A,0.7513693030006674
JUN,TBX21,0.7507872947400774
STAT3,CD38,0.7494415108748156
XBP1,TNFSF13,0.7490246328766298
EGR1,IFNGR1,0.748817341163737
JUNB,CXCL5,0.7487693915528327
MYC,LIPA,0.7479240073627941
JUN,PRF1,0.7475520291358184
FOSB,KLRK1,0.7446619419028974
IKZF1,IL4R,0.7445664768012916
IKZF1,STAT4,0.743539375286042
IKZF2,IGBP1,0.7434373128175935
BCL6,TNFSF14,0.7427824996129406
FOSB,TSPAN32,0.7422503371007979
BCL11B,LIPA,0.7402003787955258
BCL11B,KLRG1,0.7401164954397664
ZBTB16,KLRK1,0.7399588443120817
BCL6,CSF2,0.7398436819901147
IRF4,LY86,0.7385218702974242
EGR1,CD9,0.7377323226441694
RUNX3,TCF4,0.7361647144361116
LEF1,STAT4,0.7361592479730351
MYC,MZB1,0.7345767062216956
TCF4,GZMB,0.7336769591425765
JUNB,ITGAX,0.732620375085569
FOXP1,CD38,0.7311715215958651
LEF1,TMEM97,0.731094239995971
TBX21,CD38,0.7310100873992086
FOXO1,BCL11B,0.7284584121785607
IKZF1,CD7,0.7281267668972724
EGR3,CHI3L2,0.7276123396328588
STAT4,SNCA,0.7274312641036209
LEF1,CD34,0.7265482391262559
EGR1,TRAT1,0.7263520244398419
TBX21,IFITM3,0.7246026350403171
FOSB,FAM129C,0.72428543110653
IKZF1,CD5,0.7232764501127726
RUNX3,CD44,0.7230308894560173
IKZF1,PTPRC,0.7229642658678709
EGR1,GIMAP5,0.7224729709470259
FOSB,KIR2DL1,0.7220121420371701
EGR1,IFNG,0.7194895532526032
STAT4,LTA,0.7181500617109672
FOXP1,CSF3,0.7179582920995542
FOXP1,LAMP3,0.7168160201938008
XBP1,PIK3AP1,0.7162841846050828
RUNX3,FAS,0.7151623903152143
STAT3,CXCR4,0.7150406819121359
JUNB,CD3G,0.7147452857339681
FOSB,IGHM-membrane,0.7146764129160253
FOXP1,IL1RN,0.7138778816268856
TBX21,TSPAN32,0.7136796217147879
MYC,TSPAN32,0.7134350261458524
BACH2,TARP-refseq,0.7133925282201781
RORA,PTPRC,0.7130000421185709
FOSL1,AQP9,0.7128462355971555
JUNB,CD163,0.712663140671783
IRF4,CD86,0.71234160183713
FOSB,MZB1,0.7122507692347886
EGR3,KLRG1,0.711030687715056
FOXO1,ALAS2,0.7108732129535387
XBP1,IFNGR1,0.7097662425510718
STAT5A,AURKB,0.7086268305330206
JUN,CSF3,0.7079095291913523
IRF8,ARL4C,0.7058952205611674
BAX,STAT4,0.7051716811300717
KLRG1,TARP-refseq,0.7049989208067561
ZBTB16,C10orf54,0.704678867873935
FOXP1,IGHD-membrane,0.7043089310483046
FOXP1,LY86,0.7043064937118515
BAX,LAT2,0.7043000953029799
XBP1,TRDC,0.7035087302314798
FOSB,IGHG1-secreted,0.7034729514599279
FOXO1,STAT5A,0.7030087792041616
IKZF1,TRAC,0.7028825565760742
RORA,DOCK8,0.7022528230044808
TBX21,KLRB1,0.7017989023951927
EBF1,IGHD-membrane,0.7017062877058612
ZBTB16,TIAF1,0.7009817988139778
FOXO1,RORA,0.6997943522967842
JUN,TRIB2,0.6997583949617904
JUN,CD14,0.6996719226108432
PAX5,IRF8,0.6993621000806244
IRF8,IFITM2,0.6987573070813105
JUN,TLR2,0.6986953238473539
FOXP1,LAP3,0.6984783130941618
IKZF1,STAT5A,0.6976180409447139
IRF8,NINJ2,0.6970872643376612
BCL11B,CCL4,0.6961515404917538
RORA,ARL4C,0.695709804836893
RUNX3,IGBP1,0.6955126605134446
RORA,SLC25A37,0.6949016438916066
STAT5A,PDIA4,0.6943071431076416
XBP1,TYMS,0.6934135097339059
MYC,GAB2,0.6928893009199196
JUN,CCL3,0.6921760494043
JUN,CD36,0.691997333129158
STAT3,CD3E,0.6916645962861001
IRF8,MS4A1,0.6896518340396304
MYC,CD163,0.6885779064606992
STAT5A,PCNA,0.6874573336685763
JUN,PTTG2,0.6873662834099774
RUNX3,CLEC4E,0.6872485241636409
IKZF1,CD6,0.6871958039069614
MYC,CXCL1,0.6861078396459808
FOXP1,TIGIT,0.6844264847059771
RORA,VNN2,0.6836486256244899
BCL6,SLC25A37,0.6835937980620211
RUNX3,SELL,0.6828831139982797
IKZF1,BIN2,0.6825560942774412
MYC,TCL1A,0.6819423007856049
FOXO1,RNASE2,0.6804884598499688
IRF8,TNFSF13B,0.6804504235869191
EGR1,TLR8,0.6802888203011302
IRF4,IGLC3,0.6798474128358485
MYC,VSIG4,0.6796678095034344
BAX,FTH1,0.6788388799056426
TCF4,CD24,0.6782978947782308
JUN,KLRC1,0.6779090136471728
PRDM1,VPS28,0.6777296862245479
FOXP1,CD4,0.6777208172304126
EGR1,CD163,0.6776881425488188
STAT3,VPS28,0.6774590797409079
MYC,NAMPT,0.6767843592052063
FOXO1,PASK,0.6766137511818023
EGR1,NINJ2,0.6743708596225626
MYC,ARL4C,0.672851631872843
IKZF1,PTTG2,0.6727158149635722
IRF8,IL1B,0.6722045680768057
BCL11B,CD48,0.6712240545330085
FOSL1,CXCL8,0.6704778532944394
LEF1,LY86,0.6692348751692876
JUN,CD244,0.6686011039855106
LEF1,CCL2,0.6685066739151652
RUNX3,KIT,0.6679094565619422
TBX21,KLRK1,0.6678722794232124
ZBTB16,KLRG1,0.6671146330168803
IRF4,FCER1G,0.6669796786042658
BCL11B,STAT1,0.6669685388834367
PRDM1,FLT3,0.6668126180737197
EGR1,ANXA5,0.6666333308647849
EGR1,LAMP1,0.6659465586638805
FOXP1,NINJ2,0.6654482373271906
LEF1,CSF2,0.6651398106287746
STAT5A,CD63,0.6648511227618884
STAT4,CD247,0.6647410262146635
JUN,IGHG1-secreted,0.6646798719651064
TBX21,STAT4,0.6643757242592053
FOXP3,PSEN1,0.66383788046258
TBX21,GZMA,0.6632599136609194
JUNB,CPA3,0.6618320184347581
EGR1,ZAP70,0.6614209577742518
BAX,CXCL3,0.6612469398546372
MYC,CD1C,0.6606080160669527
JUN,C1QB,0.6604486502527127
EGR1,CD3E,0.6602539553115543
BAX,KLRG1,0.6596173292693548
LEF1,LYN,0.6582477635153794
EGR1,FAM65B,0.6576671187253511
IRF8,LAP3,0.6575903218282971
JUN,BTLA,0.6561716644879324
MYC,BACH2,0.6555675252806927
IRF4,IL18R1,0.6554183523875019
FOXO1,BIRC3,0.6544282898123547
RUNX3,LEF1,0.6538861823596932
RUNX3,HLA-DRA,0.6535283834083049
TCF4,TNFSF13B,0.6528023350033366
EGR1,ICOS,0.6523744397688426
EGR1,RNASE6,0.6494978984361012
RORA,STAT3,0.6485372799791498
RORA,PIK3IP1,0.6479032762414352
FOXO1,BIN2,0.647755522008316
MYC,CD72,0.647711358710501
JUNB,ANXA5,0.6473136981882223
LEF1,ANXA5,0.6462909582827213
BCL11B,S100A10,0.6454614324402971
TCF4,CXCR5,0.6453331276777169
LEF1,IFNG,0.6451844923793034
EGR1,LCK,0.6449202551447912
POU2AF1,PIK3AP1,0.6447321088349874
LEF1,CD300A,0.6437165384407268
RORA,CD69,0.6426753965097896
MYC,NINJ2,0.6425787026680441
EGR1,SELPLG,0.6424389432245924
RUNX3,CD4,0.6423194921333423
MYC,IL1R2,0.6422623405684458
XBP1,CD28,0.6421134816749429
JUN,VEGFA,0.6421065677317593
BAX,TNFSF13,0.6420702437717485
STAT4,IFITM2,0.6416990311370303
STAT3,BCL11B,0.640998298277306
JUNB,CCL3,0.6409295651057527
FOXP1,FCN1,0.6408104874282777
LEF1,IL2RB,0.639884441278578
STAT3,CD5,0.6391394522722404
JUN,KCNE3,0.6389696856947794
XBP1,TBX21,0.6383212866789163
JUN,FCN1,0.6366936912872923
TBX21,KLRC1,0.636107174354263
FOXP1,TREM1,0.6352511814559969
BAX,CD2,0.6347780433338237
FOXP1,FOXO1,0.6347590580934994
IKZF1,FYN,0.6345760472619876
IKZF1,CCR7,0.6342295953523994
JUN,TCF4,0.633989317231454
IRF4,ICAM1,0.6338167953671242
STAT5A,IL18R1,0.633215651494774
TBX21,CCL3,0.6328810702734166
LEF1,PIK3AP1,0.632731834529831
LEF1,POU2AF1,0.6318889614670535
ZBTB16,FCER1A,0.6316947702920376
STAT1,CD28,0.6314552898480561
JUN,CXCL3,0.6314160254204457
RUNX3,CD37,0.631267795976414
MYC,CD34,0.6312485945731748
JUNB,PIK3AP1,0.6309109872879175
RORA,SNCA,0.6300917360571585
LEF1,GZMH,0.6293160031566438
FOSB,TOP2A,0.6285074413426337
STAT3,XBP1,0.6285011358027647
FOSB,APOBEC3G,0.6284445949635852
JUN,EGR3,0.6262683178493476
TBX21,ITGAM,0.6252706829109141
STAT3,RORA,0.6246987928039216
RORA,ALAS2,0.6239321400098699
BAX,IL32,0.6238680225809425
JUN,CBLB,0.6229570898356954
FOXP1,CD72,0.6227776694773822
JUN,KLRK1,0.6226039180368029
FOXO1,CD48,0.6225381810629274
EGR1,CD44,0.6224708509888576
XBP1,IRF4,0.62241067095432
FOSB,GNLY,0.6221246633521502
BCL6,TREM1,0.6220428622052189
IKZF1,KLRC4,0.6219084020442494
JUNB,IL18R1,0.6216163430869817
ZBTB16,IL18R1,0.6209252140869965
FOXP1,LGALS1,0.6207962352201271
JUN,HLA-DMA,0.6182000394434294
TCF4,PDIA6,0.6181763988693091
BAX,LTA,0.6180557597213192
BAX,ICAM1,0.6173678829965441
RUNX3,FAM65B,0.6172558273456831
RORA,HLA-A,0.617017199819152
FOXP1,PSEN1,0.6167519369346546
RUNX3,CD8B,0.6164037168172152
BCL11B,CCL3,0.6163879716270414
FOXP1,GAPDH,0.6161438901413996
EGR1,ICAM1,0.6152759132841006
BCL11B,C10orf54,0.614864925838311
RUNX3,CXCR5,0.6146673363448237
LEF1,IGKC,0.6144985262007863
STAT3,CCR7,0.6140333564129348
JUN,ITGAM,0.613863356230464
RUNX3,STAT5A,0.6136539412839175
STAT3,STAT5A,0.6134915544705611
IRF4,RGS1,0.6128354644518212
JUNB,STAT4,0.6127586910266275
EGR1,CD4,0.6124211754181246
FOXP1,S100A9,0.6121151696826537
MYC,CSF3,0.6118805104678207
BCL11B,EGR1,0.6116924776827876
FOSB,IGKC,0.6114065348757532
STAT3,MGST1,0.6113466305938664
STAT3,TNFSF10,0.6112054918374732
BCL11B,CD36,0.6110955116878618
RUNX3,IGHD-membrane,0.610928442537116
LEF1,NKG7,0.6108205964683622
ZBTB16,STAT5A,0.6105714673998826
RUNX3,CD1C,0.6098239994549497
FOSB,PAX5,0.608747363381676
MYC,POU2AF1,0.6087379237519306
IKZF1,KLRK1,0.6084899782912201
IRF4,KLRC4,0.6082949319924188
JUNB,CD160,0.6082669986682688
BCL11B,HLA-DRA,0.6081506661594855
EGR1,FYN,0.6080251694403375
JUN,CD8B,0.6079004569173787
IRF8,THBS1,0.6073918568569411
FOXO1,CXCL3,0.6071198346572609
JUN,IL18R1,0.6069139125069514
MYC,CXCL16,0.606834829519518
JUNB,LAIR2,0.6053780475091026
JUNB,TNFSF10,0.6049611264186989
IRF4,PRDM1,0.6049499046456415
FOXP1,HLA-DMA,0.6049255539541701
PRDM1,IFNGR1,0.6044981808156087
JUN,JCHAIN,0.6044224311429487
LEF1,PRF1,0.6042529573705284
MYC,IKZF1,0.6035256518215218
STAT4,AQP9,0.6027411082859839
RORA,PRDM1,0.6024016992265618
FOXO1,FYB,0.6008670774918798
IKZF1,S100A9,0.6006565362030207
BCL6,STAT3,0.5998919364525039
PAX5,CXCR4,0.5996811975497047
FOSB,PIK3AP1,0.5984623451820135
FOXP1,CD36,0.598278556368629
JUN,QPCT,0.5973497747769819
FOXP1,IL1R2,0.5972183080516844
JUN,TARP-refseq,0.5971799654535473
XBP1,BTG1,0.5971162850552206
IRF8,AURKB,0.596955165727335
FOXP1,S100A12,0.5966850613236385
IKZF1,LY86,0.596407142463647
BCL11B,TSPAN32,0.595756552963777
IKZF1,TNFSF8,0.5957047351480119
FOXO1,CCR7,0.5949966296747026
RUNX3,JUNB,0.594678787291311
STAT4,DUSP2,0.59434938351705
FOSL1,FCN1,0.5936223114618574
BAX,ITGB2,0.5931007246088551
LEF1,KIAA0101,0.5930243933573061
IRF4,PSEN1,0.5925747371157797
IRF8,CD37,0.5922608036976645
FOSL1,CLEC4E,0.591846850611109
FOXO1,CXCL5,0.591592639174714
EGR1,CXCL8,0.590489266234784
IRF8,ZBTB16,0.5899117306551389
MYC,RNASE6,0.5896011955968911
FOSL1,LGALS1,0.5889030784554273
EGR1,CD5,0.5881166962129019
RORA,CHI3L2,0.5875316801039197
IRF8,ITGAE,0.5866891124079013
BCL6,RNASE6,0.5865411107182084
EGR1,CD74,0.5860108001437504
ZBTB16,GZMK,0.5859123197594605
BCL11B,IER3,0.5854998772122053
BAX,IGHG1-secreted,0.5852719355204881
EGR3,CD22,0.584618322875505
XBP1,RGS1,0.5845376551081778
FOSB,TGFB1,0.583756687537175
FOXO1,JUN,0.5834624927802576
MYC,CNOT2,0.5833356534128584
STAT3,HLA-A,0.5832041403546747
RORA,CD38,0.5828112441921761
BCL11B,FOXP3,0.5826669992128699
JUNB,EGR3,0.5820185140038524
STAT3,STAT6,0.5815940630389905
LEF1,CD74,0.5814265919682329
IKZF1,IFITM2,0.5814206182647798
MYC,LY86,0.5812518491077778
LEF1,PRDM1,0.5811421826597499
IKZF1,PRF1,0.5804213076082846
FOXP1,CD48,0.5801343408377103
BCL6,CXCL5,0.5801330717109249
JUN,GZMK,0.5797917086733294
JUN,IL2RB,0.5796072512105692
JUNB,CD74,0.5795595729123143
LEF1,IRF8,0.5793844960039464
RORA,TSPAN32,0.5791305607818029
LEF1,CD1C,0.5784820653984895
BCL11B,ITGB2,0.578156152393697
FOXP1,CLEC10A,0.5776830668813807
BAX,RNASE6,0.5776346911297309
EGR1,CD28,0.5772726022342608
BAX,CD3G,0.5752424392484802
BCL11B,XBP1,0.5749494861711358
EGR1,STAT4,0.5743993105885288
XBP1,STAT4,0.5740321417362778
LEF1,PDIA4,0.5738926253060326
STAT1,LGALS9,0.5738809313932927
IKZF1,ICOS,0.5733891453275827
STAT3,IL4R,0.5729689405153292
FOXP1,IGLC3,0.5729682097356322
FOSL1,S100A12,0.5725254527780463
BAX,LCK,0.5724885240329078
STAT3,NT5E,0.5704428987167492
FOSB,FOXP3,0.5701615429465081
XBP1,BIN2,0.569834051892579
STAT5A,LAP3,0.5697059377360912
STAT5A,RPN2,0.569508943693162
FOXP1,IGHG1-secreted,0.5687936918744357
TBX21,VNN2,0.5685763668528125
STAT3,LAP3,0.5682287060238843
BAX,CTSW,0.5675671458707787
FOXO1,LCK,0.5672363343927216
EGR1,BCL11B,0.5665026747012429
IRF8,CD1C,0.5664766193606028
FOXO1,ITGA4,0.5659041131571254
IKZF1,PIK3IP1,0.5656369713194885
EGR1,BPI,0.5656315694238321
FOXP1,STAT4,0.5653259129506367
PRDM1,GZMB,0.5640372088232715
JUN,STAT1,0.5636412083869273
IRF4,PIK3AP1,0.563578220577112
JUNB,FCER1G,0.5628661246049113
BCL11B,ADGRE1,0.5625512402986784
MYC,IFITM2,0.562155374538965
IKZF1,IFNGR1,0.56192439774268
MYC,QPCT,0.5617971432165333
JUNB,IGKC,0.5603779828709053
FOXP1,CD22,0.5600825600017475
PAX5,GAB2,0.5594120150559995
XBP1,SLC7A7,0.5593314481800707
JUN,DUSP4,0.5591028036432909
JUN,IRF8,0.5586070643513065
XBP1,LAT2,0.558371310686465
JUNB,HLA-DRA,0.558343633711738
IKZF1,FOSB,0.5577183421919842
FOXP1,THBS1,0.5576895352945896
XBP1,LAP3,0.5574363558039528
FOXP1,CXCL1,0.5573347754552326
XBP1,KLRC3,0.5569763027829038
STAT3,PASK,0.5564277265956001
EGR1,GNAI2,0.5563899792626029
FOSL1,MGST1,0.5561405660127096
MYC,CD27,0.5557875207418318
STAT3,CBLB,0.5556700697909074
IKZF1,C10orf54,0.5551260469142475
STAT3,IGBP1,0.5540587636178778
RORA,CTLA4,0.5538981867585653
XBP1,TNFSF10,0.5533231843459264
IRF4,IGHM-secreted,0.5529318316032918
XBP1,PTPRC,0.5528206675729501
STAT4,ARL4C,0.5521622772238766
PRDM1,PIK3AP1,0.5515858494521948
BAX,PRF1,0.5514838788734927
JUNB,CXCL16,0.5513967711255454
JUNB,NKG7,0.5507063308732016
BCL11B,CCL20,0.5499802107202575
JUN,FCER1G,0.5495483085973939
POU2AF1,BLNK,0.5494756892171562
IKZF1,CASP5,0.5480656862131401
RORA,TRDC,0.5479255379884495
IKZF1,FYB,0.547845670214649
ZBTB16,DUSP2,0.5478455891305778
FOSL1,CXCL16,0.5478371367499765
RUNX3,IGHG1-secreted,0.5478043453007753
LEF1,CST7,0.547647872748836
STAT1,RNASE6,0.5475238221973735
IKZF1,CD48,0.547397777943535
IKZF1,CD247,0.5471577998266227
BCL11B,PRDM1,0.5469023746170202
JUNB,PRF1,0.5465592053315671
MYC,FOXP3,0.5465215725627869
JUNB,CSF2,0.5461789750306612
RUNX3,LY86,0.546036857541157
JUN,PASK,0.5457182717856056
STAT3,FYN,0.5442164647184873
FOSL1,CXCL3,0.5441262615229965
EGR1,IL1RN,0.5440040886270777
JUN,TRDC,0.5439474708712664
MYC,FTH1,0.5436632930741349
STAT3,LEF1,0.5434608791888832
JUN,RNASE2,0.5429402321286715
IRF4,IL6,0.5420288313419532
IKZF1,CD9,0.541993887830944
JUNB,LGALS1,0.5419190463838542
BCL11B,FCN1,0.5407110890474944
FOXP1,PRDM1,0.5401966848204214
EGR1,CD1C,0.5400868116082894
TBX21,PRF1,0.5387995876951793
RORA,CXCL5,0.5387012152606581
ARG1,CXCL5,0.5384182504471108
FOSL1,PRDM1,0.5383467005504127
STAT3,TRAT1,0.5382678248451914
JUNB,CD24,0.5380055654335613
FOXO1,GNAI2,0.5374827750864959
RORA,ZBTB16,0.5374364581208839
MYC,CD6,0.5367421293761128
JUNB,HLA-DMA,0.5360094950724245
XBP1,IL15,0.5353163698302666
EGR1,GZMK,0.535217193435063
ZBTB16,RNASE2,0.534582899381996
FOXO1,TSPAN32,0.532694267814118
EGR1,BACH2,0.5325993823055696
STAT4,CD27,0.5321709910602997
ARG1,TSPAN32,0.5312085579392744
BCL11B,TREM1,0.5310455607484172
IKZF1,KLRF1,0.5309168340795871
RUNX3,BCL11B,0.5308670363102641
FOXO1,TIAF1,0.5306785558799554
IRF8,CD163,0.5302730689067469
FOSB,TCF4,0.5297517909318934
RORA,CBLB,0.5296710676424974
ZBTB16,AURKB,0.5295377922118695
LEF1,KLRC3,0.5293737014662692
XBP1,FTH1,0.5289657687448904
FOXO1,TRBC2,0.52781179816731
FOSB,IL12RB2,0.5278070996787416
BAX,IL6,0.5276309754156209
FOXP1,ADGRE1,0.5271961629714236
FOXP1,CD27,0.5268048215656622
RUNX3,MCM2,0.5264054850080383
JUN,CXCL8,0.5263346491264508
RUNX3,TNFSF13,0.5257967730364177
BAX,BACH2,0.5255254649314416
FOSL1,CXCL1,0.5248056678809545
FOSB,LAIR2,0.5239524790135188
BCL11B,MCM2,0.5236917520265159
IRF8,KLRF1,0.5236205098160114
FOXP1,CD247,0.5234848029544121
STAT1,LTA,0.5234555873186553
BAX,CD163,0.5231032347549517
BCL11B,HLA-DPA1,0.5229458650590063
MYC,CD7,0.5228794265002729
JUNB,TGFB1,0.522837993071026
EGR1,RUNX3,0.522566538425722
MYC,SELPLG,0.5222245545577839
STAT4,CBLB,0.5209778617476368
TCF4,HLA-DQB1,0.520557097888264
BCL11B,CXCL16,0.5201765631477612
LEF1,MS4A1,0.5199459612196202
MYC,PIK3AP1,0.5198510969695527
IKZF1,IFITM3,0.5197735787145832
XBP1,LIPA,0.5197142515722503
RORA,AURKB,0.518926554711585
STAT5A,XBP1,0.518721845199231
STAT4,PTPRC,0.518545259211413
IRF4,BLNK,0.5177836964275071
FOXO1,SELPLG,0.5170685033208704
JUN,TGFB1,0.5168449838808845
RORA,IL23R,0.5163139760238835
KLRG1,MCM2,0.5157208186376191
JUNB,ZBTB16,0.5149459329456282
LEF1,TARP-refseq,0.5145319863318312
IRF4,EGR3,0.5128098714023301
STAT3,CD69,0.5127567314627482
JUN,LAIR2,0.5127533472931219
BCL11B,CD63,0.5124124594481265
FOXO1,ZAP70,0.5120143261282482
BCL11B,TCF4,0.5109739572040298
RUNX3,CD38,0.5109123838072221
EGR1,THBS1,0.5105638462861366
EGR1,HLA-DMA,0.5102587139377806
LEF1,TLR8,0.5100020461541076
JUN,PDIA4,0.5097139062951179
STAT4,TGFB1,0.509416075800206
IRF8,TIAF1,0.5093756349457877
BCL11B,CXCL3,0.5093068223967826
ZBTB16,KIR2DL1,0.5090675935762164
RUNX3,TRBC2,0.5090658613350293
BCL11B,IL1R2,0.5086099380943527
FOSL1,HLA-DQB1,0.5085050123747001
FOXP1,TCF4,0.5084455935385934
BCL11B,TNFSF13,0.5074288295513365
RUNX3,CD5,0.506788244504231
RUNX3,CD48,0.5065412337937003
RUNX3,GIMAP2,0.5065252740271541
RORA,LCK,0.5062891498282621
IRF4,FOSL1,0.5059500849662615
MYC,IL32,0.505757854441047
BCL11B,CD7,0.5053146478274386
FOXP1,F13A1,0.504996359689638
STAT5A,EGR3,0.5043254495946043
JUNB,FAS,0.5036525339139466
JUNB,VSIG4,0.5035247745722835
FOXP1,CD7,0.5032469784561933
BCL11B,THBS1,0.5026661948260249
EGR1,PDIA4,0.5018838658416078
JUN,BCL2A1,0.5018388430262303
EGR1,ADA,0.5014217930049338
RUNX3,MCM4,0.5010718162101042
BCL11B,GIMAP5,0.5008219439846673
BAX,ZBTB16,0.5008195179266941
BCL11B,VPS28,0.5004641340981553
BAX,KLRB1,0.4996469363704435
RUNX3,IL7R,0.49941300839446073
IRF8,ANXA5,0.4984832912485631
JUN,VPS28,0.4970501014428565
LEF1,ICAM1,0.4964311663633235
STAT3,IL7R,0.4948551418046265
FOXO1,RUNX3,0.49483007327614936
XBP1,HLA-DQB1,0.4947758200223049
EGR1,CD6,0.49435790271871777
FOXP1,LTA,0.49357126613207675
IKZF1,CBLB,0.4933043377083785
FOXP3,CXCL5,0.4932300452642048
LEF1,IL18RAP,0.492957479124793
TBX21,ZBTB16,0.4919736625973883
RORA,IL7R,0.49147675801006685
STAT4,TCL1A,0.4912270322755643
EGR1,IKZF2,0.49103065256443673
JUNB,GZMA,0.4905375703688086
RUNX3,RNASE2,0.49053604495357994
BAX,CD37,0.4903483106585802
IKZF1,HMMR,0.4902486146109479
BCL6,GZMK,0.49000169807877986
RUNX3,CTSG,0.48824495403552404
BAX,CD244,0.48778431850068626
RUNX3,BCL2A1,0.48770915694071315
LEF1,ADGRE1,0.4875154400000001
FOXO1,IL4R,0.4873355169347016
FOXP1,RNASE6,0.4869283822130835
JUN,SLC7A7,0.486792600431884
FOXO1,CD247,0.4865688829055764
ZBTB16,TNF,0.48520254461825946
LEF1,MGST1,0.4843841721301653
BAX,GZMB,0.48351044817089217
FOXO1,BTLA,0.48339035909407124
IRF4,TCL1A,0.48333775082775954
IRF8,ITGB2,0.48178910140848324
STAT4,ALAS2,0.4817348195842426
MYC,CTSD,0.48044340097551164
BAX,CD33,0.48026613946618296
EGR3,LGALS9,0.48021089446727966
IKZF1,CD163,0.48013138516171117
IKZF1,PRDM1,0.47963399923040995
BAX,ITGAX,0.479569497227889
JUN,CXCL16,0.47950506648321
PRDM1,BTG1,0.4794264999667508
JUNB,S100A9,0.47892110453161846
RUNX3,LAMP3,0.4786531344460061
EGR1,AQP9,0.47865035400204436
STAT3,JUN,0.47857256091519856
JUNB,IGHM-membrane,0.47827688552789105
EGR1,ATF6B,0.47826435268907114
FOXO1,KLRG1,0.47776010547326325
IRF4,CD37,0.4776483477191633
BAX,CHI3L2,0.47655199984907515
BAX,LGALS1,0.47581876825368064
STAT4,IFNG,0.475018821396891
JUNB,CD244,0.47473965763179915
IRF4,CD22,0.4747243449102463
FOXO1,BCL2,0.47470803039509657
XBP1,PCNA,0.47424045091846073
STAT4,CCL4,0.4741864230367857
BCL11B,ARG1,0.4740528075327161
IKZF1,JUNB,0.4731308306426328
RUNX3,CD79A,0.47312409011038203
FOSL1,CXCL2,0.4728748483333978
LEF1,PDIA6,0.47281099591150083
FOXO1,VPS28,0.47209834331251166
STAT3,LAT,0.47175791894495944
JUN,VSIG4,0.4709930325964472
PRDM1,CD244,0.4709846327403295
MYC,TBX21,0.47083710822093167
EGR3,EGR1,0.4708173332809482
BCL11B,FUT4,0.4703599624213486
STAT4,CNOT2,0.4701494002330496
RUNX3,IL6,0.4699584082393738
IRF8,EGR3,0.4697742331631781
IKZF1,IL7R,0.4687953194396819
IRF4,VPS28,0.46839794997463413
JUNB,TRDC,0.4682644177748634
RUNX3,IL1R2,0.46824209172670284
FOSB,IGLC3,0.46788355768110806
FOXO1,FCER1A,0.46782990126087276
BCL11B,IL1B,0.4673272379999117
PRDM1,IRF8,0.4670531648407079
MYC,VEGFA,0.46622031816969484
RORA,IKZF2,0.4659045118613157
XBP1,GZMK,0.46540695200599297
JUNB,HAVCR2,0.46524940879059345
JUNB,CLEC4E,0.4649190541117136
PRDM1,ITGB2,0.46411740054207223
FOXO1,NAMPT,0.46409947585012384
FOXO1,THBD,0.4637647575394881
IRF4,PDIA6,0.46345787649045134
EGR1,LAT2,0.4631765293923104
BCL11B,MCM4,0.46245487095266524
STAT5A,IL15RA,0.4623198962280139
FOXO1,TNFSF10,0.4622049701178447
ZBTB16,STAT1,0.4620029428553809
STAT1,PDIA6,0.4617699325024907
KLRG1,TIAF1,0.46171714440650086
ZBTB16,YBX3,0.46155571872695406
FOXP1,CCL4,0.4597214092001571
RUNX3,FCN1,0.4590016848371639
FOXP1,CXCR2,0.45849256413354833
BCL11B,BCL2A1,0.457843725038143
BCL6,SNCA,0.45784293475221666
JUN,CD163,0.4575422500862767
JUN,AQP9,0.4572513351547011
BCL11B,GNLY,0.4569213815376625
RORA,C10orf54,0.45678239388702596
BCL11B,IFNG,0.45631306279932354
TCF4,CD37,0.45613818120758926
STAT5A,ITGA4,0.45581864951684165
ARG1,NINJ2,0.4550938789213164
BAX,LAIR2,0.45505347532762036
STAT3,CD52,0.454787079812799
STAT4,CXCL1,0.453239106181603
FOSL1,TIAF1,0.4532190417756504
BCL11B,LAMP3,0.45271190060336863
RUNX3,HLA-DMA,0.45260220731283
JUNB,CXCL8,0.45233334692968896
JUNB,CD4,0.4518890876579018
BAX,IL2RB,0.45146367654258335
EGR3,IL1RN,0.4513047109261908
JUN,IL1RN,0.45088393863688986
TCF4,IGHD-membrane,0.45000711354568695
STAT3,LAMP1,0.44803454427997286
JUNB,TNFRSF25,0.44799633186306176
TCF4,IGHM-secreted,0.44771710270871
FOSB,CD22,0.4476437525114981
JUN,CD24,0.447503644178562
BCL11B,CD8A,0.44727641725191236
PRDM1,IFITM3,0.4471072882560683
JUN,KLRF1,0.44587081122219807
STAT3,SELL,0.4457501409880919
RORA,MYC,0.44510881330019736
IRF4,MCM4,0.44487324877336054
IRF8,DUSP1,0.44467738848400806
BCL11B,HMMR,0.4444902289780035
JUNB,LGALS9,0.4443932966822233
BAX,FCGR3A,0.44422312867314845
BCL11B,CLEC10A,0.44290701954660167
BACH2,DPP4,0.44287840992315597
EGR1,TNFSF14,0.44279654323793216
IRF4,GZMH,0.4426510761023158
ARG1,SLC25A37,0.4422158339163863
MYC,TNFSF10,0.4416557410358005
JUNB,IL6,0.4416193789215882
EGR1,CD160,0.4416104360100596
RUNX3,CD86,0.4415088170771376
EGR1,IGBP1,0.4408415031950129
LEF1,CTSW,0.4404268139731524
ZBTB16,HLA-A,0.44039568051381134
BCL11B,NAMPT,0.44036698697956506
RUNX3,TOP2A,0.44031115835981327
FOXO1,NINJ2,0.4403097386502516
BAX,APOBEC3G,0.4401518120288288
JUNB,TLR8,0.43997439475885025
BCL11B,SLC7A7,0.439321242194245
FOXO1,GIMAP2,0.4392278835536355
MYC,TCF4,0.4389162538312253
EGR1,MCM2,0.43885381390218736
RORA,FOSB,0.4387749579322449
BCL11B,DUSP1,0.4387511270930484
XBP1,CD200,0.43824016848676844
IRF4,SNCA,0.4381904059496956
BCL11B,CSF3,0.43785458347854866
EGR3,STAT5A,0.4371843035413367
FOSB,GIMAP5,0.43670591790141017
EGR1,FOXO1,0.43621930788697666
XBP1,ITGAE,0.4359741146517907
BAX,ARG1,0.43560867077547316
JUNB,KLRB1,0.43542956608760985
RUNX3,CD9,0.43535337558385245
LEF1,IGLC3,0.4351598806303548
EGR1,CCL2,0.4346438214145799
FOXP1,TOP2A,0.43361131181119045
IRF8,SELPLG,0.4335327825880979
XBP1,HLA-DMA,0.43245334863631424
IKZF1,GZMH,0.43241082358148314
BAX,TCF4,0.43168043620152735
ZBTB16,MGST1,0.4314653229409596
IRF4,CXCR3,0.4306287915233651
STAT4,DUSP1,0.4303950293920927
IRF4,FUT4,0.43026244377825607
JUN,KIAA0101,0.42943135210676864
FOXP1,GIMAP5,0.4292224985786513
LEF1,CTSD,0.4289345937707232
IKZF1,PSEN1,0.4285582786058158
XBP1,ADA,0.4282966715861152
STAT1,CD72,0.4279779904500324
FOSB,IGHD-membrane,0.4279142398494956
STAT3,TNFRSF25,0.42787117743767844
BCL11B,PDIA6,0.4277600273126833
STAT4,BAX,0.4273760190730923
RORA,TYMS,0.4268774801831643
EGR1,IL7R,0.4267718603646058
XBP1,CCL2,0.42665088735852524
IKZF1,TLR2,0.4265089021841943
LEF1,GZMA,0.4262211704466788
BAX,EGR3,0.4256419140394997
JUN,S100A9,0.425508706665378
STAT4,IRF8,0.4252468932297024
FOSL1,S100A10,0.42501006583195833
ZBTB16,STAT4,0.4240954199237108
RORA,IL18RAP,0.4237570502494687
LEF1,STAT6,0.42374901066774645
FOSB,CD79A,0.42332345885249933
JUN,HLA-DQB1,0.4230246119075736
IRF8,GNAI2,0.42301009833891073
BAX,AQP9,0.4218220915323859
FOXO1,MYC,0.42157740015908024
FOSL1,BCL2A1,0.4213544565639338
ARG1,TOP2A,0.4211724001641839
IKZF1,S100A12,0.4206323070702672
JUN,DPP4,0.41993343607209677
IRF8,S100A10,0.4194942292850924
IRF4,ALAS2,0.41906696804640176
XBP1,FCER1A,0.41886080835230094
EGR1,ITGAX,0.41857551149941485
IKZF1,BAX,0.41831571117084476
XBP1,FCER1G,0.41808366188191776
FOSL1,CD34,0.4179874437453732
BAX,FOSL1,0.4171164958076805
FOSL1,IL6,0.4168359638979957
FOXO1,BPI,0.41651960754801076
FOXO1,CHI3L2,0.41640011090796936
STAT4,CD160,0.4160629304024443
FOXP1,PCNA,0.4158489825223711
XBP1,KIAA0101,0.4154833804756472
IRF4,FOXP1,0.41515910077914453
IRF4,SLC25A37,0.4150480459329003
STAT4,TNF,0.41410855853116213
FOSB,IGHM-secreted,0.4141078275380485
PAX5,BIRC3,0.41389891628949266
STAT3,ADA,0.41312072110648007
IRF4,ITGAE,0.41229531187724205
JUN,TRAT1,0.41094629517191866
LEF1,RNASE6,0.4108878576357911
JUNB,LYN,0.41072428267075756
FOXO1,CD37,0.4104603968245982
RORA,TNFSF8,0.41031099080830324
JUNB,CLEC10A,0.4098347590360757
MYC,S100A12,0.4091247133512498
ZBTB16,CTSD,0.40845069183431465
EGR1,CCND2,0.40827896455234103
EGR1,TRAC,0.40822932796474914
FOXP1,CD86,0.40789050691245915
JUNB,IKZF2,0.40776687257314603
MYC,TXK,0.4074982637574967
FOXO1,IL32,0.40580766674385316
BCL11B,BIRC3,0.40487756988762164
ZBTB16,CCL4,0.40470050840762906
IKZF1,RPN2,0.40422639148004635
MYC,ATF6B,0.4039258000988437
EGR1,CD2,0.403612009450942
RUNX3,KCNE3,0.4032942969247004
STAT3,KLRG1,0.4031741307866368
PRDM1,CTSD,0.40274612937289755
RORA,CXCL3,0.4020327180191171
JUN,CTSG,0.4018992928566831
FOXP1,IGKC,0.40188904347846627
BAX,CTLA4,0.4016853090974614
JUN,NKG7,0.4013626927377491
STAT1,KIT,0.4008473938819208
IKZF1,STAT3,0.4006982328899825
EGR1,TRBC2,0.40001314186424125
PRDM1,LYN,0.3998482538801697
PRDM1,HLA-A,0.39872169467370716
STAT3,ITGAE,0.39848915786646255
EGR1,CD72,0.3981527276359312
STAT1,TCF4,0.3981065589647156
JUN,CLEC4E,0.39799575183146285
FOXP1,EGR1,0.3976150266467068
JUNB,TCF4,0.3968169500969211
PRDM1,LIPA,0.39649162363851
FOXO1,CD3G,0.39630345354580976
RUNX3,CD2,0.39616931831981184
FOXP1,ARG1,0.39567554500669083
RORA,FYB,0.3953357641636842
FOSL1,ANXA5,0.39490124251632525
BCL11B,QPCT,0.3941773198188011
BAX,BPI,0.39415360159392654
JUN,F13A1,0.3936567771411622
STAT5A,FOSL1,0.3927129750964021
IRF8,IL7R,0.39239584722287846
BCL11B,CLEC4E,0.392376258547938
STAT5A,TRIB2,0.3923256956719908
IKZF1,CSF3,0.3920836597889736
STAT3,CD44,0.39190940641092437
STAT5A,HLA-DMA,0.3915131383698752
IRF8,FAS,0.39150107471445944
STAT3,APOBEC3G,0.391121818111602
BCL11B,IL18,0.3909682090398188
MYC,S100A9,0.39077676223062574
TCF4,TSPAN32,0.3904952246137163
KLRG1,MCM4,0.38992915439239023
BCL6,C10orf54,0.3898411897948347
FOXO1,JUNB,0.3889971917288617
FOXP1,IL3RA,0.38866954905513396
XBP1,AQP9,0.3883217624174122
IKZF1,LAIR2,0.3879106305115976
BAX,FCER1A,0.3878561864389159
FOXO1,FTH1,0.38771552702693224
PAX5,SLC25A37,0.3875218636459483
JUNB,PTTG2,0.38750128740274625
IRF8,VPS28,0.3862083024417942
FOXO1,FAM65B,0.38602777140100847
XBP1,GZMH,0.3860112882275903
LEF1,RUNX3,0.3859303807738193
JUN,IGHM-secreted,0.38567202872120826
STAT3,DOCK8,0.3853823836392859
FOXO1,DPP4,0.38528931634064545
BCL6,FOSB,0.38521297339258875
IRF8,VEGFA,0.3850942592193861
FOXP1,GNAI2,0.38504310934790625
IKZF1,CXCL8,0.38473101746830535
BCL11B,TCL1A,0.38470660607998264
BAX,CD24,0.3847054026295621
RUNX3,CCL2,0.384151104744649
FOXP1,VPREB3,0.38409797677736396
RORA,RUNX3,0.38348925706775705
STAT4,LCK,0.38336076513916395
JUNB,RNASE2,0.38335476795901174
FOXP1,CXCL16,0.3830043155490878
JUN,LGALS1,0.38283317115471377
BCL11B,CD86,0.38244582305518027
EGR1,FCER1G,0.38169676239212585
STAT4,BIN2,0.38129464928862544
RORA,CD2,0.3812437048353169
STAT5A,APOBEC3G,0.3811751752767364
JUNB,CD72,0.38085526868031283
JUNB,CCL5,0.38037692956069696
FOXO1,IL1RN,0.37929739921508404
IKZF1,CXCL3,0.3792536895211437
RUNX3,IER3,0.3789674552520731
JUN,TNFSF13,0.3784668526100789
LEF1,HLA-DMA,0.37844191327575954
EGR1,CD3G,0.3782789653005513
JUNB,CCND2,0.37797714245960723
IRF8,FCER1A,0.37743551368596945
XBP1,GAB2,0.37723696541614815
XBP1,CXCL5,0.37684881484124433
FOXO1,CD7,0.3766885281192527
RORA,CD244,0.3749276445073552
RORA,IKZF1,0.37490437616416644
FOSL1,CCL3,0.374246185873005
STAT5A,CD244,0.3742460327604467
EGR3,CD1C,0.3742064916389861
LEF1,HLA-DQB1,0.3739233972824644
BAX,TIAF1,0.373738660754507
ZBTB16,CD163,0.3727382604365235
BACH2,PDIA4,0.37247663848259327
FOXO1,ITGAE,0.3722444862340892
FOXP1,CD163,0.3719731390416301
EGR1,TARP-refseq,0.37169265397486967
FOXO1,CNOT2,0.37147331717277055
JUNB,CD36,0.37071675612236843
ZBTB16,LYN,0.3707054514207277
JUNB,BCL6,0.3696987085929417
BACH2,CD22,0.36933502395676765
EGR1,IL18RAP,0.368730732993394
POU2AF1,CD27,0.3683995211411889
BCL11B,CD160,0.36837719202533664
IRF4,GNAI2,0.3681749563899728
RUNX3,IGKC,0.36806545590367884
KLRG1,TNFSF10,0.36795671662807494
EGR1,KIAA0101,0.3675531599511733
FOXO1,LAMP1,0.3672945452266998
EGR1,TCL1A,0.36705509893779803
ZBTB16,BCL6,0.36686144349936994
PRDM1,PRF1,0.36664892929105203
ARG1,AURKB,0.3664563251951294
STAT3,LGALS3,0.3664161010398985
EGR1,ARL4C,0.36588053297621065
BCL11B,TARP-refseq,0.3653605054218032
EGR1,PSEN1,0.3652829782239186
FOXO1,CCL20,0.36509684021201955
JUNB,HLA-DQB1,0.3648722665165402
BCL11B,GAPDH,0.3635174116634388
MYC,BCL2,0.36302290086400524
IRF8,CXCL3,0.3629247579102742
RORA,GIMAP2,0.36281757339391335
JUN,TCL1A,0.3623631822856694
RUNX3,RNASE6,0.361150129925028
TCF4,LAT2,0.3607735198220129
RORA,CD6,0.3603756546712822
IRF8,PTPRC,0.3602799987195726
RUNX3,PAX5,0.36024618753195686
LEF1,TNFSF13B,0.36023417951203474
MYC,TNF,0.3601300057294585
XBP1,IL18RAP,0.3599230046481039
PRDM1,CD33,0.3593552008237864
STAT4,IL15,0.359226002837575
FOXO1,GZMK,0.3592063566302558
STAT3,HMMR,0.3591618646426055
LEF1,LAIR2,0.358950121981227
IRF8,CBLB,0.3586314361664468
XBP1,TCF4,0.35848424953789887
EGR1,GZMH,0.3584113460186423
PRDM1,CD28,0.35832380066619085
FOXP1,RUNX3,0.35827015875126206
STAT4,ITGAE,0.35793697232819666
MYC,ANXA5,0.35785264012059886
BCL11B,KLRK1,0.35725975560696177
FOXP1,CD74,0.3570579197486236
IKZF1,GZMA,0.3564159313571392
FOXO1,TRAC,0.35631278177491144
STAT6,BACH2,0.356269524695977
RORA,FOXO1,0.3559942126408573
IRF8,CASP5,0.3558690508990266
BCL6,CD14,0.35583478259985163
LEF1,TNFSF13,0.35559678843940146
JUN,CD86,0.3551292604254386
XBP1,TREM1,0.35511308282504767
MYC,CXCL3,0.3548592069698354
TCF4,AURKB,0.3546237356103674
FOXO1,S100A9,0.3541169521049271
ZBTB16,TSPAN32,0.35359111868412796
STAT3,EBF1,0.35349041470794573
EGR1,MGST1,0.3533791898972123
EBF1,CD79A,0.35336312417960175
STAT3,S100A10,0.35321487342984276
IRF8,CD33,0.35306069613619223
IRF8,LIPA,0.352583142282034
FOXO1,BAX,0.35248561180197846
BAX,CD5,0.3522299539414479
BCL11B,AQP9,0.3502526619406455
STAT3,CD27,0.3499204853837322
EGR3,CD4,0.3498681317846857
TCF4,MGST1,0.3498031421913031
IRF8,VNN2,0.34916182678682134
IRF4,ENTPD1,0.3486343628869387
FOSL1,THBS1,0.34850602264136143
MYC,IER3,0.34820346127654717
IKZF1,LAT2,0.3478539500976034
FOXO1,CCND2,0.3477648143424864
FOXP1,ICAM1,0.34759328197604666
FOXP1,KIT,0.34757491311805505
FOXO1,IFITM2,0.347492813005429
IRF8,TLR8,0.34741158955072504
JUNB,IGLC3,0.34737375077050103
EGR1,POU2AF1,0.347343948896449
IRF8,CLEC4E,0.3472042679606291
FOXO1,TXK,0.34706494463699405
MYC,IGHD-membrane,0.3463059170036621
BCL6,CXCR4,0.3462486253370964
TBX21,ITGB2,0.3460855361904873
STAT4,FCN1,0.3457871389566717
XBP1,MCM2,0.3456703375117943
FOXP1,CNOT2,0.34537536099899147
PRDM1,FCGR3A,0.34526788065482106
STAT3,CD33,0.34497913772053146
PRDM1,ZBTB16,0.3448034860176233
LEF1,TIAF1,0.3441965663315675
PAX5,IGHG1-secreted,0.342915147842245
LEF1,CXCR2,0.34288255417952296
STAT4,LGALS3,0.34278474335312425
RORA,GZMK,0.34243308253434385
LEF1,CD79A,0.3419076551791325
RUNX3,UBE2C,0.3417034482367033
IRF4,BTG1,0.3416489826988863
IKZF1,CXCL2,0.3415438029604442
XBP1,IL18R1,0.3412214515990931
STAT3,TCF4,0.3409045080223813
EGR1,LTA,0.3406582685949087
EGR1,TNFSF8,0.34056904998062104
RORA,CCL20,0.34046137748654265
PRDM1,LAIR2,0.34036731842942697
IKZF1,IGBP1,0.3403075030359075
IRF4,YBX3,0.34006128259702995
ZBTB16,BIN2,0.33943537487354125
BACH2,GIMAP5,0.33888568184865175
IRF8,CXCL1,0.3385593869244634
EGR1,IFITM3,0.3383935900940351
XBP1,IER3,0.3383040095123431
FOXO1,TNFSF8,0.3382812613595588
RORA,HAVCR2,0.33776410645531735
XBP1,RNASE2,0.33679810544844047
MYC,CTSG,0.33675913527381457
XBP1,GZMA,0.33666390172622446
STAT3,TSPAN32,0.33582049789705903
BCL11B,CD9,0.3358184901877897
BCL11B,CSF2,0.33562063158215616
BAX,TCF7,0.33498836603559207
LEF1,CD63,0.33479201423061195
IKZF1,CD44,0.3344288691722623
FOXP1,IL12RB2,0.33417539864144874
STAT3,TRBC2,0.3341240945603033
BCL6,RGS1,0.33400488595292793
IRF4,CXCR5,0.33380418440265897
MYC,F13A1,0.3336685133744175
LEF1,TRDC,0.3335402121039231
XBP1,GZMB,0.3334047698615325
FOXO1,CASP5,0.3331239382592176
IRF8,PSEN1,0.33305125783013345
FOXO1,KLRK1,0.33237836373225277
STAT3,F13A1,0.33235454558800687
IRF8,IL6,0.33230845117919905
IRF8,KIT,0.3322537339521928
RUNX3,TRIB2,0.3317623527140033
FOXP1,IL18RAP,0.3316854154719019
ZBTB16,KLRF1,0.3313888514876994
STAT3,MCM4,0.33102137561086586
FOXP1,NAMPT,0.33091338909920265
LEF1,FTH1,0.3308156141504817
MYC,CD63,0.33079594138073576
RORA,FAM65B,0.33033450862142344
IKZF1,TNFRSF25,0.33021151444692554
XBP1,IGBP1,0.3300224463529472
BAX,FLT3,0.3294126717894318
TCF4,CD34,0.32935564009313306
EGR1,TRIB2,0.32857360671217345
BCL11B,TLR2,0.32846700717573907
BCL6,BTG1,0.3282133138585021
STAT4,IER3,0.3282127136839409
IRF8,MCM2,0.3282084453781828
STAT4,FAS,0.32816911232882195
ARG1,IL1RN,0.32746314397828413
BACH2,PSEN1,0.3274054853465979
XBP1,GIMAP2,0.3268226635170639
POU2AF1,CD38,0.3263778272505893
RUNX3,BCL2,0.3262891746503779
STAT4,S100A12,0.3261304066275226
FOSB,MCM4,0.32605603981204573
JUN,TNFSF13B,0.326004194727233
JUNB,PDIA4,0.32568949257041535
EGR1,THBD,0.32559486467967647
IKZF1,TCL1A,0.3255580212628598
RUNX3,EGR1,0.32530383370815447
FOSB,HAVCR2,0.3241961884076113
MYC,NT5E,0.3228341296434094
FOXP1,CXCL3,0.32246311541662115
BCL11B,S100A12,0.32199020304519177
IRF8,CD7,0.3217415192281245
EGR1,DPP4,0.3208419115650637
FOXO1,EGR1,0.3206268811826425
JUN,CD74,0.3202665952301313
PRDM1,IL18RAP,0.3202469537682455
JUN,FLT3,0.3202324840368049
FOXP1,MS4A1,0.32013375564640634
BCL11B,HAVCR2,0.31989749977276943
STAT5A,DUSP4,0.3196818964946931
RUNX3,TGFBI,0.31934107348318963
IRF8,F13A1,0.3189450286203045
STAT4,S100A9,0.3185302723629668
JUNB,CCL20,0.31823265023565317
JUN,ANXA5,0.3181673839672238
STAT5A,CD36,0.3180109276180725
STAT3,LTA,0.3178686908583537
JUNB,IGHM-secreted,0.3178149290977057
IKZF1,BCL2A1,0.3177109441673449
EBF1,PAX5,0.31764679404063617
BCL6,KLRC3,0.31715960266932286
STAT4,IL18,0.3171039633527128
IKZF1,CD27,0.3169220948025772
BCL6,CCL20,0.3168522359987322
STAT3,PIK3IP1,0.31683458493821504
IKZF1,XBP1,0.31614300069672924
RORA,FOXP1,0.3160835989095522
XBP1,LYN,0.315952138739119
XBP1,CXCR4,0.3159336339175405
BAX,VPREB3,0.31546066412759033
JUNB,IFNG,0.3154468390256429
JUNB,GZMB,0.31527668968432787
STAT4,QPCT,0.3143097417598807
RORA,LEF1,0.31357709364394076
EGR1,S100A10,0.3128447322698605
BAX,LGALS9,0.3128423219325631
BCL6,ICAM1,0.31236013428401466
EGR3,FUT4,0.3123548244992339
JUNB,MS4A1,0.312285022070999
LEF1,IGHD-membrane,0.3122700843475906
FOSL1,APOBEC3G,0.3120130973713351
MYC,LGALS1,0.3118701657809952
BCL11B,PRF1,0.31088536604897904
FOXP1,FAS,0.3104071337354106
FOXO1,LIPA,0.3103086244180223
JUNB,IL1R2,0.3102297381368426
IKZF1,F13A1,0.3101003116131417
LEF1,CD244,0.30915209622996
XBP1,CCL20,0.3090269121184706
FOSB,KLRC4,0.30890597022097627
IRF8,ENTPD1,0.3086421994264158
EGR1,AURKB,0.3086321571011986
TCF4,CD28,0.3085900898026304
LEF1,EGR3,0.3084495435487108
IKZF1,CD28,0.30804368507945246
PAX5,LAT2,0.3079785100216911
LEF1,UBE2C,0.30789253871404126
STAT6,TSPAN32,0.30763647440111547
RORA,STAT4,0.30755264160872825
RORA,TNFRSF25,0.3074715772338051
JUN,APOBEC3G,0.3074416917703811
MYC,ENTPD1,0.3067178540834828
ZBTB16,AQP9,0.306338005699405
FOSL1,ICAM1,0.30616614603272185
JUNB,TBX21,0.30597358801116026
FOXP1,TNFSF13B,0.30528058701146576
FOSL1,LY86,0.3051951915737561
JUN,HLA-DRA,0.30483955982485095
IRF8,FUT4,0.3047457534449734
FOXO1,ARG1,0.3040382993819672
STAT3,CD34,0.3040339094475353
IRF8,LAMP1,0.3039979333337657
BCL6,KLRC1,0.3039867522900155
BCL11B,ZBTB16,0.3038307865045614
TBX21,IFITM2,0.30323560592692195
BCL11B,TYMS,0.30307379665930656
STAT3,GAB2,0.3029964079302683
XBP1,FOSL1,0.3026704551641351
FOXP1,POU2AF1,0.3026688632065511
STAT4,CD300A,0.3021968076774332
BCL11B,IFNGR1,0.3017409643625021
STAT4,RORA,0.30164136757361476
JUN,GIMAP5,0.3012469847605126
RORA,CD14,0.30119461938871417
FOXP1,IKZF2,0.3010853736361167
EGR1,IL32,0.3007159188288142
IKZF1,DUSP1,0.299864894571882
STAT5A,CASP5,0.299700335654523
RORA,CCR7,0.29966810985587644
RORA,LTA,0.299459079685134
XBP1,FOXO1,0.29945095012612577
EGR3,BCL2A1,0.2991980271849696
JUNB,IGHD-membrane,0.2987732990277039
STAT3,FOXO1,0.29849804824895404
FOXP1,ITGAX,0.2984354786598733
ZBTB16,UBE2C,0.29803793205584606
ZBTB16,CXCL16,0.2977061422127379
STAT3,FOXP1,0.2976375535379191
EGR1,PIK3IP1,0.29754570154532856
FOXO1,ADA,0.29747047762528844
XBP1,TSPAN32,0.29740105996126953
BCL11B,IL6,0.2973155451572685
RORA,BIRC3,0.29724691308096196
FOXO1,C10orf54,0.29724335108323063
IRF8,RGS1,0.29716980396407705
FOXO1,TLR2,0.2966543365600741
LEF1,RNASE2,0.29660705226889916
FOXP1,CLEC4E,0.29608271829903465
IKZF1,IL18RAP,0.2959631640406073
BAX,LAMP3,0.29542754957314815
BCL6,TRDC,0.29542165869663817
JUNB,TIAF1,0.29523347861963023
RORA,GIMAP5,0.29506156523304317
STAT3,LIPA,0.2946174799234936
TCF4,IGLC3,0.2944868737369522
FOXO1,CD2,0.2941664523362426
BCL11B,STAT6,0.2936981024349749
TCF4,RPN2,0.2936356939905482
IRF4,LAIR2,0.2936227479943946
BCL11B,CST7,0.2932879265868017
EGR1,XBP1,0.2928505215769522
EGR3,PAX5,0.29263485553442165
BAX,CLEC4E,0.2925097362217871
STAT4,CXCR3,0.2923713030062244
FOXO1,LAIR2,0.2920715935809676
IKZF1,CD1C,0.29181701511935576
RUNX3,BIRC3,0.2908166480988357
LEF1,IGHG1-secreted,0.2907833960136159
STAT5A,GZMK,0.2907412124694208
IRF4,CLEC10A,0.2903998271106567
BCL6,YBX3,0.2902802280713321
FOXO1,CD3D,0.29027872777604374
BAX,CXCL2,0.2900552662344855
FOXP1,KLRK1,0.2900283299640886
IKZF1,FCN1,0.2896797970955203
IRF8,CD14,0.2895234551347964
RORA,BCL6,0.28922752999325413
ZBTB16,CD247,0.2888446427342322
JUN,TOP2A,0.2885324444321004
EGR1,LYN,0.28848397122355735
IKZF1,TRAT1,0.28826175971181833
PAX5,FAM129C,0.2881320632631551
MYC,AQP9,0.2880678015745292
JUNB,ICAM1,0.2879781040345837
XBP1,CD27,0.2868981579661864
STAT4,CXCR5,0.2868364092735967
PRDM1,IFNG,0.286834745199812
BAX,FASLG,0.2867890478582219
RUNX3,LAT,0.28526110903109236
STAT6,TCL1A,0.2851984709268317
BAX,GNLY,0.28482457478603845
IKZF1,PASK,0.28480860275678327
STAT4,IRF4,0.28435751370341333
STAT3,PTTG2,0.2842279810440085
TCF4,FOSB,0.2840513028791284
RUNX3,KIAA0101,0.28402709845628177
IKZF1,TNFSF10,0.28341922459333424
ARG1,ZBTB16,0.28339254463734836
JUN,CD27,0.2832018747888893
PRDM1,FUT4,0.28245140356851955
IRF4,GIMAP5,0.28198275131856787
TCF4,MS4A1,0.2819267374391543
EGR1,IRF4,0.28173853231415774
BAX,S100A9,0.2816252243920195
STAT4,GNAI2,0.2814938677046399
IRF8,CXCL5,0.2813790339461798
ZBTB16,ALAS2,0.2812021678261663
EGR1,MZB1,0.28109236737767024
BACH2,BCL11B,0.28100728480415094
XBP1,IRF8,0.2805097927384277
ARG1,ALAS2,0.2804599357744282
BCL11B,CXCL2,0.28044753570137165
PRDM1,IL12RB2,0.2804041709066161
STAT3,TNFSF8,0.28034213675820807
PRDM1,XBP1,0.2800815176410617
FOXP1,MZB1,0.2800450252672132
STAT5A,KIR2DL1,0.2799287326104719
STAT4,CHI3L2,0.2796487561994817
POU2AF1,RNASE6,0.27952025576087486
BAX,KLRC1,0.2795091754819426
LEF1,APOBEC3G,0.2792084838835565
XBP1,CD44,0.2788722769656782
TCF4,VPS28,0.27871736536505487
BCL11B,APOBEC3G,0.278620847216425
BCL6,FOXO1,0.2785494771805459
STAT3,IFITM3,0.2783705830095126
LEF1,HLA-DPA1,0.27836316990187127
RUNX3,EGR3,0.2783230321772593
RORA,PIK3AP1,0.2777033675575374
XBP1,DPP4,0.2775257671229138
RORA,CD7,0.27749753097500907
STAT4,IL23R,0.2772775247561686
JUNB,DUSP4,0.2769919486908005
IRF8,CPA3,0.2769595054080442
EGR1,TBX21,0.2769394956453963
STAT5A,IL4R,0.2768323796028564
BCL6,PRDM1,0.2766128908240105
EGR1,STAT6,0.2765343743658766
IRF4,KIT,0.2764798324385852
BCL6,HLA-A,0.27647885166804265
JUNB,FCGR3A,0.27614941641467794
BCL11B,ITGAM,0.27612861851033454
JUN,CXCL2,0.27543509598669036
LEF1,IL6,0.2746850671453664
IKZF2,GNAI2,0.2744460809567393
PAX5,CD28,0.274336493208995
EGR1,DUSP4,0.2741668218426404
MYC,DUSP1,0.27414481790173023
EGR3,FOSB,0.27392589770062586
XBP1,ITGB2,0.27363253508376395
STAT5A,CXCR3,0.2735044363523506
MYC,ITGB2,0.27343385688305377
IKZF1,AQP9,0.2729702682596685
IRF4,SELPLG,0.27289199755833576
JUNB,SLC7A7,0.2724012796403992
TBX21,CD247,0.2722326362965514
STAT3,ZBTB16,0.2719132400642243
IRF4,ARL4C,0.2718428846537779
TCF4,CD1C,0.271842181097714
BCL11B,ITGAX,0.27157117393933405
BAX,TNF,0.27131544395868634
BAX,CD72,0.27118383169486643
ZBTB16,SNCA,0.27106359071111386
STAT3,RPN2,0.2710495925982779
POU2AF1,LAT2,0.2709280095143371
STAT3,NAMPT,0.2706851393266035
BAX,HAVCR2,0.27036883204686196
IRF8,CD38,0.27025029374921644
IKZF1,CD14,0.2702032971642869
RUNX3,IL15,0.2699906455044599
BAX,ITGAM,0.2696068381884788
ARG1,FCN1,0.26926493135760143
BAX,CD74,0.26923059024754403
MYC,PAX5,0.2684414466330733
STAT4,CD63,0.26825225746981896
PRDM1,FOXO1,0.2682140039197799
LEF1,IFNGR1,0.26811576181922914
JUNB,TLR2,0.26807333440868225
FOXP1,IL18R1,0.2680659530831859
IRF4,APOBEC3G,0.26765957859567563
JUN,PAX5,0.26762066368870385
BAX,JUNB,0.2673612400698521
MYC,CD14,0.2670757904503721
LEF1,KLRK1,0.2666598981016028
BAX,IRF8,0.2663197183384099
JUNB,TMEM97,0.2663056659479063
IKZF1,FAS,0.26617847000513417
ATF6B,BCL6,0.2659068241488691
EGR1,GZMB,0.26575672233569275
IRF8,IER3,0.26568450216515216
STAT4,CD8A,0.265443675361869
BCL6,NKG7,0.26520318498275297
STAT4,FOXO1,0.26500421922454953
STAT1,STAT3,0.2649012395561058
XBP1,LY86,0.2646927779204774
XBP1,DOCK8,0.26464667551061244
FOXO1,PSEN1,0.2645833562000724
FOXO1,ARL4C,0.264572096966865
BAX,CD14,0.26427068450557256
JUNB,BPI,0.2640016730417955
TBX21,DUSP4,0.26382798054738477
RUNX3,TLR2,0.26379050496842793
FOXP1,DUSP2,0.2637829956641341
FOXP1,MCM2,0.2635296723375155
RORA,IL4R,0.2635252085122228
JUNB,KCNE3,0.263502625640055
STAT5A,CXCL5,0.26310646341191835
RUNX3,AURKB,0.26292190640782426
STAT3,CD3G,0.26291279718638033
JUNB,CTSW,0.26282691092862476
RORA,CXCL16,0.262823021991639
IRF4,VEGFA,0.26270881040864563
BCL11B,GZMH,0.2625470238570333
BCL11B,IFITM3,0.2624437111977291
RUNX3,HMMR,0.26244011837666603
BCL6,KLRK1,0.2620317206621069
FOXO1,CD3E,0.26149276380585373
JUNB,HLA-DPA1,0.26122690399136195
XBP1,FLT3,0.2611129460770452
MYC,CCL3,0.26076280406801994
RORA,TMEM97,0.26053075495821576
LEF1,FCER1A,0.26051073241936634
BCL11B,TMEM97,0.26034697166125137
JUNB,MGST1,0.260236382793234
IKZF1,CTSW,0.2600630762774961
ZBTB16,PDIA6,0.25995703808519366
PAX5,FOXP1,0.2597753571137995
JUNB,APOBEC3G,0.25971270976984495
IKZF1,TNFSF13,0.25916098728692327
XBP1,RNASE6,0.25858346541028493
EGR1,GIMAP2,0.25845545721850066
TBX21,YBX3,0.25801013845625326
STAT4,THBS1,0.2578436321573623
IKZF1,CXCR5,0.25783107316160553
TCF4,CD79A,0.2576861443809551
ZBTB16,FOSB,0.25766653645358845
BAX,GAB2,0.25760100738549646
TCF4,DUSP4,0.2575884224719756
ARG1,FOSB,0.25748989395851385
LEF1,TNF,0.257393450872725
XBP1,PRF1,0.25717227702966344
BCL6,ENTPD1,0.2570695973723156
TCF4,POU2AF1,0.2569009104328543
IKZF1,ITGB2,0.2568410575522258
TBX21,C10orf54,0.25596262508131484
XBP1,CASP5,0.255844978666634
PRDM1,TNF,0.2556352255999057
EGR1,CD7,0.25541165774884106
TBX21,GZMK,0.2552342558564601
MYC,BCL2A1,0.254931130169423
FOXP1,IFITM3,0.2548966514279715
MYC,IL18,0.25470260395492234
FOSL1,DUSP4,0.25451717783431294
BCL11B,CD300A,0.25432052665404997
BCL11B,LGALS1,0.2537374753374676
STAT4,CLEC4E,0.253636212226281
IKZF1,FCGR3A,0.2527451853471941
BCL6,GNAI2,0.2527134371141153
LEF1,IL12RB2,0.25246920017986413
EGR1,CTLA4,0.2523316990859038
BCL6,ALAS2,0.25208086057732626
JUNB,CD79A,0.2519261909192079
EGR3,CXCL16,0.25165072191562127
FOSL1,HLA-DRA,0.2516382598772965
EGR1,ZBTB16,0.25163265639107024
RORA,PASK,0.25154007371933856
RUNX3,IGHM-secreted,0.2514770424212504
MYC,IFITM3,0.2510957304818915
IRF8,KLRC4,0.2509750616234129
EGR1,HLA-DRA,0.2507965596334301
FOSL1,CD33,0.2506968210500931
STAT3,MYC,0.2506883645678856
XBP1,JCHAIN,0.2505567471052792
STAT4,CCND2,0.2504795373647053
STAT4,ITGAX,0.25010151859652774
RORA,CD3D,0.2500900923114905
EGR1,KLRF1,0.24968840465727649
BCL6,TSPAN32,0.2496590065700342
STAT3,GAPDH,0.24937852649537087
BAX,FCER1G,0.2489204479484447
EGR1,CD8B,0.2483901776745939
STAT3,ITGAX,0.24820652601893367
JUNB,BCL2A1,0.24813301426040585
ZBTB16,CD63,0.24794811710962433
MYC,CD8A,0.2479300568705544
BCL6,KIR2DL1,0.24775056713072896
EGR1,CCR7,0.24743077650184486
PAX5,PIK3AP1,0.247181021698115
FOSL1,FLT3,0.24708694330883435
JUN,LYN,0.24696896611897337
FOSB,CD200,0.24673739501940856
IRF4,CD69,0.246566285826232
RORA,IL1B,0.2465310320239775
STAT1,CD160,0.2464113420409496
ARG1,CCL3,0.24630558108136638
BCL11B,IL2RB,0.24624548829937828
STAT3,CTLA4,0.24588886441203406
FOXP1,RNASE2,0.24577724841362397
IRF8,RPN2,0.24534621441563118
STAT4,GZMH,0.2450194845338542
BAX,IL1RN,0.24469019931383196
LEF1,TCF4,0.24418271561121743
LEF1,ITGAM,0.2438782647593253
STAT4,IL1RN,0.2438017050318772
RORA,IL18R1,0.24373942441443328
MYC,GNLY,0.24296249119299734
FOXP1,GAB2,0.242948891137164
XBP1,ARL4C,0.24267001965871463
IRF8,IL18,0.2426384720735222
ARG1,IER3,0.2425209115437593
EGR1,TCF7,0.2421830921436946
FOXO1,FUT4,0.24194050180425553
IRF4,LGALS3,0.24156238608246489
XBP1,ITGA4,0.2410404848065847
FOXO1,MGST1,0.24094402348802357
IKZF1,PDIA6,0.24077750265537112
RUNX3,CXCR3,0.24072399203736955
MYC,ITGAX,0.24063691449996005
BAX,NAMPT,0.24060594900516163
IKZF1,TARP-refseq,0.24052654876142587
FOXO1,CD8A,0.24037084887114016
EGR1,CNOT2,0.24005489064135255
FOXP1,IFNGR1,0.24001306075524206
RORA,EGR1,0.23983432780734884
RORA,NCR3,0.23981498348990257
FOSL1,LIPA,0.23959176074703206
BCL6,TNFRSF25,0.23926215946137402
IRF8,ADA,0.23917255950049346
TCF4,PSEN1,0.23902960299985185
STAT1,PCNA,0.2388460194593581
STAT3,TYMS,0.23868663354431932
IRF4,PRF1,0.2385631091397126
ZBTB16,BTG1,0.23848483977817034
RUNX3,BACH2,0.23819879341392902
IRF8,FLT3,0.2381535392535959
PRDM1,C10orf54,0.238015567620354
LEF1,CLEC4D,0.23789058088561685
JUNB,IRF8,0.23768443757103222
BCL6,CD8B,0.23758123756140978
FOXP1,CPA3,0.2368867837751248
BAX,NT5E,0.2368177242225387
JUNB,TOP2A,0.23649491343233722
FOXP1,PRF1,0.2364149527141811
IRF4,LGALS1,0.23635652793928927
IRF4,C10orf54,0.23634756644787622
FOXP1,STAT6,0.23624694811607058
JUNB,S100A12,0.23610663764308776
EGR3,TSPAN32,0.23595387932620476
STAT1,RORA,0.23590196891119092
EGR1,FOSL1,0.23587909845990856
FOXP1,CD160,0.23565116199624983
EGR3,VPS28,0.23551891419468785
EGR1,TRDC,0.2352954689034041
XBP1,QPCT,0.235164421895977
STAT1,LY86,0.23513824975276734
STAT3,LCK,0.23507258372626125
PRDM1,RUNX3,0.23478508238964257
XBP1,ICOS,0.2346795924771132
JUN,HMMR,0.23458355339286632
JUNB,CD300A,0.234388399396662
JUNB,IL1B,0.23436064795013162
BCL6,PIK3AP1,0.23435754968069375
EGR1,TCF4,0.23412215308438097
STAT4,IFITM3,0.23388529671427166
TCF4,CPA3,0.23373353526767304
IKZF1,MYC,0.233630678174907
ZBTB16,IFNGR1,0.23359538413082293
RORA,S100A9,0.2335468929676814
IRF4,STAT1,0.23351358226774652
PRDM1,CCL5,0.2330388359654135
PRDM1,CD9,0.23301759644605152
MYC,ZBTB16,0.23280666228244412
XBP1,CCL5,0.23259915459800642
STAT5A,CD28,0.2317259586461842
BCL11B,RNASE6,0.2313527533358843
TCF4,CCL20,0.23083331629126042
TCF4,UBE2C,0.23052835156586637
BAX,IL1R2,0.23017449039363225
BACH2,TNFSF8,0.22999726318629096
JUNB,IL2RB,0.22998919656898803
STAT4,ITGA4,0.22984615087807272
EGR3,IL18,0.22984056933658528
EGR1,STAT3,0.22964571158018343
STAT5A,TOP2A,0.22955799719936684
FOXO1,THBS1,0.22951996949405615
STAT4,TRIB2,0.22936604637955485
BCL6,CD4,0.22934508033316597
IRF4,CXCL5,0.2293199547776822
EGR1,CD36,0.22905264746786153
IRF4,LAP3,0.22889318794892727
RORA,FYN,0.22888621996979214
TBX21,SLC25A37,0.2285041314375817
RUNX3,CLEC4D,0.22839948186269748
FOSL1,PDIA4,0.22825697776494536
IKZF1,TYMS,0.22806755601848636
FOXP1,IRF4,0.22798816384448792
BAX,HLA-DPA1,0.22749043905209962
IKZF1,IL1RN,0.2258977968384441
BCL11B,ATF6B,0.22586573059391055
BAX,TBX21,0.22471605455132831
FOXO1,FCN1,0.22449455273985944
TCF7,STAT1,0.2242507756525517
BCL11B,PDIA4,0.2238400037146173
JUNB,GNLY,0.2237008905762524
BAX,IL18RAP,0.2234934957833881
IRF4,CD72,0.22321114554320615
BCL11B,IRF8,0.2231671045958153
TBX21,HLA-A,0.22301455398649297
FOXO1,CBLB,0.22294765922437715
STAT1,TCF7,0.22270897549256866
IRF8,NAMPT,0.2224018873385025
RUNX3,CD163,0.2223433385281548
BCL6,TMEM97,0.22224302253043043
FOSB,CXCR3,0.22219683329952913
FOXO1,STAT4,0.2221162280127959
STAT3,IKZF1,0.222068690628084
IRF4,HLA-A,0.22189869873189227
FOXO1,IGHG1-secreted,0.22180162558611202
RUNX3,IRF4,0.22147968372551358
TCF4,FCER1G,0.2214121684684879
XBP1,HLA-DPA1,0.2212939080671476
IRF4,CLEC4E,0.22122136178436866
IKZF1,CNOT2,0.2211141090037943
BCL11B,FTH1,0.22104773422321722
ARG1,RORA,0.22090780440900804
IKZF1,IER3,0.2205171830199695
STAT3,CD37,0.22046314045759555
ZBTB16,GAPDH,0.22031067413121413
FOSL1,CCL2,0.22028292935619484
ZBTB16,VPS28,0.220232434614816
EGR1,IL15RA,0.2202268933800826
IRF4,GZMK,0.22021865461230417
IRF4,RPN2,0.22004511277740726
TCF4,BAX,0.21992539376263315
MYC,IL1B,0.21970718712518555
LEF1,MCM2,0.21949504388377675
BAX,CCL4,0.21928071094678742
IRF8,TARP-refseq,0.21897310588115054
FOXO1,LGALS3,0.21862713608316997
BACH2,CD28,0.21832311853067377
STAT3,BPI,0.21809583313020664
ZBTB16,DUSP4,0.21793949466331958
EGR1,CD247,0.2178560074448877
JUNB,NCR3,0.21756007119948828
STAT1,GAB2,0.2175250636827911
ZBTB16,CXCR4,0.2174297959312892
FOXP1,IGHM-membrane,0.2173400509577469
IKZF1,NINJ2,0.2171528727773113
IRF4,BAX,0.21691576864668086
FOXP1,VEGFA,0.21641410668194905
FOSB,JCHAIN,0.2161993754204975
EGR1,CD200,0.21572274182959367
STAT1,CD27,0.21569433191178924
FOXP1,CD63,0.2156357973497689
BCL11B,RUNX3,0.21558094164781386
BACH2,CXCR4,0.21547535546043792
LEF1,LAT2,0.21547039323286682
BCL6,STAT1,0.21526405341086297
MYC,IRF4,0.21519630929334188
RUNX3,TGFB1,0.21498144468526767
FOXP1,ENTPD1,0.21484538024806454
MYC,IGHG1-secreted,0.21459234496312896
EGR1,FCGR3A,0.21453200448366128
BCL11B,GZMA,0.21446955173671683
FOXP1,FUT4,0.2141639155625157
EGR1,SELL,0.2139521257265547
IKZF1,ARG1,0.21376634497966232
IKZF1,TBX21,0.21310063778218735
STAT4,ADA,0.21242569272602388
IRF8,C10orf54,0.21233455711623123
FOXO1,CXCL1,0.2121126152465722
STAT1,PSEN1,0.2120747316663077
STAT5A,MYC,0.21193401404054976
MYC,IL18RAP,0.21154886504968712
STAT3,KLRC4,0.21150471449971944
EGR3,HLA-DMA,0.21142167399604422
BCL11B,TIGIT,0.21140642960609332
FOXO1,LTA,0.2113911966488243
MYC,CD3G,0.21132459315978397
JUNB,AQP9,0.21124615910340988
RUNX3,HLA-DPA1,0.21094130413119774
EGR1,TGFBI,0.2105793691395861
BACH2,APOBEC3G,0.21045702028262117
FOXO1,TCF7,0.21040449868527963
JUN,FAM129C,0.21012039507039382
XBP1,TXK,0.20984921973294293
IKZF1,MCM4,0.20981745321464287
STAT3,TCF7,0.2096197601950242
FOXP1,CD200,0.20950853174194192
XBP1,THBS1,0.20940983481146908
BCL11B,C1QB,0.209147586710836
STAT3,BAX,0.20890654614764098
FOXO1,XBP1,0.2088234412176483
PRDM1,NINJ2,0.2085237570341962
BCL11B,HLA-DQB1,0.20807950340585502
FOXP1,FCER1G,0.20751553694018732
EGR1,IGHM-secreted,0.20741398028255112
BAX,CD79A,0.20739202437293464
XBP1,IFITM2,0.2072519999335916
IRF8,AQP9,0.20710841943158065
STAT3,LAT2,0.2068465897765835
MYC,CD74,0.20678332642934993
IRF4,BCL6,0.20654293141897986
RUNX3,JCHAIN,0.2064407269742836
EGR1,CD8A,0.20642239566715648
PRDM1,BCL6,0.2063591740523364
RUNX3,FAM129C,0.20635564082896124
MYC,CD79A,0.20619279174250252
IKZF1,CLEC10A,0.20605810684574744
BCL11B,IKZF2,0.20604707183049373
LEF1,NCR3,0.20586132651635777
IKZF1,TXK,0.2058332646860183
XBP1,CD74,0.20539167297011313
RORA,SELL,0.20487713392705015
RORA,CD3E,0.20477203848228953
PRDM1,ITGAM,0.2041694081962194
MYC,KIR2DL1,0.2041658060606978
BACH2,ZAP70,0.20407923677438747
BAX,CXCL5,0.2039843299066706
RUNX3,TRAC,0.2036663657148329
STAT3,PTPRC,0.20356320445620074
IRF8,CD247,0.20289595647167347
BCL11B,IL1RN,0.20286792200148662
JUNB,CST7,0.2028276698850002
RORA,SELPLG,0.2027865484229595
BCL11B,CD72,0.2025401090949436
EGR1,ITGB2,0.2023399419008896
STAT1,TNF,0.20211619590967222
IKZF1,CXCL1,0.20166733393866468
FOSL1,CCR1,0.20157480507677683
FOXO1,CSF3,0.20131292385623512
XBP1,CCL3,0.2011011990697148
ZBTB16,LGALS1,0.2010208567622473
FOXP1,BCL2A1,0.201012067777483
LEF1,CD22,0.2009702261775019
IRF8,S100A9,0.20089364215650812
ZBTB16,IL18,0.2008609305805633
ARG1,PTTG2,0.20055861880714604
EGR3,FOSL1,0.200503054020909
XBP1,BAX,0.20048004676571157
STAT4,CXCL3,0.2004624674651611
KLRG1,AURKB,0.20034045073710682
IKZF1,CCL20,0.20012110590893642
JUN,IL15,0.1999918498728676
RORA,PSEN1,0.19990489251601
RORA,JUN,0.19986590417639372
FOXP1,TNFSF13,0.19980994239451164
XBP1,CD33,0.19946503426509504
MYC,CCL4,0.19930145401382363
FOXO1,CD44,0.19915428677704236
STAT3,KLRC3,0.1990243909067583
IRF8,CD48,0.1990233027023365
MYC,KLRC3,0.1983261723951555
STAT3,VSIG4,0.19781296702852583
RORA,TOP2A,0.1971105286797238
JUNB,CD86,0.19686997128264835
MYC,CXCL2,0.19669853837804777
STAT3,LAMP3,0.19663756293412885
BAX,BCL6,0.1960379932151182
IRF8,STAT1,0.1959893449690644
BAX,CD300A,0.19597484407358862
XBP1,CD86,0.1959354424645748
STAT4,CD8B,0.19588491790522508
IRF4,STAT4,0.19586542104866875
IRF4,STAT6,0.19572467306755745
JUNB,STAT5A,0.19529867897678604
MYC,HLA-DMA,0.19495711062138055
XBP1,MYC,0.1946470396957173
BCL11B,TRDC,0.19438128628742696
IRF4,ZBTB16,0.1942831937743776
EGR1,KLRC1,0.19426594081557044
RUNX3,CLEC10A,0.19425228910388867
EGR1,ITGAM,0.19408048157403082
IRF8,IL23R,0.1940321898925668
JUN,TGFBI,0.1939785471404277
LEF1,CD24,0.19367184292193287
IKZF1,IL2RB,0.19355935331254753
XBP1,CD4,0.19352305902986877
ZBTB16,DUSP1,0.19352195693769123
STAT4,CLEC10A,0.19346004654509733
IRF4,IL18,0.193364086574936
STAT3,ZAP70,0.19322126538714515
TCF4,PTTG2,0.19306231073773103
STAT1,XBP1,0.19301350176524013
EGR1,CD86,0.19289200824487504
STAT3,GZMH,0.192865308839066
BAX,CD160,0.19279539109675412
JUN,MCM4,0.19276586386340253
XBP1,HLA-DRA,0.19267798099908948
IRF4,CD163,0.19247030099127949
BCL6,IER3,0.19217449519265234
ZBTB16,TMEM97,0.19210379517196627
KLRG1,CD244,0.19206090075008778
MYC,LGALS9,0.19205732534804937
XBP1,CTSW,0.1919936766251324
MYC,CCL5,0.19174888251820132
FOXO1,POU2AF1,0.19170656975974787
JUN,TNFSF14,0.19140854074793529
POU2AF1,CXCL5,0.19135101454329226
ZBTB16,CD36,0.19134251533813823
EGR3,PSEN1,0.19115977489057673
FOXP1,GNLY,0.19103463414482877
FOSB,CD9,0.19101853263807184
XBP1,IL7R,0.1908220410178786
XBP1,KCNE3,0.190818279539792
EGR1,PIK3AP1,0.19066148980669656
JUN,RNASE6,0.19045744653692573
IRF4,CD36,0.19044612032648062
XBP1,FCN1,0.19013051552608584
BAX,POU2AF1,0.19012902127727752
KLRG1,PDIA4,0.19010854724614454
JUNB,VEGFA,0.1899881210211982
EGR1,PAX5,0.18973752980915531
BCL6,LAIR2,0.18964577875453215
STAT4,FCER1G,0.1887950309190453
XBP1,KLRC1,0.18805062917971818
FOXP1,IGHM-secreted,0.18803383606523488
FOXO1,IGBP1,0.1880176619147491
FOXP1,GZMH,0.18787707844024626
STAT4,LAP3,0.187874158062501
KLRG1,CD34,0.18757665611076338
JUNB,CD1C,0.18724540968133793
STAT3,FYB,0.18723642288525563
KLRG1,NCR3,0.1869134476916841
ZBTB16,TNFSF10,0.1867200951794113
BAX,FOXP3,0.18669959630605737
LEF1,CD72,0.18652456624151775
JUN,HLA-DPA1,0.18638676461927356
EGR1,LAT,0.1863283516298903
BAX,FAS,0.1861733306130564
RORA,CD163,0.18576276082617924
MYC,CCL20,0.18563976074658836
RORA,TRIB2,0.1854279748550775
BCL6,IL2RB,0.18531068457604255
MYC,IGHM-secreted,0.1852410253974077
BACH2,RORA,0.184777844192073
JUNB,GZMH,0.1847517960116929
ZBTB16,SLC25A37,0.18459495649196092
STAT3,CD7,0.1845554962852365
TBX21,CD8A,0.1845049313030977
FOXP1,UBE2C,0.18438128543471924
IKZF1,CD244,0.18430936422555588
IRF8,CD8A,0.18387948711393046
POU2AF1,IRF4,0.18385158465138496
EGR1,IKZF1,0.18384340502940869
RUNX3,TRAT1,0.1835579597069524
MYC,IGKC,0.18354862336431008
TBX21,PIK3AP1,0.1832286993337035
FOXO1,CD4,0.18301841844843877
LEF1,PTTG2,0.18183396732302404
KLRG1,TBX21,0.1817143157703487
IKZF1,CST7,0.18152143620586023
RUNX3,VPREB3,0.18145024870323367
RORA,ITGAM,0.18089502681428665
PRDM1,KIR2DL1,0.18059588398529725
MYC,IRF8,0.1805584941651169
IRF8,KLRG1,0.18033996049735407
STAT1,ITGAE,0.18024392379508708
RUNX3,VEGFA,0.18014298082705066
FOXP1,ITGB2,0.18007433757194505
BCL11B,TGFBI,0.17978052159364935
FOXO1,KIR2DL1,0.17972066647277027
FOXP1,CD14,0.17955381751893415
BAX,FAM65B,0.179531862735256
STAT5A,FOSB,0.1794013511731389
STAT5A,CCR1,0.17931314443642846
STAT1,CD300A,0.1787641217363025
XBP1,TRBC2,0.17871636887860184
JUN,IL6,0.17820363583590687
ATF6B,THBS1,0.17808698841503293
IKZF1,KLRG1,0.17796825225253673
FOSL1,FOSB,0.17787140006138458
IRF8,LEF1,0.17727317553389216
MYC,CD247,0.17724417065343565
KLRG1,PRF1,0.17723114461633444
KLRG1,ZBTB16,0.1768954959873394
XBP1,CD8A,0.17683685194143028
PRDM1,RGS1,0.17669905941922315
IRF4,HAVCR2,0.17657227025327096
RORA,CCND2,0.1764329838443132
STAT4,CXCL5,0.1764245169491425
EGR1,VPREB3,0.17635484349767958
TCF4,IL18,0.17635102720588341
MYC,IL6,0.176242586687851
XBP1,DUSP1,0.17621659118486144
BCL11B,LYN,0.17617749822434087
XBP1,CNOT2,0.17613628272518012
BACH2,STAT3,0.17599250749273762
STAT4,RPN2,0.17592389702616407
BCL6,LGALS3,0.17588827641394086
RUNX3,TNFSF8,0.17584802236380767
MYC,KLRB1,0.17579506865388106
BACH2,FOXP1,0.17570181400645996
STAT1,TSPAN32,0.17557321168337428
BAX,LY86,0.1754512392196901
FOXO1,QPCT,0.17536473954338944
XBP1,FYB,0.1747560016649459
BACH2,RGS1,0.17471878315009767
BCL11B,TNFSF13B,0.17469830178392848
KLRG1,PIK3AP1,0.17464254895544673
MYC,TLR2,0.17437919346997086
BCL11B,TNF,0.17431685061513325
FOXP1,KCNE3,0.17426639668600136
ZBTB16,APOBEC3G,0.1742580222056295
RORA,F13A1,0.17387780666491623
BCL6,TOP2A,0.17299625131846913
STAT1,CPA3,0.17285368728990966
IRF8,VPREB3,0.17254849127438654
FOSL1,ITGAX,0.17253967295383993
BCL6,STAT4,0.17149091937084548
TCF4,MCM4,0.17148383902008307
XBP1,CD247,0.17118867970691512
IRF8,IL15RA,0.17112353994410637
FOXO1,FYN,0.17109279237197755
RORA,BCL11B,0.1708351920140204
EGR3,HLA-DRA,0.17041453702127918
ARG1,CXCR4,0.17041383158358894
BCL6,LGALS9,0.17038816079741664
FOXP1,BPI,0.16990062919980725
STAT1,CD4,0.16988413370915903
KLRG1,KIAA0101,0.1696748978868126
EBF1,C10orf54,0.1695606103741145
STAT4,FYB,0.16954611143983078
EGR1,BCL2,0.1695416356824507
EGR3,HLA-DPA1,0.16953207748572008
MYC,SLC7A7,0.16936917358251513
ARG1,AQP9,0.16897032956755859
IKZF1,QPCT,0.1688712436935722
JUN,CLEC4D,0.16875947655084647
EGR1,BCL6,0.16869206946333642
ZBTB16,CD72,0.16855032413086812
IRF4,NCR3,0.16837512545688021
RORA,PDIA4,0.16817232459239123
IKZF1,RUNX3,0.16815275666246088
KLRG1,CHI3L2,0.16805694897573306
LEF1,ENTPD1,0.1679850650613938
FOXO1,TIGIT,0.1679709811697514
STAT5A,ADA,0.16763110661182323
XBP1,CD6,0.16758577948315037
ARG1,ICAM1,0.16754400067808028
TBX21,PRDM1,0.16751521086472604
FOXO1,CXCL8,0.16728014096465094
TBX21,IL18R1,0.16723603828159675
XBP1,CLEC4E,0.16709049785235258
STAT5A,ANXA5,0.16693531299187855
IRF8,CTLA4,0.1669231490622928
FOXO1,CLEC4E,0.16674502155828633
FOXO1,CD24,0.1661834983949823
IKZF1,LAP3,0.1659185525519668
IRF8,PASK,0.16590471112091196
EGR1,UBE2C,0.1654572670051738
RORA,CD48,0.16534070759252165
ARG1,SNCA,0.16523601847386643
IRF4,JUNB,0.16518173081265722
FOXO1,DUSP2,0.165047564365838
BCL6,CXCL16,0.1649137039102696
FOXP1,TGFBI,0.16455097222704868
RUNX3,PTTG2,0.16448593637522593
RORA,THBS1,0.164349758718518
TBX21,XBP1,0.16428013173904785
STAT1,IGHM-secreted,0.16427783797880494
BAX,MS4A1,0.1641825497706938
XBP1,KLRF1,0.16385207701006826
XBP1,CD2,0.16365485666435958
PRDM1,ARL4C,0.16362246884924636
STAT3,BIN2,0.16356353173868715
XBP1,CXCL1,0.1633440482933872
STAT3,CXCL3,0.1630202392744871
BACH2,CCR7,0.1623621527714001
STAT3,CD8A,0.16234982066948703
IRF8,BAX,0.16225943926347264
IKZF1,JUN,0.16225204448987018
STAT3,PDIA6,0.16217103010993983
LEF1,IGHM-membrane,0.16192548556281872
STAT4,PASK,0.16189128936127942
STAT3,FAM65B,0.16188903074871547
STAT4,IL4R,0.1618260675652155
IRF8,DUSP2,0.16177892813596795
STAT4,TXK,0.16167070751656243
BACH2,IL7R,0.1615479805333774
TBX21,CXCL5,0.16148420074595393
STAT3,TNFSF13B,0.16140442146129358
IRF4,PTPRC,0.1613506579824354
EGR1,BIN2,0.16127805199205197
XBP1,LEF1,0.16126360370454892
JUNB,MCM4,0.16067330967824836
JUNB,CD34,0.1604950994586336
STAT3,ARG1,0.16036698986734682
KLRG1,CD36,0.15991713185831585
FOXP1,KLRB1,0.1599059414049681
RORA,IL1RN,0.15979341826388518
FOXO1,CD36,0.15979203244528803
BCL6,CD1C,0.15966095136351074
STAT6,VEGFA,0.15925755436358507
FOXO1,IL18R1,0.15909839369473358
STAT4,LGALS9,0.15896104351495127
EGR1,RORA,0.1588788287719051
RORA,BAX,0.15875792117302054
IRF4,ARG1,0.15861576995946425
BCL11B,BPI,0.15852981200425678
TCF4,LIPA,0.15846184104152033
TBX21,BTG1,0.1584111416490202
BCL11B,CD14,0.158338433334496
JUNB,GZMK,0.15823351993018223
FOXP1,PIK3AP1,0.15822659650954984
ARG1,RGS1,0.15799798118433928
STAT1,MYC,0.15771168965972493
POU2AF1,ALAS2,0.15769881428399676
JUNB,RNASE6,0.15766411910653397
FOXP3,RORA,0.15758979262350178
EGR1,HLA-DPA1,0.15751317526981834
BCL6,DUSP2,0.15741736641341386
POU2AF1,CXCR4,0.15738949170823055
PRDM1,CD7,0.15729535400561676
BCL6,IL23R,0.15726250388122603
EGR3,LAT2,0.15725427821705104
IKZF1,GAPDH,0.15711307586395443
IRF4,IL15,0.15664196701275754
MYC,GZMK,0.15639079674045359
BAX,CXCR3,0.15621481877112775
MYC,TLR8,0.15621031794418694
ZBTB16,CXCL5,0.15610084681300948
IKZF1,CCL3,0.15595759970593043
LEF1,FASLG,0.1557268716145862
MYC,IGHM-membrane,0.1555179438258937
EGR1,CD63,0.15522400730357055
BCL11B,KLRC3,0.15519060591069347
STAT3,ANXA5,0.1551672785939837
JUNB,THBS1,0.1550622477272147
PAX5,FOSB,0.15485521299529004
BCL6,IFNGR1,0.15485104048657897
BCL6,BCL2A1,0.15463691302863342
ZBTB16,KLRC4,0.15451472272783912
STAT1,C10orf54,0.15438301787597497
BAX,IGHM-membrane,0.15431862438281724
STAT3,C10orf54,0.15425275222100213
BCL6,NCR3,0.1540232716613387
TCF4,CD63,0.1539940092913949
ZBTB16,PTTG2,0.15371363470933233
RORA,TXK,0.15367359091363078
STAT5A,LAMP1,0.1533358097592043
IKZF1,ANXA5,0.15320570280852835
STAT3,PSEN1,0.15303635639024424
IRF4,CD8B,0.15284425934777754
BCL6,RUNX3,0.15284248708908527
XBP1,FYN,0.15265938704308524
MYC,ITGAM,0.15262919157517027
MYC,MS4A1,0.15255958660897237
TBX21,SNCA,0.1523242003361576
JUNB,CCL2,0.15230381437875629
RORA,GAPDH,0.15210671756225363
BCL11B,ANXA5,0.15207752928642562
FOXP1,KIR2DL1,0.15198197166935215
BAX,TIGIT,0.15193645251875387
FOSL1,FCER1G,0.15155678811257828
EGR1,IL6,0.15141455330436826
BAX,NCR3,0.15116706805458666
IRF4,RUNX3,0.1511539249112416
JUNB,CXCL1,0.15110909722127877
ZBTB16,TYMS,0.1507334665684926
EBF1,IGLC3,0.15066442554087306
FOXP1,CTSD,0.15036406639204702
BACH2,CD44,0.15025423674625601
FOXP3,PRDM1,0.15021736800901422
BAX,IER3,0.15014183681652393
ZBTB16,SELPLG,0.15013377497177305
BAX,QPCT,0.15009714312752803
JUN,CD9,0.14994270436660184
BAX,CD22,0.14980774620275764
STAT4,TNFSF10,0.14979361329381205
STAT4,GZMK,0.1497600551653054
IKZF1,FOXO1,0.14960260024798297
STAT4,CD14,0.14958314308894155
FOXP1,CD244,0.14953980734742045
STAT3,IGKC,0.14929975344154311
BCL11B,LY86,0.14889183344469278
BAX,CCL3,0.14863925045511225
LEF1,CD200,0.14863176971883668
EGR1,PDIA6,0.1486210158830553
KLRG1,TOP2A,0.14859853053902583
STAT5A,CD4,0.14859348099782374
STAT3,CD4,0.14855551387710944
BCL6,IL1RN,0.14841296870765958
BCL11B,CD200,0.14841236496423355
STAT3,TXK,0.14816588775722334
IKZF1,IL1B,0.14809458109674847
XBP1,CD3E,0.14805838220067044
ZBTB16,IGHG1-secreted,0.1479736295789463
BAX,CXCL8,0.1475890446678564
ARG1,RNASE2,0.14754802944039797
IKZF1,TREM1,0.14725424267358891
IKZF2,RORA,0.1470311630165922
JUN,VNN2,0.1469213565498108
XBP1,S100A9,0.1467412644262382
KLRG1,LIPA,0.14665871639754896
BCL6,GZMH,0.14662310773825438
IKZF1,GAB2,0.146494164161903
BCL6,ITGAM,0.14633933474855398
PRDM1,CD4,0.14597442360027466
JUNB,KLRF1,0.14590893637384086
ARG1,KCNE3,0.14548563325059388
TCF7,VPS28,0.14494842878477215
EGR1,APOBEC3G,0.1448457409171746
RORA,KLRC3,0.14481316264488106
JUNB,TYMS,0.144304360655724
IKZF1,CCL5,0.14379400075982937
XBP1,FCGR3A,0.14365202118438264
XBP1,IKZF1,0.14356867172868845
KLRG1,CD160,0.14351634448900996
STAT4,PCNA,0.1433934760483028
IRF8,JUN,0.14321812715721446
ZBTB16,CD7,0.1431093905075849
PAX5,IRF4,0.14306315072804793
RUNX3,ANXA5,0.14303142265227914
BACH2,CD3D,0.1430037589688834
STAT4,CD36,0.14297120552601822
FOSL1,CD8B,0.14291793208593434
JUNB,FAM129C,0.14276865929288826
IRF8,BIN2,0.14275818612646446
BAX,TGFBI,0.1426090469790469
IRF8,TRAT1,0.14258627676966637
BCL6,CST7,0.14248957139993296
STAT3,SELPLG,0.14228987687456235
XBP1,IL1B,0.14226093099231762
STAT4,LEF1,0.14224476335030942
ZBTB16,POU2AF1,0.14219913873464063
TBX21,TNFSF10,0.14199020877750157
STAT3,TNF,0.14197302013182575
RORA,ICOS,0.14188502523614582
IRF4,IGBP1,0.141873984366976
ARG1,IL1B,0.14185637405555424
IKZF1,IL18R1,0.1417989007688272
IRF8,TRBC2,0.1417000755147336
EGR1,IL4R,0.14117519686588342
FOXO1,IFITM3,0.14108347205379088
MYC,IFNGR1,0.1409979489698668
BCL6,PRF1,0.14072408710761658
PRDM1,STAT5A,0.14067315554604745
STAT5A,NCR3,0.14018450385770673
RUNX3,IGLC3,0.14011694597485075
PRDM1,PSEN1,0.1394898967857414
RORA,LGALS3,0.13930888756713306
LEF1,TGFB1,0.1392460922464681
STAT6,PAX5,0.13915149438318744
MYC,FLT3,0.13899661692548906
XBP1,BIRC3,0.13797185536220594
IRF8,HMMR,0.137928092397009
BCL6,TNFSF8,0.13787744077911532
STAT3,CXCL2,0.13787372505951798
IRF4,LAMP1,0.13783021131515483
STAT4,ITGB2,0.1377758852858299
XBP1,IL23R,0.13753095167391466
FOXP1,KLRG1,0.13723700867910152
RORA,STAT1,0.13705891108940763
FOXP1,HLA-DPA1,0.136904398403411
BACH2,STAT6,0.136777963820727
JUN,CD1C,0.13676501662846033
STAT5A,RNASE6,0.13672785550877506
ARG1,CHI3L2,0.13616666442870326
RORA,CXCL2,0.13592158909187776
PRDM1,GNLY,0.13573025555042936
IRF4,TREM1,0.1356637576012394
IRF8,EBF1,0.1352856926148855
ZBTB16,ITGB2,0.13518074499401847
RORA,LIPA,0.13513047959234623
PRDM1,UBE2C,0.1350842138547503
JUNB,CXCL3,0.13507290901774638
PRDM1,LGALS3,0.13490014733826713
BCL11B,CD1C,0.13488613639564462
EGR1,KLRB1,0.13482259565768515
ZBTB16,MCM2,0.13480945876565567
STAT5A,THBS1,0.1347918108012561
XBP1,KLRG1,0.13474462490058367
STAT5A,BAX,0.13444067296040552
EGR1,IRF8,0.1343164066295693
BACH2,CD52,0.1342179491730894
PRDM1,CXCL5,0.13418334510205118
XBP1,ITGAM,0.13381396691299344
LEF1,KLRG1,0.13369841312089914
EGR1,CCL4,0.13323720670783343
STAT4,CXCL2,0.13298404393844923
PRDM1,TIGIT,0.13284126142934896
STAT6,STAT3,0.1328205005961347
IKZF1,KLRB1,0.1327971950063063
JUNB,CD14,0.13275932687900371
FOXO1,DUSP1,0.13275348759803887
STAT4,CD72,0.13271415641680961
FOSL1,KIT,0.13241948115054572
TCF4,PIK3AP1,0.1323852502929821
FOXO1,IL15RA,0.13225923386712524
MYC,IL15RA,0.1321987477323372
BCL11B,KLRF1,0.13219036008636856
STAT4,LYN,0.13210407637076219
FOXP1,PDIA4,0.13194275106947886
EGR1,KLRC4,0.13193433687117567
PAX5,SNCA,0.13188287271570404
IRF4,DUSP4,0.13187492306436213
JUNB,ITGAM,0.13187158044591185
PRDM1,IL18,0.1318555380305578
ARG1,CD33,0.13136589191549156
XBP1,TRAT1,0.1313502137275394
RUNX3,ADGRE1,0.13117265158272573
MYC,HLA-DQB1,0.1311357102990138
FOXP1,APOBEC3G,0.13108940276778475
FOXP1,DUSP4,0.13094524307752656
RORA,DPP4,0.1308292770017134
LEF1,KLRF1,0.13082022297323262
JUNB,C1QB,0.1306655219811963
BCL6,BCL11B,0.1305885226962863
MYC,HAVCR2,0.1304519935622242
BCL11B,CD22,0.13038069834248409
RORA,CD37,0.1302179249811637
RORA,LAMP1,0.13020739187475247
XBP1,IL32,0.12996787532525558
IRF4,CLEC4D,0.12994686825536195
STAT4,HLA-DRA,0.12985758672508094
BCL6,IL15RA,0.12974696430463628
TCF4,CCND2,0.1295440448659483
RORA,CD44,0.12953887830217997
XBP1,TLR2,0.1294463217713128
STAT5A,LY86,0.12938265414550795
STAT5A,DOCK8,0.12932047081248
FOXP1,TNF,0.12929459489686865
ARG1,CD86,0.12923097219301743
IRF4,IKZF1,0.12922542021045352
MYC,RUNX3,0.12910680128380067
EGR1,BAX,0.1290822618191767
BCL6,DOCK8,0.1288648958579207
PRDM1,GZMH,0.12881366748377795
EGR1,TXK,0.12862706433566207
ZBTB16,RGS1,0.12845181469888742
RORA,BCL2,0.12802153224670856
STAT5A,MZB1,0.12797107764375687
RORA,CD5,0.12781498321887125
ARG1,YBX3,0.1277544744557511
BCL6,LGALS1,0.12772607715989764
XBP1,CLEC4D,0.1276659890614785
XBP1,CD37,0.12758321602591866
XBP1,SELPLG,0.127495079569023
STAT4,TLR2,0.12747291875965888
XBP1,CD3G,0.12729495115433118
LEF1,IRF4,0.12727828368867602
FOXO1,IFNGR1,0.12719694280919913
TCF4,IL18R1,0.1269900632098548
FOXP1,CSF2,0.1269793091621815
RORA,CXCL8,0.1268554597248451
ZBTB16,CNOT2,0.1268464031798695
STAT4,CCL20,0.12679470720993585
ZBTB16,IGHD-membrane,0.12656294507595944
POU2AF1,CD52,0.12648478428588183
XBP1,CD3D,0.12646169590672027
BAX,HLA-DQB1,0.1262575645179774
IRF4,CD1C,0.1262169518476514
BCL6,ITGB2,0.12618375270701432
JUN,KLRG1,0.12616482068691884
BCL11B,ICAM1,0.12610932060514152
IRF8,GAPDH,0.12605063363396388
XBP1,ITGAX,0.12595871513507287
RORA,ITGB2,0.12588970356291687
TBX21,DUSP2,0.12587770517047167
IKZF1,ITGAM,0.12587082650436623
STAT1,IGBP1,0.1258675799924277
FOXO1,PTTG2,0.1254431892700012
XBP1,JUNB,0.12541232678267916
STAT5A,ZBTB16,0.1254076138258725
MYC,STAT4,0.12523936458142065
MYC,IFNG,0.12522190480226641
FOXO1,CD160,0.1251374803702147
ARG1,FCER1G,0.12513714823175792
BAX,CCL20,0.12481449399665528
IRF4,FOXO1,0.12476993146728228
FOXP1,TRDC,0.12458277529945172
BCL11B,TNFSF10,0.12443335691835263
FOXP1,IRF8,0.12433488656632469
PRDM1,KLRC3,0.12431296222665592
RUNX3,VSIG4,0.1243052602709636
ARG1,CXCL8,0.12426444744924237
STAT3,IGHD-membrane,0.12423984422926207
FOXP1,GZMB,0.12420528634207706
MYC,IGLC3,0.12410941903852404
XBP1,LGALS3,0.12394342488956397
FOSL1,NAMPT,0.12383220404680323
TCF7,TARP-refseq,0.12382497767472103
EGR1,IGLC3,0.12374943417951982
FOXO1,CLEC10A,0.12369640918804128
IKZF1,CSF2,0.123608758131137
EGR1,IL1R2,0.12350109207599838
RUNX3,TCF7,0.12320916779400576
IKZF1,CD8B,0.12295588712340831
FOXP1,HAVCR2,0.1228440143138083
ARG1,TLR2,0.1228413594619403
XBP1,CD7,0.12276194921614525
IKZF1,NKG7,0.12276187275267728
FOSL1,BCL6,0.12236810015276096
IKZF1,TNFSF13B,0.1223377209535482
LEF1,CASP5,0.12232958320798805
XBP1,HAVCR2,0.1223167609703577
ZBTB16,CPA3,0.12225851113252058
ZBTB16,LY86,0.12216997941076695
BCL11B,HLA-DMA,0.12213164769617259
JUNB,IL3RA,0.12211956575642821
STAT3,TCL1A,0.12199959624993553
FOXP1,CCL20,0.12185207929285705
FOXO1,ITGAX,0.12179122978817054
TBX21,TNF,0.12174607728505185
PRDM1,ARG1,0.12170762505693575
BAX,ZAP70,0.12168125739932285
IKZF1,KLRC1,0.12167357986390484
BCL6,CD163,0.12143244671994877
MYC,IKZF2,0.12142843865030686
XBP1,CD1C,0.12135088153847341
BACH2,CD3E,0.12133059995006576
XBP1,CD48,0.12131105754851983
IRF8,FOSL1,0.12129399659270595
PRDM1,MYC,0.12127289786252751
FOXP1,HLA-DQB1,0.12112738777738219
STAT4,CD3G,0.12095659957266525
JUN,TLR8,0.12080538662429495
XBP1,CXCL8,0.12079058909384116
JUNB,F13A1,0.12060814009642357
IRF4,TSPAN32,0.12057982859328592
BCL11B,FCGR3A,0.12055471857597487
STAT4,THBD,0.1205426007666136
IRF4,KLRC1,0.12040604858261952
MYC,FCGR3A,0.12006295709811471
BCL6,KLRF1,0.11998928598824775
MYC,PRF1,0.11987380767752036
STAT5A,ITGAE,0.11957499997806059
BCL11B,CCL5,0.11949128038931237
EGR1,HAVCR2,0.11938100814802985
STAT4,PSEN1,0.11933529192345552
ZBTB16,TNFRSF25,0.11926104452161632
JUN,VPREB3,0.11918078528192858
STAT4,CD28,0.11900331728403127
STAT3,VEGFA,0.11895851007372449
JUNB,CD9,0.11888758353317715
EGR1,CCL5,0.1187972710115349
JUN,CXCR2,0.11869718986730549
ARG1,VEGFA,0.11845026416706153
BCL6,IL4R,0.1183620288256836
STAT4,PRDM1,0.11835104232876968
ATF6B,AQP9,0.11832861937429552
TCF4,TYMS,0.11831518860407399
ZBTB16,BPI,0.1180888042424193
BCL6,PDIA4,0.11807449422404738
RUNX3,CHI3L2,0.11801649253933642
JUNB,KLRC1,0.11794794823249842
FOXO1,CTLA4,0.11794050159971621
TBX21,SELPLG,0.11788900198570607
JUN,IL1R2,0.11775486587493034
MYC,CD24,0.11767090054850239
FOXP1,TYMS,0.11747974937954024
FOXP1,KLRC3,0.11744889299687501
JUN,CCL2,0.11742705829298714
IRF4,TOP2A,0.11733345156181471
STAT4,MCM2,0.11722243429467144
TCF4,GAPDH,0.11718242262805945
ATF6B,CD7,0.11716736711109949
FOXP1,KLRC1,0.1170871286196601
ZBTB16,GNAI2,0.11697679654576487
KLRG1,CXCL5,0.11690345134045164
ARG1,S100A9,0.11689725871335185
BCL11B,VNN2,0.11682341536270693
FOXO1,GAPDH,0.11669173294216736
ZBTB16,RPN2,0.11634536884130381
BCL6,CD7,0.1162620483331533
TCF4,CD36,0.11603479391601838
BCL6,BCL2,0.11594475480165146
JUNB,FOSL1,0.11594307431456552
FOXO1,CTSW,0.11577178128295312
TCF4,IL3RA,0.11554199718831508
MYC,IL18R1,0.11544136844909723
RORA,ADA,0.1152754527799211
XBP1,NKG7,0.11511435739494164
PAX5,ALAS2,0.11500402628936593
IKZF1,TRDC,0.11499795540238116
IRF8,STAT3,0.11495693381699588
KLRG1,GAPDH,0.11476379390710816
ARG1,GAB2,0.11468135346464148
BACH2,CD5,0.11464990905569246
MYC,CD4,0.11445863095673653
XBP1,FAS,0.11445316118009763
BCL6,IRF8,0.11439829129592018
FOXO1,BACH2,0.11431656753674553
STAT3,TRDC,0.11422768890079925
FOSL1,TLR2,0.11408453231412533
FOXO1,PRF1,0.11392262347356727
ZBTB16,IFITM2,0.11389820006015158
STAT3,IRF4,0.11366866298031941
IKZF2,STAT4,0.11352361206316716
XBP1,STAT3,0.1134301060300763
XBP1,BCL2A1,0.1133006410301457
BAX,GIMAP5,0.11326993335679758
IRF8,CXCL8,0.11317236210960237
STAT5A,EGR1,0.11297208562857101
ARG1,BTG1,0.11293602838988168
JUNB,KIR2DL1,0.11272636398436975
IRF8,TNFSF10,0.11261504293619068
BCL11B,ZAP70,0.1122851378772623
EGR3,CXCL3,0.11221907209911522
IKZF1,GIMAP5,0.11211165268322362
IKZF1,IL18,0.11187678219269491
IRF8,PCNA,0.11181625069989584
IKZF1,ZAP70,0.11161716972943826
IRF4,KLRK1,0.1115607705267386
IRF4,TNFRSF25,0.11150655773734827
BCL6,RNASE2,0.11148500345831779
STAT5A,PIK3AP1,0.11141438107310062
RORA,BCL2A1,0.11139448231135027
RORA,LAT2,0.11133260036619412
MYC,CD86,0.11115924534838013
FOXO1,IL18RAP,0.11112222553422513
ATF6B,CXCL16,0.11101000697073993
BAX,CLEC4D,0.1109885277138933
XBP1,TCL1A,0.11064055897459733
MYC,GIMAP5,0.11045232397762171
BACH2,JUN,0.11041156252688498
XBP1,EGR3,0.11034564034285381
ARG1,CCL20,0.11026377440116027
RORA,KLRC1,0.11016436940727663
IRF4,FCER1A,0.1100739826571213
IRF4,IL1RN,0.11005395782059087
STAT3,LGALS1,0.11000887332617178
PRDM1,CASP5,0.10998012873212426
IKZF1,CXCL16,0.10983452167894658
FOXP1,HLA-DRA,0.10969422730058012
RORA,LAMP3,0.10960413651889332
FOXP1,CCL2,0.10955788817022377
RORA,FCGR3A,0.10955304854490841
FOSL1,CD1C,0.10944413516294602
STAT4,STAT3,0.10926871789475977
EGR3,VEGFA,0.10926247377410171
BACH2,CD48,0.10910166273613717
STAT1,FOXO1,0.10902698249413559
BAX,ANXA5,0.10891267593163405
ARG1,FOSL1,0.10876941581622362
IRF4,IFNGR1,0.10866279566836544
STAT1,TRIB2,0.10864695483033744
BCL11B,PAX5,0.10862792254386207
MYC,CD160,0.10858520236324727
FOXO1,CD86,0.10858008480211921
IRF4,SLC7A7,0.10854258397704002
STAT1,CD9,0.10852903945859167
FOXO1,PDIA6,0.1084836011730349
BAX,JCHAIN,0.10842050454028004
RUNX3,GIMAP5,0.10841593467248731
XBP1,CD52,0.10828151306998232
FOXP1,S100A10,0.10825638915353282
TBX21,CD63,0.10821005891232616
EGR1,HLA-DQB1,0.10816050728669328
PRDM1,HMMR,0.10814051390406049
BACH2,CD8B,0.10811391380986951
ARG1,THBS1,0.10811239115603512
STAT4,FOXP1,0.10809981982937986
KLRG1,IGBP1,0.1080024189148078
JUNB,IL18RAP,0.10785722645772705
EGR1,LAIR2,0.10785628915752243
IKZF1,IFNG,0.1078357899336962
IRF8,RORA,0.10770854075432447
BCL6,XBP1,0.10748349399401316
IRF4,SELL,0.10743557305998748
ARG1,TNFSF13B,0.10730465257702997
BCL11B,FOSL1,0.10728801454838674
IRF8,JUNB,0.10728058861334602
ZBTB16,BCL11B,0.10718096677493301
FOSL1,LYN,0.10704739106782951
PRDM1,C1QB,0.10682615278369445
RUNX3,MYC,0.10680752182834721
BCL11B,GZMB,0.1067198930421763
XBP1,GNLY,0.10667029467451564
BCL6,CD9,0.1065431560419907
JUN,POU2AF1,0.10641516994400327
JUNB,UBE2C,0.10623052858994712
BAX,TNFRSF25,0.10623015078133995
FOXO1,CCL3,0.10604888920715919
FOXP1,ZBTB16,0.105999695233366
STAT4,JUN,0.10596109104816838
POU2AF1,GNAI2,0.10595719010993167
TCF4,FLT3,0.10575751615899734
STAT3,IER3,0.10571766041523327
BAX,FAM129C,0.105683878527707
BCL6,CD72,0.10565224661252892
JUNB,HMMR,0.10557787503012346
IRF4,ADA,0.10556698943825672
XBP1,KLRB1,0.10554737629230511
BCL11B,POU2AF1,0.10553318203033166
XBP1,TRAC,0.10551522032434014
FOXO1,TNF,0.10546538137425822
STAT5A,IRF8,0.10545977374032507
IRF4,CHI3L2,0.10545429222705231
RORA,JUNB,0.10544065860396201
XBP1,BTLA,0.10536380220067165
BACH2,TRBC2,0.10534055951179414
BAX,CXCL16,0.10528454676470203
FOSL1,STAT5A,0.10515490341417365
XBP1,ZAP70,0.10506628430389107
RORA,TCL1A,0.10492929322082287
BCL6,KLRB1,0.10491422532752061
STAT4,CD3E,0.10489149257967438
FOXO1,KIT,0.1047527165124561
IRF4,TRIB2,0.10464434420726203
TBX21,CNOT2,0.10436006262738066
ZBTB16,HLA-DMA,0.10432648355100022
ARG1,CXCL16,0.10399061277282168
BAX,IGHD-membrane,0.10399029677170948
STAT3,STAT4,0.10397760673300827
STAT3,KIR2DL1,0.10397138934524418
XBP1,CXCL3,0.1039282057058917
POU2AF1,CD48,0.10368956461440833
FOXP1,KLRC4,0.10355869597728536
BCL11B,FCER1A,0.10347736515193875
STAT5A,IKZF1,0.10338066536590257
RUNX3,CD3G,0.10329247614864741
IRF4,STAT3,0.10323085129823659
STAT1,CCND2,0.10323008861267564
BACH2,TCF4,0.10318621578386188
IRF8,IL32,0.10313376476928358
STAT1,CD63,0.10309994228298502
JUN,IGKC,0.10289548503838708
BCL6,GIMAP2,0.10278336975670581
STAT3,FUT4,0.10271063518723389
MYC,TNFSF13,0.10268306601673349
JUNB,MCM2,0.10251211037541816
BCL6,FYN,0.10248735049652603
ARG1,CD14,0.10239808128643056
FOXO1,TCL1A,0.10237185201343613
PRDM1,CD48,0.10220082272649023
XBP1,CCR7,0.10215839306611185
MYC,FUT4,0.10213215040583462
IRF8,SELL,0.10204237630939753
PRDM1,TBX21,0.10190553060359807
FOXP1,EGR3,0.10188961781301899
BCL6,FOSL1,0.1018766950708663
IRF8,SLC7A7,0.10185614836982985
FOXO1,ITGB2,0.10185558810067286
STAT1,GAPDH,0.10184396561974855
FOXP3,CD3G,0.10179743574723263
EGR3,CD34,0.10179606981009888
STAT3,CD36,0.1017268488966197
STAT5A,FTH1,0.1015407054953692
ZBTB16,LEF1,0.10131289283899614
TCF4,SELPLG,0.10100587459868784
BCL6,HAVCR2,0.10084028226523525
IRF4,NT5E,0.10075615846616125
RORA,TLR8,0.10074639024700298
TCF4,CD33,0.10047920639679644
EGR1,KLRK1,0.10042653176473855
PAX5,JCHAIN,0.10040345599515135
IRF4,AQP9,0.10037970483053572
BCL6,LAP3,0.10035444582875254
ARG1,FAS,0.10020535711841258
RORA,LAIR2,0.10011299416951355
KLRG1,ITGAX,0.10004176793653072
PRDM1,NKG7,0.09999788330194062
KLRG1,TRDC,0.09996190706213696
JUN,CD79A,0.0999556910347193
PRDM1,LTA,0.09981895755924668
BCL6,GNLY,0.09965242398011649
STAT3,IFNGR1,0.09960755248534016
STAT3,EGR1,0.09954646120774557
POU2AF1,C10orf54,0.09951606009559955
IRF8,TRAC,0.09945474572166042
IRF8,FOXP1,0.09945287895868841
MYC,TRDC,0.09934847150947863
IRF4,ITGAX,0.09932705365499328
RORA,LAT,0.0993212717600656
XBP1,DUSP4,0.099296437727844
BCL6,CCL3,0.09915982999655727
FOSL1,IL18,0.09914286060322247
RORA,CNOT2,0.0990517115480576
RORA,ITGA4,0.09904092604643218
IRF4,LEF1,0.09902582234073304
IRF4,S100A9,0.09898272030505643
JUN,IGHM-membrane,0.09859953912756657
IRF8,CD8B,0.09851387269812636
FOSL1,PDIA6,0.09850725543180029
IRF4,RORA,0.09838613868624427
PAX5,S100A10,0.09832640841396235
IKZF1,APOBEC3G,0.0983252005526172
FOXP1,CD33,0.09828471991637283
STAT1,LAIR2,0.09806689789530036
STAT4,IL1B,0.09800399454402516
XBP1,BCL6,0.09797555791078508
STAT4,VNN2,0.09781961853763115
EGR3,IER3,0.0977148356259359
POU2AF1,SNCA,0.09770886571497195
MYC,CXCL8,0.09748513939487218
BACH2,FOSB,0.09748287730077981
XBP1,ZBTB16,0.09745366018606533
PRDM1,CST7,0.09733513280808277
IKZF1,DUSP2,0.09712370471049915
XBP1,S100A12,0.09712046647107568
EGR1,TYMS,0.09704971583577501
TBX21,IRF8,0.09698681007005013
RORA,ITGAE,0.09671161545855561
IRF8,CD5,0.09669631080720424
ATF6B,IL18,0.0965156980427278
MYC,CTSW,0.09645591197219183
BCL6,FOXP1,0.09633942552611086
PRDM1,RORA,0.09626508567942442
BAX,IGHM-secreted,0.09612994490615409
BCL6,STAT5A,0.0960671715076762
BCL11B,VSIG4,0.09596372489153566
IKZF1,THBS1,0.09589571336071612
STAT4,PAX5,0.09587351610741382
RORA,CD247,0.09585395147021619
EGR3,CD72,0.09583243373032904
BAX,CD86,0.09580724970986382
IKZF1,SLC7A7,0.09572274465867849
TCF4,GAB2,0.09562101981604576
RORA,PCNA,0.09561785349342683
BACH2,PTPRC,0.09557505715495858
RORA,CST7,0.09551482166107117
STAT3,IL15,0.09548113778916537
IKZF1,GZMB,0.09516854507483165
RORA,IFITM3,0.09510564627991765
STAT3,CD9,0.09505522963977873
FOXO1,KLRB1,0.09502390898678684
PRDM1,TRDC,0.09490257717190854
STAT3,THBD,0.09468503580612067
FOXP1,CTSW,0.09449114135805722
MYC,GZMA,0.09431696620070423
RORA,HLA-DRA,0.09431468634253036
STAT5A,GNAI2,0.09402688325541333
PRDM1,TXK,0.09387536087150117
BAX,IGKC,0.09371195133636348
RUNX3,CD74,0.09368280540198463
EBF1,TCL1A,0.0936234621506824
LEF1,FLT3,0.09341900126748472
EGR1,CD22,0.09341363329545657
XBP1,TARP-refseq,0.09317940909279705
STAT4,TIAF1,0.09303764632901439
IRF4,CTSD,0.09302502667835531
FOXO1,STAT6,0.09282941854134025
TCF4,ARL4C,0.0927756851487946
EGR1,KLRC3,0.09272575936427219
TBX21,BIN2,0.09255735193189743
STAT4,DUSP4,0.09255055673586615
BACH2,IL4R,0.09248977827325132
BAX,CD1C,0.09227819939246715
BACH2,BTG1,0.09222720254057351
PAX5,EGR3,0.09182949946418663
ARG1,TNF,0.09182844419038631
EGR1,STAT1,0.09165676560760838
IRF8,CXCL2,0.09164615510297808
RORA,THBD,0.09138609189247571
EBF1,IGHM-secreted,0.09130323147455881
STAT3,IL18R1,0.09098806568977477
FOXP1,CXCR3,0.09064194362067875
BAX,CXCL1,0.09063066038465699
JUN,IGLC3,0.09057964784915978
KLRG1,LAT2,0.0904884114218511
FOXP1,CTSG,0.09041650595872432
PRDM1,GZMA,0.09025859818883053
ZBTB16,ITGAE,0.09017166715688016
FOXO1,S100A12,0.09005214862771645
STAT4,STAT6,0.08982605672306869
IRF8,DOCK8,0.08982091648965111
FOXO1,PIK3AP1,0.08980828789383755
MYC,GZMB,0.08977048130322236
BCL6,ZBTB16,0.08964375837660746
FOXO1,FCGR3A,0.08946505263948415
IRF4,CD52,0.08932795708725771
STAT3,TIGIT,0.08921130823306996
TCF7,STAT3,0.08916867529886731
IRF8,KCNE3,0.08915331707307461
IRF4,CCL5,0.08904103253355194
RORA,IL2RB,0.08896105097714065
TCF4,TOP2A,0.08885375119177835
JUN,MS4A1,0.08884515024714644
STAT4,TARP-refseq,0.08884113526873064
BACH2,SELPLG,0.08872433387602835
FOXP1,CCR1,0.0885637221223046
KLRG1,ICAM1,0.08840800555671663
PRDM1,CD8B,0.08840319590763554
STAT3,TIAF1,0.0883685267262681
PRDM1,STAT6,0.08836672823244773
BCL6,FAS,0.08835600874109767
EGR3,GAB2,0.08815915852026318
FOXO1,LAMP3,0.0881009837776981
TCF7,CXCL5,0.08799237738930682
RORA,GZMB,0.08792488598195984
FOXO1,CD163,0.08789026880632202
TCF4,SELL,0.08773483649475779
ZBTB16,CD3D,0.08773345943120205
FOXP1,AURKB,0.08763831277480184
IKZF1,HLA-DQB1,0.08759225315410227
JUN,IGHD-membrane,0.08752744279181543
BCL6,CNOT2,0.08747236352670092
IRF8,CD3E,0.08744637015915215
RORA,CASP5,0.08731241334319488
STAT3,CD247,0.0871533533664294
ZBTB16,XBP1,0.08703927764832393
MYC,NCR3,0.08702586399254876
BCL11B,TLR8,0.08696893804996068
BAX,TREM1,0.08693649928919321
BCL6,TBX21,0.08660087874079352
EGR1,CST7,0.08659890826297169
BCL11B,FCER1G,0.08657322051805699
FOXP1,NCR3,0.08618023917679296
FOXO1,CD63,0.08616606606926899
BCL6,TARP-refseq,0.08610289658866041
PRDM1,KLRG1,0.08609063332799159
STAT1,ANXA5,0.08603883688840522
RORA,TRAT1,0.08593644717331746
XBP1,CHI3L2,0.08570463948526909
LEF1,TGFBI,0.08568046892230483
RORA,XBP1,0.085596647819672
STAT3,TLR2,0.0855681358594033
BCL11B,DUSP2,0.08548113113022944
BAX,FUT4,0.08544890580638251
RUNX3,IGHM-membrane,0.0854222027805381
LEF1,EBF1,0.0853826480135932
ARG1,LGALS1,0.08529876133252758
IRF4,TNFSF10,0.08526557135811741
TBX21,ALAS2,0.08525983632808237
EGR1,HMMR,0.0851145572730163
KLRG1,VPS28,0.08510272945291177
FOXP1,CST7,0.08506067920153598
BACH2,IL23R,0.0850246199532093
RORA,HLA-DPA1,0.08494307828828601
MYC,ZAP70,0.08481957897473083
FOXP1,MCM4,0.08476396004862954
BAX,FCN1,0.08476269016064074
IKZF1,LAMP3,0.08463569448469485
TCF4,PAX5,0.0845286859417646
POU2AF1,IGHG1-secreted,0.08449644507667427
TBX21,CD300A,0.0843925860123922
EGR3,IGLC3,0.08437764941865344
IKZF1,KLRC3,0.08435842118002135
ZBTB16,CXCL3,0.08434447735902495
EGR3,CXCL2,0.08424308457841351
PRDM1,QPCT,0.08419665598659035
STAT4,NINJ2,0.08415151638771613
TCF4,MCM2,0.08414557012529131
BAX,PAX5,0.08414114631794602
STAT3,KIAA0101,0.08413767545551122
EGR3,CCND2,0.08396653857089974
BCL6,IGLC3,0.0838477923084103
BACH2,CD6,0.08357213091673395
ARG1,CD4,0.08338271396063973
STAT4,IGKC,0.08336043213108124
TBX21,IFNGR1,0.0833503371387251
XBP1,BCL11B,0.08332567317368358
EGR3,STAT4,0.08312223468296001
EBF1,IGHM-membrane,0.08310113204409864
FOXO1,GNLY,0.08296322450600069
PRDM1,MS4A1,0.08290886893795046
BCL11B,UBE2C,0.0828589465500689
XBP1,LTA,0.08281126273933509
IRF8,GIMAP2,0.08255594999523992
ZBTB16,RNASE6,0.08254427034286152
BCL11B,GZMK,0.08249607168354352
BCL6,CD28,0.08243489704211616
STAT4,LAT,0.0822453532408466
PAX5,RGS1,0.0820319288747317
PRDM1,TYMS,0.08200576928775086
TBX21,CD27,0.0819690220379633
BCL11B,NKG7,0.08182166859456737
BCL6,PTPRC,0.0817786117469012
BCL6,CD3G,0.08170547832151742
JUNB,MZB1,0.08162585320396634
IRF8,CD2,0.08158303805003703
XBP1,KLRK1,0.0814883193270701
ZBTB16,S100A9,0.08143894698500398
BCL6,IGHM-secreted,0.08140862182979475
EGR3,IRF4,0.08129187015081576
BACH2,FYB,0.08122373032229985
PRDM1,IRF4,0.0811425279192514
STAT6,PRDM1,0.08101186110745644
MYC,JCHAIN,0.08092243456518455
XBP1,IL4R,0.08081193202268068
RORA,S100A10,0.0806209493157208
IRF4,CD8A,0.0805259783788435
LEF1,DUSP2,0.08046710949593926
IRF4,CNOT2,0.08044911637324373
BCL11B,VPREB3,0.0804197757620163
JUN,CD22,0.0804074879537971
PRDM1,KLRC1,0.08035951809857805
RORA,CD22,0.08025260438494522
STAT4,CD86,0.08012077593349225
STAT5A,TNF,0.08007240553584173
BCL6,CTSW,0.07998852946469436
FOXP1,LYN,0.0798652012927245
XBP1,CTSD,0.0798017179858635
BAX,KIR2DL1,0.07973529711281167
KLRG1,PCNA,0.07971647127843615
LEF1,IL18R1,0.07965777450270313
FOXO1,IRF8,0.07965070429863462
KLRG1,TNF,0.07960716174749984
POU2AF1,BIRC3,0.07937157144092465
ARG1,IFITM3,0.07932177986618393
KLRG1,PSEN1,0.07928975177302429
IRF4,CXCL3,0.07922592916585622
BAX,CXCR2,0.07920815942277348
STAT5A,IGHM-membrane,0.0791836016231435
TCF4,LAMP1,0.07915427633843286
BAX,THBS1,0.07911698089866225
EGR3,TNF,0.07903326847188359
ZBTB16,DOCK8,0.0790201863469857
BCL6,IFITM3,0.07901031851078816
LEF1,IGHM-secreted,0.07898482277907745
STAT3,RNASE6,0.07896769627975772
MYC,KLRK1,0.07894595750435267
IKZF1,TGFBI,0.07892069603359037
STAT4,ARG1,0.0788742791739783
EGR1,BTLA,0.078830631335609
JUN,ADGRE1,0.07872235923877809
FOXP1,LAIR2,0.07861888760706526
PAX5,IL18,0.07854518450006753
BCL11B,CTSW,0.07854133125582083
STAT6,XBP1,0.07847921156524103
RORA,SLC7A7,0.07847587029753099
BCL6,CXCL8,0.07843980641266672
IKZF1,EBF1,0.07829468007122367
BCL6,TRIB2,0.07827132729440754
JUN,CD48,0.07819039519244259
ARG1,CLEC10A,0.07814193997719217
KLRG1,PDIA6,0.07805276512969149
IRF8,FAM129C,0.07796180925332179
PRDM1,TSPAN32,0.07786976661629595
ARG1,CXCL1,0.07769682296493577
TCF4,CXCL5,0.07762959699934219
MYC,VNN2,0.07757093631466569
BACH2,TXK,0.07745404705528135
BCL11B,CLEC4D,0.07743604325884612
RORA,DUSP1,0.0774130718551657
BCL6,IGHG1-secreted,0.07718674932134824
IRF4,FAM129C,0.07707283120067922
BCL6,ARL4C,0.07705546366401816
STAT5A,ITGAX,0.0770458897690296
BCL11B,IL18RAP,0.0770199026803915
ZBTB16,IGBP1,0.07688123364692992
ARG1,S100A12,0.07680519921442992
PRDM1,POU2AF1,0.076720857677497
IRF8,CSF3,0.07659389597108612
TBX21,ARL4C,0.0765497788689619
FOXO1,CD14,0.07653147324507878
IRF8,BCL11B,0.07647622323278278
BCL11B,KLRC4,0.07645255917471293
BCL6,GZMA,0.07638691809907856
BCL11B,KIAA0101,0.0763578989862977
FOSL1,AURKB,0.07618904670108448
XBP1,CST7,0.07604597399400864
IRF4,IL23R,0.07590201945138739
POU2AF1,SLC25A37,0.07585292328692961
RORA,CXCL1,0.07573099872606959
PRDM1,CCND2,0.07565031573892564
ZBTB16,CCL20,0.07564327446866533
IRF8,IL1R2,0.0756038390218818
FOXP3,TCL1A,0.07550363600457202
FOXP1,CD1C,0.07532316235487789
ARG1,LGALS3,0.07520787392851642
STAT3,BLNK,0.07517724210310509
STAT3,PCNA,0.07511496576087381
STAT3,CHI3L2,0.07508550898580055
BCL6,CD160,0.07505900757917276
IRF8,TLR2,0.07491670505668012
ARG1,CD63,0.07474619483083174
RORA,ICAM1,0.07473189300662565
FOXO1,CXCL2,0.07472561461945211
KLRG1,RUNX3,0.07463465501810726
FOSL1,MCM4,0.07460913408222002
JUNB,IL15RA,0.07453993635208687
POU2AF1,TSPAN32,0.07417940205275092
EGR3,CLEC10A,0.07414224888940182
KLRG1,KLRB1,0.07413311485062475
RUNX3,POU2AF1,0.07409902843103457
IRF8,PIK3IP1,0.07408191267093223
STAT3,IL6,0.07403759711051869
BCL6,DPP4,0.07393084455523292
FOSL1,C1QB,0.0739021026454021
POU2AF1,LGALS9,0.07374593155293664
BCL6,IGKC,0.07364187526078829
STAT1,SELL,0.07363643880222562
STAT3,GZMK,0.07349885257213684
EGR1,PRF1,0.07341366318931468
BAX,TRDC,0.07338719825250584
STAT1,CD8A,0.07337702919919294
FOXO1,TARP-refseq,0.07337374815060096
LEF1,VPREB3,0.07301267336468911
STAT1,S100A10,0.0728216626171264
KLRG1,KIT,0.07274108224736497
BCL11B,CCL2,0.0727271740056597
BCL11B,KCNE3,0.07262609902401951
IRF8,LAT,0.07247984979892118
IKZF1,BCL6,0.07238303399733953
STAT3,TBX21,0.07235083552957854
JUN,CXCL1,0.07224368756984775
MYC,C1QB,0.07207253287064092
FOXP1,TLR2,0.07190494361437287
BCL6,CASP5,0.07182736466298997
ARG1,CD8B,0.07175710241452052
STAT3,CD86,0.07173313064282413
BCL11B,IRF4,0.07171092360738537
STAT4,TREM1,0.07164046832463572
RORA,GNAI2,0.07151426931779416
STAT5A,LYN,0.07145573517893856
TBX21,UBE2C,0.07141222281858939
ARG1,QPCT,0.07138881955787679
EGR1,IGHD-membrane,0.0713628291424901
BCL6,LEF1,0.07133664764189877
ARG1,RUNX3,0.07129627167017169
KLRG1,APOBEC3G,0.07118884861712402
BACH2,TRAT1,0.07109754663387234
ZBTB16,LIPA,0.07109749569983295
ARG1,IL6,0.0710473022178113
STAT4,JCHAIN,0.0709861420480262
FOXP1,KLRF1,0.07097849240715959
FOXO1,KLRC3,0.0709281337058397
BCL11B,GAB2,0.07090219061605288
BCL11B,IGHM-secreted,0.07081517737044551
STAT3,CD24,0.07071117883185703
IRF4,CCR7,0.07071039084381989
BACH2,HLA-DQB1,0.07051737638787627
PRDM1,IGHM-membrane,0.07051384280103334
ARG1,CSF2,0.07051247154715012
STAT5A,IL18RAP,0.07049421057151628
STAT3,CD14,0.07042168020956975
RORA,KLRB1,0.07027509886787332
MYC,IL1RN,0.07017097789971256
XBP1,STAT1,0.07015655599300949
RORA,VPS28,0.07015392691953203
BCL6,TCF4,0.07015086659993716
PAX5,BTG1,0.07014050610114361
BCL6,PSEN1,0.06997601724843593
MYC,IL15,0.06990803138005654
FOXO1,MCM2,0.06990560374600262
FOSL1,LAT2,0.06987753806015391
IKZF1,ZBTB16,0.06982734645270995
IKZF1,TCF7,0.06975771148320316
STAT5A,VNN2,0.06963865353545673
BCL6,CD6,0.06962381537706812
IRF8,TREM1,0.06960988384177647
EGR3,CXCL1,0.06947178025943501
ZBTB16,LAT,0.06944594312095394
JUNB,FUT4,0.06944203849804284
TCF4,FTH1,0.06942574865971406
LEF1,FOSL1,0.06939884847816005
BCL6,FCGR3A,0.06930590139401098
IRF4,THBS1,0.0693010491997772
POU2AF1,TGFBI,0.06926608750681251
IRF8,TOP2A,0.06925116656262652
PAX5,YBX3,0.06919626829038251
FOSL1,MCM2,0.06916439238830215
EGR1,CTSW,0.06909470262852307
FOXP1,VNN2,0.06907690908066326
PRDM1,FASLG,0.06905752393424845
STAT3,CCND2,0.06902097112947461
TCF4,SNCA,0.06892036376090864
ZBTB16,LAMP1,0.0688488453455972
PRDM1,DPP4,0.06881085907584306
LEF1,CD33,0.06865969036990256
RORA,DUSP2,0.0686453630799417
TBX21,JCHAIN,0.06858148644795645
PAX5,CD8A,0.06855221382793443
IRF4,GNLY,0.06836159664551611
RORA,TNF,0.06835574999633294
FOXO1,LY86,0.06830695686788846
STAT3,DPP4,0.0682704316547169
ZBTB16,LGALS3,0.06823691914291716
STAT4,LAMP1,0.06819974227800421
BACH2,HLA-DMA,0.06819027711067947
STAT4,TMEM97,0.06817460522569115
EGR3,IGBP1,0.06816527357038994
IRF8,FYN,0.06813825550260132
IRF8,CD3G,0.06806774020557134
FOXP1,TBX21,0.06802157470747588
KLRG1,GNLY,0.06775142513901056
IRF4,CASP5,0.06773179771815561
BACH2,GIMAP2,0.06761573553405888
XBP1,FOXP1,0.06760814467594976
STAT4,TLR8,0.06753342100094424
IRF4,S100A12,0.0675256273867229
JUN,CXCR3,0.06749013772184523
EGR3,ICOS,0.06747022924532668
PAX5,CD3E,0.06740255912981558
PAX5,CD52,0.06732939725960482
RORA,KLRF1,0.06717952642258065
RORA,FASLG,0.06702917927235238
STAT4,NAMPT,0.06699596137856548
BACH2,BIRC3,0.06689185086609256
ARG1,DUSP4,0.0668641891537578
MYC,LAIR2,0.06681930810296274
TBX21,AQP9,0.06681532767499289
RORA,CD86,0.06680505095700384
BCL6,CD52,0.06679934871772622
STAT4,LY86,0.06670573536973981
PRDM1,DUSP1,0.06668456231052276
BCL6,CD69,0.06663816297246623
STAT4,TNFSF13B,0.06662042247477912
XBP1,NINJ2,0.06659734770400118
XBP1,LCK,0.06641094851915975
STAT3,KIT,0.06639115410015718
EGR1,IGHM-membrane,0.06635086294102044
KLRG1,C10orf54,0.06625880835850456
PRDM1,ICOS,0.06615307020347602
STAT4,CD6,0.06609407729277639
IKZF2,TRAT1,0.0660210096699402
XBP1,ARG1,0.06594184736619838
EGR3,GIMAP2,0.06587869417960134
MYC,HLA-DPA1,0.06584996919538963
EGR3,MS4A1,0.06578805669464448
IRF8,TSPAN32,0.06574467094840139
XBP1,TRIB2,0.06550416563045866
STAT1,IL18,0.06535056439067653
RORA,TCF7,0.06527266622187455
IRF4,CTSW,0.06527251840912648
FOXO1,TLR8,0.0651143610374224
FOSL1,IGBP1,0.06504800748782122
IKZF1,TCF4,0.06504505851131023
STAT3,CD22,0.0650391326164604
STAT4,CD52,0.06498851202249187
STAT5A,LAIR2,0.0649882114298175
XBP1,PIK3IP1,0.06491424794959141
BCL11B,DUSP4,0.06485801020483897
STAT4,BCL11B,0.06484745138606679
JUN,TREM1,0.06483205118615787
ZBTB16,CCL3,0.06480010269659427
IKZF1,CD300A,0.06479029095881962
STAT3,NINJ2,0.06475995321505673
KLRG1,CD8A,0.06470279969819014
XBP1,JUN,0.06468106419531286
IRF8,IGBP1,0.06462949307846265
FOXP1,IL15RA,0.06462617377116424
JUN,LY86,0.06457482950259359
FOSL1,CD7,0.06453506600233504
BCL6,NINJ2,0.06450703897825387
FOXO1,KLRF1,0.06448433107471355
PAX5,KIR2DL1,0.06447684860787369
STAT1,BCL6,0.06443990894336443
IRF8,FOXP3,0.06439053841214737
BACH2,CD14,0.06437299172616578
FOXP3,LAP3,0.0642771500234141
STAT4,PIK3IP1,0.0642490867327668
STAT5A,TARP-refseq,0.06407333209916702
STAT5A,KLRG1,0.06400379636855558
ZBTB16,FOSL1,0.06395906030875326
STAT5A,TLR2,0.06390530397240299
XBP1,FAM65B,0.06378069671396466
IKZF1,CCL4,0.06377346717272481
ZBTB16,RORA,0.0637444926404941
BCL6,TRAC,0.06369296487297663
IKZF2,LAP3,0.06369188140562368
STAT5A,JUN,0.0633946317490772
JUNB,CD22,0.06339330280118444
ATF6B,LGALS1,0.06324232952004537
STAT5A,HLA-DPA1,0.06322570224444667
STAT3,CCL2,0.06319761278715924
FOXP1,GZMA,0.06315638410840131
BAX,ENTPD1,0.06305986772316892
STAT4,CSF2,0.06303893832012614
PRDM1,IGBP1,0.06294667352021252
BCL6,IL18,0.06289334737960577
TCF4,ITGA4,0.06281160209831019
ARG1,PRDM1,0.06273474447767262
EGR3,TARP-refseq,0.06273107932704536
PRDM1,IL18R1,0.06257887520809835
BAX,CLEC10A,0.06240357794170865
BAX,TGFB1,0.06237059772096973
BCL6,HLA-DMA,0.062348684866876294
FOSL1,HLA-DPA1,0.06233063267860954
RORA,BACH2,0.0623165679094525
BCL6,EGR3,0.062261152398185436
XBP1,IGKC,0.062241359041498065
XBP1,TGFBI,0.06221912860744827
IRF4,CCND2,0.062101831081593464
ZBTB16,LGALS9,0.06208062701505837
FOXO1,CCR1,0.06203569477203202
BCL6,TNF,0.062008419919036495
BCL11B,MGST1,0.06193122380240918
ARG1,PTPRC,0.061902519074742965
MYC,FCER1G,0.06166846194136241
PRDM1,ITGAE,0.061647548660945795
MYC,KLRC1,0.06164059064181007
IRF8,CD52,0.06153077186767214
JUNB,VNN2,0.061465429798996794
IRF8,TNFSF14,0.06138369917792706
MYC,CD22,0.06133844195404854
RORA,CCL5,0.061303855127916584
MYC,HLA-DRA,0.06130128704502481
PRDM1,LAT2,0.06118811772442059
STAT5A,PSEN1,0.06117333823569828
BAX,IGLC3,0.061169364392413314
FOXO1,CD8B,0.06108091855648361
BCL6,CCND2,0.060904995776640256
BCL6,THBD,0.0608394240938449
PRDM1,IL2RB,0.06082392749734409
PRDM1,CTSW,0.060797304404252024
IRF4,ITGAM,0.06071835884667632
FOXP1,CD34,0.060620718183796815
IRF4,FCGR3A,0.06057764233888659
STAT4,CD74,0.06053813401541771
FOXP1,NKG7,0.06052166870888585
PRDM1,STAT1,0.06040677507279952
ZBTB16,ARG1,0.06028234780371369
IRF4,TYMS,0.06024951256092271
BCL6,NAMPT,0.06024617464447668
EGR3,BCL6,0.06023443431535025
STAT4,CASP5,0.06023391201043878
STAT3,KLRF1,0.060150047120469625
STAT6,NINJ2,0.060116650783091335
BCL11B,IL15,0.05990120754708127
STAT5A,C10orf54,0.05987463578987942
MYC,TNFSF13B,0.05987051611005661
JUN,IRF4,0.05974660470582945
XBP1,CD69,0.05974314494974735
PAX5,TGFBI,0.05967451960392098
XBP1,RORA,0.05965064529320029
EGR1,LAP3,0.059498122636941514
XBP1,DUSP2,0.05946406529614757
EGR3,FTH1,0.05941289495674769
STAT4,PTTG2,0.059372245490279314
BCL6,CD48,0.05916524202906826
BACH2,CNOT2,0.05907862958022739
IRF4,NINJ2,0.05888113768443956
FOXO1,F13A1,0.05885640665154047
JUN,NT5E,0.05881182618708985
XBP1,TNFSF8,0.05875308831402309
IRF8,CD244,0.0586439163769773
JUN,IL3RA,0.058637415440869554
IRF8,FOXO1,0.05859948798437144
BACH2,BCL6,0.05859854373392149
BACH2,XBP1,0.05845923690039079
ZBTB16,LAP3,0.058455446948871094
FOSL1,CD74,0.058401949777088825
TCF4,ADA,0.058366203208280495
RUNX3,FLT3,0.058355106199629775
STAT3,HLA-DQB1,0.05833993287294398
IRF8,TCF7,0.05824062367739897
JUN,CD72,0.05816307645436392
BACH2,PIK3AP1,0.05813715496685737
EGR3,CXCL5,0.05811143336272042
BCL6,VPS28,0.05811140309028424
XBP1,CXCL2,0.058046341121085976
IRF8,TYMS,0.05802951253940608
RORA,IFNGR1,0.05802260555665958
ARG1,TCL1A,0.05797352041618331
STAT3,TARP-refseq,0.057947090232185285
LEF1,CXCR3,0.05793364775937571
FOSL1,C10orf54,0.0579203694180589
ATF6B,TGFBI,0.05791054669006591
BCL11B,MS4A1,0.05777940311177673
IRF4,CXCL2,0.05771141451290088
FOXO1,HLA-DMA,0.0577058923385408
IKZF1,NAMPT,0.05762869329725507
IRF4,MYC,0.057505756564546484
STAT4,CCL3,0.05739939819085243
BACH2,CD2,0.05738295467024794
ARG1,ITGB2,0.05735695136402379
PRDM1,CNOT2,0.057343792628288426
FOXO1,AQP9,0.05730237388485368
TCF4,IER3,0.05710701346465868
RUNX3,CD28,0.05709320867085274
STAT3,CPA3,0.05707198724540581
FOSL1,IFNG,0.05696415698698756
EGR3,CD28,0.056959235890894126
PAX5,CD86,0.05689549864326929
ATF6B,NAMPT,0.0566335543505943
XBP1,LAT,0.05661486362087168
JUNB,GAB2,0.056521768467825216
IRF4,DUSP1,0.056492789983828
FOXP1,ANXA5,0.056462997793453096
STAT1,IL23R,0.05637037236789392
TBX21,TYMS,0.05625817727728705
LEF1,IL15RA,0.05614340152122002
PRDM1,DUSP2,0.05613944671450386
EGR1,ADGRE1,0.056105181438123694
BCL6,BACH2,0.05605145733323159
STAT5A,CD7,0.05596597750387352
BAX,VEGFA,0.05594411997078726
EGR1,TOP2A,0.05586653935365337
FOXO1,JCHAIN,0.05585765867807906
EGR1,CXCR3,0.055678026936101827
ATF6B,CXCL2,0.05560952353956862
STAT3,CNOT2,0.0555288324002682
PRDM1,IGHM-secreted,0.055496272633480295
BCL11B,KLRC1,0.05549517865461963
LEF1,PAX5,0.05549048434872579
JUNB,CLEC4D,0.05541086286962529
POU2AF1,GAB2,0.055275649409273236
XBP1,KIR2DL1,0.05525892584032913
STAT5A,STAT3,0.055241670233945724
BCL6,HMMR,0.055168065206946997
BCL6,LAT,0.05509190825106195
IKZF1,ITGAX,0.05507994291464817
STAT1,POU2AF1,0.05507491533658328
MYC,BPI,0.055013823570644896
FOXP1,TARP-refseq,0.05490641301141856
IKZF1,HAVCR2,0.05489818106410502
IRF8,BPI,0.05486217419446575
PAX5,CD69,0.05485866388642063
ARG1,CD52,0.05480372906469093
STAT3,POU2AF1,0.05476352484449063
RORA,LYN,0.05475296480218592
MYC,CST7,0.05472682626976522
STAT4,CPA3,0.05466791691211497
PRDM1,ZAP70,0.054659980828980964
PRDM1,NCR3,0.05453357537746268
BCL11B,IGHD-membrane,0.0543214039905725
IRF4,IFNG,0.05426269267179576
IRF8,CCR7,0.054251117513593156
STAT3,GZMA,0.05420414835103075
FOXO1,CD200,0.05419944483828848
PRDM1,MCM4,0.05414152287909296
RORA,KLRG1,0.05414140982649084
BCL6,IRF4,0.05409109984845943
BCL6,ARG1,0.0540778017898008
BACH2,CCND2,0.05404129503994864
BCL6,FCN1,0.0540298357622242
STAT1,LCK,0.05398226816605154
IRF4,LAT2,0.05393062486297734
RORA,S100A12,0.05389323093062039
STAT3,BCL2A1,0.05388122041934417
BCL11B,VEGFA,0.053874771666722256
PRDM1,LAMP3,0.05384523667056211
ARG1,IL1R2,0.053793389208923306
BAX,HLA-DRA,0.05377387465458894
FOXO1,PDIA4,0.053767847347908196
RUNX3,CCR7,0.053739676907889736
IKZF1,S100A10,0.05369577557945531
FOXP3,STAT3,0.05368150758288438
STAT4,CTSD,0.05361766844571639
STAT5A,CD86,0.05356406054833406
ARG1,SLC7A7,0.053484998186720215
TCF4,SLC25A37,0.05341308248519539
ARG1,DUSP1,0.05329204318331791
ARG1,BCL2A1,0.05328693297565762
STAT3,FCER1A,0.05327318159267303
XBP1,EGR1,0.05320539177109132
PRDM1,PTPRC,0.05319212222638352
STAT3,S100A12,0.053176640348239164
IKZF1,RNASE6,0.053047168484036664
STAT3,FCN1,0.05270644749194185
TCF4,IGBP1,0.052671362370505924
PAX5,PRDM1,0.05266398226696016
IRF4,BACH2,0.052614366324163366
STAT3,HAVCR2,0.052606896478818485
ARG1,GZMK,0.052581663178629306
KLRG1,CD38,0.052580769751609274
BCL6,CBLB,0.05256481058776816
JUNB,KIT,0.05254305777366477
STAT6,RORA,0.05250536649933271
LEF1,CTSG,0.05249235772258524
STAT5A,VEGFA,0.05248396374306963
RORA,TRAC,0.052320166480682835
STAT3,CSF3,0.05231403241004899
BCL6,BIN2,0.052267187458102195
BCL6,CD37,0.05215264814641318
BCL6,IFITM2,0.05208767794053226
STAT1,SELPLG,0.05200138927264128
EGR3,APOBEC3G,0.05197846882246136
STAT4,ICOS,0.051973318607583134
FOXO1,ITGAM,0.05195323195583206
BCL6,S100A10,0.0518740218794003
STAT4,JUNB,0.05186385188357848
PAX5,JUN,0.051842279207089906
KLRG1,LAIR2,0.05166871740045042
TCF7,LAT,0.051627573866502505
ZBTB16,GIMAP2,0.051605643352945145
BAX,IKZF2,0.05158593624590071
IKZF1,FOXP3,0.05155348537010068
STAT3,CASP5,0.05153115068263318
STAT1,LEF1,0.051451192585060986
STAT1,IKZF1,0.05138272390780721
BCL11B,EBF1,0.05135997809671046
PAX5,GNAI2,0.051309194939881037
ZBTB16,CD3G,0.05129156119437663
BCL6,ADA,0.051256730861345266
TCF7,CHI3L2,0.05122773271547629
STAT3,KLRK1,0.05120990503435025
EGR3,CPA3,0.05120466031155897
STAT4,IL32,0.05108927747111859
BCL6,TRBC2,0.051070957335761114
IRF4,CD247,0.05101892042012581
RORA,GZMA,0.05098252703965099
BCL6,RORA,0.05095272973376921
IKZF1,HLA-DMA,0.050836810267630726
FOXO1,CD1C,0.05077021626818813
POU2AF1,CXCL16,0.05067127203433507
RORA,LY86,0.050585783325909905
IKZF1,IGKC,0.05057928351375387
TBX21,LYN,0.050483103041923806
FOSL1,TARP-refseq,0.05044599290929649
FOXO1,ATF6B,0.05039531725177733
ATF6B,S100A12,0.05037574266331314
PRDM1,CD8A,0.050268216649496905
ZBTB16,CD244,0.050265265450952126
TCF4,CD22,0.050243682860638426
PRDM1,CD6,0.050240300283510377
STAT1,CD2,0.05019970793957705
KLRG1,KIR2DL1,0.05009160711651513
RORA,QPCT,0.050082144397541016
ARG1,NAMPT,0.050052112969989064
LEF1,MZB1,0.05004472962405773
XBP1,IGHG1-secreted,0.050002495840329016
BCL11B,THBD,0.04998370523919871
STAT3,ARL4C,0.04996638521454951
BCL11B,IL12RB2,0.04992521496927693
IRF8,IKZF1,0.04992157016060541
ARG1,JUN,0.049897718219011976
KLRG1,STAT3,0.04981333135957374
PAX5,CD27,0.04979943504415107
RORA,IL1R2,0.049766661246213775
MYC,FAM129C,0.049734589039897324
ATF6B,CLEC4E,0.04973450257452595
FOSL1,LAP3,0.049521625913860744
IKZF2,LAT,0.049452194771475055
IRF4,STAT5A,0.04941939629512641
STAT5A,FOXO1,0.04940171929251129
XBP1,CSF3,0.04931460127823597
IRF4,CXCL8,0.04925744752681849
BAX,THBD,0.049182223588650875
STAT3,IL1B,0.04905193988229384
FOXO1,VPREB3,0.049049933138727735
PAX5,CD7,0.04893340391390386
BACH2,SNCA,0.04889555655407057
EGR3,DOCK8,0.048892850067882986
STAT1,CD3D,0.048872962941295374
STAT4,TCF4,0.048841397899107096
FOXO1,UBE2C,0.04880202533630468
ARG1,CLEC4E,0.04876947709765547
TBX21,DUSP1,0.04874627249873658
RORA,RPN2,0.0487085313472944
RORA,IER3,0.04866092562647858
IRF8,CD28,0.048627181333518586
BACH2,IGBP1,0.0486145778384888
PAX5,FCER1G,0.04860393188075671
IKZF1,JCHAIN,0.048573315785932325
BACH2,HLA-A,0.04854891322026029
ZBTB16,ICOS,0.04847467027533109
XBP1,TNFRSF25,0.04845286440372514
TCF4,CCL3,0.04841564452085755
RORA,IFITM2,0.04834524389881596
BCL6,CD247,0.04833678962846742
RORA,CTSW,0.048334136889124794
FOSL1,CD36,0.04824138324622204
FOXO1,CD22,0.04819311230162565
BCL11B,LAIR2,0.048160897859526756
STAT4,CXCL16,0.04809374274021569
STAT3,IL18,0.04805301625490109
IRF8,ICOS,0.047923401240543236
BACH2,VNN2,0.04790875509435614
BCL11B,NCR3,0.04785619359222683
ARG1,VNN2,0.04781134489519302
ATF6B,ANXA5,0.04778578951280298
IKZF1,CLEC4E,0.04778040455774786
FOXO1,ANXA5,0.047765329954971784
FOXO1,CD300A,0.0477035229851319
BACH2,TCL1A,0.04769401059266882
BCL6,CD44,0.047671294755206414
IRF8,MGST1,0.04758621235760816
BCL6,FOXP3,0.04749777618575788
PAX5,IL7R,0.0474431604893693
STAT3,PRDM1,0.047441849435985145
EGR1,CD38,0.0473926216047983
STAT4,TGFBI,0.04729543302434798
STAT4,ICAM1,0.047282927006170684
STAT6,GNAI2,0.04721432617994633
RORA,CD8A,0.04718587648021532
BAX,TLR2,0.04704746504752149
PRDM1,CD79A,0.04695785780072882
MYC,ICAM1,0.04693396359264301
STAT3,CD244,0.04692830056291132
EGR3,CD79A,0.04686328434956041
JUN,FCGR3A,0.046833167615634705
KLRG1,CCL4,0.04682420401475561
BCL6,THBS1,0.04681904490932759
BCL6,ATF6B,0.04680481543327802
FOXP1,TNFSF10,0.046800374329856786
IKZF1,EGR1,0.0467902899256694
EGR3,C10orf54,0.046786843723912605
PRDM1,BACH2,0.046703568519842295
STAT4,GIMAP2,0.04669152538825704
IRF4,CD244,0.046686986127108254
PAX5,FYN,0.046684155863136505
STAT4,RNASE2,0.046679937623197366
KLRG1,IL2RB,0.04666281351817138
FOXP1,CCL5,0.04663642762719622
ARG1,HLA-DPA1,0.046556546881827594
ARG1,FYB,0.04651976365909133
BACH2,TNF,0.046449768797498237
STAT1,GIMAP2,0.046408584213164086
BCL11B,EGR3,0.046349341064521585
IKZF1,GNLY,0.04624435122370166
STAT1,EGR3,0.04623653301820455
EGR3,PDIA6,0.04621368574296781
ARG1,CXCL3,0.04616495937093044
TBX21,FYN,0.04609386674967969
IRF4,CD7,0.046035794438690214
BCL6,ITGA4,0.046020814931689094
LEF1,TNFSF14,0.04600885713962538
IRF8,ITGA4,0.04599404734170615
FOXP3,IGBP1,0.04582006810038977
BCL6,S100A9,0.04581829436759408
ARG1,STAT3,0.045719529551208976
IRF4,LIPA,0.04559858141545624
PRDM1,IGHD-membrane,0.045586909768119806
ZBTB16,CD69,0.045551248627847006
IRF4,PASK,0.04551644080401131
ARG1,HAVCR2,0.04547190734502135
PRDM1,AURKB,0.04545464575088402
BCL11B,CD79A,0.0452758176136361
STAT6,CD7,0.04522998648006563
IKZF1,TNFSF14,0.04522719519948294
STAT3,DUSP2,0.04514494651535198
BCL6,IL32,0.045112166378042926
XBP1,LAMP1,0.045112094228249126
STAT3,IL18RAP,0.045107563856442115
PAX5,CD48,0.04503682699645718
BAX,EBF1,0.04501685883870148
IRF4,GZMA,0.045014075094823296
STAT3,IGLC3,0.04498509605688911
PAX5,NCR3,0.04498272443174544
POU2AF1,IL4R,0.04489968294065244
FOXO1,CXCR2,0.04486382970521945
IRF8,FCN1,0.04476266202191115
ZBTB16,S100A10,0.04473564817395224
PAX5,CCL3,0.04471862773518106
STAT1,CD3E,0.0446867001782974
EGR3,DUSP4,0.04466959743258699
IKZF2,FOXO1,0.04464121534944294
TBX21,NAMPT,0.04460597223278945
MYC,IL2RB,0.044468920380286756
PRDM1,CXCR4,0.04443407208393838
IRF4,NKG7,0.044402983640799865
KLRG1,KLRC3,0.04438245578202407
RORA,APOBEC3G,0.04434937492968586
RORA,ITGAX,0.044275043024683436
IKZF1,LGALS1,0.04425988692726462
STAT1,RGS1,0.04425745433420082
PRDM1,IKZF1,0.04412836178639952
ZBTB16,IRF8,0.04410962384874374
STAT3,KLRC1,0.044105536098443844
ZBTB16,ITGAX,0.04407506229612146
XBP1,FAM129C,0.043953780006070906
STAT4,EGR1,0.04394525415118574
ZBTB16,QPCT,0.043919267074434984
TCF4,ICAM1,0.04385692562772392
ATF6B,BCL2A1,0.04372519908413143
BCL6,CD8A,0.043723401762373014
IRF8,BCL2,0.04369488550701827
BACH2,LCK,0.043675257588974135
IRF4,BCL2A1,0.043647896118072245
STAT5A,CLEC4E,0.043625796078056216
RORA,IFNG,0.04356564361111569
BACH2,PDIA6,0.04352751843239612
RORA,IRF4,0.04352377461775718
ARG1,CXCL2,0.04345254672662729
JUN,FOXP3,0.04344339106015329
PRDM1,CBLB,0.04342945169119533
STAT4,F13A1,0.04341530304489651
ZBTB16,ARL4C,0.043227167072915344
KLRG1,CD28,0.043065512363099155
STAT4,LIPA,0.04293334743257404
BCL6,CCR7,0.042877835216197896
FOSL1,TNF,0.04285567982245146
TCF7,BCL2,0.04280473362714656
IRF4,FCN1,0.042803710033107456
TBX21,LGALS1,0.0428032490936615
TCF4,LGALS9,0.04279444813599881
FOXO1,CCL5,0.04279159944846833
BCL11B,IGKC,0.042768398428660565
EGR3,IGHM-secreted,0.04272192890863142
EGR1,CD79A,0.04267043622436131
STAT4,IKZF1,0.04264531413458962
PAX5,CASP5,0.04261424764922487
XBP1,BPI,0.04254291468012591
MYC,KLRF1,0.042514209741216155
PRDM1,FYN,0.042504452189595636
TBX21,S100A9,0.042498262163212196
STAT3,MS4A1,0.04247269889802616
TCF4,PRDM1,0.04245718452278065
BCL6,FTH1,0.04245064039203095
ARG1,CD74,0.042448185236688286
BACH2,CXCL5,0.04238961125268622
PAX5,PDIA6,0.04236948753061384
EGR3,RORA,0.04236852259912385
BCL6,CD38,0.04228482028894088
STAT4,IGHM-membrane,0.04227455635022486
PAX5,IER3,0.04224150992852481
FOXO1,CSF2,0.04217582759105044
IRF4,VNN2,0.04215650628067924
PAX5,THBS1,0.042155988591217886
FOXP1,FASLG,0.042052625622968375
ARG1,BCL6,0.04204087633832723
BCL11B,KIR2DL1,0.042028544479531346
BACH2,FAM65B,0.04200175359112519
RORA,IGHM-secreted,0.041963280899835954
PAX5,C10orf54,0.04188843705570691
XBP1,IL2RB,0.0418193548904641
STAT6,CD8B,0.04180576293864524
ZBTB16,FAS,0.0418030056236994
EBF1,ICAM1,0.04179053544836241
STAT5A,IFITM3,0.04174651309906631
TCF4,LGALS3,0.04173507331491286
BACH2,VPS28,0.041717160461171854
FOXP1,GZMK,0.041630289262329305
STAT4,LAT2,0.04162178491439737
STAT3,PAX5,0.041577880413462165
IRF4,CD160,0.041527906339706384
RORA,BIN2,0.04150293514141225
STAT1,LAP3,0.041421783223908916
FOXO1,IRF4,0.041416898264355184
LEF1,BLNK,0.04127688982009875
TBX21,ICAM1,0.04116479393972041
STAT4,TRAT1,0.041158489317446215
BAX,C1QB,0.04110608003293579
TCF4,STAT3,0.04106511360500929
IRF4,TLR2,0.040999964662128095
IRF4,RNASE2,0.040956100585660134
ZBTB16,FUT4,0.04087748790290098
POU2AF1,CD244,0.04078584085797873
ZBTB16,KIAA0101,0.04076008909670259
IRF4,CD300A,0.040656886646358664
STAT5A,CD14,0.040647179838552636
BCL6,IKZF1,0.04061311713316789
BCL11B,PTTG2,0.04059652693086474
PAX5,LCK,0.040489963794917795
FOXO1,KLRC1,0.04045958158726253
TBX21,PSEN1,0.04045681151797068
POU2AF1,STAT1,0.04039458191118134
FOXO1,FOSL1,0.04038332675940832
BAX,CCL2,0.04034447231519701
STAT6,STAT4,0.04030375217873005
IRF4,F13A1,0.04027121751027059
RORA,AQP9,0.040242564704712096
STAT6,IL18,0.04016525469416794
IRF8,BIRC3,0.040149263612256306
FOXO1,CD33,0.040147502291411605
RORA,HLA-DMA,0.040133690800745934
STAT1,PTPRC,0.0401240718582685
FOSL1,TCF4,0.04012372879804166
BACH2,CCL3,0.04010985118499155
EBF1,HLA-DRA,0.040107526704181606
BACH2,SELL,0.040100820614861546
TCF4,PCNA,0.04008669198649046
RORA,HLA-DQB1,0.04006977396623328
ZBTB16,IL7R,0.04006887051953512
STAT1,VPS28,0.04005772216925013
BACH2,CHI3L2,0.04002013181382583
STAT5A,ICOS,0.0399773542849787
RORA,CD52,0.03995014217842879
STAT5A,IGBP1,0.03994349325495012
STAT4,PDIA6,0.03992987402755385
STAT4,CD2,0.03992324336355173
STAT5A,HLA-DRA,0.039916174942486386
STAT6,CD86,0.03982317411736459
KLRG1,CCND2,0.03978321025267572
STAT5A,SLC7A7,0.03973833616490769
STAT5A,FOXP1,0.03972793485356575
IKZF1,CD160,0.03967601673144008
STAT1,YBX3,0.039665577870587804
JUNB,JCHAIN,0.03965830232804569
IKZF1,STAT6,0.03965231010954954
LEF1,VSIG4,0.039562119511806326
TBX21,ANXA5,0.039447236137722004
POU2AF1,PSEN1,0.0393599368253892
IKZF1,CCL2,0.03929177981700698
STAT3,JUNB,0.03921903178861019
RORA,CD74,0.03920557177043009
TBX21,RGS1,0.03919889810984151
STAT4,FUT4,0.03918511198250789
STAT3,IFNG,0.03914489046893958
FOXP1,KIAA0101,0.03911202999782221
RORA,ANXA5,0.039107527973904876
STAT5A,IFITM2,0.03909536969312775
IKZF1,FTH1,0.03900186185835281
STAT4,FTH1,0.0389545486886106
ZBTB16,IGHM-membrane,0.03894462635548049
IKZF1,CD63,0.038846367874844676
BAX,RNASE2,0.03884081072645077
STAT4,IL6,0.03874792022775064
IRF8,PTTG2,0.038727902671249585
BCL11B,TGFB1,0.03869931819564995
ARG1,HLA-DQB1,0.03859571233639883
PRDM1,SELPLG,0.03844583032078067
FOXP1,FCER1A,0.0384051167050957
IRF8,LCK,0.03832072723602288
RORA,FCN1,0.03830927674048779
RORA,UBE2C,0.038259124684890025
STAT1,ICOS,0.03824228201423499
ZBTB16,MS4A1,0.03823275544625662
RORA,CSF3,0.03823103356012814
ARG1,CCL4,0.03817048370843279
EGR1,MS4A1,0.03815782022923346
POU2AF1,MZB1,0.038156383359347186
IRF8,CD3D,0.038135569705890895
ARG1,PAX5,0.038121143704770044
EGR3,JUN,0.03812083500388783
PAX5,GNLY,0.03811742415744769
PAX5,GZMH,0.03811207521018688
XBP1,CD79A,0.038017792352726086
STAT5A,IL1B,0.03793435909934993
IKZF1,CD2,0.037887922735533895
IRF4,IL2RB,0.03786392196333854
IKZF1,PAX5,0.03785282882055179
IKZF1,CD86,0.037838202082630626
BCL11B,CD33,0.03768234142411143
ZBTB16,IL4R,0.037640172764909836
STAT6,CD79A,0.03762719013795779
BCL11B,CPA3,0.037579456328122283
FOXP1,CLEC4D,0.037518341680958085
XBP1,BACH2,0.03745076808311997
STAT5A,BTG1,0.037364420332959995
BCL6,GZMB,0.03728005322201395
ZBTB16,CD8B,0.037263125009332834
STAT4,VPS28,0.03720948919841356
EGR1,RPN2,0.03716802624227896
RORA,CD63,0.03715880407845065
BCL6,CCL4,0.03715205127222273
BCL6,S100A12,0.037144839930774685
STAT3,CTSW,0.03712873750839022
IRF4,CCL3,0.03705753723896505
IKZF1,CD33,0.03702691636989535
PRDM1,FAM65B,0.03697406902671681
EGR1,IGKC,0.03695695949162804
IRF4,PCNA,0.036953574706928546
IKZF2,LIPA,0.03687381967707926
IRF4,IL1B,0.03679745000646389
PRDM1,PAX5,0.03669292745029298
STAT4,TRBC2,0.03668963596068609
JUN,FASLG,0.036644257834065934
KLRG1,NKG7,0.03662345651564364
BCL11B,RNASE2,0.03656261167329794
BCL6,CD24,0.036455044937929525
JUNB,FCN1,0.03642524104261186
EGR3,DUSP1,0.03642166205289088
STAT4,CD37,0.036246021334665035
IRF8,IL4R,0.03623825805978343
RORA,CD4,0.03620671210748483
BCL11B,CNOT2,0.03615244982569405
TCF4,BCL6,0.0360331420852842
STAT1,VEGFA,0.03595174335149149
PRDM1,CD69,0.03594089946057455
IRF4,IL4R,0.03583936106610533
FOXO1,HAVCR2,0.03582672575667517
STAT4,POU2AF1,0.03571033019329281
JUNB,CD38,0.035492448852493294
TCF7,CD8A,0.03544754028295348
PAX5,ARG1,0.035380284236391
STAT4,TIGIT,0.035345713454096796
TCF4,CASP5,0.03532800517358841
PRDM1,STAT4,0.03531513026253127
IRF4,CD2,0.03525851140470071
PAX5,ITGB2,0.03525301576609839
IRF8,C1QB,0.03525189045277986
MYC,CXCR3,0.03519889348917447
EGR1,NKG7,0.035144033762448096
BCL6,IL18RAP,0.03506516060647949
ZBTB16,HLA-DQB1,0.03505816531678606
KLRG1,IFITM3,0.03500850268817021
STAT4,SLC7A7,0.03497053749329347
XBP1,IFNG,0.03493885103079997
ARG1,ANXA5,0.03492857701312055
TCF4,LGALS1,0.0349248831904236
ARG1,IGHD-membrane,0.034922178815178756
PRDM1,SELL,0.03487003307265263
EGR1,IL12RB2,0.03484813483559436
BACH2,PRDM1,0.034697534327781505
STAT3,QPCT,0.034689264644748974
STAT3,GIMAP2,0.034666159447091
BCL11B,TBX21,0.03462356226382354
IRF4,FTH1,0.034615675954604484
EGR3,MCM2,0.03460417933299832
ARG1,CD7,0.03458776511884814
IRF4,CCL20,0.034586011254114715
PAX5,KLRC3,0.034542400218849786
RORA,CLEC4E,0.034539760600715036
BACH2,GNAI2,0.03452073215821274
PAX5,TCF4,0.03451820181322492
XBP1,TNF,0.0345112624452027
ARG1,LEF1,0.03445697139062526
ARG1,GNAI2,0.03445139506104724
FOXO1,TRDC,0.03444982122926914
FOSL1,HLA-DMA,0.03441065210285537
PAX5,S100A9,0.034300586791728815
FOXP1,TLR8,0.034229556706702836
ZBTB16,CD22,0.03422738546348766
BCL6,PIK3IP1,0.03420974990773193
TBX21,CBLB,0.034113423555003415
BACH2,TNFRSF25,0.03410054527899251
BACH2,IL32,0.03393515412958336
EBF1,IGKC,0.03393245880395514
TBX21,ARG1,0.03388528333665933
ARG1,JUNB,0.03387712544246735
XBP1,CCL4,0.033869988961939275
IRF8,TXK,0.03386908440413088
ARG1,F13A1,0.03385383453781519
TCF7,FYB,0.03384874859991533
FOXO1,IL6,0.03384294512318556
XBP1,CD5,0.03378321416491349
ARG1,CD48,0.03358042504131896
EGR3,BPI,0.03354171909145986
PAX5,CD3D,0.033503544837963375
BCL11B,LAT2,0.03350164838068194
STAT3,CXCL1,0.033451023468652065
BACH2,PCNA,0.03345070094661034
POU2AF1,CD69,0.03340455937408945
ZBTB16,F13A1,0.03340297964120885
STAT5A,SNCA,0.03339652893007201
PRDM1,BAX,0.03333397218620159
STAT3,LGALS9,0.0333318961278641
BACH2,CASP5,0.03332670689653986
IRF4,TXK,0.03329636884092115
PAX5,NAMPT,0.033276484975549935
BACH2,TNFSF13B,0.03325945861676268
STAT1,ZBTB16,0.03324421173419268
PRDM1,CD2,0.03322178010248727
FOXO1,TGFBI,0.033213304886084406
PAX5,CD2,0.03319782885890358
PAX5,FAM65B,0.033190532539458514
STAT1,SLC7A7,0.033184294557001476
KLRG1,SELPLG,0.03311923702447155
STAT3,HLA-DPA1,0.033079061600210236
ARG1,CD3D,0.03292600438089592
PRDM1,MGST1,0.03288142887641369
STAT1,SNCA,0.03288122881434259
PRDM1,KIT,0.0327870312596779
STAT4,BCL2A1,0.03277769012033258
RORA,LGALS9,0.03276521439660491
STAT3,CD63,0.03273794611520082
TCF7,BCL6,0.032706000789304274
ARG1,CSF3,0.03269528214748597
POU2AF1,TCF4,0.032673897306040145
TBX21,CXCL3,0.03263177048113583
IRF4,EGR1,0.03250318900600867
BCL6,TGFBI,0.0324500637220143
BCL6,TIGIT,0.03244589738879577
KLRG1,CST7,0.03237688379289621
FOXO1,CD27,0.03237515723591177
BACH2,CD69,0.032370180285005996
ZBTB16,KIT,0.03236123190601898
RORA,TBX21,0.032327338859555674
ZBTB16,IKZF1,0.032309241960193226
STAT3,PDIA4,0.03228842917843121
STAT5A,CXCL16,0.03224085995735608
TBX21,TCF7,0.032187993204927184
STAT5A,CXCR4,0.03218411803900317
LEF1,ATF6B,0.03218083919047305
RORA,CSF2,0.032131885006941974
RORA,CD34,0.032127972987725475
PAX5,FYB,0.03211441798376318
IKZF1,C1QB,0.03202230193527877
IRF4,LAT,0.031969802533271856
BACH2,PIK3IP1,0.0319675860788886
ARG1,HLA-A,0.03196108814250754
FOXP1,FLT3,0.0319375724330968
PAX5,BIN2,0.03186773131324419
IRF4,THBD,0.03186624202179396
TBX21,CXCL16,0.031830084998935554
PAX5,CCL4,0.03179334757182364
ZBTB16,THBS1,0.031787504714952175
STAT5A,LEF1,0.03174188011018028
STAT4,KCNE3,0.03174162453562954
BAX,SLC7A7,0.03171444496397227
EGR1,CLEC10A,0.03169578075777537
STAT1,FTH1,0.0316744425246167
ARG1,LYN,0.03164232829298637
PRDM1,CD36,0.031614958535606634
ZBTB16,CBLB,0.03159894527973212
PAX5,IL32,0.03159735194481604
BCL6,GAPDH,0.03145666104991913
STAT1,BIRC3,0.03142641502396835
RORA,CD160,0.03140453063040853
BACH2,CD79A,0.03138634598094824
RORA,CD27,0.03138324170688957
MYC,RNASE2,0.031327794825513185
FOXO1,TREM1,0.03117576182566992
ARG1,TRBC2,0.031155216221987317
STAT3,CD300A,0.03115374194814845
EBF1,IL4R,0.031139001067701805
ZBTB16,ENTPD1,0.031128233768242832
ZBTB16,CD6,0.031101672749826427
ARG1,CD300A,0.031084360021097976
POU2AF1,PRDM1,0.031072655756068265
ZBTB16,IGLC3,0.031035961012165877
STAT4,IGBP1,0.03100734059447191
PRDM1,THBD,0.030928261567428818
RORA,TNFSF13B,0.030914735913934673
JUN,S100A12,0.030899749515217755
BCL6,TYMS,0.030889336958051416
STAT1,DOCK8,0.030862030478678144
PRDM1,TCL1A,0.03083463526397603
BCL6,IGBP1,0.030819411653998287
STAT3,CCL4,0.030789883776088336
IRF4,DPP4,0.0307836941677371
BACH2,ITGA4,0.030776095872645404
KLRG1,GIMAP2,0.030767351320998275
FOXO1,TYMS,0.030755215715018394
TCF4,CXCR4,0.030731375732948214
TCF4,IFNGR1,0.03073111944810478
ZBTB16,ITGA4,0.030726208114797062
STAT4,CTLA4,0.030679916002181836
TCF7,TRAT1,0.03067614379867904
ARG1,BAX,0.03062846007873383
BCL11B,CCR1,0.030603392188455238
IKZF1,IRF4,0.030574870613705653
STAT5A,FCER1G,0.030533701533603613
LEF1,CXCR5,0.03038446362553009
IKZF1,TLR8,0.03038087133540141
XBP1,IGHD-membrane,0.030324595272090974
ARG1,XBP1,0.03024935178848275
IKZF1,EGR3,0.030205452675351397
KLRG1,FCER1G,0.03020498713899579
IRF4,BIRC3,0.030172722384602998
STAT1,HLA-A,0.030165252439626717
BACH2,CD3G,0.030024904004044776
STAT4,MCM4,0.03001762798827566
TCF7,CD3G,0.029988991188585532
FOXO1,CD244,0.029961886408189475
PAX5,NINJ2,0.029954536018832432
TBX21,FTH1,0.02995197698386829
KLRG1,CTSW,0.029941653594398984
IRF8,TNFSF8,0.029932498777573
IKZF1,FUT4,0.029875010209331733
EGR3,HAVCR2,0.029863734554225117
IRF8,STAT6,0.02980842241735972
STAT3,EGR3,0.029754056051657013
ARG1,SELPLG,0.029675872761355984
TCF4,ITGAE,0.02966952584027928
BCL6,CXCL1,0.02965992640187097
BCL11B,ENTPD1,0.02960313844615055
FOXO1,CST7,0.029602551529968206
ARG1,MCM4,0.029563574725196048
STAT5A,TCL1A,0.029471356612859125
TCF7,GZMK,0.029419737464191083
PAX5,GZMB,0.02933516893011288
ARG1,TNFSF10,0.029294693102248155
STAT3,TREM1,0.029256283301677177
BACH2,TRDC,0.029249352362076205
STAT5A,AQP9,0.02924096937244105
TCF4,BTG1,0.02920290757205663
IRF4,QPCT,0.02912040190675263
EGR1,IFITM2,0.029090545108988522
PRDM1,IL4R,0.02906824706999548
FOXO1,FASLG,0.02903042378867248
FOXO1,GZMB,0.0289944485487792
STAT4,RNASE6,0.028971961076736656
IRF8,FASLG,0.02893575470924651
STAT1,GNAI2,0.028899099164770115
BCL11B,CXCR3,0.02881594465902449
PAX5,TXK,0.02880084197673486
TBX21,CD8B,0.028787797177065772
BCL11B,IGHG1-secreted,0.028741862182322685
FOXO1,GZMA,0.028691910051612653
STAT3,AQP9,0.028621065111027855
STAT1,BIN2,0.028595205405537942
ARG1,FYN,0.0285333393715053
TCF7,TRBC2,0.028492701835884624
FOXP1,MGST1,0.028484059061941402
FOXP1,IFNG,0.028454895633541998
KLRG1,CD69,0.02844282329461309
ZBTB16,CD52,0.028412110406241423
BACH2,TRAC,0.028399361396456307
FOXO1,CD34,0.028393301326603133
KLRG1,EGR1,0.028354076498203387
MYC,PDIA4,0.02826468011863353
IKZF1,CTSG,0.028224896399776992
PRDM1,CSF3,0.02821067792240444
BCL6,LY86,0.02816629579939631
TBX21,LAMP1,0.028085185475017645
STAT5A,CD37,0.028083050200052147
BACH2,KLRC3,0.028052915690895738
BACH2,GAPDH,0.028034975772414834
STAT4,HLA-DQB1,0.027980014005163967
STAT5A,CD3G,0.02796628638204191
ARG1,IL18,0.02790766440312617
KLRG1,IL4R,0.027849307104385632
XBP1,FOXP3,0.02780232718158614
BCL6,IFNG,0.027773759501593186
STAT5A,ALAS2,0.027764561806427182
STAT4,FCER1A,0.027732034983574815
BCL6,MGST1,0.027635389908821376
TCF7,IL4R,0.027613081864483736
ZBTB16,IFITM3,0.027606169772384438
FOXP1,ITGAM,0.027535696763215753
IKZF1,KIT,0.02752906565096673
FOSL1,CD8A,0.027511223503319422
IRF4,ITGB2,0.027493527166338197
STAT4,CD163,0.02748959954787942
MYC,STAT6,0.027410881766734514
LEF1,JCHAIN,0.027371118828206992
IKZF1,IRF8,0.027354239169511654
ARG1,IFNGR1,0.027331484108586445
STAT1,BCL2A1,0.02731603045506148
FOXO1,ICAM1,0.0272670256023725
BCL6,TNFSF13,0.027227487477598546
EGR3,IGHD-membrane,0.0271993935435775
ARG1,PIK3IP1,0.02702061357784077
FOXO1,MCM4,0.026964722430245662
JUNB,KIAA0101,0.026940112509933688
STAT3,PRF1,0.02692799803592409
BAX,CD9,0.02688794164530349
IRF4,CD28,0.02687984677021743
EGR3,CD8B,0.02687609886395082
KLRG1,GZMA,0.02673026012259256
BCL11B,TOP2A,0.026642543888363318
KLRG1,HAVCR2,0.026638674772330093
FOXP1,TIAF1,0.02662451771426616
IRF4,DOCK8,0.026542394584223968
STAT5A,SELPLG,0.026472194581688795
STAT1,IL4R,0.026424281636267
BACH2,CD8A,0.026418638660229168
STAT4,CD34,0.026416418340664653
TCF7,BCL11B,0.02639570962921008
STAT5A,PRDM1,0.02638531708242199
FOSL1,GIMAP2,0.026369342192055282
STAT1,FYB,0.0262850701346112
FOSL1,TOP2A,0.026277122616493065
TBX21,CD14,0.026266455220042468
TBX21,PCNA,0.026258736982238306
BCL6,MYC,0.02625168847078628
RORA,NKG7,0.02622772264339452
POU2AF1,FOSB,0.02615354228484379
ZBTB16,GAB2,0.026130081491032266
ARG1,C10orf54,0.02611807818136024
BCL6,HLA-DQB1,0.02604939378259412
EGR1,TMEM97,0.025932247570770364
TBX21,CD36,0.025793133253472
FOXO1,IL18,0.02577438572243456
STAT4,TNFSF8,0.025662855827493485
EGR3,STAT1,0.025656662846564288
EGR1,GZMA,0.02562832057988736
POU2AF1,IL1B,0.02559563165998872
POU2AF1,AQP9,0.025504773893940385
IRF4,LTA,0.025421348236846705
PRDM1,GZMK,0.02539886306598301
JUN,IL1B,0.025386492223668157
RORA,GNLY,0.025374753767981106
IRF4,CD6,0.02537274278138791
TCF7,TRAC,0.02535749885094403
STAT6,C10orf54,0.025354537561623137
IRF8,FAM65B,0.02533563873229166
STAT3,FASLG,0.025332730852921707
STAT4,MZB1,0.02531155452744353
STAT5A,CXCL8,0.025238325166854387
TCF4,CTSG,0.02523413814919091
TCF7,CASP5,0.025198508550644715
POU2AF1,CD63,0.025142789315727526
IRF8,ADGRE1,0.025110231991896374
ARG1,BACH2,0.025078325502741593
FOSL1,RORA,0.02505874011118956
BACH2,AQP9,0.025045994540510888
STAT5A,CD44,0.025041239171162927
PAX5,CD8B,0.02499004605504926
BCL6,JUN,0.02491632946599686
MYC,THBS1,0.02491613271226762
FOSL1,ALAS2,0.024914909966176655
BAX,BCL2A1,0.024867505572352497
FOXP1,FOSL1,0.024854791678730743
IKZF1,MS4A1,0.02484909611631068
PAX5,GZMA,0.024838637713019314
ARG1,TBX21,0.024797035544938093
STAT4,IL1R2,0.02478602306303823
ARG1,CD5,0.024782988610730652
IRF4,TNFSF8,0.02475869371426284
STAT5A,FAS,0.024718200190227742
ARG1,CD247,0.02471055236487439
EGR3,KLRK1,0.024685175227930803
ZBTB16,CXCL8,0.024624519069504608
STAT4,GAB2,0.024610079993123455
STAT4,CD4,0.024609552329635635
STAT5A,SLC25A37,0.024607109579516725
BCL11B,CD38,0.024604664245531704
FOXP1,JCHAIN,0.02455204812941611
IKZF1,THBD,0.024530140467155855
FOXO1,MS4A1,0.02451627484251688
STAT3,CCL20,0.02450061611854227
STAT1,TNFSF8,0.024434028973321895
EGR3,KIT,0.024431431082057684
TCF4,TLR2,0.02435807513860729
PAX5,BCL6,0.024272974951236218
STAT3,TRAC,0.024249065270139192
ARG1,FOXO1,0.024246939647991763
ARG1,CD6,0.02422663659646705
BCL11B,CD244,0.024167252163758198
ARG1,CCL2,0.024130249607790658
FOXO1,IGHM-membrane,0.024127792765268018
PAX5,IL4R,0.024092788795810467
STAT1,IL32,0.024082009079082856
STAT3,SLC7A7,0.024029844444701888
POU2AF1,CCL3,0.02396906745862482
IRF8,CD44,0.02395749084941363
STAT4,BCL2,0.023936504179844866
JUN,CCR1,0.023935258893101243
IRF8,GIMAP5,0.023929795934616346
STAT5A,CBLB,0.02392953845066872
FOXP1,IL2RB,0.02392334270277933
BCL6,FCER1G,0.02388987632320766
BACH2,KLRF1,0.023873929531415497
ARG1,BCL2,0.02386742415776143
PAX5,ARL4C,0.023829058874394324
FOXO1,IFNG,0.023792236339254372
STAT1,BCL2,0.02378442203221205
FOSL1,CD63,0.02376999682388199
ARG1,IGHM-secreted,0.023764281492802124
EGR3,LGALS3,0.023760215560934113
BCL6,IL6,0.023722697823863652
TCF7,JUNB,0.0236794778835981
STAT1,CXCL3,0.023664836175397008
BACH2,FAS,0.023644659287273703
IRF4,CD3E,0.023637026170653247
TCF4,S100A12,0.023634404755737214
STAT4,CCR7,0.023555029006611473
FOXO1,HLA-DPA1,0.023544426813021973
PRDM1,TNFSF8,0.023503071870352603
IKZF1,IGHG1-secreted,0.023467032138872298
FOXP1,FAM129C,0.023425278844606587
IRF4,PIK3IP1,0.023409457197016953
ARG1,IKZF1,0.023393605567211907
STAT1,KLRC3,0.02334098794781949
IRF4,TCF7,0.02329564169442371
BACH2,ITGAE,0.023286856853138346
BCL6,CCR1,0.023255436684807812
STAT3,IRF8,0.023250095846588912
TBX21,S100A10,0.02318753733029407
IKZF1,TIAF1,0.023168968760311763
PRDM1,TRIB2,0.02312152976236139
STAT3,FCER1G,0.023095369788838194
POU2AF1,TIAF1,0.02309033932133291
JUNB,CD33,0.023067442956311596
STAT1,FCER1G,0.023036007211524222
STAT5A,KCNE3,0.023022049055178476
TBX21,TNFSF8,0.022968204094452167
KLRG1,IFITM2,0.022957161176804363
EGR3,YBX3,0.02295599781947137
XBP1,BCL2,0.022947097066509832
STAT3,HLA-DRA,0.022847004460318426
RORA,VEGFA,0.022840911323928414
PAX5,TSPAN32,0.022785772808883446
PAX5,IL18RAP,0.022728466109039922
STAT5A,CD8A,0.022622469298913154
PAX5,TRIB2,0.022605855986831885
BCL6,CD300A,0.022595826570311648
EGR3,IL1R2,0.022582369724632175
FOSL1,YBX3,0.022576606487920012
FOXP3,FOXO1,0.022557821819944996
FOXO1,KLRC4,0.022476446283070082
EGR3,IGKC,0.02247343118100668
STAT5A,IL23R,0.022454576542669646
XBP1,PASK,0.02244569893806721
FOXO1,KCNE3,0.022442583701708086
FOXO1,LGALS1,0.022407166192534075
BCL11B,PIK3AP1,0.022400378305293546
EGR3,KIAA0101,0.022399677890625896
ARG1,CD1C,0.022365778109834564
PAX5,CD247,0.022347443528212614
MYC,FCN1,0.022335755919676265
STAT1,TGFBI,0.022321302171284824
POU2AF1,JCHAIN,0.022303472251163154
IRF4,CTSG,0.022279115601594072
BCL11B,CD34,0.022269364040272698
TCF4,RGS1,0.02223200328105586
IKZF2,TRIB2,0.02222471553912482
ZBTB16,FYN,0.02215528443147843
BAX,ADGRE1,0.022056941152267258
EGR3,IRF8,0.021974779164080846
TCF7,CXCL8,0.021945417060091194
MYC,CLEC4E,0.02190097910996553
BACH2,IFITM2,0.021874995710912764
EGR3,RGS1,0.021837604925467588
EGR3,CD7,0.02183255967610455
PAX5,HLA-A,0.02182649591131644
IRF8,FYB,0.02178358806619271
FOSL1,IRF8,0.02170913581136567
ZBTB16,EGR1,0.021546738756197177
PRDM1,JUN,0.02152616371765286
STAT4,KLRG1,0.02152565990723094
ARG1,TLR8,0.02147701024908189
PAX5,DUSP4,0.021418702460732582
STAT3,IL32,0.021412184474223085
JUNB,TNFSF14,0.02138779861794547
LEF1,CPA3,0.021346521405894953
RUNX3,BTLA,0.021324753352858113
TCF4,YBX3,0.02131491758205366
BCL6,CXCL2,0.021297522788947143
BACH2,LAT,0.021272642233776378
ZBTB16,TLR8,0.021269808455749436
JUN,THBD,0.021262107186297743
STAT5A,FLT3,0.021259265620540344
FOXO1,CD74,0.02125791427449952
PRDM1,CCR7,0.02123942594474946
STAT5A,HLA-A,0.02123075374542116
IRF4,CCL4,0.02122149302381073
EGR3,FOXP1,0.021217771430713933
XBP1,LAMP3,0.02116044232286539
PAX5,CD44,0.021095062991059857
XBP1,CTSG,0.021094749728924046
ARG1,IRF8,0.02106916142367921
POU2AF1,BIN2,0.021060307250999638
RORA,CXCR2,0.021053033117305806
ARG1,LAP3,0.020980788207642792
FOXO1,BCL2A1,0.020971045124376805
ZBTB16,FTH1,0.020964529831919283
IRF8,BACH2,0.020943723064411654
POU2AF1,GZMB,0.02086659706834975
STAT5A,RGS1,0.020849743596520042
TCF4,CD8B,0.020747778588312754
STAT3,NKG7,0.020734758912296897
TBX21,CASP5,0.02071284697022685
IKZF1,VPREB3,0.02070587963841445
STAT1,LAT2,0.02069804344636227
PAX5,STAT4,0.0206065312144167
RORA,TCF4,0.02060374871697782
TCF7,LIPA,0.020599946829813552
EGR3,JUNB,0.020597715903298265
KLRG1,FYN,0.020586380092991914
STAT1,LAT,0.020579898486790774
RORA,TGFBI,0.02057711912245515
STAT5A,IFNG,0.02057065244273631
POU2AF1,ITGB2,0.020534818150758524
ARG1,IGHM-membrane,0.020525280418474973
BACH2,CXCL8,0.020505239022284537
FOXP3,IL32,0.020473497300174535
IKZF1,CPA3,0.020467500698693984
EGR1,IL2RB,0.02045909775961843
RORA,TNFSF10,0.02045871620964001
TCF4,CLEC10A,0.02043775539411223
ZBTB16,KCNE3,0.02038598111396601
FOXO1,LGALS9,0.020384317335249973
ZBTB16,CCND2,0.020374691983113175
TBX21,IL1B,0.02035423176962965
IRF4,CBLB,0.020301415021735512
KLRG1,CD5,0.020233298671853816
RORA,IL6,0.020214659730039032
PRDM1,STAT3,0.020211510369964547
FOSL1,RNASE6,0.020206778506076495
FOSL1,JUN,0.020206002441439365
EGR3,IGHM-membrane,0.020147009786293576
IKZF2,BIN2,0.020130213697937032
STAT1,BAX,0.02012101013713384
BCL6,FYB,0.020025556628265245
STAT5A,CCL3,0.020016128051389713
TBX21,ICOS,0.01987833443947824
TBX21,GAPDH,0.0198429036916468
FOXO1,S100A10,0.01982176173418922
STAT4,HLA-DMA,0.019817052752209404
RORA,FAS,0.01978265814280841
ARG1,CD163,0.01975383975457861
TBX21,FOSB,0.01974754228222735
STAT4,AURKB,0.019710811939364324
KLRG1,CXCL1,0.019699108259098486
IRF4,GIMAP2,0.019686852217788483
JUNB,CXCL2,0.01967745661516003
IRF4,IL32,0.019677136429932934
IKZF1,CD24,0.019675390043088253
TCF7,CD3D,0.019671661624793668
ZBTB16,TRBC2,0.01964631911528948
BCL6,BIRC3,0.019632884635549974
BCL6,CD36,0.01963061503314385
KLRG1,ITGAM,0.019628802228528544
STAT4,CD3D,0.01961859788535261
TCF7,IKZF1,0.01961730225343429
ARG1,GZMA,0.019557348511053622
PRDM1,LAT,0.019552528346920485
IKZF1,IGLC3,0.01954127746988713
ARG1,DOCK8,0.019421536004968907
FOXO1,CCL2,0.019406881101424155
XBP1,CTLA4,0.019363930374773384
BCL6,CXCL3,0.019363093150098522
TBX21,ITGA4,0.019326584034545707
ZBTB16,FOXO1,0.0193238671433259
BCL6,CD2,0.01921603586315836
FOXO1,TCF4,0.01913025907881277
ZBTB16,PRDM1,0.019110568896129256
KLRG1,CD8B,0.019103250303831434
PRDM1,CTLA4,0.019095551405929553
BCL6,SELL,0.019051362422069045
IKZF1,IGHM-secreted,0.019047278134813342
ZBTB16,CCR1,0.01902894648370246
IRF4,CD48,0.019010246254587485
PRDM1,APOBEC3G,0.019002766907304423
ZBTB16,FCN1,0.018904411233292704
TCF7,LEF1,0.0188838186982089
KLRG1,BCL2A1,0.01885583068413986
TBX21,CSF2,0.018842108423231547
IRF4,NAMPT,0.018784631882771956
ARG1,LY86,0.018783437147421735
STAT5A,CNOT2,0.018777507676347078
IKZF1,CCR1,0.018767537391728845
IKZF1,GZMK,0.018746835422316113
TBX21,CCL20,0.018742362200793623
STAT5A,IGHD-membrane,0.018679032154287907
STAT1,IL18R1,0.018664850155762712
POU2AF1,TNF,0.018595225973928733
IRF4,TRAT1,0.018512817357598594
STAT4,CLEC4D,0.018505979030369574
STAT3,TLR8,0.018477795449074054
IKZF1,NCR3,0.018472330177087055
KLRG1,FCGR3A,0.018432148561204113
FOXP1,VSIG4,0.018391753395856626
KLRG1,IKZF1,0.018357308780047318
BACH2,STAT1,0.018337373515582425
BCL6,ITGAX,0.01832162213344176
FOXO1,APOBEC3G,0.01830004556487532
TCF4,CD3D,0.018276506126238632
RORA,CD33,0.01827255430857081
MYC,CLEC10A,0.018254018962599972
TBX21,FCN1,0.018249511513053974
STAT3,IFITM2,0.018249128043104895
XBP1,LGALS9,0.018200967458943087
FOSL1,FTH1,0.01819648126700175
BCL6,IL18R1,0.018189104275232047
PRDM1,IGKC,0.01818113044330837
BACH2,YBX3,0.018144207526771927
EGR1,CCR1,0.018134361886776744
KLRG1,PRDM1,0.018119011455576563
POU2AF1,IGBP1,0.01811329744398457
STAT4,CD44,0.018083132983945246
EGR3,ALAS2,0.017903403189276707
ARG1,KLRG1,0.017894353650466585
BACH2,LAMP1,0.017857926800901095
BCL6,CD27,0.01774511680040973
STAT4,SELL,0.017737561349245562
BCL6,ICOS,0.017733931337226182
STAT1,IRF4,0.017732130631449326
RUNX3,MS4A1,0.017700116826062064
EGR1,BLNK,0.01769530201385208
RORA,CD300A,0.01767966776958065
ARG1,LIPA,0.017666919701698716
ARG1,BIN2,0.017660218125888
RORA,IRF8,0.017650912904884918
IKZF1,ENTPD1,0.01764634944672296
ARG1,STAT5A,0.01764071500956513
ARG1,ITGAE,0.017618592238288718
BAX,VSIG4,0.017588849466958874
ZBTB16,CD79A,0.017556184748687677
ZBTB16,ANXA5,0.017556035470312682
IRF4,CD63,0.017547445997453708
STAT1,SLC25A37,0.017527261756297565
POU2AF1,IER3,0.017504514179585342
ZBTB16,FOXP1,0.017498248765551484
ZBTB16,IER3,0.01747619214429197
STAT3,C1QB,0.017476168612402636
STAT1,CD37,0.017465188102691542
RORA,CD72,0.017447581346159053
ARG1,KLRB1,0.01744704166087163
ARG1,CBLB,0.01742461485533758
IRF4,GAB2,0.017421890634003435
STAT4,PDIA4,0.017416189938327952
STAT3,KCNE3,0.017414818381538313
ZBTB16,TCL1A,0.0173944267362957
EGR3,AQP9,0.01738611984368579
FOXO1,VEGFA,0.01737916663292193
IRF4,JUN,0.01736334091457952
FOXO1,TBX21,0.017348747801726176
PAX5,CCL20,0.017329436509612123
STAT4,IGHM-secreted,0.017321950127258616
STAT6,CD44,0.017279265997721265
EGR3,MZB1,0.017274464354467087
STAT4,MYC,0.01727252414369548
IRF8,S100A12,0.017262187719911767
PAX5,PASK,0.017258278204884434
STAT3,PIK3AP1,0.017250461673130584
BACH2,LGALS1,0.01722529803530871
STAT6,IRF4,0.017189770205725492
PAX5,IL1RN,0.01718392852862278
POU2AF1,CXCL1,0.017171164731837666
FOXO1,GAB2,0.017150545156423194
FOXP1,EBF1,0.01714790102782959
TCF7,RORA,0.017142121534170964
POU2AF1,CASP5,0.01712627592369905
MYC,IL12RB2,0.017105398680109674
EGR3,CASP5,0.017101868802710855
PRDM1,LAMP1,0.017101195659478437
PRDM1,TARP-refseq,0.01707915789592079
STAT3,MCM2,0.0170723897837892
IRF4,TNF,0.01702143958479628
BCL6,CD244,0.016991097093015283
BCL6,TCL1A,0.016988057809308586
STAT5A,ARL4C,0.016980642109253652
EGR3,BIRC3,0.016977822115151905
STAT1,CD52,0.016968332617162202
BCL6,PAX5,0.01694402835860354
IRF4,MCM2,0.01692996812242113
ATF6B,IKZF1,0.016917171413417816
RORA,EGR3,0.01691569381780091
ZBTB16,ICAM1,0.016888596822519492
RUNX3,IL15RA,0.016843459533121597
TBX21,CD69,0.016836779024351968
IRF4,TLR8,0.016819067814717426
KLRG1,CD3G,0.016788513399021484
IRF4,C1QB,0.016772605901326648
KLRG1,CD6,0.016716029763485827
ARG1,CD69,0.016694929919970656
ARG1,LCK,0.016673398856390322
BCL11B,NT5E,0.016669197396869607
STAT1,CXCL16,0.016632192067802077
ARG1,BIRC3,0.016628832559874945
RORA,KCNE3,0.016623189750662883
KLRG1,STAT4,0.016614560269787335
BACH2,SLC25A37,0.016605814905338166
PAX5,VEGFA,0.016596200480189387
TCF7,IL23R,0.016595592091878043
PRDM1,CD300A,0.016588505322412794
PAX5,CCND2,0.016552446601160647
BAX,S100A12,0.016485737886070394
BCL6,LCK,0.01648293558375974
STAT5A,PRF1,0.01640825744772168
ZBTB16,PCNA,0.016326428234977448
FOSL1,ITGAM,0.016308850758356908
TBX21,CD52,0.01629453228285907
BCL6,CD63,0.0162633185805781
ZBTB16,FYB,0.016230502778361317
IKZF1,ADGRE1,0.016218156502222997
STAT1,IL18RAP,0.016204174864104633
IRF4,CD9,0.016191721935826128
STAT3,GNLY,0.016185902769024003
POU2AF1,KIT,0.01617969114336139
FOXO1,LAT2,0.01617203753960472
STAT1,TRAT1,0.016168546272845044
IKZF1,IGHD-membrane,0.016163216287458843
BCL6,IL7R,0.016159669475946246
BCL6,KIAA0101,0.016137505025967065
TCF7,SELPLG,0.01612191139704851
POU2AF1,CXCL3,0.016095116763040172
RORA,RNASE2,0.016091290260560977
TCF4,IL1B,0.016087932508910358
EGR3,SLC25A37,0.01606621688281812
EGR3,MYC,0.0160562707746334
FOSL1,CCND2,0.01603980195363045
JUN,MZB1,0.016013601163773927
TCF7,TIAF1,0.01598936139763281
RORA,RNASE6,0.015954617730839653
STAT1,IGKC,0.0159121363011549
IRF8,MYC,0.01589443920847547
FOSL1,CXCR4,0.01587097466723436
TBX21,CD244,0.015861972524542526
ARG1,IL23R,0.01584414604957147
STAT3,HLA-DMA,0.01581549259302458
FOSL1,PTTG2,0.015741090275009677
KLRG1,BIRC3,0.015729892454933034
STAT4,TRAC,0.01572729639099827
XBP1,STAT6,0.015722565332019118
IKZF1,CD79A,0.015709861932889535
PRDM1,TIAF1,0.015673824226321287
TCF4,TRDC,0.015665553881282424
ZBTB16,CCR7,0.015633144938512887
ARG1,CD8A,0.0156291887916536
TCF4,KLRK1,0.015622515119450892
FOSL1,IRF4,0.015621556601102829
POU2AF1,IL15,0.015621230787005717
XBP1,TLR8,0.01560597956912532
POU2AF1,FCN1,0.015551319604850683
ARG1,FAM65B,0.015528303939724654
POU2AF1,NAMPT,0.01552474370986503
STAT5A,BACH2,0.015492661605280341
RORA,CTSG,0.01545744205455254
POU2AF1,FOXP1,0.015379721827576735
BACH2,CXCL3,0.015353869821190339
RORA,CPA3,0.015349982262112769
BCL11B,LGALS9,0.015348172269865715
TCF4,GNLY,0.015330639813438357
EGR3,SELPLG,0.015328970538209264
POU2AF1,CD3D,0.015256064915867843
ZBTB16,CXCL2,0.01522765198394791
ZBTB16,CD5,0.015213311435148978
BCL11B,IGLC3,0.015194300454115446
EGR3,HLA-DQB1,0.015138110865486814
ARG1,NKG7,0.015137610519666372
IKZF1,DUSP4,0.015102642695886672
KLRG1,XBP1,0.015091031093055223
FOXP3,S100A10,0.015074226991171774
RORA,NINJ2,0.015071492811262695
MYC,FCER1A,0.015040717492249158
ARG1,IL32,0.015019759601346001
BAX,IL15,0.015018315206973302
FOXO1,IL15,0.01498602374101944
KLRG1,BTG1,0.014972996338867485
STAT4,DOCK8,0.0149645705770433
PRDM1,LCK,0.01494267906304679
KLRG1,RNASE6,0.014935565883476158
PRDM1,CD52,0.014912041371332141
JUNB,TGFBI,0.014903315451557545
PAX5,TRAT1,0.014889905960073772
STAT1,ALAS2,0.01488298953836924
STAT3,S100A9,0.01486549872579875
IRF4,CXCL16,0.014843211221582324
STAT5A,TRBC2,0.014839200553906903
FOXO1,SLC7A7,0.014834150381967526
ARG1,LAMP3,0.014832615015699649
RORA,PTTG2,0.014812970481632371
STAT6,CD22,0.014790642090329152
IRF4,CSF2,0.014786967861528099
KLRG1,ITGB2,0.014782441497735357
EGR3,TCF4,0.01477247072709837
EGR3,ZBTB16,0.01473970828156754
POU2AF1,S100A12,0.014703076793679416
STAT6,IGHM-membrane,0.014689515655974737
ARG1,KLRF1,0.014686804890876138
BACH2,IFNGR1,0.01466860976035422
BACH2,MS4A1,0.01465402262435464
EGR3,TYMS,0.014652262623891152
TCF4,KIAA0101,0.014631687978075562
IRF8,CD6,0.014583943391146516
STAT4,TNFSF13,0.014578917554562178
BCL6,IL1B,0.014561336754341268
TCF7,IL1B,0.014541664788918262
STAT1,NINJ2,0.014495568426242153
BCL6,EGR1,0.01449126516745254
STAT1,STAT4,0.01447118841554507
BCL6,DUSP4,0.014467686900953156
EGR3,HLA-A,0.014457931034754531
TBX21,CD7,0.014451571599240452
EGR1,IL18R1,0.01445039693394018
TCF7,CBLB,0.014439386642043453
STAT5A,DUSP1,0.01443469739769695
PRDM1,CD5,0.01443224840449802
IKZF1,IL6,0.014412795121536521
STAT5A,RNASE2,0.014407504905341572
STAT4,FLT3,0.014382653942829178
LEF1,IL3RA,0.014380956549698076
IKZF2,ITGAE,0.014380388498639136
TCF7,CD52,0.014368501311837192
TBX21,PASK,0.01436509893994717
STAT3,IL1R2,0.014338935187314036
XBP1,SELL,0.014333788827643816
PRDM1,BCL2,0.01432907206166558
XBP1,IL15RA,0.014316003805250988
ZBTB16,FOXP3,0.014313373955404989
STAT1,FAM65B,0.014300896906136716
STAT1,IL7R,0.014293466941414505
STAT1,IFNG,0.014285193196712167
PRDM1,KLRB1,0.014281087018954636
BACH2,STAT4,0.01427653169809787
PAX5,MYC,0.014236416383990157
PAX5,TNFSF8,0.014202318838232435
BCL6,CD79A,0.014190020736754728
POU2AF1,RPN2,0.014186677590607306
EGR1,JCHAIN,0.014161311464058099
IRF4,FOXP3,0.014136462294815121
IKZF1,LYN,0.01412445123606952
IKZF1,IL15,0.014095817061282486
TCF7,CLEC4E,0.014051857744712938
STAT5A,LGALS3,0.014046782036383638
IKZF1,CTSD,0.014027118409517644
TCF7,ICOS,0.014020927324630183
FOXO1,LYN,0.013992570754331107
IRF8,EGR1,0.01398501583801333
ZBTB16,CASP5,0.013970102141813344
TCF7,KIT,0.013910884742774672
PAX5,LIPA,0.013907620454069156
XBP1,IGLC3,0.013905624135245697
STAT3,THBS1,0.01387375232748673
IRF4,CD5,0.013838608213725378
STAT4,C1QB,0.013838001767424496
PAX5,SELPLG,0.013836308277786133
BACH2,BIN2,0.013814416303061988
TBX21,PDIA6,0.013762582343926818
STAT3,ITGAM,0.013758528961635557
POU2AF1,LEF1,0.013758218222791692
ARG1,TRAT1,0.013695103932828624
PRDM1,BIRC3,0.013692417143611758
JUN,MGST1,0.013691342191550817
STAT5A,S100A12,0.013686716307851473
MYC,LYN,0.013684153517683767
RORA,FTH1,0.013682620317099976
IRF4,FAS,0.01367700897866176
POU2AF1,ICAM1,0.013666610876887883
EGR3,TNFSF8,0.013649628866861673
PAX5,RUNX3,0.013648254400564257
TCF4,EGR3,0.013648082642113389
STAT4,STAT1,0.01360686524461393
RORA,ENTPD1,0.01359888039580132
XBP1,TMEM97,0.013589897335720443
FOXP3,TRIB2,0.013573839501429302
ARG1,IL7R,0.013540057099406888
TCF7,ARL4C,0.013503623171699257
STAT1,HLA-DPA1,0.01349427485221969
TCF4,GNAI2,0.013492400203090688
TBX21,ITGAE,0.013476518878991586
POU2AF1,RGS1,0.013429803637944639
BCL6,TCF7,0.013414837245385275
STAT1,CASP5,0.013393478527135046
TCF4,NINJ2,0.01337534119861503
ARG1,CCL5,0.013370487721436551
PRDM1,PTTG2,0.013365337901629049
IRF4,CD3D,0.013329928494476643
XBP1,IL12RB2,0.013279085171922925
EGR3,SNCA,0.01325246115315338
TCF4,LAIR2,0.013245325866851634
BCL6,CXCR2,0.013237249245520829
FOSL1,PCNA,0.01323612271532475
POU2AF1,NKG7,0.013232330811228848
STAT3,FCGR3A,0.013197575331102884
STAT4,IGHD-membrane,0.013182790260459445
POU2AF1,KLRK1,0.013181225693747477
KLRG1,GZMB,0.01316900773213478
PRDM1,JCHAIN,0.013152017181319012
KLRG1,CNOT2,0.013128128761150064
BCL6,LYN,0.0130527737209544
IKZF1,CXCR2,0.01301364897881322
KLRG1,CASP5,0.01299728598452295
RORA,PDIA6,0.012995018869462032
STAT4,MGST1,0.012980953085800648
ARG1,HLA-DMA,0.012967130294331178
FOSL1,MYC,0.012952252552271667
BACH2,CD72,0.012915909527544853
IRF8,TIGIT,0.012911280550408449
ARG1,TIGIT,0.01288768512650289
TBX21,IL7R,0.012815652352197423
ZBTB16,TRIB2,0.012814149094338484
FOXO1,PAX5,0.012762027767026313
STAT1,IGHD-membrane,0.012714274400402334
PAX5,F13A1,0.012669800804341097
XBP1,CXCR2,0.012653996435092098
KLRG1,FOXO1,0.012653993799527037
STAT3,IL2RB,0.012651057207769363
STAT5A,IL6,0.012601628601898172
PAX5,CST7,0.012590513622504459
RORA,CCL2,0.012588520704521624
PAX5,BCL11B,0.012559613994424939
IKZF1,FLT3,0.012531081482189696
STAT5A,KLRF1,0.012524217833910646
FOXO1,ADGRE1,0.012467384323091552
RUNX3,BLNK,0.012461972094380235
BACH2,DOCK8,0.012438251205149962
ARG1,CTLA4,0.012422177747687713
BCL11B,CD74,0.012418947450019478
STAT1,TXK,0.012389276635876243
STAT3,CCL3,0.01237482939438264
IRF4,IFITM3,0.01236734264405123
TBX21,IKZF1,0.012358621007036623
JUN,ATF6B,0.012340011622968248
ZBTB16,CCL2,0.012337415153794579
ATF6B,HLA-DQB1,0.01231949059686418
KLRG1,BIN2,0.012267035746148732
TCF7,LAMP1,0.01224698656886192
KLRG1,IL18,0.012192445944473732
STAT4,VEGFA,0.012137644472609036
IRF4,CD34,0.012125251544603168
KLRG1,BCL6,0.012118564503583146
POU2AF1,ITGAE,0.012104219868636244
ARG1,THBD,0.012072881869242795
XBP1,MS4A1,0.012068407825867085
POU2AF1,YBX3,0.012067035035987491
STAT3,CLEC4D,0.012066679763608597
BCL6,POU2AF1,0.012061231838474963
IRF8,CCND2,0.012040411569817494
PAX5,ADA,0.012029504265496897
ZBTB16,VNN2,0.012025944785574196
TCF7,CCR7,0.012024098531402353
EGR3,CD5,0.012006277578251087
IRF4,BTLA,0.012004174637491106
STAT5A,PIK3IP1,0.011978563988901448
ARG1,RNASE6,0.01197266752112284
IKZF2,EGR1,0.011970731440235824
EGR1,CD37,0.011960860151568572
PRDM1,CD247,0.011938361499456701
ARG1,FTH1,0.011936917195689106
BCL6,BAX,0.011931861236710063
ATF6B,BCL2,0.011929340820146172
TCF4,TBX21,0.011856258235114978
TCF7,CXCR4,0.011828385447922217
STAT5A,CXCL3,0.011794396156997778
EGR3,CXCL8,0.011774331152255867
ZBTB16,MYC,0.011772965211224935
STAT3,IGHG1-secreted,0.011763436664652543
ARG1,STAT1,0.01173718850227738
POU2AF1,ITGAM,0.011724345038936853
STAT1,PIK3AP1,0.01170660827195154
EBF1,DOCK8,0.011696545270184827
KLRG1,ITGAE,0.011629943387007034
STAT4,FAM65B,0.011589377956838122
STAT1,CXCL1,0.01157465468584772
ARG1,CCND2,0.011572841927853983
ARG1,C1QB,0.011561062799542679
STAT6,TRAT1,0.011548387294799197
IRF4,S100A10,0.011539941087876806
IRF4,CD3G,0.011526608731099952
ATF6B,IL4R,0.011464147770108306
BCL6,CLEC4E,0.011458015673808044
POU2AF1,CST7,0.01142709180812381
STAT1,S100A9,0.011419518093674419
BACH2,S100A9,0.01141782829332172
IKZF1,VNN2,0.011385609098823165
TBX21,TRAC,0.011377316440387503
POU2AF1,IL18,0.011365798322084586
STAT5A,JUNB,0.011352868098369743
BCL6,PCNA,0.01133803797145006
TCF7,IL32,0.01132574874653035
PAX5,RPN2,0.011315639349249
FOXO1,ENTPD1,0.01130842693875753
BACH2,JUNB,0.01130533272096336
ARG1,LAT,0.011289695847100184
RUNX3,CD200,0.011267108217805426
JUNB,CCR1,0.011233517954267533
STAT4,ENTPD1,0.011224056748622167
ARG1,TNFSF8,0.011202106141944312
TCF4,GZMA,0.011190161837879057
EGR3,LAT,0.011187566659070928
PAX5,KLRB1,0.0111504531334283
EGR3,TNFSF13B,0.011130765898499166
PAX5,CD5,0.01111432639938718
PRDM1,PASK,0.011112108638738906
STAT4,S100A10,0.011097497513011657
ZBTB16,JUN,0.011088672266618605
MYC,ADGRE1,0.011087129721990652
ATF6B,LYN,0.011079253178258103
IKZF1,IKZF2,0.01107299242031785
TCF4,C10orf54,0.011062385338748235
IRF4,FAM65B,0.011052406105794334
BCL6,PASK,0.011046110635874443
ZBTB16,IL1B,0.011038239872591228
RORA,IGHM-membrane,0.011025671764136569
IRF4,FYN,0.011015321068880769
STAT5A,FYB,0.011005901135314565
EGR3,LYN,0.010988075815297224
TCF7,IL7R,0.010950239951101054
STAT3,DUSP1,0.010944730950172534
POU2AF1,CCR7,0.010941306827638567
TBX21,FOXP1,0.010937854107575765
PRDM1,LAP3,0.010930358080956238
KLRG1,TRAC,0.010920112510520781
PAX5,STAT3,0.010917715987409801
TCF4,CXCL2,0.010894217074145465
ARG1,ADGRE1,0.0108787478725599
STAT1,ITGB2,0.010875201783727183
BACH2,FCGR3A,0.010867947913279528
ZBTB16,IRF4,0.010839348460974792
PAX5,PIK3IP1,0.010832857682811918
ZBTB16,TREM1,0.010832005329196523
BACH2,EGR1,0.010830785189203778
TCF4,CD247,0.010821020491564465
ZBTB16,TOP2A,0.010799107964601404
PRDM1,KLRK1,0.010795812348859417
FOXO1,C1QB,0.010790881055371168
ZBTB16,CLEC4D,0.010772639658342529
STAT3,LYN,0.010764241474437431
ATF6B,FCER1G,0.010762845511130062
BAX,IL1B,0.010751304944100632
EGR3,TRAT1,0.010725272362376415
PRDM1,CD38,0.01067649248184393
STAT4,ANXA5,0.010665839794585654
TCF7,LYN,0.010645569599022417
EGR3,BTG1,0.010639078401378167
FOXO1,CLEC4D,0.010624452352568186
PAX5,TBX21,0.01060991969034522
TBX21,LEF1,0.010598747915270976
IKZF1,CD8A,0.010587662772926491
POU2AF1,NINJ2,0.010549806029580435
STAT3,UBE2C,0.010543072549233224
STAT1,CBLB,0.010531326448632689
TCF7,KLRK1,0.010525597428248285
PRDM1,TNFSF13,0.010516545155387642
POU2AF1,IL32,0.010494340327721795
STAT1,GZMA,0.010492758584352321
BAX,IFNG,0.010442976248134323
STAT1,CXCR5,0.01044254768467259
PRDM1,PCNA,0.010439104041826946
TBX21,CXCL8,0.010430113374038106
KLRG1,TRIB2,0.01042526869434946
PRDM1,CD3G,0.010418061015403724
TCF7,CNOT2,0.010395698276148566
STAT4,IGHG1-secreted,0.010376132491015546
PAX5,KLRF1,0.010375679560428931
BACH2,ARG1,0.010368695308253711
ZBTB16,CHI3L2,0.010350509520180223
STAT4,IGLC3,0.010345588385602057
EBF1,CD37,0.010324693670388763
EGR3,PRDM1,0.010324409503909879
KLRG1,CCL5,0.010296870373656812
EGR3,BCL2,0.010292585394222611
PAX5,ITGAX,0.010287223911918138
IRF4,TARP-refseq,0.010283147397058559
TBX21,THBS1,0.010277546886723766
TCF7,PTPRC,0.010274543549347514
TCF4,TNF,0.010255297608858018
RORA,CD24,0.010254756756133816
FOSL1,SNCA,0.01023310010012612
POU2AF1,CCND2,0.010208985810777827
KLRG1,HLA-DMA,0.010205819098414391
ARG1,PRF1,0.01014979436011483
RUNX3,NT5E,0.010148018902637248
ZBTB16,JUNB,0.010134382810443949
EGR1,IL3RA,0.010113670384130502
TCF4,PIK3IP1,0.010095898129415162
STAT3,FTH1,0.010091989528497438
BACH2,LTA,0.010074310962323085
STAT1,CXCR4,0.010071013164086762
POU2AF1,BCL2A1,0.010036565816757399
STAT5A,DUSP2,0.010004283832832117
TCF4,CD14,0.009994008265303394
TCF7,CD3E,0.009987887780475288
BCL6,IL1R2,0.009980997559195223
TBX21,CXCL2,0.009968365193746661
STAT1,RPN2,0.009958021907004155
JUN,CCL20,0.009943034749064484
POU2AF1,ITGAX,0.009940802371915747
PAX5,IFITM3,0.00993806293671695
ARG1,GNLY,0.009902743882203306
ZBTB16,BCL2A1,0.009855901292412579
FOXP3,ICOS,0.009849056525954223
STAT5A,BCL11B,0.009799005665060494
STAT5A,CD247,0.009787990195442412
PAX5,TNFSF13B,0.009728607335550863
IKZF2,LCK,0.009716129612601201
IRF4,TRBC2,0.009712008714454436
BCL6,ITGAE,0.009695651751209906
PRDM1,ADA,0.009680483072817436
IRF4,IL7R,0.009640881368269833
POU2AF1,S100A10,0.009638496681155687
BCL6,CD3E,0.009606744314998014
STAT5A,CHI3L2,0.009590799033401199
STAT1,CCR7,0.009581993420592768
STAT1,BTG1,0.009576168378576664
STAT1,IER3,0.009572281107595566
JUN,EBF1,0.009562060013954144
BCL11B,JCHAIN,0.009556576522868608
PAX5,DUSP1,0.009546322899236426
ARG1,PCNA,0.009535877930023263
ATF6B,BAX,0.009529530951973864
TBX21,CD3D,0.009520143227910928
ARG1,LAIR2,0.009507963272095712
PAX5,PRF1,0.009507228219674356
EBF1,HLA-DPA1,0.009505566526877408
ZBTB16,PDIA4,0.009502816425202915
TCF7,CCND2,0.009491681261409002
BACH2,S100A12,0.00949115564271755
BACH2,CCL5,0.009488787961263892
BACH2,CLEC4E,0.009481785823716816
PAX5,CLEC4E,0.009462729853782386
TCF7,JUN,0.009458165099553974
STAT1,FCGR3A,0.009354070606041388
TCF7,TXK,0.009348547132185773
STAT4,CD24,0.009340558164141073
EBF1,CD69,0.009308501453209618
BACH2,LIPA,0.009307733072816566
PAX5,PTPRC,0.009303057898068717
KLRG1,CXCL2,0.009298484359658528
RORA,TRBC2,0.009297134479224877
STAT4,CD79A,0.009270726651705398
TBX21,RORA,0.009268334537944
BACH2,S100A10,0.009262856248150004
FOXO1,IER3,0.00926030185080086
IKZF1,PIK3AP1,0.00925456149044006
BACH2,CD27,0.009229870040975101
BCL11B,CTSG,0.009214950671719695
BACH2,CBLB,0.009171337136004445
EGR3,IL23R,0.009168497235526837
TCF4,NCR3,0.009166799268794221
BACH2,PRF1,0.009166730733771814
BACH2,CD63,0.009159627453320968
IRF4,CTLA4,0.009111947377928042
IKZF1,CD72,0.009108556060233352
BCL6,TRAT1,0.009096690168756912
FOSL1,STAT4,0.0090768938938573
XBP1,APOBEC3G,0.009068389034459933
ARG1,TRIB2,0.009065878465665143
POU2AF1,FYB,0.009053664756367664
PRDM1,TRAT1,0.0090485978860008
PRDM1,TNFSF10,0.00902087499787171
STAT3,CXCL16,0.009012596837935885
PRDM1,CHI3L2,0.009012532765939092
STAT3,CD160,0.009005672794504494
STAT1,CD44,0.008978962955801346
POU2AF1,FCER1G,0.00897509861804027
ARG1,NCR3,0.00895009927385281
STAT3,CSF2,0.008921129575169074
STAT4,FOSL1,0.008918848557068586
STAT5A,CD8B,0.008910170182261468
TCF4,CLEC4E,0.008906029729832912
STAT4,HLA-DPA1,0.00890593135087531
PAX5,CCR7,0.008904499129846248
RORA,CD79A,0.00889408932130783
ARG1,CD44,0.008880783706908122
STAT1,ADA,0.00887710696946655
ZBTB16,PASK,0.008861123761011286
TCF7,TSPAN32,0.008852883936053126
PAX5,APOBEC3G,0.008845883849401019
STAT6,FTH1,0.008833028792046838
TBX21,FAS,0.008816157143266896
STAT1,IRF8,0.008814915196241812
ZBTB16,PAX5,0.00879875470018222
IRF4,CXCL1,0.008793398367239705
STAT3,JCHAIN,0.008775565319445537
PRDM1,PDIA4,0.008774085996250399
KLRG1,ALAS2,0.008769812230605852
FOXO1,ZBTB16,0.008769492408037417
EGR1,GNLY,0.008759748940506108
PAX5,IGBP1,0.008739920279539688
STAT3,RNASE2,0.008737255613286891
TCF7,BAX,0.008733238555391983
KLRG1,GZMK,0.0087166863384996
ZBTB16,SLC7A7,0.008686557707093813
PAX5,JUNB,0.008615470285619408
ARG1,IGKC,0.008613203826251121
STAT5A,IL1RN,0.00860272942561262
POU2AF1,CXCL2,0.00859638293908316
IKZF2,BIRC3,0.008568666027628593
FOSL1,GZMK,0.008549469465361847
STAT1,CXCL2,0.008496398246149025
FOXO1,IGLC3,0.008490598819224544
KLRG1,IL32,0.00848253520623992
TBX21,IL12RB2,0.00846540902962668
ZBTB16,FAM65B,0.008427610595743257
ATF6B,CBLB,0.008406714243552884
BCL6,LIPA,0.008395288270574244
STAT3,FOSL1,0.008395135684044198
ZBTB16,CD44,0.008383967209530276
POU2AF1,VPS28,0.0083746035803378
KLRG1,CD3E,0.008372669108407813
STAT5A,S100A9,0.008349625135602348
MYC,BLNK,0.008322344889783338
ARG1,TRAC,0.008305226145177522
ARG1,GAPDH,0.008280734305139393
STAT5A,TRDC,0.008280396077323542
TCF4,IL1RN,0.00825149524752032
ARG1,TGFBI,0.008246761515583387
PAX5,CNOT2,0.00824504161590782
IKZF1,RNASE2,0.008242145473924913
TCF4,GIMAP2,0.008240496500206066
ARG1,IL15,0.0082361108039736
STAT1,CNOT2,0.008194219400069716
STAT5A,YBX3,0.008191779288185274
PRDM1,CD3D,0.008163531025466804
FOXO1,AURKB,0.008130940972449851
KLRG1,IGHM-membrane,0.008119298845652233
FOSL1,STAT3,0.008098079748827468
STAT1,BCL11B,0.008063326300642758
STAT3,IKZF2,0.008054715592016835
EGR3,S100A12,0.008049282111464709
ARG1,FCGR3A,0.008048605537249313
STAT3,TMEM97,0.008039805053081201
STAT5A,C1QB,0.008039732494788787
TCF7,AQP9,0.008039393408219032
IRF8,MCM4,0.008028938199415369
ARG1,IL18R1,0.008027058669442637
PRDM1,IL23R,0.008025022451211063
EGR3,FAM65B,0.008012117471485242
FOSL1,CD37,0.007972645071865542
ATF6B,CD6,0.007933329805857143
ZBTB16,CD1C,0.007907510300940184
STAT1,PIK3IP1,0.0079059293023323
POU2AF1,BACH2,0.007899743045941716
STAT5A,CCR7,0.007899700787048795
RORA,CTSD,0.00788804782785402
ZBTB16,CD14,0.007880630694784257
IKZF2,PCNA,0.007865695143871724
EGR3,CD3D,0.00785515847144073
POU2AF1,SELPLG,0.007845370132258543
ZBTB16,IL32,0.007842038451347611
EGR3,LEF1,0.007825625076228452
PRDM1,IKZF2,0.00781992100877916
BAX,TNFSF14,0.007790658431427417
BCL11B,CTSD,0.007773341224958839
IRF4,IER3,0.007762955621643655
FOXP3,IL2RB,0.007744645041758702
STAT6,BIN2,0.007733082120352882
POU2AF1,LAMP1,0.0077117283028125755
IRF4,TGFB1,0.007687814148107581
PRDM1,IGLC3,0.007687472074067665
IRF4,DUSP2,0.007674427195663393
STAT5A,LAT,0.007662505498510496
STAT3,IL1RN,0.007644203860878418
IRF8,LAMP3,0.007626218762781923
TBX21,MZB1,0.007578424242553235
PAX5,CD14,0.00754838050307498
TBX21,CHI3L2,0.007532618340445344
BCL11B,IL15RA,0.007485506623642447
KLRG1,IFNGR1,0.007475477264087389
BACH2,ARL4C,0.007463093235853948
IRF8,TNFRSF25,0.00746270920111481
KLRG1,CD44,0.007462662304908622
BACH2,CD37,0.007461959346891965
BACH2,POU2AF1,0.0074500145559350485
TBX21,CD163,0.007446015586670259
ZBTB16,THBD,0.007444463700313265
ZBTB16,CD24,0.007435297780511859
IRF4,CPA3,0.007433433863793277
BACH2,PASK,0.0074279648062531645
EGR1,FOXP3,0.007426013204560462
BCL6,CCL5,0.007418000089581409
FOSL1,FAM65B,0.007414210053314232
XBP1,THBD,0.007411563784885448
KLRG1,ARL4C,0.007397297102661835
PAX5,FCN1,0.007393630050695075
PAX5,IFNGR1,0.007387757019596033
STAT1,CD247,0.007385466226802348
IRF4,BCL11B,0.007371412020620442
IRF4,TMEM97,0.007370149573961382
IRF8,TRIB2,0.0073698509153581025
RORA,TLR2,0.007354743173139604
POU2AF1,CD247,0.007350689392155649
PRDM1,IGHG1-secreted,0.007347367007322719
TCF4,ITGB2,0.007333221120071363
PRDM1,CD72,0.0073143831937014315
ARG1,IFNG,0.007312989568444632
PAX5,ANXA5,0.00729494416638963
XBP1,TIAF1,0.007292864370398925
BCL6,HLA-DRA,0.0072853018095639386
STAT4,BIRC3,0.0072707014048678294
TCF4,BIRC3,0.00726267204010195
TBX21,LAT,0.007255750860494908
BACH2,ADA,0.007211148408620947
TCF4,PRF1,0.007209274754070634
TBX21,CCND2,0.007206182716748241
EGR3,TLR2,0.007203685942356468
FOXO1,CD79A,0.007202780724151011
RORA,PRF1,0.0071923236903133625
BCL11B,AURKB,0.0071900351592814405
FOXO1,HMMR,0.007188575252136188
EBF1,IRF8,0.007186403290534273
FOXO1,IL12RB2,0.0071826378954265215
STAT6,LAP3,0.007181610375536035
PAX5,MCM2,0.007161785757246811
FOXO1,CD9,0.007161698964453867
RORA,IL12RB2,0.007157667091938109
ZBTB16,GIMAP5,0.007153430938387737
TCF4,CD163,0.007137264087395007
TCF4,BCL2A1,0.007134932896660165
KLRG1,FOSB,0.007122514087725255
TBX21,IGBP1,0.007117160355184557
TBX21,IER3,0.007112065234974385
POU2AF1,HLA-A,0.0071073321078858765
ARG1,TARP-refseq,0.007098426858418985
STAT5A,CTSD,0.00709819259269918
FOSL1,IFITM2,0.007077569209460004
RORA,TNFSF14,0.007056417343422684
PAX5,ICOS,0.0070439805434343765
XBP1,CD72,0.007023657651209331
STAT5A,CD27,0.007019919037201687
RUNX3,CD24,0.007005281137235116
ARG1,FCER1A,0.007005126494963095
FOSL1,BAX,0.00700438006873259
STAT6,CD2,0.006997145021649434
POU2AF1,STAT3,0.006988129559472768
ARG1,BPI,0.0069761543102284445
TCF7,UBE2C,0.006962680088910805
PRDM1,CXCR5,0.006960530933072733
FOSL1,VPS28,0.006937729779838946
PAX5,CPA3,0.006907980972098876
TBX21,BCL11B,0.006904858241140034
STAT3,CST7,0.006897796937656659
RORA,STAT6,0.006889296923009006
BCL11B,KIT,0.006888562034629028
BACH2,KLRC1,0.006886743408256045
BACH2,CCL4,0.006848222414342169
TCF7,RGS1,0.006828008004589881
BACH2,IFITM3,0.006823022648916708
TBX21,QPCT,0.006817630504837564
STAT1,PRDM1,0.006798735902240174
TCF4,IKZF1,0.006797302417455982
TCF7,CD69,0.0067830524855106164
RORA,MCM4,0.006763313593909023
ATF6B,MYC,0.006759009142659895
ZBTB16,LCK,0.006754949601151091
EGR3,PRF1,0.006750546035156751
FOXO1,CXCR3,0.006731515445628297
ARG1,TREM1,0.00672797392899349
RORA,IL15,0.006727896413313959
BCL6,LAMP1,0.006722885864399784
PRDM1,TRAC,0.006722571124451073
TCF7,CXCL3,0.006698003742116268
FOSL1,FOXP1,0.006689089708644254
ARG1,ITGAM,0.006687302593979365
RORA,MS4A1,0.0066860089779551156
TCF7,SELL,0.006685187581813364
KLRG1,IL1RN,0.006680580850582004
ARG1,KLRC3,0.006678879198845415
BACH2,EGR3,0.006672832604782491
TCF4,HAVCR2,0.006655521807553586
RORA,KLRC4,0.006655247325273848
FOSL1,ITGAE,0.0066537530137214295
TBX21,TLR2,0.0066320654065730456
EBF1,CD1C,0.006625740277361577
TCF7,TRIB2,0.0066223624539249485
STAT4,CD48,0.006621941068472817
IKZF2,TRAC,0.006608236953914524
STAT3,LAIR2,0.00659530687544982
EGR3,TREM1,0.0065925387850504155
BACH2,ITGAM,0.006564745176796288
BACH2,FTH1,0.00655903723731382
BCL6,STAT6,0.006553318307162193
BCL6,IGHM-membrane,0.0065524443549913386
STAT5A,PTPRC,0.006541980652992037
ARG1,TNFRSF25,0.006537195409075384
FOSL1,LGALS3,0.006535882418276027
STAT3,ENTPD1,0.0065312997263914
BCL6,IKZF2,0.006501123888852663
MYC,IL3RA,0.006490227366729118
EGR3,CD27,0.006484378576288359
RORA,IGLC3,0.006482720684751514
STAT1,IGHG1-secreted,0.006482359655076028
EGR3,ICAM1,0.006460187707472555
STAT6,CD3E,0.0064506195808638755
FOXO1,CTSG,0.006448043635542543
TCF7,BTG1,0.006442537302192435
EGR3,DPP4,0.006439424570425921
STAT1,CD74,0.006432229635484682
EGR3,ADGRE1,0.0064314863466169
KLRG1,LCK,0.006396119737427336
ZBTB16,IL6,0.006391879368811207
KLRG1,KLRK1,0.006391170431578337
STAT3,CLEC10A,0.006390747728458614
TBX21,CD5,0.006386279431528039
BACH2,IGHM-membrane,0.006375756908700662
POU2AF1,CD14,0.006360614372545166
BCL11B,FASLG,0.006344803964832304
EGR3,RNASE6,0.006343824268419518
STAT5A,GZMA,0.006340575789723651
TCF4,CD48,0.006335316571935087
ARG1,PDIA6,0.006316199942305378
KLRG1,CCL3,0.006305936567198177
FOSL1,ITGB2,0.006303419954032543
STAT1,FOSL1,0.006291927444390872
PAX5,FCGR3A,0.00627610617228728
STAT1,ITGAM,0.0062719884189454895
KLRG1,LEF1,0.006261294791372579
BACH2,ALAS2,0.0062594228486669255
FOXP1,BTLA,0.006258315417397328
TCF4,FOXO1,0.006252699302621913
ZBTB16,NAMPT,0.006252294007303858
XBP1,IGHM-membrane,0.006251225831956995
PAX5,IFNG,0.0062402213571926555
PRDM1,IL7R,0.006230355840486951
IKZF1,TMEM97,0.006226819457698545
BCL11B,CXCR5,0.0062225327313463075
MYC,CXCR2,0.0062210525260069935
IKZF1,POU2AF1,0.006201682771495745
TBX21,HLA-DRA,0.006200941761674253
IRF4,KLRC3,0.00619419761398248
RORA,MGST1,0.00615621737130461
PAX5,IL15RA,0.006149679215393676
STAT4,VSIG4,0.006140279295275826
BCL6,LTA,0.006135206764709362
POU2AF1,ITGA4,0.006134235107978578
TCF7,TCF4,0.006121975092794291
TCF4,IL6,0.006112531993362716
STAT1,IFNGR1,0.006111151224035166
KLRG1,NINJ2,0.006110359985974991
PRDM1,EGR1,0.006105283900930069
EBF1,FOXP1,0.006087496102794437
EGR1,CXCR5,0.006083404492702234
POU2AF1,S100A9,0.006073863041517921
ARG1,BCL11B,0.006052093981513
BACH2,KLRG1,0.006036609972606341
TCF7,TNFSF8,0.005995857272048163
FOXO1,IL2RB,0.0059727281369264225
TBX21,IGHG1-secreted,0.005946543808013055
BACH2,NINJ2,0.005944117515835115
RORA,STAT5A,0.00594076998361902
RORA,FCER1G,0.005939656589396411
PAX5,DUSP2,0.005935384502721591
PRDM1,LEF1,0.005934167749760458
IKZF1,HLA-DPA1,0.0059192411971097985
RORA,POU2AF1,0.005913911049653436
STAT3,IL15RA,0.0058807308418560664
XBP1,CD8B,0.005874216594781133
TCF7,FOSB,0.005861828435547182
BCL6,SELPLG,0.005852027491029478
STAT4,TCF7,0.0058374087770833236
BACH2,TIAF1,0.005832562635052987
BACH2,FOXO1,0.005828108422425523
MYC,BTLA,0.00582647990682664
BCL11B,IGHM-membrane,0.005783272614430796
FOSL1,FYN,0.0057706390396747125
KLRG1,KLRC1,0.005749116073735895
IKZF1,HLA-DRA,0.005748635433914989
FOSL1,IL4R,0.005734948708313224
BCL6,FCER1A,0.0057245745516233135
POU2AF1,DUSP4,0.005718666278242306
EGR3,LGALS1,0.005717248875149712
TCF4,CLEC4D,0.005711318878181206
PAX5,TREM1,0.005709561578418829
STAT4,BACH2,0.005703617591563418
STAT1,LAMP1,0.005701918093414076
XBP1,CCR1,0.005699011339012445
BCL6,HLA-DPA1,0.005696217881110119
IRF4,PTTG2,0.0056756727643048925
TCF4,CXCL16,0.0056615672574079744
STAT4,CD33,0.0056532022093793485
BACH2,IGHD-membrane,0.005651786758940007
STAT5A,BIN2,0.00564767634168909
ZBTB16,TCF4,0.00564151718110385
XBP1,POU2AF1,0.005632390739885189
STAT1,CD36,0.005623598378328687
ARG1,ENTPD1,0.005622651201479141
FOXO1,EBF1,0.005619858448949879
TCF4,FCN1,0.005617664433829542
FOXO1,VSIG4,0.005615509196957557
ZBTB16,CD86,0.005605825718592048
STAT5A,GZMH,0.005597270385134839
FOSL1,CTLA4,0.005596099513899499
PRDM1,BIN2,0.005568209022158814
PRDM1,KLRF1,0.005550160976291818
POU2AF1,BTG1,0.005549887054383822
PRDM1,TRBC2,0.005542004166065727
ARG1,STAT4,0.005521637847117205
TCF4,DUSP2,0.005520880668916974
FOXP3,ANXA5,0.005519143286703803
RORA,CCL4,0.005515072273347805
POU2AF1,CBLB,0.005477735088299577
EGR3,CD8A,0.005474518910633922
EGR3,GZMH,0.005469189238309099
STAT1,HLA-DRA,0.005459941633863602
IKZF2,IL32,0.0054139577474368915
TCF7,PIK3IP1,0.005409950850852821
XBP1,IL6,0.005395768643484577
ARG1,ITGAX,0.005392670088837617
BACH2,LAIR2,0.005383702985437136
STAT1,FAS,0.005381860334934909
TCF7,FAM65B,0.005378436491686033
PRDM1,MCM2,0.0053570194685200485
ARG1,S100A10,0.005353055968052829
ZBTB16,CD48,0.005314610915699754
PAX5,CD3G,0.0053118370624592745
ARG1,PIK3AP1,0.005311251030138977
STAT3,CTSD,0.005309088618818115
ARG1,MS4A1,0.005307572489892789
TCF7,S100A9,0.005307571770634763
PRDM1,IL32,0.005300267343942291
PAX5,CD160,0.005294830061327039
IRF4,UBE2C,0.005281965096332178
STAT5A,IGHM-secreted,0.005281835721112916
KLRG1,YBX3,0.005275173758417906
FOSL1,CPA3,0.005272958406403288
STAT6,FOSB,0.00527209626691906
XBP1,CD160,0.005268892752114354
FOXO1,TNFSF13,0.0052660069396986055
BAX,BTLA,0.00524778972873315
ZBTB16,LAMP3,0.005235034443608933
KLRG1,CXCL8,0.005228625819589063
BACH2,CST7,0.005226910506822294
FOSL1,IKZF1,0.005215521250879524
TCF4,TREM1,0.00519627161060701
KLRG1,SELL,0.00518160662815557
BACH2,CXCL1,0.0051649730302310536
KLRG1,CXCR4,0.005162986919108877
TBX21,NINJ2,0.005156626868983799
FOSL1,ITGA4,0.005152487025568311
BACH2,TBX21,0.005149039060272228
STAT4,BPI,0.005138908028472264
BACH2,GZMH,0.005113875444468271
ZBTB16,CXCR2,0.0051109728115521225
STAT4,CD1C,0.005108021996596516
STAT4,CD38,0.005105971746729317
IKZF1,CD38,0.005095563859454555
STAT5A,FYN,0.005095217077513742
EGR3,CD6,0.005081899799575943
TCF7,PASK,0.005080285796214824
STAT5A,FAM65B,0.005075031358227952
PAX5,CXCL2,0.005070902985465095
STAT6,BAX,0.00506858931317073
STAT5A,IER3,0.005054541003029055
PAX5,TNFSF10,0.005053577967270147
ZBTB16,LTA,0.0050509482570028925
TCF7,ADA,0.005049091509903993
TBX21,SLC7A7,0.005044939271825682
TBX21,SELL,0.005037439341767678
KLRG1,NAMPT,0.005016598422201232
STAT5A,CD69,0.005009641853980481
TCF4,FCGR3A,0.005007589459895772
PAX5,LAIR2,0.004991169964377655
ZBTB16,ADGRE1,0.004990081161203637
KLRG1,LAMP1,0.004985385898558407
ZBTB16,CD2,0.0049753667474300945
EGR3,FAS,0.004961772298251387
PAX5,CCL5,0.004959241276070678
TCF7,CD2,0.004958229124485266
ARG1,FOXP1,0.004922912824456804
STAT3,KLRB1,0.004915859459933758
BCL6,IL15,0.004901840972624782
ZBTB16,CD28,0.004879390715153968
STAT3,AURKB,0.004878848461925792
FOSL1,RGS1,0.004876535395115971
PAX5,TIAF1,0.004867039009462525
LEF1,FAM129C,0.0048669635174558214
KLRG1,IFNG,0.004844344114220159
POU2AF1,QPCT,0.004844078079996391
EGR3,ANXA5,0.0048433031080892626
FOSL1,BTG1,0.004826118169113139
PAX5,ICAM1,0.0048256182536851626
EBF1,CNOT2,0.004825590712824856
ZBTB16,TGFB1,0.004821930160638848
PAX5,EGR1,0.004805038916329593
BCL6,VEGFA,0.004801740671363104
FOSL1,SELL,0.004793620282519309
PAX5,FAS,0.0047910442907105645
PRDM1,CD44,0.00478515150716637
POU2AF1,CXCL8,0.004761939327594834
TBX21,IL23R,0.004761154217662657
IRF4,CCL2,0.004753112161060445
PAX5,FOXO1,0.004738735486721103
ARG1,DUSP2,0.004725667589948088
RORA,CCR1,0.004716823623453303
PRDM1,JUNB,0.004707850970725168
STAT6,ADA,0.004704630920979028
TCF7,FOXO1,0.00469621096043842
IRF8,CD200,0.004692375043727572
BCL6,CLEC4D,0.004655424791385443
BCL6,CD5,0.004654365480285171
POU2AF1,DUSP1,0.00464683133709242
EGR3,RPN2,0.00463531771060518
FOXO1,TNFSF14,0.004629639810062245
STAT1,S100A12,0.004627190381819236
PAX5,CSF3,0.004605297084462222
ZBTB16,CLEC10A,0.004602947024684508
STAT1,DUSP1,0.00460040132163996
ZBTB16,CD8A,0.004594237709766484
PAX5,ZBTB16,0.004589105007912309
STAT5A,CD3E,0.00458520104930159
ARG1,CD72,0.004576759411535998
ARG1,ARL4C,0.004573670005283504
POU2AF1,TNFSF13B,0.004569161820517517
ZBTB16,S100A12,0.004566401001836518
BACH2,THBS1,0.004560403148590716
STAT5A,CCL20,0.0045507348505259265
BACH2,TRIB2,0.004542015650353439
STAT1,FOSB,0.004519079509318993
FOSL1,DUSP1,0.004506947000361971
FOSL1,IL32,0.004496132555429369
ARG1,CCR7,0.004485245955903798
BACH2,RNASE6,0.004478421440652516
PAX5,NKG7,0.004469661794756033
EGR3,CD52,0.0044638180682398405
EGR3,GZMA,0.004453671114158132
POU2AF1,KLRF1,0.004452147008948573
POU2AF1,LAT,0.004451820861993582
TCF7,CXCL2,0.004424869440315413
FOSL1,CD6,0.0044038323088671965
TBX21,BCL6,0.004390438051907868
ZBTB16,HLA-DPA1,0.004360491171490362
EGR3,CXCR4,0.004358101683852262
PRDM1,CD160,0.004351727636371587
MYC,TGFBI,0.00435148654421016
EGR3,LIPA,0.0043486613264038755
BCL6,PTTG2,0.004323230123544429
BACH2,NCR3,0.004322126319097251
TBX21,CD2,0.004315159539438482
STAT4,LAMP3,0.004313695485724759
STAT6,ICOS,0.004306708900300057
ARG1,CD244,0.004306474049034263
STAT5A,CD79A,0.004300196346806142
ARG1,SELL,0.004286348471396226
BACH2,TREM1,0.004284400553385644
ATF6B,ITGB2,0.004282125815655829
POU2AF1,GAPDH,0.004276143793187871
BCL6,ZAP70,0.004263712656256095
ZBTB16,TNFSF8,0.004253859921476619
ZBTB16,C1QB,0.004252223973018882
STAT3,ADGRE1,0.004241642056098002
IKZF1,FASLG,0.004222009826814517
BACH2,KLRC4,0.0042198854854600355
BCL11B,CXCR2,0.0042163704030202375
FOXO1,IL1B,0.00421285964819605
ARG1,CTSG,0.0042081592657964954
TBX21,JUN,0.004207113326394584
BACH2,NKG7,0.004204762693989309
STAT5A,S100A10,0.004183766621835031
BACH2,IL1RN,0.004177051838092223
FOXP3,CASP5,0.004173143503273215
TCF4,CD5,0.004172654780731717
POU2AF1,CD36,0.004167182164377898
STAT5A,ITGAM,0.004163669987087762
STAT5A,TXK,0.0041627958994448384
TCF7,CD48,0.004160557212533964
ARG1,CLEC4D,0.004148798786826224
IRF4,CD33,0.0041417369243297066
TCF4,ALAS2,0.004135059256011711
LEF1,TOP2A,0.004132253135958805
STAT6,CXCL1,0.004128110885669427
STAT5A,VPREB3,0.00412170840293139
TBX21,CLEC4E,0.0040984907450520285
ZBTB16,IL23R,0.004064569622322848
STAT1,TNFRSF25,0.004058236771497837
BACH2,QPCT,0.004056046281470257
EGR3,CTSW,0.00404763973099174
TBX21,CD3G,0.004045035895426337
IRF4,KLRG1,0.004034071342581683
ARG1,IL4R,0.004032563084059165
PAX5,FCER1A,0.004025118839493703
TCF4,ITGAM,0.004022382898928933
TBX21,LAP3,0.004007453814667219
POU2AF1,FTH1,0.0039980162018229525
STAT5A,TIGIT,0.00399162712467668
ARG1,LAT2,0.003982249915474194
TCF4,CD69,0.003980747569534602
STAT1,GNLY,0.00397374839704049
ARG1,GIMAP2,0.003968138737249845
FOXP3,JUNB,0.003960904523995376
ARG1,MGST1,0.003955776368409733
BCL6,C1QB,0.003954187545533117
KLRG1,S100A9,0.0039523409296552
TCF4,LEF1,0.003942454936695355
IRF4,KLRF1,0.003933365845818751
PAX5,IL23R,0.003885972319230015
KLRG1,MS4A1,0.0038784870760222587
STAT3,CD74,0.0038758866967108113
PAX5,CD36,0.003872883343591023
PAX5,CSF2,0.0038667220437367017
BCL6,ANXA5,0.003862966813210922
IRF4,CD38,0.0038621899066465255
EGR3,CD69,0.0038559807521672982
PAX5,CD163,0.003852453972409846
PAX5,LAP3,0.003850225391055401
ZBTB16,IGKC,0.003846178942604144
STAT5A,IL7R,0.003837473874549152
PRDM1,ATF6B,0.003821095609376455
RORA,ADGRE1,0.0038141436649855977
BACH2,ICAM1,0.0038119299834337133
PRDM1,CXCR3,0.00380634821133989
STAT5A,BCL2,0.003799784369030603
XBP1,PDIA4,0.003791707491876927
TCF7,CD6,0.0037715111611259385
ARG1,CNOT2,0.003769195686979706
STAT1,KLRC1,0.003754604342520902
STAT3,CCL5,0.0037369432990976615
BCL11B,KLRB1,0.0037336900560479185
POU2AF1,CD28,0.00372659056275241
TBX21,BAX,0.003723932856019063
BCL6,MZB1,0.0037235625365972897
TCF4,ITGAX,0.003706304278272047
PAX5,DOCK8,0.003705708096487949
TBX21,LTA,0.0036906208946697956
EGR3,ITGAX,0.003687842736010982
ZBTB16,EGR3,0.0036866927215195777
TBX21,CD48,0.0036838589701566004
TCF4,CCR7,0.003679600325872236
RORA,FOSL1,0.003673097777474115
BACH2,IGHM-secreted,0.0036692950397731665
IRF4,ITGA4,0.003655704271691684
ARG1,TRDC,0.003646611895268937
XBP1,VSIG4,0.0036425741216591003
KLRG1,GNAI2,0.003640999603074926
ARG1,DPP4,0.003633972734300949
BACH2,TIGIT,0.003633674631298109
TBX21,CD3E,0.003633596465256896
EBF1,MYC,0.0036306462006794205
EGR1,EBF1,0.003628846386492957
BACH2,ITGB2,0.0036228812791074664
STAT1,CD69,0.003616437535020861
TCF7,NAMPT,0.0036086213189546854
IRF4,BPI,0.0036009719659711877
EGR3,IL7R,0.0035946048250217336
JUN,BLNK,0.0035812829113885175
BACH2,BCL2A1,0.003579557764190661
STAT4,CD22,0.0035723296270139173
TCF4,CD52,0.0035708834227029377
ARG1,KIR2DL1,0.0035686793952031245
TBX21,CD86,0.003557626373383063
STAT6,FOXP1,0.0035540330862038377
RORA,CD1C,0.0035534422484003484
ARG1,RPN2,0.0035509388281741976
RORA,ARG1,0.0035500765938430725
STAT5A,ITGB2,0.00354590199144763
TCF4,CNOT2,0.0034944822525938366
BAX,CD38,0.003494091449967522
ZBTB16,TRAC,0.0034823310780533172
IKZF1,NT5E,0.00348195418213857
PAX5,VNN2,0.0034652044982468413
IKZF1,CD34,0.003463012156319244
BACH2,FCN1,0.003460403721066882
STAT1,BACH2,0.0034599395190483004
TBX21,PTPRC,0.003437490640628441
BACH2,LYN,0.0034342311701909094
BACH2,ANXA5,0.003431861969865048
MYC,TGFB1,0.0034312684039577795
BCL6,TXK,0.00342847584309
PAX5,IL2RB,0.0034145718264601732
EGR3,CD24,0.003399783823245947
ZBTB16,VSIG4,0.0033982873548492774
POU2AF1,IFNG,0.003396161066601424
BCL6,CTLA4,0.0033630372703839506
FOXP3,THBS1,0.0033570506670061125
STAT5A,IRF4,0.003345878420731864
POU2AF1,KLRC3,0.0033396865302149567
TCF4,TRBC2,0.003338377602427189
ARG1,GIMAP5,0.003334166349307247
STAT6,FYB,0.0033266769354440883
ARG1,CD22,0.0033246163764878264
FOSL1,NKG7,0.0033142842563126714
TCF4,CD3E,0.003308719282959791
KLRG1,SNCA,0.0033077365134378985
FOSL1,RPN2,0.0032991593878576816
STAT5A,CSF3,0.0032982316283484683
ZBTB16,BACH2,0.003292221357769024
IKZF1,CD22,0.003281476911445772
STAT5A,IL32,0.003276632614280565
STAT1,RUNX3,0.003275057083312259
RORA,LGALS1,0.00326944359346693
POU2AF1,PIK3IP1,0.0032580611730492364
POU2AF1,IKZF1,0.003249153308996407
STAT1,PASK,0.003248491786221086
FOSL1,KLRB1,0.0032440035815485225
IKZF2,FOSB,0.0032264731608602428
RORA,GZMH,0.003224667160387431
TCF7,GNLY,0.0032157349813256636
RORA,ZAP70,0.003210305173070885
STAT6,RGS1,0.003209914989252861
STAT6,CXCL8,0.0032029945907436587
STAT6,S100A10,0.00320261039707866
STAT1,CD48,0.003187491981447496
STAT5A,IL1R2,0.0031754364195511323
POU2AF1,CCL5,0.0031634239524567127
BACH2,IL6,0.0031600073432385234
STAT5A,TCF7,0.003152114898296444
IKZF1,BPI,0.003151942075343919
PAX5,AQP9,0.0031405496261847324
FOXO1,FLT3,0.0031387377781911586
ZBTB16,IGHM-secreted,0.0031336607106574495
BAX,BLNK,0.003129649861180742
STAT5A,HAVCR2,0.003125894758643964
IRF4,KIR2DL1,0.003122314651571934
BACH2,CD247,0.0031057641239502906
STAT5A,RUNX3,0.0031054756698397573
TCF4,KLRB1,0.003074333702457424
BACH2,CLEC10A,0.0030676350878980946
TCF4,VNN2,0.0030605195783575652
TCF4,TNFSF10,0.0030590974603574624
STAT1,ITGAX,0.0030488731717904635
EGR3,CD160,0.003027732249053954
STAT5A,JCHAIN,0.003015530877290999
IRF4,BIN2,0.0030125383095420855
FOSL1,LAIR2,0.003010208468743059
EGR3,IKZF1,0.0030066694815045034
TCF4,TRIB2,0.0029931576948751207
TCF7,CD5,0.002989352991361857
POU2AF1,CD6,0.002986802071068862
TCF4,GIMAP5,0.002979580279980449
EGR3,CD44,0.0029755609708659596
MYC,NKG7,0.002967810461821487
STAT6,CCR7,0.002966735840070739
XBP1,NCR3,0.002952495920830671
PAX5,KCNE3,0.0029501423624985422
STAT1,LYN,0.0029491682423917836
STAT5A,GIMAP5,0.002948774723606152
TCF7,GNAI2,0.0029395910524308328
ARG1,TCF7,0.002937365930207654
ZBTB16,SELL,0.0029368041516616384
EGR3,TXK,0.0029313157560516214
STAT4,TOP2A,0.0029252813634110275
FOSL1,GAPDH,0.0029170234069116055
KLRG1,FTH1,0.0028909584403188616
POU2AF1,TLR2,0.0028889806345805554
STAT1,CLEC4E,0.002884422303584908
STAT3,CD1C,0.0028782923949560377
IRF4,CCR1,0.0028695188863596126
JUNB,BLNK,0.002858468089094438
STAT5A,ENTPD1,0.0028547293657189706
BACH2,ICOS,0.0028270934253392986
TBX21,GNAI2,0.0028250691398874987
IRF4,TRAC,0.002809328692607062
POU2AF1,BAX,0.002806216504681197
IRF4,CD14,0.0028040869533806204
PRDM1,DOCK8,0.0028025679931882167
IRF4,VPREB3,0.0027962642468947084
TBX21,TXK,0.0027893359273242243
KLRG1,FOXP1,0.0027868743683552607
STAT1,CD5,0.0027792207263752544
EGR3,CCL5,0.0027772425018681426
STAT1,TRAC,0.0027708143831927934
STAT1,IFITM2,0.0027640414455756723
ARG1,KLRC4,0.002744405859378188
EGR3,PIK3IP1,0.0027373065052394346
STAT1,CTSW,0.0027201175459758337
BCL6,TIAF1,0.002715017539135621
IRF4,LGALS9,0.0027143545082162477
EGR3,BAX,0.002709199963716402
BCL6,CD33,0.0027056103216440354
FOSL1,IGHM-membrane,0.002693663750203902
FOXO1,IGKC,0.0026887754280082807
TBX21,CXCR4,0.002687046778384844
BCL11B,BLNK,0.002672540376630199
ARG1,CD160,0.0026621223900818508
POU2AF1,CD3E,0.002647889377660312
BACH2,IRF8,0.0026408216663500045
XBP1,F13A1,0.0026400640431445866
KLRG1,TSPAN32,0.0026398760822783592
PAX5,KLRK1,0.0026346264317382885
IRF4,CXCR2,0.0025981877583395973
TCF4,LCK,0.0025887852389297754
XBP1,CD9,0.0025787635452089817
STAT3,CD72,0.002575454735668095
BACH2,TLR2,0.0025540088647659815
TCF4,VEGFA,0.002550622406426572
ARG1,VSIG4,0.002539637019154453
STAT5A,NAMPT,0.0025287093410795492
PRDM1,PIK3IP1,0.0025258538077251895
ARG1,IRF4,0.0025234098785006823
FOSL1,FCER1A,0.002521600519399722
STAT6,ARL4C,0.0025168273857766937
POU2AF1,KLRB1,0.0025070093683174405
BCL6,RPN2,0.0024919922883287985
ARG1,CTSD,0.002488543666959801
BACH2,CSF2,0.002487224490972546
IKZF2,FYB,0.0024823202196540255
EGR3,LAP3,0.002471702064998594
ARG1,LGALS9,0.0024660782246888604
ZBTB16,BAX,0.0024513320043669886
EGR3,LAIR2,0.00244980678468799
ARG1,CD3G,0.0024379585479612797
IRF4,IFITM2,0.002430094285732803
STAT5A,KLRK1,0.0024268091920270174
STAT3,IGHM-secreted,0.002420819153048567
ARG1,TXK,0.00241418337564047
FOXO1,GZMH,0.0024094162117765145
IKZF2,CD3E,0.002399653632920863
TBX21,RNASE6,0.002399510576697133
STAT6,PASK,0.002392462807707365
RORA,IL15RA,0.0023782347376914738
STAT5A,IL3RA,0.0023764826040315336
PRDM1,IFITM2,0.002371893984917487
ARG1,CASP5,0.002367006178407793
ATF6B,CNOT2,0.002364394482303521
XBP1,TIGIT,0.002361399053375727
ZBTB16,CD4,0.0023601658739731512
STAT6,DUSP1,0.00235912962866946
TCF4,CD3G,0.002349032720349058
PRDM1,CD3E,0.002344872594436188
PRDM1,ITGA4,0.002338218451302116
PRDM1,KIAA0101,0.0023374698113041584
KLRG1,BCL11B,0.0023269068961882335
EGR3,BIN2,0.002324861068072811
PRDM1,CPA3,0.002324396566267099
FOXO1,TGFB1,0.002321067152462997
KLRG1,TLR2,0.002314696713491455
BACH2,KCNE3,0.0023138521415552245
TBX21,FOSL1,0.002305727812324084
TCF7,FCN1,0.002303160646504505
IRF8,STAT5A,0.0023028545209037915
FOXO1,CXCR5,0.0022886972538025702
TCF4,IL7R,0.002270520630533478
STAT5A,CD48,0.00226987887468068
PAX5,ITGAM,0.002264909399563224
BCL6,MS4A1,0.0022641326732721657
EGR3,TNFSF10,0.0022633180504329662
KLRG1,CD3D,0.0022551585596648147
FOSL1,DPP4,0.0022547198257721465
IKZF2,ITGA4,0.002251676514462945
TBX21,JUNB,0.0022514618851855336
ARG1,CTSW,0.0022338082140556524
ATF6B,HLA-DRA,0.0022326305689603096
PRDM1,TCF4,0.0022280966094816767
KLRG1,FYB,0.0022267143989693206
TBX21,CD79A,0.0022153921353203127
BCL6,F13A1,0.0022153027975345485
TBX21,BCL2A1,0.0022143305977938357
TCF4,CD2,0.0022119003435237413
POU2AF1,FAS,0.00220442726071421
STAT5A,CST7,0.002204006849348733
POU2AF1,JUNB,0.002202906995714439
STAT1,ITGA4,0.0022004910540570693
STAT1,CD163,0.0021954658073841866
TBX21,FOXO1,0.0021952572351446437
STAT4,FASLG,0.0021897123171587926
STAT5A,CSF2,0.002188155379410596
IKZF1,CD74,0.0021879535329847556
BAX,DUSP4,0.0021841632193045912
FOXP3,HAVCR2,0.0021838466810885832
KLRG1,TRAT1,0.0021749883894153894
ZBTB16,STAT6,0.002172704769987969
ARG1,FASLG,0.0021724966788964177
STAT3,TGFBI,0.0021680331497763512
FOSL1,JUNB,0.002163647873031142
STAT5A,IFNGR1,0.0021633437990538477
STAT6,IL23R,0.002154241433241785
STAT1,PRF1,0.0021454005121904736
ZBTB16,TRAT1,0.002142370471769497
TCF4,CXCL1,0.002138661013763634
EGR3,IFITM2,0.002125079868469442
TBX21,IL1R2,0.0021063905334303156
XBP1,NT5E,0.0021058183812079946
BACH2,TNFSF14,0.0021031246359190835
IKZF2,CD69,0.0021008067178478187
XBP1,TCF7,0.0020693110733682367
POU2AF1,JUN,0.002068842640085718
RORA,KIAA0101,0.002056679422820385
STAT4,BTLA,0.0020461389542731525
TCF4,FYB,0.0020399227333328974
POU2AF1,DOCK8,0.0020334411803480494
ARG1,PSEN1,0.002029201274052418
TBX21,MYC,0.002028024422418461
TCF4,IFITM2,0.0020230609749085186
FOXP1,TGFB1,0.002018415128055767
TCF4,TXK,0.002013989407962531
PAX5,KLRC1,0.0020110848407503706
IRF4,KLRB1,0.002004792909112269
TCF4,PTPRC,0.0020045152755369315
POU2AF1,CTSW,0.0020024496218603418
STAT4,CTSG,0.0020020476877865632
FOXO1,TMEM97,0.0020014788148025185
FOSL1,NCR3,0.0019961115175541793
POU2AF1,FOXP3,0.0019912770540154983
EGR3,ADA,0.0019766737004800064
BCL6,CD3D,0.0019727360306236222
IRF4,FYB,0.001969452230828254
TCF4,JUNB,0.0019642162666315185
EGR3,TRAC,0.0019583406921446825
KLRG1,TYMS,0.0019560024443215822
KLRG1,IL1B,0.0019544458501932842
STAT5A,GIMAP2,0.0019465312766983097
TCF4,FYN,0.001941344177325623
PRDM1,BTLA,0.0019411785748234141
PAX5,FTH1,0.0019387316445101473
ZBTB16,CD33,0.0019342956799473952
ARG1,ZAP70,0.001933662317222978
POU2AF1,IL2RB,0.0019326647116789716
BACH2,KIR2DL1,0.0019316533697377616
STAT1,FOXP3,0.0019075740300630794
STAT6,ITGAM,0.0019049245908508304
EGR3,DUSP2,0.0019007809670239717
TCF7,HLA-A,0.0018940355206804188
STAT6,CD5,0.0018908962925269029
POU2AF1,CD8B,0.0018908576162152994
EGR3,TRIB2,0.0018860965303695177
IKZF1,FOSL1,0.00187624853848001
EGR3,TCL1A,0.0018733791649447743
ARG1,ICOS,0.001871317778353952
PAX5,GIMAP2,0.0018696961047584713
PAX5,SELL,0.0018684136161676967
BACH2,IL2RB,0.001866010111944808
FOSL1,EGR1,0.0018553997271574072
STAT5A,CCL5,0.0018526227521310397
KLRG1,IL15,0.0018516563726071792
EGR3,ITGAM,0.0018492632818936229
TCF7,SLC25A37,0.0018396508312767167
ZBTB16,CD34,0.0018277054938192255
KLRG1,CD52,0.0018182912087372318
TBX21,TOP2A,0.0018103432046222918
EGR3,ITGAE,0.001807138438319284
IKZF2,CD37,0.0017920272721522314
TCF7,ALAS2,0.001782066160778595
STAT6,PIK3IP1,0.0017768394416302622
BACH2,LGALS3,0.0017721413542656883
STAT5A,GZMB,0.0017636114273647957
IRF8,BTLA,0.0017580440405133672
PAX5,C1QB,0.0017525243185184686
TCF7,IRF8,0.0017447262243748185
TCF7,CD8B,0.0017352625898354875
KLRG1,THBS1,0.0017311611321275168
PAX5,TARP-refseq,0.0017269697013913364
EGR3,LAMP1,0.0017231941854305441
FOSL1,CD3E,0.0017226443049823065
POU2AF1,FOXO1,0.00171809776280794
TBX21,DPP4,0.0017174931512540126
KLRG1,DUSP1,0.0017147348617403914
KLRG1,TRBC2,0.0017091805539795725
STAT5A,GNLY,0.0017030900769238679
IKZF1,CD37,0.0017027563235886942
STAT4,MS4A1,0.0017021850517733414
POU2AF1,MCM2,0.0016976764297942288
STAT1,ARL4C,0.0016971016549291115
IKZF2,SELL,0.0016918064906585348
KLRG1,LGALS9,0.0016890665222449588
EGR3,SELL,0.001688478962110464
BCL6,AURKB,0.0016859683308098842
TCF7,S100A10,0.0016856599992110255
ARG1,FOXP3,0.001679233501154778
RORA,IL3RA,0.0016627399264788683
STAT1,LGALS3,0.0016578604535772415
IRF4,TIGIT,0.001648783708360379
PAX5,TRBC2,0.001615050213795142
TCF4,CXCL8,0.0016132172507105518
BACH2,CXCL2,0.0016104842773497193
TCF7,YBX3,0.001607684493089025
TCF7,EGR1,0.0016048773125619349
EGR3,CD36,0.0016011106561284866
PAX5,CD6,0.0015953955243877772
STAT1,NKG7,0.0015946168923743345
FOSL1,TNFSF8,0.001573407911137156
BACH2,CTSW,0.0015712222626794224
PAX5,PTTG2,0.0015711667109678071
FOSL1,CBLB,0.0015685671036533902
ARG1,LTA,0.0015672250137962807
FOXP1,ATF6B,0.001562004587255636
PAX5,XBP1,0.0015614615562147805
TCF4,DOCK8,0.0015605531116152111
FOXP3,TRBC2,0.001556889742107472
EGR3,IL18RAP,0.0015444098215061741
PAX5,TLR8,0.0015439231616620976
ARG1,CD27,0.0015394228905511616
PRDM1,CD34,0.0015336377020898015
TCF7,BIRC3,0.00153208552062385
IKZF1,FCER1G,0.0015277118813061521
ZBTB16,NINJ2,0.0015222179881346622
STAT6,CD3D,0.0015208426929001222
BACH2,IKZF2,0.0015157046312208042
TCF7,TNFSF13B,0.0015080960652032898
STAT6,HAVCR2,0.0014986250516157902
STAT1,KLRF1,0.0014916676757224996
STAT1,MS4A1,0.0014865890856590475
IKZF1,BTLA,0.00148591122046122
KLRG1,CD7,0.0014799321373928657
BACH2,C1QB,0.001477746681914969
TBX21,GIMAP2,0.0014767276711792456
EGR3,ENTPD1,0.001471158975728212
TCF7,IFNGR1,0.0014704885986928965
ARG1,POU2AF1,0.0014615769367732692
STAT5A,SELL,0.0014571495029979484
XBP1,TGFB1,0.001455037707874617
RORA,IGHD-membrane,0.0014487097465902849
PAX5,BPI,0.0014431092577391234
PAX5,STAT1,0.0014422076161041191
STAT6,S100A12,0.0014406351448262341
PRDM1,CTSG,0.00143722539805298
EGR3,PASK,0.001436269506596893
KLRG1,RORA,0.001435466616169656
IRF4,IL18RAP,0.001428676830878764
EGR3,S100A9,0.0014277782969343961
POU2AF1,IL7R,0.0014244390567768465
BCL11B,FLT3,0.0014113821914435863
FOSL1,HLA-A,0.0014069340678971268
POU2AF1,CHI3L2,0.0014037669199592094
STAT6,IL6,0.0014005160177408679
STAT3,FLT3,0.0013947889884384256
XBP1,CD22,0.0013923246274037085
ARG1,IGLC3,0.0013826395419206685
TCF4,THBS1,0.0013815435447537621
EGR3,STAT3,0.001363121980334382
TBX21,TNFRSF25,0.001362392289314691
IKZF1,CXCR3,0.0013605176181301576
EBF1,IL32,0.0013585223969784061
EGR3,KIR2DL1,0.001355999948016992
STAT5A,CD52,0.0013524810871339188
EGR3,XBP1,0.001346341250376175
TBX21,FYB,0.0013421663901990305
BACH2,IL15RA,0.0013343386246290397
POU2AF1,ARG1,0.0013303392407094045
TCF4,TRAT1,0.0013290327475023876
TCF7,THBS1,0.001326428617500455
STAT6,CD69,0.0013225902886171276
STAT1,CCL5,0.0013170797557269442
STAT6,PCNA,0.0013104377771999708
STAT6,CCL20,0.0013087943793638327
BCL11B,MZB1,0.0013069371646633285
BACH2,DUSP4,0.001301782221461001
TCF7,DUSP2,0.0013015578467730695
FOSL1,BIN2,0.0012961968914523734
ARG1,TGFB1,0.0012892500435495037
EGR3,PTPRC,0.001288458676532945
ARG1,TCF4,0.001287169787782868
IKZF2,CD52,0.0012827188488180753
BACH2,LGALS9,0.00128199898518822
BACH2,DUSP2,0.0012791103844027115
ARG1,PASK,0.0012762848541709316
TBX21,EGR1,0.0012703808030613132
RORA,CD9,0.0012669368426659602
ATF6B,BTG1,0.0012661000720073487
BCL6,GAB2,0.0012620368478025994
RORA,CD36,0.0012605040382365307
EGR3,KLRC1,0.0012581172696075709
BCL6,BTLA,0.0012578203680851283
BACH2,FCER1G,0.0012573155222435194
EBF1,IRF4,0.001256154592891916
FOSL1,CD2,0.001247854737822108
STAT1,JCHAIN,0.0012477054221410586
EGR3,BCL11B,0.0012451331442774295
EGR3,KLRF1,0.0012416470320828225
POU2AF1,IL23R,0.0012411099716445665
BACH2,PTTG2,0.001235575523780866
BACH2,THBD,0.0012275782122250778
FOSL1,TRAC,0.0012267124365377593
FOXP3,RGS1,0.0012243127092182796
BACH2,KLRK1,0.0012144277792912575
POU2AF1,CD7,0.0012140440998247807
TCF4,NAMPT,0.0012128849832362904
FOXO1,TOP2A,0.0012074644703593987
BACH2,IL18R1,0.0012060404683267216
POU2AF1,HAVCR2,0.0012012522914876822
STAT3,TNFSF14,0.0012008636507730278
BACH2,MZB1,0.001197876573021379
STAT1,KCNE3,0.0011964498330507018
TBX21,CD37,0.0011883357109476517
TCF4,TMEM97,0.0011797008797731576
FOSL1,IL2RB,0.0011768157587414036
PAX5,IL18R1,0.0011689803553067621
KLRG1,IGHD-membrane,0.001162098078114241
IKZF1,IGHM-membrane,0.0011594473258867025
ARG1,FLT3,0.0011578226075832348
BCL6,FAM65B,0.0011505005362492874
ARG1,STAT6,0.0011404924792784074
TCF4,IL1R2,0.0011359844892228725
PAX5,FOXP3,0.001132323047431866
STAT4,CXCR2,0.0011297044927600906
TBX21,KCNE3,0.0011260367092557184
STAT5A,CD1C,0.0011260089335155639
TCF7,FTH1,0.001119980341022328
BCL6,CLEC10A,0.0011198301356270376
RORA,CXCR5,0.0011175746359739253
TCF4,IL23R,0.0011158713129706616
XBP1,IGHM-secreted,0.001115663106795955
STAT3,CXCR3,0.0011136761171603817
BACH2,CD36,0.0011128549247554397
ARG1,HLA-DRA,0.0011120849082453153
RORA,HMMR,0.001111552665463281
PAX5,GIMAP5,0.0011109136886519198
EGR3,IL2RB,0.0011107078370847152
PRDM1,TOP2A,0.0011104259628678238
XBP1,CXCR5,0.0011024572522700144
PRDM1,FYB,0.0010990563884761887
ARG1,IFITM2,0.0010980998983441252
STAT1,CLEC10A,0.0010973535706445738
STAT6,CBLB,0.001097218004039338
FOSL1,IGHM-secreted,0.0010953919923688863
ARG1,FAM129C,0.0010946218192888148
KLRG1,IRF8,0.0010918069933217203
IRF8,TMEM97,0.0010861337602979717
EGR3,CD3E,0.0010857752510708277
STAT5A,LTA,0.001081758416926998
RORA,IGHG1-secreted,0.001076881582988198
IKZF1,BLNK,0.00107185867186788
IRF4,VSIG4,0.00106813390590193
RORA,MZB1,0.0010633630257797977
STAT4,CD9,0.0010631268584975618
EBF1,S100A10,0.0010567974036124036
TCF7,IGBP1,0.0010566371355233176
KLRG1,BCL2,0.0010565433006373603
KLRG1,IGHM-secreted,0.0010509206678739277
PAX5,LAT,0.0010445253046309265
POU2AF1,BCL2,0.0010421370785887746
TBX21,LCK,0.001039819368374323
POU2AF1,PTPRC,0.0010384825368749493
BCL6,TGFB1,0.001036740269950537
STAT3,CXCL8,0.0010361778327591456
STAT1,EGR1,0.001034641741748299
PRDM1,CD27,0.0010338621014777608
POU2AF1,CSF2,0.0010330403191838732
RUNX3,IKZF2,0.0010282266494770684
IRF4,ZAP70,0.001024512277159005
EBF1,GAB2,0.0010243857001075967
TCF7,CD63,0.0010221548574890073
EGR3,CD163,0.0010193644988807083
STAT5A,CLEC4D,0.0010192941375908565
BACH2,CXCR5,0.001007299530500267
BACH2,CD300A,0.0009966350325629496
IKZF2,MYC,0.0009962606390257144
STAT3,BTLA,0.000992918382668548
XBP1,FASLG,0.0009921208213280394
TCF7,FCGR3A,0.0009912163762877462
RORA,FLT3,0.0009903316656441183
IKZF2,PIK3IP1,0.000985684674756904
BCL11B,STAT5A,0.0009799499772699984
PAX5,TGFB1,0.000972886818503677
POU2AF1,CD3G,0.0009708849908630557
POU2AF1,DUSP2,0.0009708461225271388
EGR3,FYN,0.000970560554885212
ARG1,TNFSF13,0.0009675911348477104
TCF4,STAT6,0.0009531172159562918
ZBTB16,IL15,0.0009464294884842675
EGR3,LAMP3,0.0009410619728634517
IRF8,CD9,0.000933026961912724
ARG1,BTLA,0.0009247177868314135
STAT3,FAM129C,0.0009229208644937439
STAT6,CD37,0.0009225981201966965
TBX21,CD44,0.0009219766760949962
STAT3,CXCR2,0.0009193813754507836
EGR3,TLR8,0.0009178557496762143
STAT6,GZMH,0.0009175541292001869
ARG1,TYMS,0.0009165675754572432
BACH2,HAVCR2,0.0009153100460620275
ZBTB16,CD37,0.0009148783992076813
STAT5A,PASK,0.000914733631701815
BCL6,MCM4,0.0009121814666412131
IKZF2,ARL4C,0.0009021672275361134
ARG1,UBE2C,0.0009013854077960109
IRF8,ZAP70,0.0008942787200590162
EGR3,ARL4C,0.0008913934832449329
FOSL1,CTSW,0.0008880652159250229
STAT5A,LCK,0.0008865919136745657
ZBTB16,PIK3IP1,0.0008858290644373273
IKZF2,KLRK1,0.0008831051449165841
STAT1,NAMPT,0.0008828427482708928
JUNB,CXCR3,0.000877487738789233
TCF4,MYC,0.0008753018264214845
EBF1,JUN,0.0008747040792453277
ATF6B,IL23R,0.0008695648219030988
KLRG1,IGKC,0.0008694482197811042
STAT6,RUNX3,0.0008666183304681198
EGR3,KCNE3,0.0008629717626030983
PAX5,KIAA0101,0.0008623623461341541
STAT6,IGHM-secreted,0.0008616887466981024
KLRG1,CD2,0.0008527512680403224
ATF6B,SLC25A37,0.0008487250200352132
STAT5A,IL2RB,0.0008453367818693225
IRF4,KCNE3,0.0008432735722564731
STAT4,IL15RA,0.0008404072110896574
FOSL1,CD48,0.0008354342950093388
BCL11B,TNFSF14,0.0008349048411966876
STAT3,CLEC4E,0.0008331177559014948
EGR3,TRDC,0.0008270383466953998
PAX5,CD244,0.0008242406719810816
KLRG1,CXCL16,0.0008231849921248018
ZBTB16,BCL2,0.0008226651801019941
STAT6,CTSW,0.000822510495383626
IKZF2,PTPRC,0.0008104643587774626
IRF4,IL12RB2,0.0008044042241832156
ARG1,IGHG1-secreted,0.0008014686147455526
PAX5,LGALS3,0.0007985562593334931
FOSL1,GZMB,0.0007984310152775652
FOXP3,CD3E,0.0007954073778316554
STAT1,PTTG2,0.0007924581495614673
STAT4,EGR3,0.0007907321813068388
EGR1,CD24,0.0007901454867260984
PAX5,FOSL1,0.0007849897468979077
STAT3,CTSG,0.0007772219420359987
POU2AF1,CD44,0.0007746937393987157
EGR1,FAM129C,0.0007677215731268576
STAT1,CD79A,0.0007656778828258811
STAT6,FCGR3A,0.0007638291004716893
TCF7,NINJ2,0.0007617168830467697
STAT1,CXCL8,0.0007616825317164391
STAT4,VPREB3,0.0007612730208596488
STAT6,CXCR4,0.000760732831735664
BACH2,CD33,0.0007605007887136791
EGR3,CCR7,0.0007584285667830406
STAT5A,CD160,0.0007518620880917721
TBX21,CCR7,0.0007508791751251624
EBF1,CD48,0.0007444222990844911
STAT3,IGHM-membrane,0.0007441276806049452
FOXO1,KIAA0101,0.0007437451215369112
IKZF1,TGFB1,0.0007416697115935367
TBX21,STAT6,0.0007410885896570912
TCF7,KLRF1,0.0007394007589046247
BACH2,CCL2,0.0007385180936083952
TCF4,THBD,0.0007370030507369762
STAT6,ALAS2,0.0007362049542373045
TCF4,GZMK,0.0007340584385788537
XBP1,IKZF2,0.0007290182557420621
EGR3,BACH2,0.0007243201734503634
STAT6,SNCA,0.0007219201982070813
ZBTB16,PTPRC,0.00071571716289844
STAT3,CD79A,0.0007126132751802256
ARG1,VPREB3,0.0007038084720886077
PRDM1,CD24,0.0006986361427561896
BCL6,CPA3,0.0006924021237284926
POU2AF1,IFNGR1,0.0006895758637922482
FOXP1,CXCR5,0.0006820935141186443
TBX21,GAB2,0.0006790858321935557
BACH2,IKZF1,0.0006771047268885913
STAT4,TNFSF14,0.0006734982950704904
BACH2,CD160,0.0006580775065530449
ZBTB16,ZAP70,0.0006577580068242236
POU2AF1,RORA,0.000655763038530536
ARG1,CXCR3,0.0006436580751971514
STAT4,NT5E,0.0006387844766766144
TCF7,CD28,0.0006377760680729917
RORA,BLNK,0.0006369998721324399
STAT3,VPREB3,0.0006358851504644218
BACH2,UBE2C,0.000635118024072229
EGR3,NKG7,0.000634811179546809
FOSL1,POU2AF1,0.0006323461199519653
PAX5,BAX,0.0006274403728702982
STAT5A,CXCL2,0.0006204368602455689
KLRG1,CSF2,0.0006191924517724971
IKZF2,GNLY,0.0006168579994246999
KLRG1,CCL20,0.0006128808993612594
TCF4,BACH2,0.0006124267021319108
RORA,TGFB1,0.000612335314881366
EBF1,LYN,0.0006094556901106519
STAT4,HMMR,0.0006090604724488823
EGR3,CST7,0.0006008035134310184
TBX21,VPS28,0.0005998099030914173
TCF4,TGFB1,0.0005984398675883321
EGR3,CCL20,0.0005978898726670038
FOSL1,KLRG1,0.0005904036543430777
JUNB,CD200,0.0005888894226738309
IKZF2,CD247,0.00058670106173617
FOSL1,CD160,0.0005802516419585728
RORA,TREM1,0.0005789317433173625
TBX21,TRBC2,0.0005767539786584233
IKZF2,CD63,0.000572563078901489
TCF7,BCL2A1,0.0005709772037929995
PAX5,TNFRSF25,0.0005699468063857844
PRDM1,CD22,0.0005663203005063149
KLRG1,RGS1,0.000565141023237524
STAT1,DUSP4,0.0005638888071854679
TCF7,KLRB1,0.0005626683739386636
TCF4,CD72,0.0005561840864448661
PRDM1,FAS,0.0005492791556610893
POU2AF1,SELL,0.0005453936259266369
STAT6,EGR1,0.0005453213820203845
STAT5A,NINJ2,0.0005446888919781048
BCL6,DUSP1,0.0005310036435133941
PAX5,VSIG4,0.0005288709002477262
STAT5A,FCN1,0.0005263520539430116
FOSL1,UBE2C,0.0005219535273121792
TBX21,IGHD-membrane,0.0005184947520164758
STAT1,ARG1,0.0005151351351936527
ATF6B,RPN2,0.0005122620340987851
KLRG1,IL7R,0.0005089343047089174
BACH2,IER3,0.0005057637466471169
ARG1,MZB1,0.0005056236997987492
EBF1,SNCA,0.0005007888762823628
ZBTB16,IL12RB2,0.0005006408777923222
TCF4,TARP-refseq,0.0004965853138892632
PRDM1,RPN2,0.0004941060052327245
TCF4,CTSD,0.0004811127526417257
TBX21,POU2AF1,0.00048023536231485615
FOXP3,CD37,0.00048010025450055335
STAT1,CD6,0.0004722666327923851
IKZF2,BTG1,0.0004659152105843093
BCL6,IL12RB2,0.000460751189203547
BACH2,GZMK,0.00046003268219266887
STAT1,TBX21,0.00045943031633090964
ARG1,IKZF2,0.00045914445133822936
STAT1,LIPA,0.0004570792609057654
TBX21,CLEC4D,0.0004565418299781369
TCF7,ITGB2,0.0004560664268346514
TBX21,ENTPD1,0.0004559484767554833
POU2AF1,CCR1,0.00045233172462271637
TCF4,GZMH,0.0004521473118960264
TBX21,CD22,0.0004493160739007592
ARG1,BLNK,0.00044321464705832184
TCF7,CD22,0.0004381983604650824
STAT5A,TRAT1,0.00043635039615733015
TBX21,CD4,0.00043619965740691473
FOSL1,IL23R,0.0004361983230039703
PAX5,UBE2C,0.00043542384006240033
KLRG1,JUNB,0.0004337603847062555
EBF1,PTPRC,0.00043308121469971193
STAT5A,CCL2,0.00043067727968800325
BCL6,CTSD,0.00042658966055076676
ZBTB16,CD9,0.0004222398212586205
KLRG1,PIK3IP1,0.00041859984129524004
KLRG1,TCF7,0.0004168155451298208
TCF7,DUSP1,0.0004140200408558389
STAT5A,KLRC1,0.000412700633396805
STAT4,KIAA0101,0.00041095156322234236
TCF7,IFITM3,0.00040489502919820755
BCL11B,FAM129C,0.00040277345926137436
EBF1,RGS1,0.0003991865037390573
ZBTB16,CTSG,0.0003986322502559207
BACH2,IL15,0.0003970783262544336
IKZF2,NKG7,0.00039440201435445135
STAT4,BLNK,0.000392889616777829
STAT1,GZMH,0.00039040619032725617
EGR3,RUNX3,0.00038955137137465485
EGR3,IFNGR1,0.0003886591799802688
FOXP3,DOCK8,0.00038841445074636635
FOXP3,LEF1,0.00038531400107429624
POU2AF1,TRAT1,0.00038199266391047596
POU2AF1,FCER1A,0.0003751276418609388
EGR3,CXCR5,0.0003733523828658297
PRDM1,EBF1,0.0003629478418066353
EGR3,PTTG2,0.0003624966004708136
ATF6B,FOSB,0.00035835869650244093
TCF4,AQP9,0.0003534888825281314
STAT6,CD34,0.0003523800326951878
BCL6,FLT3,0.0003522464745256731
FOSL1,PIK3IP1,0.00035220117916215707
PAX5,AURKB,0.0003511180396206118
RORA,CLEC4D,0.0003508656774166832
POU2AF1,CD86,0.00035037123586857465
TCF4,CCL5,0.00034156965246501844
ATF6B,ITGAX,0.00033619605824199356
KLRG1,CTSD,0.00033471823316775937
TCF7,SNCA,0.0003338555238224172
EGR3,CCR1,0.0003306707958220888
EGR3,IL15RA,0.0003272594644439083
KLRG1,CD247,0.0003258116689861914
TCF7,DPP4,0.000324239981460283
FOXO1,HLA-DRA,0.00032421552420475104
ARG1,IL12RB2,0.00032367036922457997
PAX5,THBD,0.0003217053510803434
STAT1,CTSG,0.0003207218894770706
PAX5,CD9,0.00031972669823872546
BACH2,IGLC3,0.00031955487453423317
BACH2,AURKB,0.00031526381218125143
PRDM1,EGR3,0.00031088561822444993
ZBTB16,EBF1,0.0003036776060173904
BCL6,VPREB3,0.00030337794623858566
PAX5,ZAP70,0.00030086076435508066
KLRG1,TNFSF8,0.00030019404062456273
XBP1,BLNK,0.00029878966843754906
BACH2,CD74,0.0002973146140759635
ARG1,HMMR,0.0002969708237014432
BCL6,CXCR3,0.0002964720747035592
ZBTB16,CD74,0.0002950041323046561
STAT5A,KLRB1,0.00029179391876654016
TBX21,IGLC3,0.0002859888931042406
TCF7,HAVCR2,0.0002853263365907722
BAX,CD200,0.0002847335309801733
PRDM1,MZB1,0.00028340261873792497
TCF7,MS4A1,0.0002825119532654695
STAT1,IL1RN,0.0002807315055818231
ATF6B,CCL4,0.0002797910805307268
PAX5,TYMS,0.0002780638999205546
RORA,IL18,0.00027801195208164577
STAT1,ADGRE1,0.00027531198519444895
PAX5,HMMR,0.0002714118729346802
ZBTB16,MCM4,0.0002625204573433354
STAT6,SLC25A37,0.0002622089215224948
STAT1,HLA-DMA,0.0002621730804662132
STAT1,CTSD,0.00026139024666586635
BACH2,BTLA,0.00026045059354389054
BACH2,BPI,0.00025904162696424707
STAT1,JUN,0.0002579150650352121
STAT1,CCR1,0.000254698075240303
FOSL1,IL15,0.000254348628837218
PAX5,KLRC4,0.0002507353611514521
TBX21,TNFSF13,0.0002502414444216308
POU2AF1,UBE2C,0.0002468740195185951
STAT4,FAM129C,0.0002464391881978915
IKZF2,CD14,0.0002444303762703656
FOXP3,CXCR4,0.00024402294450087808
STAT3,GZMB,0.0002432071055674046
STAT5A,KLRC4,0.00024145208922851782
TBX21,MCM2,0.00024068045013594792
KLRG1,CCR7,0.00023543279333855657
FOXO1,HLA-DQB1,0.0002324116474232168
IRF4,TNFSF14,0.00023133410679115142
FOSL1,IKZF2,0.00022906476877091004
ZBTB16,FLT3,0.00022885696114945467
TCF4,VSIG4,0.00022827310813491094
FOXO1,NKG7,0.0002282435371700344
STAT5A,CD6,0.00022726200396373846
STAT4,CCL2,0.0002265705451608672
MYC,CD200,0.0002255963418851181
STAT6,IRF8,0.0002250926757705929
KLRG1,CD74,0.00022403570271056647
RORA,EBF1,0.00022282941185713232
FOXO1,MZB1,0.00022249365951584397
EGR3,FCN1,0.00021763150044050173
FOXO1,NT5E,0.00021510283165804397
STAT5A,IGLC3,0.00021437104864813704
BACH2,IGKC,0.00021341949314433625
STAT1,DPP4,0.00020788179639474245
POU2AF1,CLEC4E,0.00020645790285236398
ARG1,EGR3,0.00020591294316974767
PAX5,CLEC4D,0.00020586847072858762
TCF4,FCER1A,0.00020451951355442632
KLRG1,ADGRE1,0.0001984930759903084
TCF7,TYMS,0.0001958259395113373
POU2AF1,TNFSF13,0.00019496278183140698
KLRG1,S100A12,0.00019184838034668673
POU2AF1,TOP2A,0.00019177638225702237
FOXP3,CD44,0.00018770085452522384
IRF8,ATF6B,0.0001856293618814982
ZBTB16,BLNK,0.00018048306786184844
STAT3,ICAM1,0.00017812406631126815
KLRG1,KLRF1,0.00017708429437316052
RORA,CXCR3,0.0001737035784770781
IKZF1,FAM129C,0.00017257814902508402
EGR3,VSIG4,0.0001698194935197825
STAT5A,IL12RB2,0.00016926226111796546
FOXO1,CXCL16,0.00016785605394014199
IKZF1,VSIG4,0.00016661718987960621
KLRG1,HLA-A,0.0001650993114007136
TBX21,CTSG,0.00016455398606701665
PRDM1,IL15RA,0.00016263161241484496
ARG1,FUT4,0.00016026746802365408
FOXP3,HLA-A,0.00015855347076211156
STAT4,EBF1,0.0001585522112521393
STAT6,CD3G,0.00015825980310404621
TCF4,CD27,0.00015813179570427474
BCL6,NT5E,0.00015798554889908469
RORA,FAM129C,0.00015743200697489174
STAT6,IGLC3,0.00015469723502358797
STAT4,ATF6B,0.00014807293821653307
FOXO1,IGHD-membrane,0.00014582557232831151
IKZF2,THBS1,0.00014524449412454265
TBX21,RNASE2,0.0001443363682438776
POU2AF1,KLRC4,0.00014350763821194745
BCL6,CD34,0.00014343197891326557
FOSL1,CD300A,0.00014125438032603537
IKZF2,CD8A,0.00014118223337613526
EGR3,TOP2A,0.00014081068874267135
RORA,ATF6B,0.00013613237631490086
RORA,JCHAIN,0.00013551779505075829
TCF4,CTLA4,0.00013426035255435524
IKZF2,SNCA,0.00013321256545992783
ARG1,ATF6B,0.00013212341385979807
TCF7,STAT5A,0.00013107173274083724
PAX5,CD300A,0.00012854312075165892
BACH2,FLT3,0.00012807249885352854
EGR3,CD9,0.0001279874803718163
POU2AF1,FOSL1,0.00012790995078921106
PRDM1,IL3RA,0.00012740022847738903
STAT6,IFNGR1,0.00012197246317162968
EBF1,SLC25A37,0.00011983236635386737
STAT6,MS4A1,0.00011957174770223723
STAT6,HLA-A,0.00011854139438792788
IRF8,NT5E,0.00011791707085416328
PRDM1,TNFSF14,0.0001150349035359151
EGR3,TNFRSF25,0.000114466349317666
STAT1,FCER1A,0.00011433034444514142
TCF4,KLRC4,0.00011404367933956388
ZBTB16,JCHAIN,0.00011313703884835145
ARG1,IL15RA,0.0001111177977213134
BACH2,IL3RA,0.00010984160863863883
BACH2,CLEC4D,0.00010956558387686478
STAT6,LAMP1,0.00010922428952210868
BACH2,CD24,0.00010883405753013796
STAT1,VSIG4,0.0001065435141234713
PAX5,TCF7,0.00010135849923023761
TCF4,HLA-A,9.865139991899222e-05
ZBTB16,CXCR3,9.852534689375127e-05
STAT5A,CD74,9.687988304103345e-05
RORA,VSIG4,9.630479030128563e-05
TBX21,CD9,9.576744129941641e-05
TCF7,IFNG,9.330643932816665e-05
EGR3,KLRC4,9.197096006364721e-05
IKZF2,CCL3,9.045158797268498e-05
EBF1,SELPLG,8.908993740352892e-05
ARG1,NT5E,8.769006932428146e-05
IKZF1,CD200,8.63639942786369e-05
EGR3,CD38,8.548179056982235e-05
IKZF2,TLR2,8.5023181292333e-05
BACH2,CTSD,7.932875317153494e-05
STAT4,CCR1,7.812346300080124e-05
EBF1,BCL6,7.797185811441259e-05
PRDM1,NT5E,7.659883945101746e-05
RORA,NT5E,7.600655424961044e-05
POU2AF1,BTLA,7.554032288513802e-05
STAT4,CD200,7.545823678887542e-05
ARG1,TNFSF14,7.517255741379953e-05
BACH2,JCHAIN,7.45285235379809e-05
STAT6,LAIR2,7.422386593802312e-05
TBX21,TIGIT,7.340676878769927e-05
TCF7,TNFSF13,7.191984144209696e-05
IRF4,ATF6B,7.07547661757886e-05
IKZF2,SLC25A37,7.009599123182085e-05
TBX21,KIAA0101,6.979419881391393e-05
BACH2,FASLG,6.947151813914006e-05
EBF1,ALAS2,6.903188279994705e-05
PRDM1,CD200,6.811964741171905e-05
POU2AF1,TRBC2,6.775528660781023e-05
TBX21,BLNK,6.7572286466518e-05
ATF6B,VNN2,6.65753110665493e-05
IRF4,IKZF2,6.6339560676343e-05
TBX21,TCF4,6.605461405547434e-05
IKZF2,TNFSF10,6.577234481966397e-05
TBX21,TGFBI,6.555433098202215e-05
TCF4,HMMR,6.440742562008828e-05
PAX5,FLT3,6.291484336412467e-05
IKZF2,RNASE6,6.174846630576273e-05
POU2AF1,TARP-refseq,6.156616822105768e-05
BACH2,FOXP3,5.896682540870726e-05
TCF7,CD36,5.6846717748772984e-05
IRF4,EBF1,5.618515668359451e-05
EGR3,ATF6B,5.5374117661327034e-05
TCF4,F13A1,5.530774997204358e-05
PRDM1,TCF7,5.347084561545924e-05
POU2AF1,IL18R1,5.320644618557799e-05
EGR3,UBE2C,5.320557660224223e-05
BACH2,BLNK,5.2463264258592855e-05
PAX5,CTSG,5.19575003880576e-05
KLRG1,JCHAIN,5.056608040280262e-05
EBF1,FOSB,4.9133320849349e-05
TCF4,IL15RA,4.738492583911568e-05
FOXO1,IL3RA,4.6801714888649825e-05
TCF7,S100A12,4.635338997294732e-05
PAX5,IL12RB2,4.597127650122537e-05
PAX5,CXCL3,4.5436053155288564e-05
PRDM1,FAM129C,4.541470810224714e-05
POU2AF1,CD160,4.5227487171899676e-05
RORA,PAX5,4.522230441067265e-05
STAT3,ATF6B,4.479769046309589e-05
STAT6,KLRF1,4.4061277309499945e-05
FOSL1,VSIG4,4.37094295631005e-05
BACH2,ENTPD1,4.3385897637798116e-05
IRF4,CSF3,4.263951926234594e-05
STAT5A,FAM129C,4.235979894639622e-05
STAT6,TLR8,4.204217308920913e-05
FOSL1,CTSD,3.987293762805643e-05
FOSL1,IL18RAP,3.959897076427507e-05
STAT5A,CD9,3.806019248894411e-05
STAT5A,TNFSF13,3.657155382649526e-05
FOXP3,POU2AF1,3.5178409510208466e-05
STAT5A,CD24,3.4958693152716905e-05
EGR3,CD14,3.471924010794147e-05
EGR3,KLRB1,3.4559035150483746e-05
STAT6,KLRG1,3.373124797737775e-05
ARG1,GZMB,3.29173275460649e-05
PAX5,ATF6B,3.21321916879027e-05
STAT5A,F13A1,3.191983390160144e-05
FOSL1,FASLG,3.1575244720597365e-05
PRDM1,TMEM97,3.098949285076303e-05
ATF6B,C1QB,3.083317042705087e-05
KLRG1,FLT3,3.0782134834466994e-05
POU2AF1,MCM4,2.9179865685483506e-05
FOXP3,IL23R,2.832241236784775e-05
STAT6,FOXO1,2.62465493518734e-05
IRF4,CD200,2.604754310630468e-05
FOSL1,IL12RB2,2.593860053334024e-05
XBP1,ATF6B,2.3818711104444285e-05
POU2AF1,TGFB1,2.3404348593619768e-05
TBX21,FUT4,2.304740042713295e-05
IRF4,MGST1,2.280897044216417e-05
TCF4,CXCR3,2.2395806419940266e-05
RUNX3,TYMS,2.2346746861939778e-05
STAT5A,EBF1,2.1771453098025816e-05
TCF4,CSF3,2.175872690284845e-05
PRDM1,VPREB3,2.1544954976209844e-05
EGR3,VPREB3,2.1485536329600237e-05
FOSL1,ADGRE1,2.082619138600807e-05
KLRG1,ANXA5,2.0400229400765356e-05
IKZF2,FCER1A,2.0185063128964425e-05
EGR3,TMEM97,2.0118595230344942e-05
ZBTB16,CD200,1.992077586260633e-05
TBX21,TNFSF14,1.9469316692723308e-05
STAT1,CCL4,1.847118530519971e-05
STAT1,IKZF2,1.833465999329448e-05
BACH2,CXCR3,1.8313293228137977e-05
EGR3,PDIA4,1.7676960837874892e-05
STAT6,CD38,1.6917097556904464e-05
EGR3,CTSG,1.6093176964484875e-05
POU2AF1,CTSG,1.5031863724094341e-05
ARG1,EBF1,1.4687291555762252e-05
PRDM1,TGFB1,1.4419930209468784e-05
STAT6,PTPRC,1.3711524621538141e-05
FOSL1,JCHAIN,1.341838488004605e-05
BCL6,CD200,1.331283035910386e-05
ATF6B,EGR3,1.2660641366342457e-05
IKZF2,IGHD-membrane,1.259053273638489e-05
STAT6,YBX3,1.221623570413992e-05
STAT4,IL3RA,1.1806472430230646e-05
POU2AF1,THBD,1.1766176380754647e-05
KLRG1,CD72,1.1659600575935986e-05
TCF4,CD160,1.1559876636589247e-05
EGR3,HMMR,1.1403872818829375e-05
BACH2,IFNG,1.126975902608142e-05
EGR3,IL1B,1.1020767811359292e-05
ZBTB16,IL3RA,1.097500260691786e-05
ZBTB16,MZB1,1.0464474771720358e-05
PAX5,CXCR2,9.865142841788112e-06
STAT1,EBF1,9.770701927167179e-06
ZBTB16,ATF6B,9.40286765268122e-06
EBF1,IL6,8.695029194771006e-06
STAT5A,KLRC3,8.642679553877513e-06
TCF4,CD200,8.612922120577978e-06
STAT1,TIGIT,8.45263466344683e-06
EGR3,CSF2,8.311883644070659e-06
IKZF2,CD7,8.295950937480968e-06
PRDM1,IL1R2,8.187453549287653e-06
KLRG1,IL15RA,8.183537607307075e-06
STAT5A,BPI,7.86175183457242e-06
IKZF2,CXCR4,7.72286479001849e-06
BCL6,CCL2,7.568603749526057e-06
STAT4,CSF3,7.296503544366901e-06
EGR3,FAM129C,7.192595336290304e-06
BCL6,TLR8,6.675884219381765e-06
FOXP3,FOSB,6.341138232934554e-06
PAX5,FASLG,6.324966616223295e-06
ZBTB16,TGFBI,6.283097685010166e-06
STAT5A,CD72,6.220913915896335e-06
STAT1,IL15RA,6.192911439197415e-06
FOSL1,BPI,6.1245070672550745e-06
FOSL1,CD69,5.891733676997931e-06
ARG1,TMEM97,5.823902305711509e-06
TCF7,CD200,5.8147072941854706e-06
TCF4,CD9,5.722945609358682e-06
BACH2,ADGRE1,5.611264696237472e-06
XBP1,TNFSF14,5.497570501292754e-06
BCL11B,BTLA,5.323652163718142e-06
RORA,C1QB,5.269582005027314e-06
POU2AF1,CSF3,5.193506487786894e-06
IKZF1,KCNE3,5.086516106684099e-06
PAX5,LAMP3,4.686996608819293e-06
STAT6,FOXP3,4.4107358993497965e-06
KLRG1,FAM129C,4.338617545978898e-06
POU2AF1,EBF1,4.320061513655844e-06
FOSL1,CD9,4.309707717654492e-06
BACH2,LAMP3,4.268847870220735e-06
POU2AF1,TLR8,3.978403952427898e-06
BCL6,FASLG,3.9324918382602215e-06
PAX5,QPCT,3.8934265953726656e-06
RORA,BTLA,3.7613274745543075e-06
BACH2,ATF6B,3.7078226206722123e-06
STAT6,BCL11B,3.70419634567066e-06
PAX5,IL1R2,3.6462352793387536e-06
TCF4,ADGRE1,3.5709856185389255e-06
STAT4,FOXP3,3.5316413570046305e-06
FOSL1,NT5E,3.417411543680664e-06
TBX21,TGFB1,3.1396845353001238e-06
EBF1,LEF1,2.9536705077481953e-06
TBX21,LAMP3,2.899252032951129e-06
EGR3,MGST1,2.867429838630801e-06
STAT5A,ATF6B,2.8131916234923746e-06
TBX21,ATF6B,2.7812881147621414e-06
BCL6,KCNE3,2.7680557439170363e-06
EBF1,IL3RA,2.7227121518316893e-06
XBP1,EBF1,2.721491329277541e-06
ZBTB16,CSF3,2.5902539304945524e-06
STAT5A,TREM1,2.5852392922453016e-06
TCF4,RNASE2,2.5243708202139452e-06
TCF4,CXCR2,2.497895555734315e-06
FOXP3,NKG7,2.4778486828968063e-06
XBP1,ADGRE1,2.4704395430635072e-06
KLRG1,BTLA,2.4404283263431326e-06
FOXO1,CCL4,2.324851713694965e-06
TBX21,THBD,2.2694051870342376e-06
FOSL1,TIGIT,2.2617015281466895e-06
EGR3,FASLG,2.235774215128613e-06
PAX5,TIGIT,2.222207937027467e-06
FOSL1,IL15RA,2.070045995349104e-06
TBX21,CXCR5,2.01137142163868e-06
BACH2,MCM4,1.970653963885675e-06
FOSL1,TMEM97,1.9619099062557874e-06
FOSL1,CXCL5,1.9066421213545105e-06
STAT6,BLNK,1.8695856855414687e-06
ATF6B,TIGIT,1.8421049957702184e-06
KLRG1,FASLG,1.7600043367609144e-06
BACH2,CXCR2,1.7277477965155093e-06
ARG1,CCR1,1.666048858223015e-06
POU2AF1,ADGRE1,1.6077412731050247e-06
STAT1,TNFSF13B,1.5189776505625608e-06
ZBTB16,TNFSF13,1.5129620334778144e-06
ATF6B,BTLA,1.4858184806152383e-06
EGR3,S100A10,1.4713811211622018e-06
STAT6,CSF3,1.4484007583493807e-06
TCF7,FAS,1.4332083272083124e-06
STAT3,IL12RB2,1.422578891741946e-06
FOXP3,FLT3,1.3757231090788423e-06
STAT1,IL1R2,1.355968794686781e-06
ZBTB16,BTLA,1.3349320843153108e-06
TCF7,C1QB,1.3324569112872643e-06
TBX21,FASLG,1.3145378314187286e-06
EGR3,CXCR2,1.311093756717972e-06
BCL6,CTSG,1.2200883239046971e-06
STAT5A,CD300A,1.1175393338561167e-06
STAT1,CD200,1.0582295320210042e-06
FOSL1,BTLA,1.0308034792119e-06
TCF4,CD86,1.0109258676397679e-06
IRF4,FLT3,9.926284831476373e-07
STAT6,TNFSF13B,9.847296065899151e-07
IKZF2,YBX3,9.84616628004569e-07
BCL11B,CD24,9.802914198335563e-07
STAT4,ADGRE1,9.753343743913804e-07
EGR3,NT5E,9.691020725023554e-07
TCF4,IGHG1-secreted,9.68453873304581e-07
IRF4,ADGRE1,9.668243826692576e-07
TBX21,BTLA,9.283081424688521e-07
FOSL1,KLRF1,8.794791113164222e-07
ZBTB16,TIGIT,8.430626873525565e-07
EGR3,CD200,7.902916349025138e-07
TCF4,TIGIT,7.743708499890077e-07
FOXP3,SLC7A7,7.593885123090838e-07
ZBTB16,IL1R2,7.575809067848731e-07
FOSL1,CD200,7.451981043383032e-07
IRF8,QPCT,7.25653511203081e-07
KLRG1,QPCT,7.168928100428162e-07
RORA,CLEC10A,7.033215182436095e-07
KLRG1,CSF3,6.753815621103134e-07
PAX5,BTLA,6.726011614376656e-07
STAT1,C1QB,6.491902828210451e-07
RORA,BPI,6.366223219284379e-07
STAT5A,CD200,6.313666312510965e-07
TBX21,MCM4,6.153928117319824e-07
XBP1,VPREB3,5.849898259939462e-07
BACH2,IL12RB2,5.696889945424668e-07
IKZF1,TIGIT,5.426445604907999e-07
STAT6,CTLA4,5.283625017045433e-07
IRF4,IL1R2,5.249450958571034e-07
RORA,FCER1A,4.973329113385713e-07
EGR3,LCK,4.961846668931259e-07
TBX21,C1QB,4.7241914110303923e-07
EGR3,C1QB,4.565824478545757e-07
STAT5A,LAMP3,4.5129652784118326e-07
POU2AF1,FAM129C,4.401649201700442e-07
TBX21,ADGRE1,4.344526655721998e-07
EBF1,BTLA,4.3112119870967164e-07
TCF7,LAMP3,4.1702415506377417e-07
POU2AF1,APOBEC3G,4.0498284426116346e-07
STAT5A,CD163,4.0061895546362175e-07
EGR3,ARG1,3.9585263608186856e-07
STAT5A,IKZF2,3.878276378652874e-07
TCF7,IL12RB2,3.827352388151756e-07
STAT3,TGFB1,3.7483251461565376e-07
BCL6,VSIG4,3.53851706317115e-07
POU2AF1,CXCR2,3.4287389405126666e-07
TCF7,EBF1,3.3680715705200985e-07
TCF7,CSF2,3.351640263282509e-07
IRF8,KIAA0101,3.313849158223042e-07
TCF7,TIGIT,3.2984657122140394e-07
KLRG1,FAS,3.284321540257553e-07
STAT6,BTLA,3.263160781169826e-07
BACH2,F13A1,2.9433325758369863e-07
STAT6,QPCT,2.9284738093497276e-07
FOXO1,BLNK,2.9276425972826863e-07
EGR3,CLEC4D,2.8340231083672e-07
ATF6B,ADGRE1,2.675302242090859e-07
STAT6,C1QB,2.652467929301877e-07
IKZF2,VPREB3,2.6112275424677154e-07
BACH2,FCER1A,2.585843104134808e-07
EBF1,ADGRE1,2.499981581348515e-07
STAT1,BLNK,2.346786846180291e-07
IRF4,TRDC,2.264903042400969e-07
BACH2,CD200,2.2415360194417137e-07
FOXP1,FCGR3A,2.2278865788171675e-07
TCF7,CD27,2.2027611127304214e-07
KLRG1,CXCR2,2.1246306972238877e-07
STAT5A,BTLA,2.1139289157921555e-07
TBX21,CXCR2,1.9161721526664166e-07
POU2AF1,CLEC4D,1.8765319991598257e-07
STAT3,CD200,1.8561271076172113e-07
TCF7,TLR2,1.748608552687827e-07
EGR3,EBF1,1.7283315314090263e-07
STAT5A,RORA,1.6530302262385012e-07
ZBTB16,NT5E,1.6138425753572834e-07
ARG1,CXCR2,1.6004664367830674e-07
IKZF2,C1QB,1.5832656094189262e-07
BACH2,TGFB1,1.5687805498021476e-07
FOXO1,CD72,1.5658331177035813e-07
BACH2,TGFBI,1.5218112204196664e-07
BACH2,TOP2A,1.4735796402836313e-07
TCF7,CLEC4D,1.455084326470426e-07
KLRG1,IKZF2,1.4151571666572053e-07
TBX21,CD200,1.3668852793868249e-07
TBX21,LGALS9,1.3026230742937686e-07
STAT5A,TBX21,1.2942952549173927e-07
IRF4,HMMR,1.2548148366692387e-07
STAT6,CXCR3,1.2257246532949062e-07
FOSL1,ENTPD1,1.2248700582806753e-07
EBF1,IGHG1-secreted,1.1714258145796855e-07
FOXO1,CD38,1.1579986593340558e-07
STAT1,ATF6B,1.0655532357831764e-07
TCF4,ENTPD1,9.686080686297467e-08
IKZF1,CLEC4D,9.457435053075706e-08
TBX21,IKZF2,9.231949066190601e-08
PAX5,TOP2A,8.566647042077437e-08
TBX21,CD1C,8.30195904561665e-08
STAT3,CCR1,8.164925732536268e-08
BACH2,VPREB3,8.135894459297233e-08
BACH2,TNFSF13,7.65911317301519e-08
BACH2,VSIG4,7.642096866008335e-08
TBX21,IL3RA,7.513919614126886e-08
TBX21,AURKB,7.450769336375517e-08
STAT6,FAS,7.057460974230159e-08
KLRG1,CD33,6.911557134191141e-08
KLRG1,BPI,6.865947931760325e-08
TCF4,KCNE3,6.832214809760203e-08
STAT1,CSF2,6.749390898508961e-08
STAT1,IL6,6.534656809261992e-08
STAT5A,CXCR5,6.181441028522586e-08
STAT5A,TLR8,5.831739183357715e-08
STAT6,GAB2,5.7517013833459746e-08
POU2AF1,CXCR3,5.192678234572898e-08
POU2AF1,BPI,5.157232097540114e-08
BACH2,MGST1,4.984251293235067e-08
TCF4,QPCT,4.977057068761215e-08
STAT1,BPI,4.762259355611101e-08
BACH2,IL1R2,4.6913842963251593e-08
BACH2,CCR1,4.6248553680688e-08
STAT1,CD1C,4.593593483728903e-08
STAT5A,IL15,4.5460665433561796e-08
STAT4,C10orf54,4.478874262285893e-08
EGR3,THBD,4.417045166803246e-08
EGR3,BLNK,4.413312453497205e-08
PAX5,CTLA4,4.349635528549291e-08
STAT5A,FASLG,4.062296082024527e-08
TCF7,KLRG1,3.9531329631358825e-08
STAT1,MCM4,3.917825141899959e-08
STAT1,FASLG,3.783839785129638e-08
TCF4,TLR8,3.66903633552117e-08
ARG1,IL2RB,3.4429941193731e-08
ZBTB16,CXCR5,3.407412597555356e-08
STAT1,TNFSF13,3.3347704978457316e-08
EBF1,FAM129C,3.305762558677981e-08
PAX5,ADGRE1,3.271164147039436e-08
POU2AF1,VNN2,3.233061747012041e-08
POU2AF1,CTLA4,3.173055762145415e-08
STAT5A,POU2AF1,3.165946270294045e-08
ARG1,CD9,3.096312852598643e-08
EBF1,THBD,3.0889573757381346e-08
TBX21,EBF1,2.762753228734968e-08
POU2AF1,C1QB,2.53942012202198e-08
FOSL1,TNFSF13,2.3164760346555863e-08
TBX21,TLR8,2.311332780275802e-08
EBF1,C1QB,2.1807488945223827e-08
PAX5,IL3RA,1.9777346029230482e-08
TCF7,VSIG4,1.9739254361680217e-08
KLRG1,IL1R2,1.9618308748535436e-08
PAX5,ITGA4,1.8234511651989348e-08
KLRG1,NT5E,1.8223014536761495e-08
KLRG1,TNFSF14,1.726865981309131e-08
STAT3,MZB1,1.7121674569723514e-08
FOXO1,CPA3,1.6298379804868504e-08
FOXP3,ADGRE1,1.621177539997013e-08
POU2AF1,FCGR3A,1.4151903182114928e-08
EBF1,FOSL1,1.381624599822481e-08
STAT1,FLT3,1.3278797663307746e-08
IRF4,IL15RA,1.301624530464123e-08
TCF7,IL15RA,1.2731784000239927e-08
FOSL1,TNFSF14,1.2473771972582908e-08
FOXP3,VSIG4,1.216651784134953e-08
BACH2,RNASE2,1.112823041042996e-08
FOSL1,EBF1,1.058718517180079e-08
BACH2,TMEM97,1.0377907079401355e-08
PAX5,KIT,1.0080052745818246e-08
RORA,CD200,9.7173799801758e-09
POU2AF1,IL12RB2,8.780605252333447e-09
TBX21,VPREB3,8.60928833750749e-09
TBX21,CCL2,8.452807447272026e-09
EBF1,CTSG,7.826275287310361e-09
TBX21,CXCR3,7.728278606790424e-09
IKZF2,NT5E,7.155645148313675e-09
POU2AF1,KIAA0101,7.074103815068063e-09
STAT5A,NT5E,7.064851801200228e-09
IKZF1,LGALS9,6.87472477303271e-09
IKZF2,TMEM97,6.70882116021117e-09
ARG1,CD24,6.428834320802716e-09
STAT6,EBF1,6.185874587795654e-09
EBF1,IL15RA,6.072292292952581e-09
BCL6,JCHAIN,5.7351611919680885e-09
STAT1,THBD,5.467470194546066e-09
POU2AF1,RNASE2,5.442300796758911e-09
POU2AF1,CD200,5.411900165177035e-09
STAT1,RNASE2,5.186989243273999e-09
STAT6,CXCR5,5.169236786458174e-09
ZBTB16,FAM129C,4.856684787743377e-09
PAX5,CD200,4.739608165371944e-09
EBF1,IL1R2,4.415804377905911e-09
TCF7,PDIA4,4.19885621343828e-09
TCF7,BLNK,3.828229529993082e-09
BCL11B,TIAF1,3.760109053905151e-09
KLRG1,CD9,3.6037794414335596e-09
TBX21,PAX5,3.403394117277668e-09
EGR3,LY86,2.8049790301621456e-09
BCL6,CXCR5,2.7549315318818567e-09
TCF7,CCR1,2.7140818526339358e-09
POU2AF1,GNLY,2.63319103146749e-09
KLRG1,CTLA4,2.5541283142871074e-09
TBX21,FAM129C,2.4742221821827207e-09
RORA,NAMPT,1.8949519918166246e-09
EGR3,BTLA,1.4093226533589407e-09
KLRG1,TGFB1,1.1748838585089613e-09
STAT5A,BLNK,8.018211211928397e-10
BACH2,NT5E,7.616204265740454e-10
TCF4,BLNK,6.347073026378252e-10
POU2AF1,ENTPD1,6.029014255552241e-10
PAX5,CCR1,4.941728609522399e-10
STAT1,CCL3,4.4401244433375237e-10
TCF7,IL6,4.047868020635145e-10
STAT6,VSIG4,3.8947816587063414e-10
EBF1,ATF6B,3.7091903376090504e-10
TCF4,IL18RAP,1.449820045175671e-10
BACH2,EBF1,1.1296578786449404e-10
POU2AF1,ATF6B,9.267414561774753e-11
STAT1,LAMP3,4.480312586008958e-11
BCL11B,IL3RA,2.6107364876232524e-11
TCF7,CD300A,1.3287573430696146e-11
STAT6,ENTPD1,4.5748341911059075e-12
STAT3,CD163,1.9267077621826121e-13
EGR3,TBX21,1.4664214424630007e-14
TCF7,CCL2,1.4848863791474027e-15
PAX5,HAVCR2,1.1195010076530333e-15
