,,Enrichment,Enrichment,Enrichment,Enrichment,Enrichment,Enrichment,Enrichment,Enrichment
,,AUC,NES,MotifSimilarityQvalue,OrthologousIdentity,Annotation,Context,TargetGenes,RankAtMax
TF,MotifID,,,,,,,,
EGR1,transfac_pro__M08806,0.12669747939200457,3.324477722162433,0.000925,1.0,"gene is annotated for similar motif taipale_cyt_meth__EGR1_NMCGCCCACGCMN_eDBD_meth ('EGR1 [Znf_C2H2, CpG-meth]'; q-value = 0.000925)","frozenset({'hg38__refseq-r80__10kb_up_and_down_tss.mc9nr.genes_vs_motifs.rankings', 'activating', 'weight>75.0%'})","[('JUNB', 2.173308663675324), ('IL1B', 1.881580420838589), ('CXCL2', 3.8430154438589743), ('S100A12', 3.361553386438753), ('DUSP2', 2.3562180066975578), ('CD69', 1.3979563929987362)]",840
EGR1,transfac_pro__M02036,0.14373183399247152,3.92721261364775,0.00045,1.0,"gene is annotated for similar motif dbcorrdb__EGR1__ENCSR000BJA_1__m1 ('EGR1 (ENCSR000BJA-1, motif 1)'; q-value = 0.00045)","frozenset({'hg38__refseq-r80__10kb_up_and_down_tss.mc9nr.genes_vs_motifs.rankings', 'activating', 'weight>75.0%'})","[('LEF1', 1.0975754021831252), ('FOSB', 18.90606244903381), ('EGR3', 8.730324747826867), ('DUSP2', 2.3562180066975578), ('MYC', 2.9881827857725174), ('JUNB', 2.173308663675324), ('GAPDH', 0.8306613012347563)]",1140
EGR1,transfac_pro__M02281,0.12274265021203602,3.1845420690343733,0.000347,1.0,gene is annotated for similar motif jaspar__MA0162.2 ('EGR1'; q-value = 0.000347),"frozenset({'hg38__refseq-r80__10kb_up_and_down_tss.mc9nr.genes_vs_motifs.rankings', 'activating', 'weight>75.0%'})","[('EGR3', 8.730324747826867), ('MYC', 2.9881827857725174), ('FOSB', 18.90606244903381), ('EGR1', 1.0), ('GAPDH', 0.8306613012347563)]",525
EGR1,transfac_pro__M07039,0.1305093629389622,3.4593554601171888,0.00018,1.0,"gene is annotated for similar motif dbcorrdb__EGR1__ENCSR000BJA_1__m1 ('EGR1 (ENCSR000BJA-1, motif 1)'; q-value = 0.00018)","frozenset({'hg38__refseq-r80__10kb_up_and_down_tss.mc9nr.genes_vs_motifs.rankings', 'activating', 'weight>75.0%'})","[('PCNA', 0.8379554444647237), ('MCM4', 1.3175119857718676), ('MYC', 2.9881827857725174), ('LEF1', 1.0975754021831252), ('EGR1', 1.0)]",369
EGR1,transfac_pro__M00933,0.1306999571163101,3.4660993470149273,1e-06,1.0,gene is annotated for similar motif jaspar__MA0162.2 ('EGR1'; q-value = 9.7e-07),"frozenset({'hg38__refseq-r80__10kb_up_and_down_tss.mc9nr.genes_vs_motifs.rankings', 'activating', 'weight>75.0%'})","[('MYC', 2.9881827857725174), ('PCNA', 0.8379554444647237), ('LEF1', 1.0975754021831252)]",34
EGR1,transfac_pro__M03893,0.1350836231953114,3.621208745662897,1e-06,1.0,"gene is annotated for similar motif dbcorrdb__EGR1__ENCSR000BJA_1__m1 ('EGR1 (ENCSR000BJA-1, motif 1)'; q-value = 1.05e-06)","frozenset({'hg38__refseq-r80__10kb_up_and_down_tss.mc9nr.genes_vs_motifs.rankings', 'activating', 'weight>75.0%'})","[('EGR1', 1.0), ('EGR3', 8.730324747826867), ('JUNB', 2.173308663675324), ('LEF1', 1.0975754021831252), ('FOSB', 18.90606244903381), ('CCL3', 2.17878812734854)]",519
EGR1,cisbp__M0544,0.12672130366417306,3.32532070802465,1e-06,1.0,gene is annotated for similar motif taipale_cyt_meth__EGR1_NMCGCCCACGCMN_eDBD ('EGR1 [Znf_C2H2]'; q-value = 1.21e-06),"frozenset({'hg38__refseq-r80__10kb_up_and_down_tss.mc9nr.genes_vs_motifs.rankings', 'activating', 'weight>75.0%'})","[('PCNA', 0.8379554444647237), ('GAPDH', 0.8306613012347563), ('MYC', 2.9881827857725174), ('MCM4', 1.3175119857718676), ('JUNB', 2.173308663675324), ('EGR3', 8.730324747826867), ('LEF1', 1.0975754021831252), ('CXCL2', 3.8430154438589743)]",594
EGR1,cisbp__M0512,0.11788249868966504,3.012572953142059,0.0,0.13198,motif is annotated for orthologous gene YER028C in S. cerevisiae (identity = 13%),"frozenset({'hg38__refseq-r80__10kb_up_and_down_tss.mc9nr.genes_vs_motifs.rankings', 'activating', 'weight>75.0%'})","[('LEF1', 1.0975754021831252), ('EGR3', 8.730324747826867), ('EGR1', 1.0), ('GAPDH', 0.8306613012347563), ('MCM4', 1.3175119857718676), ('MYC', 2.9881827857725174), ('PCNA', 0.8379554444647237), ('DUSP2', 2.3562180066975578)]",1313
EGR1,cisbp__M0419,0.12317148711106876,3.1997158145542834,0.0,0.930582,motif is annotated for orthologous gene ENSMUSG00000038418 in M. musculus (identity = 93%),"frozenset({'hg38__refseq-r80__10kb_up_and_down_tss.mc9nr.genes_vs_motifs.rankings', 'activating', 'weight>75.0%'})","[('JUNB', 2.173308663675324), ('FOSB', 18.90606244903381), ('DUSP1', 2.1073129301721534), ('DUSP2', 2.3562180066975578), ('IL23R', 1.2314048189956697)]",508
EGR1,cisbp__M0417,0.1326297231619574,3.534381201854522,0.0,0.930582,motif is annotated for orthologous gene ENSMUSG00000038418 in M. musculus (identity = 93%),"frozenset({'hg38__refseq-r80__10kb_up_and_down_tss.mc9nr.genes_vs_motifs.rankings', 'activating', 'weight>75.0%'})","[('MYC', 2.9881827857725174), ('LEF1', 1.0975754021831252), ('EGR3', 8.730324747826867), ('EGR1', 1.0), ('JUN', 5.808435732629597)]",515
EGR1,hocomoco__EGR1_HUMAN.H11MO.0.A,0.13172440081955497,3.502347739090268,0.0,1.0,gene is directly annotated,"frozenset({'hg38__refseq-r80__10kb_up_and_down_tss.mc9nr.genes_vs_motifs.rankings', 'activating', 'weight>75.0%'})","[('EGR3', 8.730324747826867), ('EGR1', 1.0), ('JUNB', 2.173308663675324), ('LEF1', 1.0975754021831252), ('PCNA', 0.8379554444647237)]",592
EGR1,cisbp__M6535,0.13148615809787012,3.493917880468096,0.0,1.0,"gene is annotated for similar motif cisbp__M1971 ('EGR1[gene ID: ""ENSG00000120738"" species: ""Homo sapiens"" TF status: ""direct"" TF family: ""C2H2 ZF"" DBDs: ""zf-C2H2""]; Egr4[gene ID: ""ENSMUSG00000071341"" species: ""Mus musculus"" TF status: ""inferred"" TF family: ""C2H2 ZF"" DBDs: ""zf-C2H2""]'; q-value = 6.29e-08)","frozenset({'hg38__refseq-r80__10kb_up_and_down_tss.mc9nr.genes_vs_motifs.rankings', 'activating', 'weight>75.0%'})","[('LEF1', 1.0975754021831252), ('EGR1', 1.0), ('EGR3', 8.730324747826867), ('FOSB', 18.90606244903381), ('DUSP2', 2.3562180066975578), ('JUNB', 2.173308663675324), ('MYC', 2.9881827857725174), ('CBLB', 1.2950753777777932), ('JUN', 5.808435732629597)]",2000
EGR1,hocomoco__EGR2_HUMAN.H11MO.1.A,0.13148615809787012,3.493917880468096,0.0,1.0,gene is annotated for similar motif hocomoco__EGR1_HUMAN.H11MO.0.A ('EGR1_HUMAN'; q-value = 1.13e-11),"frozenset({'hg38__refseq-r80__10kb_up_and_down_tss.mc9nr.genes_vs_motifs.rankings', 'activating', 'weight>75.0%'})","[('PCNA', 0.8379554444647237), ('MYC', 2.9881827857725174), ('TNF', 8.823503964494856), ('LEF1', 1.0975754021831252), ('MCM4', 1.3175119857718676)]",517
EGR1,transfac_pro__M07354,0.1255300900557488,3.283171414913789,0.0,1.0,gene is directly annotated,"frozenset({'hg38__refseq-r80__10kb_up_and_down_tss.mc9nr.genes_vs_motifs.rankings', 'activating', 'weight>75.0%'})","[('DUSP1', 2.1073129301721534), ('JUN', 5.808435732629597), ('EGR3', 8.730324747826867), ('FOSB', 18.90606244903381)]",83
EGR1,transfac_pro__M08878,0.12257588030685662,3.1786411679988524,0.0,1.0,gene is directly annotated,"frozenset({'hg38__refseq-r80__10kb_up_and_down_tss.mc9nr.genes_vs_motifs.rankings', 'activating', 'weight>75.0%'})","[('DUSP2', 2.3562180066975578), ('CXCL2', 3.8430154438589743), ('S100A12', 3.361553386438753), ('JUNB', 2.173308663675324), ('CD69', 1.3979563929987362), ('TNF', 8.823503964494856), ('ITGA4', 0.8689374453117326), ('EGR3', 8.730324747826867), ('IL1B', 1.881580420838589), ('FCER1A', 1.3448698776575587), ('HLA-A', 2.7897656279112915), ('EGR1', 1.0)]",2019
EGR1,cisbp__M0414,0.13591747272120835,3.650713250840499,0.0,1.0,"gene is annotated for similar motif taipale_cyt_meth__EGR1_NMCGCCCACGCMN_eDBD_meth ('EGR1 [Znf_C2H2, CpG-meth]'; q-value = 2.26e-09)","frozenset({'hg38__refseq-r80__10kb_up_and_down_tss.mc9nr.genes_vs_motifs.rankings', 'activating', 'weight>75.0%'})","[('EGR1', 1.0), ('PTPRC', 1.252991085464238), ('EGR3', 8.730324747826867), ('FOSB', 18.90606244903381)]",336
EGR1,transfac_pro__M01873,0.13572687854386048,3.643969363942762,0.0,1.0,gene is directly annotated,"frozenset({'hg38__refseq-r80__10kb_up_and_down_tss.mc9nr.genes_vs_motifs.rankings', 'activating', 'weight>75.0%'})","[('EGR3', 8.730324747826867), ('MYC', 2.9881827857725174), ('LEF1', 1.0975754021831252), ('GAPDH', 0.8306613012347563)]",174
FOSB,transfac_pro__M00916,0.08408279266308921,3.2221988010018645,0.000881,1.0,motif similar to taipale_cyt_meth__FOSB_NRTGACGTCAYN_eDBD ('FOSB [bZIP]'; q-value = 0.000881) which is directly annotated,"frozenset({'hg38__refseq-r80__10kb_up_and_down_tss.mc9nr.genes_vs_motifs.rankings', 'activating', 'weight>75.0%'})","[('CCL2', 5.6957685359424), ('ICAM1', 9.400180041862368), ('CD86', 3.229040663884038), ('JUNB', 7.262425913075174), ('TIAF1', 5.388393845593567), ('CCL5', 1.6434175927426438), ('STAT5A', 1.7470127476794994), ('STAT1', 0.9996283687412004), ('S100A12', 9.945981249902886), ('IRF8', 2.5626108549906648), ('DUSP2', 8.291331558558932), ('CD69', 9.004603954855249), ('POU2AF1', 1.3937040280998232), ('CD4', 3.3067720573230344), ('IER3', 10.222137171542794), ('LAT2', 5.012636520097989), ('CD63', 6.0767644802776), ('CTLA4', 2.057210168000688), ('ITGA4', 2.916430200143413), ('FYN', 2.837428222824081), ('HLA-DRA', 6.040937837947307), ('CD74', 3.4585979116769776), ('LYN', 5.410831017612816), ('LGALS1', 3.0356563550818567), ('TLR2', 6.994248116872449), ('CXCL16', 7.162713069685784), ('TRAT1', 2.595436308434953), ('CSF2', 1.9637245815437012)]",3171
FOSB,transfac_pro__M00917,0.08066114466279005,3.0207025725556957,0.000852,1.0,motif similar to transfac_pro__M08937 ('V$JUNFOSB_02: C-JUN:FOSB'; q-value = 0.000852) which is directly annotated,"frozenset({'hg38__refseq-r80__10kb_up_and_down_tss.mc9nr.genes_vs_motifs.rankings', 'activating', 'weight>75.0%'})","[('CCND2', 2.982011422157035), ('LEF1', 6.313594303887207), ('FOSB', 1.0), ('EGR3', 7.797866617347223), ('DUSP2', 8.291331558558932), ('MYC', 1.9209507625456768), ('LGALS1', 3.0356563550818567), ('STAT5A', 1.7470127476794994), ('CD4', 3.3067720573230344), ('CXCR4', 26.262316827299703), ('JUNB', 7.262425913075174), ('GAPDH', 5.4259366538276375)]",1140
FOSB,cisbp__M0341,0.08269917543892452,3.140719451794124,0.000788,1.0,gene is annotated for similar motif transfac_pro__M08937 ('V$JUNFOSB_02: C-JUN:FOSB'; q-value = 0.000788),"frozenset({'hg38__refseq-r80__10kb_up_and_down_tss.mc9nr.genes_vs_motifs.rankings', 'activating', 'weight>75.0%'})","[('DUSP1', 6.838265272388113), ('BTG1', 31.793865306776624), ('JUN', 4.887521420388917), ('CCND2', 2.982011422157035), ('FOSB', 1.0), ('EGR3', 7.797866617347223), ('CXCL16', 7.162713069685784), ('FYN', 2.837428222824081)]",443
FOSB,taipale_cyt_meth__CREB1_NRTGACGTCAYN_FL,0.08752313819344465,3.424796101734624,0.000632,1.0,motif similar to taipale_cyt_meth__FOSB_NRTGACGTCAYN_eDBD ('FOSB [bZIP]'; q-value = 0.000632) which is directly annotated,"frozenset({'hg38__refseq-r80__10kb_up_and_down_tss.mc9nr.genes_vs_motifs.rankings', 'activating', 'weight>75.0%'})","[('CCL2', 5.6957685359424), ('CSF2', 1.9637245815437012), ('JUNB', 7.262425913075174), ('S100A12', 9.945981249902886), ('ICAM1', 9.400180041862368), ('DUSP2', 8.291331558558932), ('CD4', 3.3067720573230344)]",261
FOSB,transfac_pro__M07312,0.08989772451059215,3.564632282131692,0.000574,1.0,gene is annotated for similar motif taipale_cyt_meth__FOSB_NRTGACGTCAYN_eDBD ('FOSB [bZIP]'; q-value = 0.000574),"frozenset({'hg38__refseq-r80__10kb_up_and_down_tss.mc9nr.genes_vs_motifs.rankings', 'activating', 'weight>75.0%'})","[('JUNB', 7.262425913075174), ('ANXA5', 9.639873542898442), ('POU2AF1', 1.3937040280998232), ('IL18', 7.555072051771537), ('FOSB', 1.0), ('DUSP1', 6.838265272388113), ('DUSP2', 8.291331558558932), ('IL23R', 10.513994671780292)]",508
FOSB,cisbp__M0269,0.09666623039096535,3.963220449877665,0.000456,1.0,gene is annotated for similar motif transfac_pro__M08937 ('V$JUNFOSB_02: C-JUN:FOSB'; q-value = 0.000456),"frozenset({'hg38__refseq-r80__10kb_up_and_down_tss.mc9nr.genes_vs_motifs.rankings', 'activating', 'weight>75.0%'})","[('MYC', 1.9209507625456768), ('CCND2', 2.982011422157035), ('LEF1', 6.313594303887207), ('EGR3', 7.797866617347223), ('LIPA', 2.1351212686012806), ('EGR1', 10.462417157673617), ('JUN', 4.887521420388917), ('FYN', 2.837428222824081), ('PIK3IP1', 6.120108812702725)]",602
FOSB,transfac_pro__M08930,0.08737355795299441,3.4159875234418955,0.000393,1.0,gene is annotated for similar motif transfac_pro__M08937 ('V$JUNFOSB_02: C-JUN:FOSB'; q-value = 0.000393),"frozenset({'hg38__refseq-r80__10kb_up_and_down_tss.mc9nr.genes_vs_motifs.rankings', 'activating', 'weight>75.0%'})","[('FYN', 2.837428222824081), ('DUSP1', 6.838265272388113), ('JUN', 4.887521420388917), ('FOSB', 1.0), ('CCND2', 2.982011422157035), ('BTG1', 31.793865306776624), ('TIAF1', 5.388393845593567), ('EGR3', 7.797866617347223), ('KIT', 2.8562745844940998), ('NAMPT', 12.122625536821214), ('CD4', 3.3067720573230344)]",1234
FOSB,dbcorrdb__RCOR1__ENCSR000ECM_1__m1,0.08056765701250865,3.01519721112274,0.000312,1.0,motif similar to hocomoco__FOSB_HUMAN.H11MO.0.A ('FOSB_HUMAN'; q-value = 0.000312) which is directly annotated,"frozenset({'hg38__refseq-r80__10kb_up_and_down_tss.mc9nr.genes_vs_motifs.rankings', 'activating', 'weight>75.0%'})","[('CCL2', 5.6957685359424), ('CD86', 3.229040663884038), ('TIAF1', 5.388393845593567), ('STAT1', 0.9996283687412004), ('STAT5A', 1.7470127476794994), ('ICAM1', 9.400180041862368), ('CD69', 9.004603954855249), ('CCL5', 1.6434175927426438), ('IER3', 10.222137171542794), ('CD63', 6.0767644802776), ('S100A12', 9.945981249902886), ('CD4', 3.3067720573230344), ('IRF8', 2.5626108549906648), ('FYN', 2.837428222824081), ('LAT2', 5.012636520097989), ('ITGA4', 2.916430200143413), ('LYN', 5.410831017612816), ('POU2AF1', 1.3937040280998232), ('JUNB', 7.262425913075174), ('DUSP2', 8.291331558558932), ('CD74', 3.4585979116769776)]",1562
FOSB,transfac_pro__M01186,0.08210085447712358,3.105485138623209,0.000161,1.0,motif similar to taipale_cyt_meth__FOSB_NRTGACGTCAYN_eDBD ('FOSB [bZIP]'; q-value = 0.000161) which is directly annotated,"frozenset({'hg38__refseq-r80__10kb_up_and_down_tss.mc9nr.genes_vs_motifs.rankings', 'activating', 'weight>75.0%'})","[('DUSP2', 8.291331558558932), ('ICAM1', 9.400180041862368), ('S100A12', 9.945981249902886), ('CCL2', 5.6957685359424), ('CD86', 3.229040663884038), ('JUN', 4.887521420388917), ('IER3', 10.222137171542794), ('STAT5A', 1.7470127476794994), ('CD4', 3.3067720573230344), ('LYN', 5.410831017612816), ('CD69', 9.004603954855249), ('CLEC4E', 11.441883047908911), ('FTH1', 11.851478800579727), ('FYN', 2.837428222824081), ('CSF2', 1.9637245815437012), ('CD63', 6.0767644802776), ('ITGAX', 5.7108571408860165), ('STAT1', 0.9996283687412004), ('TRAT1', 2.595436308434953), ('CTLA4', 2.057210168000688), ('CCL5', 1.6434175927426438), ('TGFBI', 2.182359912302477), ('TLR2', 6.994248116872449), ('PDIA6', 3.370532073499744), ('POU2AF1', 1.3937040280998232), ('EGR1', 10.462417157673617), ('KIT', 2.8562745844940998), ('EGR3', 7.797866617347223), ('IRF8', 2.5626108549906648), ('LAT2', 5.012636520097989), ('JUNB', 7.262425913075174)]",4857
FOSB,taipale_cyt_meth__ATF2_NRTGAYGTMAYN_FL,0.09399248359291737,3.805767112895139,0.000158,1.0,motif similar to taipale_cyt_meth__FOSB_NRTGACGTCAYN_eDBD ('FOSB [bZIP]'; q-value = 0.000158) which is directly annotated,"frozenset({'hg38__refseq-r80__10kb_up_and_down_tss.mc9nr.genes_vs_motifs.rankings', 'activating', 'weight>75.0%'})","[('DUSP1', 6.838265272388113), ('JUN', 4.887521420388917), ('FYN', 2.837428222824081), ('EGR3', 7.797866617347223), ('FOSB', 1.0), ('CCND2', 2.982011422157035), ('BTG1', 31.793865306776624)]",209
FOSB,cisbp__M0362,0.08674719069610905,3.379101601841094,0.000148,1.0,motif similar to taipale_cyt_meth__FOSB_NRTGACGTCAYN_eDBD ('FOSB [bZIP]'; q-value = 0.000148) which is directly annotated,"frozenset({'hg38__refseq-r80__10kb_up_and_down_tss.mc9nr.genes_vs_motifs.rankings', 'activating', 'weight>75.0%'})","[('DUSP1', 6.838265272388113), ('CCND2', 2.982011422157035), ('BTG1', 31.793865306776624), ('DUSP2', 8.291331558558932), ('FOSB', 1.0), ('EGR3', 7.797866617347223), ('IRF4', 1.3591359979464186), ('EGR1', 10.462417157673617), ('CXCL16', 7.162713069685784), ('JUN', 4.887521420388917), ('NAMPT', 12.122625536821214), ('FYN', 2.837428222824081), ('CD4', 3.3067720573230344), ('JUNB', 7.262425913075174), ('LYN', 5.410831017612816), ('ANXA5', 9.639873542898442)]",1810
FOSB,cisbp__M0275,0.0845969747396369,3.252478288883119,0.000121,1.0,gene is annotated for similar motif transfac_pro__M08937 ('V$JUNFOSB_02: C-JUN:FOSB'; q-value = 0.000121),"frozenset({'hg38__refseq-r80__10kb_up_and_down_tss.mc9nr.genes_vs_motifs.rankings', 'activating', 'weight>75.0%'})","[('STAT5A', 1.7470127476794994), ('DUSP2', 8.291331558558932), ('ICAM1', 9.400180041862368), ('CCL2', 5.6957685359424), ('S100A12', 9.945981249902886), ('CD86', 3.229040663884038), ('LAT2', 5.012636520097989), ('CD4', 3.3067720573230344), ('JUNB', 7.262425913075174), ('CD69', 9.004603954855249), ('TRAT1', 2.595436308434953), ('CCL5', 1.6434175927426438), ('CD74', 3.4585979116769776), ('STAT1', 0.9996283687412004), ('IER3', 10.222137171542794), ('FYN', 2.837428222824081), ('LYN', 5.410831017612816), ('ITGA4', 2.916430200143413), ('EGR3', 7.797866617347223), ('HLA-A', 30.27134725382337), ('EGR1', 10.462417157673617)]",2019
FOSB,taipale_cyt_meth__CREM_NRTGACGTCAYN_eDBD,0.09081390348334985,3.618584824174655,0.000115,1.0,motif similar to taipale_cyt_meth__FOSB_NRTGACGTCAYN_eDBD ('FOSB [bZIP]'; q-value = 0.000115) which is directly annotated,"frozenset({'hg38__refseq-r80__10kb_up_and_down_tss.mc9nr.genes_vs_motifs.rankings', 'activating', 'weight>75.0%'})","[('FOSB', 1.0), ('FYN', 2.837428222824081), ('RGS1', 27.632088686800262), ('FOSL1', 2.5504416928043647), ('BTG1', 31.793865306776624), ('CD4', 3.3067720573230344), ('ICAM1', 9.400180041862368), ('STAT5A', 1.7470127476794994)]",576
FOSB,jaspar__MA1070.1,0.08982293439036704,3.560227992985328,0.000105,1.0,motif similar to taipale_cyt_meth__FOSB_NRTGACGTCAYN_eDBD ('FOSB [bZIP]'; q-value = 0.000105) which is directly annotated,"frozenset({'hg38__refseq-r80__10kb_up_and_down_tss.mc9nr.genes_vs_motifs.rankings', 'activating', 'weight>75.0%'})","[('ICAM1', 9.400180041862368), ('DUSP2', 8.291331558558932), ('S100A12', 9.945981249902886), ('CSF2', 1.9637245815437012), ('CCL2', 5.6957685359424), ('STAT5A', 1.7470127476794994), ('CD86', 3.229040663884038), ('CD69', 9.004603954855249), ('IER3', 10.222137171542794)]",565
FOSB,cisbp__M0361,0.0807452835480433,3.0256573978453556,9.7e-05,1.0,motif similar to transfac_pro__M08937 ('V$JUNFOSB_02: C-JUN:FOSB'; q-value = 9.69e-05) which is directly annotated,"frozenset({'hg38__refseq-r80__10kb_up_and_down_tss.mc9nr.genes_vs_motifs.rankings', 'activating', 'weight>75.0%'})","[('BTG1', 31.793865306776624), ('EGR3', 7.797866617347223), ('DUSP1', 6.838265272388113), ('FOSB', 1.0), ('CCND2', 2.982011422157035)]",71
FOSB,cisbp__M0259,0.09004730475104239,3.5734408604244208,8.5e-05,1.0,motif similar to taipale_cyt_meth__FOSB_NRTGACGTCAYN_eDBD ('FOSB [bZIP]'; q-value = 8.51e-05) which is directly annotated,"frozenset({'hg38__refseq-r80__10kb_up_and_down_tss.mc9nr.genes_vs_motifs.rankings', 'activating', 'weight>75.0%'})","[('CCND2', 2.982011422157035), ('FYN', 2.837428222824081), ('DUSP1', 6.838265272388113), ('FOSB', 1.0), ('BTG1', 31.793865306776624), ('EGR3', 7.797866617347223), ('NAMPT', 12.122625536821214), ('DUSP2', 8.291331558558932), ('JUN', 4.887521420388917)]",741
FOSB,dbcorrdb__JUN__ENCSR000EEK_1__m1,0.11168034702615784,4.847381496010306,7.6e-05,1.0,motif similar to taipale_cyt_meth__FOSB_NRTGACGTCAYN_eDBD ('FOSB [bZIP]'; q-value = 7.57e-05) which is directly annotated,"frozenset({'hg38__refseq-r80__10kb_up_and_down_tss.mc9nr.genes_vs_motifs.rankings', 'activating', 'weight>75.0%'})","[('MYC', 1.9209507625456768), ('JUNB', 7.262425913075174), ('CXCR4', 26.262316827299703), ('ICAM1', 9.400180041862368), ('BTG1', 31.793865306776624), ('EGR3', 7.797866617347223), ('CCL5', 1.6434175927426438), ('GAPDH', 5.4259366538276375), ('S100A9', 11.461342559543429), ('CCND2', 2.982011422157035), ('THBS1', 7.298722317894112), ('EGR1', 10.462417157673617), ('IRF4', 1.3591359979464186)]",1210
FOSB,transfac_pro__M01187,0.08077332984312773,3.027309006275242,6.9e-05,1.0,gene is annotated for similar motif taipale_cyt_meth__FOSB_NRTGACGTCAYN_eDBD ('FOSB [bZIP]'; q-value = 6.94e-05),"frozenset({'hg38__refseq-r80__10kb_up_and_down_tss.mc9nr.genes_vs_motifs.rankings', 'activating', 'weight>75.0%'})","[('TIAF1', 5.388393845593567), ('BTG1', 31.793865306776624), ('FYN', 2.837428222824081), ('LEF1', 6.313594303887207), ('RGS1', 27.632088686800262), ('CCL2', 5.6957685359424), ('CD63', 6.0767644802776)]",477
FOSB,transfac_pro__M09521,0.08369014453190733,3.199076282983451,6.7e-05,1.0,gene is annotated for similar motif transfac_pro__M08937 ('V$JUNFOSB_02: C-JUN:FOSB'; q-value = 6.72e-05),"frozenset({'hg38__refseq-r80__10kb_up_and_down_tss.mc9nr.genes_vs_motifs.rankings', 'activating', 'weight>75.0%'})","[('DUSP1', 6.838265272388113), ('EGR3', 7.797866617347223), ('CCND2', 2.982011422157035), ('EGR1', 10.462417157673617), ('CXCL16', 7.162713069685784), ('BTG1', 31.793865306776624), ('FYN', 2.837428222824081), ('DUSP2', 8.291331558558932), ('FOSB', 1.0), ('IRF4', 1.3591359979464186)]",844
FOSB,transfac_pro__M07246,0.09034646523194285,3.591058017009878,6.6e-05,1.0,"motif similar to taipale_cyt_meth__FOSB_NRTGAYGTCAYN_eDBD_meth ('FOSB [bZIP, CpG-meth]'; q-value = 6.64e-05) which is directly annotated","frozenset({'hg38__refseq-r80__10kb_up_and_down_tss.mc9nr.genes_vs_motifs.rankings', 'activating', 'weight>75.0%'})","[('ICAM1', 9.400180041862368), ('MYC', 1.9209507625456768), ('EGR3', 7.797866617347223), ('CCND2', 2.982011422157035), ('IRF8', 2.5626108549906648), ('EGR1', 10.462417157673617), ('FYN', 2.837428222824081), ('LEF1', 6.313594303887207), ('CD63', 6.0767644802776), ('STAT5A', 1.7470127476794994), ('JUNB', 7.262425913075174), ('FOSB', 1.0)]",994
FOSB,cisbp__M4571,0.09196380158181104,3.6863007698000074,3.8e-05,1.0,motif similar to taipale_cyt_meth__FOSB_NRTGACGTCAYN_eDBD ('FOSB [bZIP]'; q-value = 3.78e-05) which is directly annotated,"frozenset({'hg38__refseq-r80__10kb_up_and_down_tss.mc9nr.genes_vs_motifs.rankings', 'activating', 'weight>75.0%'})","[('CCND2', 2.982011422157035), ('JUNB', 7.262425913075174), ('EGR3', 7.797866617347223), ('LEF1', 6.313594303887207), ('FOSB', 1.0), ('GAPDH', 5.4259366538276375), ('CXCR4', 26.262316827299703), ('LGALS1', 3.0356563550818567), ('STAT5A', 1.7470127476794994)]",848
FOSB,taipale_cyt_meth__CREB5_NRTGAYGTCAYN_eDBD,0.0869248172316437,3.3895617885637095,5e-06,1.0,motif similar to taipale_cyt_meth__FOSB_NRTGACGTCAYN_eDBD ('FOSB [bZIP]'; q-value = 5.42e-06) which is directly annotated,"frozenset({'hg38__refseq-r80__10kb_up_and_down_tss.mc9nr.genes_vs_motifs.rankings', 'activating', 'weight>75.0%'})","[('STAT5A', 1.7470127476794994), ('ICAM1', 9.400180041862368), ('CCL2', 5.6957685359424), ('DUSP2', 8.291331558558932), ('CD86', 3.229040663884038), ('CCL5', 1.6434175927426438), ('IER3', 10.222137171542794), ('CD69', 9.004603954855249), ('S100A12', 9.945981249902886), ('TRAT1', 2.595436308434953)]",536
FOSB,cisbp__M0309,0.08132490697978798,3.0597906387296794,2e-06,1.0,motif similar to transfac_pro__M08937 ('V$JUNFOSB_02: C-JUN:FOSB'; q-value = 2.3e-06) which is directly annotated,"frozenset({'hg38__refseq-r80__10kb_up_and_down_tss.mc9nr.genes_vs_motifs.rankings', 'activating', 'weight>75.0%'})","[('DUSP2', 8.291331558558932), ('EGR3', 7.797866617347223), ('CD86', 3.229040663884038), ('CD63', 6.0767644802776), ('CD4', 3.3067720573230344), ('ICAM1', 9.400180041862368), ('S100A12', 9.945981249902886), ('IER3', 10.222137171542794), ('EGR1', 10.462417157673617), ('LYN', 5.410831017612816), ('STAT5A', 1.7470127476794994), ('PIK3IP1', 6.120108812702725), ('RGS1', 27.632088686800262), ('JUNB', 7.262425913075174), ('IRF8', 2.5626108549906648), ('LAT2', 5.012636520097989), ('TRAT1', 2.595436308434953), ('JUN', 4.887521420388917), ('CCL5', 1.6434175927426438), ('CD69', 9.004603954855249), ('CSF2', 1.9637245815437012), ('LGALS1', 3.0356563550818567), ('GAPDH', 5.4259366538276375)]",3536
FOSB,dbcorrdb__ATF1__ENCSR000DNZ_1__m1,0.08996316586578913,3.568486035134761,1e-06,1.0,motif similar to taipale_cyt_meth__FOSB_NRTGACGTCAYN_eDBD ('FOSB [bZIP]'; q-value = 7.13e-07) which is directly annotated,"frozenset({'hg38__refseq-r80__10kb_up_and_down_tss.mc9nr.genes_vs_motifs.rankings', 'activating', 'weight>75.0%'})","[('EGR1', 10.462417157673617), ('EGR3', 7.797866617347223), ('DUSP2', 8.291331558558932), ('FOSB', 1.0), ('POU2AF1', 1.3937040280998232), ('TLR2', 6.994248116872449), ('TRAT1', 2.595436308434953), ('IER3', 10.222137171542794), ('JUNB', 7.262425913075174), ('THBS1', 7.298722317894112), ('LEF1', 6.313594303887207)]",1154
FOSB,transfac_pro__M08947,0.09904081670811286,4.103056630274733,1e-06,1.0,motif similar to transfac_pro__M08937 ('V$JUNFOSB_02: C-JUN:FOSB'; q-value = 1.18e-06) which is directly annotated,"frozenset({'hg38__refseq-r80__10kb_up_and_down_tss.mc9nr.genes_vs_motifs.rankings', 'activating', 'weight>75.0%'})","[('DUSP1', 6.838265272388113), ('JUN', 4.887521420388917), ('CCND2', 2.982011422157035), ('NAMPT', 12.122625536821214), ('AQP9', 5.403789888920939), ('FOSB', 1.0), ('CD4', 3.3067720573230344), ('FYN', 2.837428222824081), ('DUSP2', 8.291331558558932), ('STAT5A', 1.7470127476794994)]",611
FOSB,hocomoco__CREB5_HUMAN.H11MO.0.D,0.08258699025858685,3.1341130180745775,1e-06,1.0,motif similar to transfac_pro__M08937 ('V$JUNFOSB_02: C-JUN:FOSB'; q-value = 7.54e-07) which is directly annotated,"frozenset({'hg38__refseq-r80__10kb_up_and_down_tss.mc9nr.genes_vs_motifs.rankings', 'activating', 'weight>75.0%'})","[('EGR1', 10.462417157673617), ('EGR3', 7.797866617347223), ('FOSB', 1.0), ('JUNB', 7.262425913075174), ('TLR2', 6.994248116872449), ('LEF1', 6.313594303887207), ('KIT', 2.8562745844940998), ('DUSP2', 8.291331558558932), ('THBS1', 7.298722317894112), ('TRAT1', 2.595436308434953)]",899
FOSB,dbcorrdb__ATF2__ENCSR000BQU_1__m1,0.0922349157676271,3.7022663179555777,1e-06,1.0,motif similar to taipale_cyt_meth__FOSB_NRTGACGTCAYN_eDBD ('FOSB [bZIP]'; q-value = 7.21e-07) which is directly annotated,"frozenset({'hg38__refseq-r80__10kb_up_and_down_tss.mc9nr.genes_vs_motifs.rankings', 'activating', 'weight>75.0%'})","[('CD69', 9.004603954855249), ('CCL2', 5.6957685359424), ('STAT5A', 1.7470127476794994), ('CD86', 3.229040663884038), ('IL23R', 10.513994671780292), ('TNFSF13B', 4.825174314420416), ('STAT1', 0.9996283687412004), ('FTH1', 11.851478800579727), ('S100A12', 9.945981249902886), ('PTPRC', 11.47446315455502), ('IER3', 10.222137171542794)]",918
FOSB,taipale_cyt_meth__ATF2_NRTGAYGTCAYN_eDBD,0.08997251463081726,3.569036571278056,1e-06,1.0,motif similar to taipale_cyt_meth__FOSB_NRTGACGTCAYN_eDBD ('FOSB [bZIP]'; q-value = 1.1e-06) which is directly annotated,"frozenset({'hg38__refseq-r80__10kb_up_and_down_tss.mc9nr.genes_vs_motifs.rankings', 'activating', 'weight>75.0%'})","[('CD69', 9.004603954855249), ('DUSP2', 8.291331558558932), ('CD4', 3.3067720573230344), ('JUNB', 7.262425913075174), ('S100A12', 9.945981249902886), ('CCL5', 1.6434175927426438), ('FYN', 2.837428222824081), ('STAT1', 0.9996283687412004), ('TRAT1', 2.595436308434953)]",472
FOSB,taipale_cyt_meth__XBP1_NRTGACGTCAYN_FL,0.08376493465213246,3.203480572129816,0.0,1.0,motif similar to taipale_cyt_meth__FOSB_NRTGACGTCAYN_eDBD ('FOSB [bZIP]'; q-value = 4.1e-07) which is directly annotated,"frozenset({'hg38__refseq-r80__10kb_up_and_down_tss.mc9nr.genes_vs_motifs.rankings', 'activating', 'weight>75.0%'})","[('EGR1', 10.462417157673617), ('EGR3', 7.797866617347223), ('FOSL1', 2.5504416928043647), ('DUSP2', 8.291331558558932), ('FOSB', 1.0), ('JUNB', 7.262425913075174), ('ITGA4', 2.916430200143413), ('CD4', 3.3067720573230344), ('CD63', 6.0767644802776), ('FYN', 2.837428222824081), ('LYN', 5.410831017612816), ('POU2AF1', 1.3937040280998232)]",1255
FOSB,dbcorrdb__BCL3__ENCSR000BQH_1__m2,0.08062374960267749,3.0185004279825134,0.0,1.0,motif similar to hocomoco__FOSB_HUMAN.H11MO.0.A ('FOSB_HUMAN'; q-value = 4.24e-07) which is directly annotated,"frozenset({'hg38__refseq-r80__10kb_up_and_down_tss.mc9nr.genes_vs_motifs.rankings', 'activating', 'weight>75.0%'})","[('EGR1', 10.462417157673617), ('EGR3', 7.797866617347223), ('FOSB', 1.0), ('THBS1', 7.298722317894112), ('JUNB', 7.262425913075174), ('POU2AF1', 1.3937040280998232), ('IL18RAP', 1.745873154046814), ('DUSP2', 8.291331558558932), ('CLEC4E', 11.441883047908911)]",630
FOSB,transfac_pro__M08915,0.08704635117700951,3.396718758426551,0.0,1.0,motif similar to taipale_cyt_meth__FOSB_NRTGACGTCAYN_eDBD ('FOSB [bZIP]'; q-value = 1.25e-07) which is directly annotated,"frozenset({'hg38__refseq-r80__10kb_up_and_down_tss.mc9nr.genes_vs_motifs.rankings', 'activating', 'weight>75.0%'})","[('CCND2', 2.982011422157035), ('EGR1', 10.462417157673617), ('MYC', 1.9209507625456768), ('CD1C', 1.5723169616936896), ('CXCR4', 26.262316827299703), ('DUSP2', 8.291331558558932), ('PDIA6', 3.370532073499744), ('CXCL16', 7.162713069685784), ('FYN', 2.837428222824081), ('LGALS1', 3.0356563550818567), ('ITGA4', 2.916430200143413), ('ITGAX', 5.7108571408860165), ('FCER1G', 7.001469306136787), ('BTG1', 31.793865306776624)]",1309
FOSB,hocomoco__FOSB_HUMAN.H11MO.0.A,0.08061440083764934,3.0179498918392174,0.0,1.0,gene is directly annotated,"frozenset({'hg38__refseq-r80__10kb_up_and_down_tss.mc9nr.genes_vs_motifs.rankings', 'activating', 'weight>75.0%'})","[('CCND2', 2.982011422157035), ('JUNB', 7.262425913075174), ('FOSB', 1.0), ('LEF1', 6.313594303887207), ('CXCR4', 26.262316827299703), ('STAT5A', 1.7470127476794994), ('EGR3', 7.797866617347223), ('CD63', 6.0767644802776), ('EGR1', 10.462417157673617), ('LGALS1', 3.0356563550818567), ('GAPDH', 5.4259366538276375), ('CD4', 3.3067720573230344), ('MYC', 1.9209507625456768), ('JUN', 4.887521420388917), ('FYN', 2.837428222824081), ('DUSP2', 8.291331558558932), ('LYN', 5.410831017612816), ('LAT2', 5.012636520097989), ('S100A9', 11.461342559543429), ('THBS1', 7.298722317894112), ('CSF2', 1.9637245815437012), ('TIAF1', 5.388393845593567)]",3677
IRF8,tfdimers__MD00302,0.10075965393542942,3.9288878185924463,0.0,1.0,gene is directly annotated,"frozenset({'hg38__refseq-r80__10kb_up_and_down_tss.mc9nr.genes_vs_motifs.rankings', 'activating', 'weight>75.0%'})","[('ITGAX', 3.147918254423523), ('TCF4', 15.254893808136444), ('CD4', 2.228887856191343), ('TGFBI', 10.061307381352288)]",522
JUN,transfac_pro__M07296,0.10561299852289513,3.074430754107112,0.000652,1.0,"gene is annotated for similar motif dbcorrdb__JUN__ENCSR000EGH_1__m3 ('JUN (ENCSR000EGH-1, motif 3)'; q-value = 0.000652)","frozenset({'hg38__refseq-r80__10kb_up_and_down_tss.mc9nr.genes_vs_motifs.rankings', 'activating', 'weight>75.0%'})","[('BAX', 1.8003214020601916), ('CD63', 1.03839629944796), ('LAMP1', 2.289344100246005), ('IL18', 1.1184482803239402), ('DUSP1', 4.496651575044924), ('GAPDH', 3.5579639804050918)]",408
JUN,dbcorrdb__JUND__ENCSR000BGK_1__m1,0.11145576891514854,3.327323069110436,0.0,1.0,"motif similar to dbcorrdb__JUN__ENCSR000EFS_1__m1 ('JUN (ENCSR000EFS-1, motif 1)'; q-value = 7.11e-10) which is directly annotated","frozenset({'hg38__refseq-r80__10kb_up_and_down_tss.mc9nr.genes_vs_motifs.rankings', 'activating', 'weight>75.0%'})","[('ICAM1', 0.8388920080971131), ('JUNB', 2.531311345467063), ('BIRC3', 2.222933757885588), ('TIAF1', 5.13427026469697), ('CCL5', 1.2778005711814258), ('STAT5A', 4.500617518447674), ('CXCL5', 1.1589340254167226), ('CD69', 5.097395061742794), ('LAT2', 1.37706515645048), ('CD63', 1.03839629944796), ('ITGA4', 2.5964953063011924), ('FAM65B', 2.134133583847081), ('CST7', 1.407338651794651)]",1819
JUNB,transfac_pro__M00916,0.14610677358092425,3.0660632754342276,0.000815,1.0,motif similar to taipale_cyt_meth__JUNB_NATGACGTCAYN_eDBD_repr ('JUNB [bZIP]'; q-value = 0.000815) which is directly annotated,"frozenset({'hg38__refseq-r80__10kb_up_and_down_tss.mc9nr.genes_vs_motifs.rankings', 'activating', 'weight>75.0%'})","[('DUSP1', 5.755738647487208), ('CD44', 1.7126481502622188), ('BIN2', 1.9511275972216424), ('BACH2', 1.35258088044004), ('FOXP1', 2.3297113780042955), ('RORA', 1.2533028283065089), ('FYB', 2.4832112727526567), ('FAM65B', 0.9266004602327332), ('MYC', 3.55401118482114)]",959
JUNB,cisbp__M6180,0.14589575859886053,3.0590045902376204,0.000701,1.0,gene is annotated for similar motif transfac_pro__M08945 ('V$JUNBFOS_03: JUNB:C-FOS'; q-value = 0.000701),"frozenset({'hg38__refseq-r80__10kb_up_and_down_tss.mc9nr.genes_vs_motifs.rankings', 'activating', 'weight>75.0%'})","[('LEF1', 5.944317802560026), ('FOSB', 26.95182739384448), ('RORA', 1.2533028283065089), ('FOXP1', 2.3297113780042955), ('DUSP2', 2.578312594950048), ('MYC', 3.55401118482114), ('FAM65B', 0.9266004602327332), ('JUNB', 1.0)]",1089
JUNB,cisbp__M0269,0.14743616796792572,3.1105329921728533,0.000316,1.0,motif similar to transfac_pro__M08945 ('V$JUNBFOS_03: JUNB:C-FOS'; q-value = 0.000316) which is directly annotated,"frozenset({'hg38__refseq-r80__10kb_up_and_down_tss.mc9nr.genes_vs_motifs.rankings', 'activating', 'weight>75.0%'})","[('BACH2', 1.35258088044004), ('EGR1', 5.241951660171043), ('FOXP1', 2.3297113780042955), ('FAM65B', 0.9266004602327332), ('MYC', 3.55401118482114), ('SELL', 2.402324136922572), ('RORA', 1.2533028283065089), ('FOSB', 26.95182739384448), ('IFNGR1', 1.132903126120285)]",797
JUNB,cisbp__M0287,0.1512977421396919,3.2397069312707667,0.000256,1.0,gene is annotated for similar motif transfac_pro__M08927 ('V$JUNB_03: JUNB'; q-value = 0.000256),"frozenset({'hg38__refseq-r80__10kb_up_and_down_tss.mc9nr.genes_vs_motifs.rankings', 'activating', 'weight>75.0%'})","[('EGR1', 5.241951660171043), ('FAM65B', 0.9266004602327332), ('JUNB', 1.0), ('LEF1', 5.944317802560026), ('FOXP1', 2.3297113780042955), ('FOSB', 26.95182739384448), ('RORA', 1.2533028283065089), ('C10orf54', 2.5099541233413225)]",864
JUNB,cisbp__M0341,0.15572905676303017,3.38793932039952,0.00016,1.0,motif similar to transfac_pro__M08927 ('V$JUNB_03: JUNB'; q-value = 0.00016) which is directly annotated,"frozenset({'hg38__refseq-r80__10kb_up_and_down_tss.mc9nr.genes_vs_motifs.rankings', 'activating', 'weight>75.0%'})","[('FOXP1', 2.3297113780042955), ('DUSP1', 5.755738647487208), ('BACH2', 1.35258088044004), ('JUN', 4.172183500914485), ('FOSB', 26.95182739384448)]",131
JUNB,taipale_cyt_meth__CREM_NRTGACGTCAYN_eDBD,0.14847014138003797,3.145120549636229,4.8e-05,1.0,motif similar to transfac_pro__M08921 ('V$JUNBFOSB_02: JUNB:FOSB'; q-value = 4.84e-05) which is directly annotated,"frozenset({'hg38__refseq-r80__10kb_up_and_down_tss.mc9nr.genes_vs_motifs.rankings', 'activating', 'weight>75.0%'})","[('FOSB', 26.95182739384448), ('BACH2', 1.35258088044004), ('JUNB', 1.0), ('FOXP1', 2.3297113780042955), ('MYC', 3.55401118482114), ('DUSP1', 5.755738647487208), ('BAX', 3.667085245346851), ('RORA', 1.2533028283065089)]",1159
JUNB,transfac_pro__M08934,0.14560033762397132,3.0491224309623703,2.8e-05,1.0,gene is annotated for similar motif transfac_pro__M08925 ('V$JUNBFOS_01: JUNB:C-FOS'; q-value = 2.83e-05),"frozenset({'hg38__refseq-r80__10kb_up_and_down_tss.mc9nr.genes_vs_motifs.rankings', 'activating', 'weight>75.0%'})","[('BAX', 3.667085245346851), ('FAM65B', 0.9266004602327332), ('RORA', 1.2533028283065089), ('C10orf54', 2.5099541233413225)]",146
JUNB,cisbp__M0361,0.15549694028276007,3.380174766683252,1.3e-05,1.0,motif similar to transfac_pro__M08927 ('V$JUNB_03: JUNB'; q-value = 1.3e-05) which is directly annotated,"frozenset({'hg38__refseq-r80__10kb_up_and_down_tss.mc9nr.genes_vs_motifs.rankings', 'activating', 'weight>75.0%'})","[('FOXP1', 2.3297113780042955), ('CBLB', 1.580444215039983), ('RORA', 1.2533028283065089), ('BACH2', 1.35258088044004), ('DUSP1', 5.755738647487208), ('FAM65B', 0.9266004602327332)]",283
JUNB,dbcorrdb__ATF2__ENCSR000BQU_1__m1,0.14530491664908207,3.0392402716871194,1e-06,1.0,motif similar to factorbook__v-JUN ('v-JUN'; q-value = 7.21e-07) which is directly annotated,"frozenset({'hg38__refseq-r80__10kb_up_and_down_tss.mc9nr.genes_vs_motifs.rankings', 'activating', 'weight>75.0%'})","[('JUNB', 1.0), ('FOSB', 26.95182739384448), ('LEF1', 5.944317802560026), ('CD44', 1.7126481502622188), ('RORA', 1.2533028283065089), ('FOXP1', 2.3297113780042955), ('BACH2', 1.35258088044004), ('MYC', 3.55401118482114), ('JUN', 4.172183500914485), ('FAM65B', 0.9266004602327332), ('EGR1', 5.241951660171043)]",1561
MYC,dbcorrdb__POLR2A__ENCSR000EZQ_1__m3,0.14280321680617103,3.2097499312399305,0.001,1.0,"gene is annotated for similar motif dbcorrdb__MYC__ENCSR000DMQ_1__m1 ('MYC (ENCSR000DMQ-1, motif 1)'; q-value = 0.001)","frozenset({'hg38__refseq-r80__10kb_up_and_down_tss.mc9nr.genes_vs_motifs.rankings', 'activating', 'weight>75.0%'})","[('BAX', 3.492843346559636), ('MYC', 1.0), ('BCL6', 0.8732363115737566), ('GNAI2', 1.2928835070727476), ('LAMP1', 1.4801370160061735), ('FOXP1', 0.980678339291446), ('EGR3', 1.8973272801947028), ('TRIB2', 1.9922205978293897), ('MCM2', 4.633717932922991), ('DUSP2', 1.0676204542792618)]",756
MYC,transfac_pro__M07414,0.1458559002133596,3.3173771414651627,0.000878,1.0,"gene is annotated for similar motif dbcorrdb__MYC__ENCSR000DOM_1__m3 ('MYC (ENCSR000DOM-1, motif 3)'; q-value = 0.000878)","frozenset({'hg38__refseq-r80__10kb_up_and_down_tss.mc9nr.genes_vs_motifs.rankings', 'activating', 'weight>75.0%'})","[('FOSB', 7.802748850498327), ('CCND2', 0.8891218358965267), ('FOXP1', 0.980678339291446), ('BCL6', 0.8732363115737566), ('FOXO1', 2.81380342063384), ('EGR1', 2.5041282228257256), ('MYC', 1.0), ('GNAI2', 1.2928835070727476), ('CD44', 1.1461120092172612), ('JUNB', 2.1258968142070107), ('GAPDH', 2.670793533039198), ('LEF1', 3.848866209634302), ('TRIB2', 1.9922205978293897), ('EGR3', 1.8973272801947028), ('DUSP2', 1.0676204542792618)]",2134
MYC,dbcorrdb__E2F6__ENCSR000BLI_1__m1,0.15662235352043327,3.6969655818294234,0.000489,1.0,"gene is annotated for similar motif dbcorrdb__MYC__ENCSR000DLR_1__m1 ('MYC (ENCSR000DLR-1, motif 1)'; q-value = 0.000489)","frozenset({'hg38__refseq-r80__10kb_up_and_down_tss.mc9nr.genes_vs_motifs.rankings', 'activating', 'weight>75.0%'})","[('CCND2', 0.8891218358965267), ('LEF1', 3.848866209634302), ('FOSB', 7.802748850498327), ('FOXP1', 0.980678339291446), ('EGR3', 1.8973272801947028), ('FOXO1', 2.81380342063384), ('DUSP2', 1.0676204542792618), ('MYC', 1.0), ('BCL6', 0.8732363115737566), ('GNAI2', 1.2928835070727476), ('JUNB', 2.1258968142070107), ('GAPDH', 2.670793533039198)]",1140
MYC,dbcorrdb__EZH2__ENCSR000ARD_1__m6,0.14237649762021992,3.194705267445005,0.000267,1.0,"gene is annotated for similar motif dbcorrdb__MYC__ENCSR000DMM_1__m1 ('MYC (ENCSR000DMM-1, motif 1)'; q-value = 0.000267)","frozenset({'hg38__refseq-r80__10kb_up_and_down_tss.mc9nr.genes_vs_motifs.rankings', 'activating', 'weight>75.0%'})","[('CCND2', 0.8891218358965267), ('EGR3', 1.8973272801947028), ('BCL6', 0.8732363115737566), ('MYC', 1.0), ('FOSB', 7.802748850498327), ('FOXP1', 0.980678339291446), ('EGR1', 2.5041282228257256), ('GAPDH', 2.670793533039198)]",525
MYC,dbcorrdb__SUPT20H__ENCSR000ECQ_1__m5,0.1451009354997538,3.290759659366449,0.000131,1.0,"gene is annotated for similar motif dbcorrdb__MYC__ENCSR000DMM_1__m1 ('MYC (ENCSR000DMM-1, motif 1)'; q-value = 0.000131)","frozenset({'hg38__refseq-r80__10kb_up_and_down_tss.mc9nr.genes_vs_motifs.rankings', 'activating', 'weight>75.0%'})","[('CCND2', 0.8891218358965267), ('BCL6', 0.8732363115737566), ('GNAI2', 1.2928835070727476), ('FOXP1', 0.980678339291446), ('JUN', 2.0092581749730782), ('JUNB', 2.1258968142070107), ('FOSB', 7.802748850498327), ('EGR3', 1.8973272801947028), ('ICOS', 2.5561170677884792), ('FOXO1', 2.81380342063384), ('EGR1', 2.5041282228257256), ('MYC', 1.0), ('CD9', 17.668216475170944)]",1063
MYC,dbcorrdb__BRF1__ENCSR000DOJ_1__m2,0.1420810766453307,3.1842897309715954,3e-05,1.0,"gene is annotated for similar motif dbcorrdb__MYC__ENCSR000DMM_1__m1 ('MYC (ENCSR000DMM-1, motif 1)'; q-value = 3.04e-05)","frozenset({'hg38__refseq-r80__10kb_up_and_down_tss.mc9nr.genes_vs_motifs.rankings', 'activating', 'weight>75.0%'})","[('PCNA', 3.055969126768958), ('FOXP1', 0.980678339291446), ('TYMS', 5.019859988925316), ('MYC', 1.0), ('LEF1', 3.848866209634302), ('EGR1', 2.5041282228257256), ('CCND2', 0.8891218358965267), ('BCL6', 0.8732363115737566)]",551
MYC,dbcorrdb__SMARCA4__ENCSR000EZC_1__m10,0.14702117183653374,3.358460646443612,3e-05,1.0,"motif similar to dbcorrdb__MYC__ENCSR000DMQ_1__m1 ('MYC (ENCSR000DMQ-1, motif 1)'; q-value = 3.04e-05) which is directly annotated","frozenset({'hg38__refseq-r80__10kb_up_and_down_tss.mc9nr.genes_vs_motifs.rankings', 'activating', 'weight>75.0%'})","[('FOXP1', 0.980678339291446), ('EGR1', 2.5041282228257256), ('EGR3', 1.8973272801947028), ('TRIB2', 1.9922205978293897), ('SELL', 2.0408028628720523), ('CCND2', 0.8891218358965267), ('MYC', 1.0), ('FOSB', 7.802748850498327), ('BCL6', 0.8732363115737566)]",956
MYC,dbcorrdb__ESRRA__ENCSR000DYQ_1__m5,0.1543246348268505,3.615955853702905,5e-06,1.0,"motif similar to dbcorrdb__MYC__ENCSR000DMM_1__m1 ('MYC (ENCSR000DMM-1, motif 1)'; q-value = 5.08e-06) which is directly annotated","frozenset({'hg38__refseq-r80__10kb_up_and_down_tss.mc9nr.genes_vs_motifs.rankings', 'activating', 'weight>75.0%'})","[('MYC', 1.0), ('PCNA', 3.055969126768958), ('CCND2', 0.8891218358965267), ('LEF1', 3.848866209634302), ('FOXP1', 0.980678339291446)]",62
MYC,dbcorrdb__ATF3__ENCSR000BKE_1__m1,0.15937961595273265,3.7941772555812467,1e-06,1.0,"gene is annotated for similar motif dbcorrdb__MYC__ENCSR000DLZ_1__m1 ('MYC (ENCSR000DLZ-1, motif 1)'; q-value = 5.61e-07)","frozenset({'hg38__refseq-r80__10kb_up_and_down_tss.mc9nr.genes_vs_motifs.rankings', 'activating', 'weight>75.0%'})","[('PCNA', 3.055969126768958), ('GAPDH', 2.670793533039198), ('MCM2', 4.633717932922991), ('MYC', 1.0), ('BCL6', 0.8732363115737566), ('JUNB', 2.1258968142070107), ('CCND2', 0.8891218358965267), ('EGR3', 1.8973272801947028), ('LEF1', 3.848866209634302)]",584
PRDM1,hocomoco__IRF4_HUMAN.H11MO.0.A,0.08854716184849125,3.0372224460397352,0.000889,1.0,motif similar to transfac_pro__M07314 ('V$BLIMP1_Q4: Blimp-1'; q-value = 0.000889) which is directly annotated,"frozenset({'hg38__refseq-r80__10kb_up_and_down_tss.mc9nr.genes_vs_motifs.rankings', 'activating', 'weight>75.0%'})","[('S100A12', 5.461367431352686), ('S100A10', 4.14922953043063), ('CD86', 10.26189586019786), ('ITGAX', 2.8876350355319023), ('PRDM1', 1.0), ('HLA-DPA1', 2.0884913174351465), ('FCER1A', 3.884808463027784)]",1505
RUNX3,transfac_pro__M01854,0.11810850732564174,3.8922236445258127,0.0,1.0,gene is directly annotated,"frozenset({'hg38__refseq-r80__10kb_up_and_down_tss.mc9nr.genes_vs_motifs.rankings', 'activating', 'weight>75.0%'})","[('FYN', 7.761294264397453), ('DUSP1', 3.754650860891072), ('AQP9', 1.1692925391474482)]",152
FOSB,transfac_pro__M00916,0.11107573982580349,3.801921080877136,0.000881,1.0,motif similar to taipale_cyt_meth__FOSB_NRTGACGTCAYN_eDBD ('FOSB [bZIP]'; q-value = 0.000881) which is directly annotated,"frozenset({'hg38__refseq-r80__10kb_up_and_down_tss.mc9nr.genes_vs_motifs.rankings', 'activating', 'weight>90.0%'})","[('CCL2', 5.6957685359424), ('ICAM1', 9.400180041862368), ('CD86', 3.229040663884038), ('JUNB', 7.262425913075174), ('TIAF1', 5.388393845593567), ('S100A12', 9.945981249902886), ('DUSP2', 8.291331558558932), ('CD69', 9.004603954855249), ('CD4', 3.3067720573230344), ('IER3', 10.222137171542794), ('LAT2', 5.012636520097989), ('CD63', 6.0767644802776), ('ITGA4', 2.916430200143413), ('FYN', 2.837428222824081), ('HLA-DRA', 6.040937837947307), ('CD74', 3.4585979116769776), ('LYN', 5.410831017612816), ('LGALS1', 3.0356563550818567), ('TLR2', 6.994248116872449), ('CXCL16', 7.162713069685784)]",2950
FOSB,transfac_pro__M00917,0.10768858554474608,3.639254334872834,0.000852,1.0,motif similar to transfac_pro__M08937 ('V$JUNFOSB_02: C-JUN:FOSB'; q-value = 0.000852) which is directly annotated,"frozenset({'hg38__refseq-r80__10kb_up_and_down_tss.mc9nr.genes_vs_motifs.rankings', 'activating', 'weight>90.0%'})","[('CCND2', 2.982011422157035), ('LEF1', 6.313594303887207), ('FOSB', 1.0), ('EGR3', 7.797866617347223), ('DUSP2', 8.291331558558932), ('LGALS1', 3.0356563550818567), ('CD4', 3.3067720573230344), ('CXCR4', 26.262316827299703), ('JUNB', 7.262425913075174), ('GAPDH', 5.4259366538276375), ('EGR1', 10.462417157673617), ('FYN', 2.837428222824081), ('IER3', 10.222137171542794)]",1842
FOSB,cisbp__M0341,0.11264198033922478,3.877139162676119,0.000788,1.0,gene is annotated for similar motif transfac_pro__M08937 ('V$JUNFOSB_02: C-JUN:FOSB'; q-value = 0.000788),"frozenset({'hg38__refseq-r80__10kb_up_and_down_tss.mc9nr.genes_vs_motifs.rankings', 'activating', 'weight>90.0%'})","[('CCND2', 2.982011422157035), ('JUNB', 7.262425913075174), ('BTG1', 31.793865306776624), ('EGR3', 7.797866617347223), ('FYN', 2.837428222824081), ('JUN', 4.887521420388917), ('TIAF1', 5.388393845593567), ('LEF1', 6.313594303887207), ('EGR1', 10.462417157673617), ('GAPDH', 5.4259366538276375)]",1031
FOSB,taipale_cyt_meth__CREB1_NRTGACGTCAYN_FL,0.1192125502979677,4.192688188759651,0.000632,1.0,motif similar to taipale_cyt_meth__FOSB_NRTGACGTCAYN_eDBD ('FOSB [bZIP]'; q-value = 0.000632) which is directly annotated,"frozenset({'hg38__refseq-r80__10kb_up_and_down_tss.mc9nr.genes_vs_motifs.rankings', 'activating', 'weight>90.0%'})","[('LEF1', 6.313594303887207), ('CD63', 6.0767644802776), ('CD4', 3.3067720573230344), ('THBS1', 7.298722317894112), ('FYN', 2.837428222824081), ('NAMPT', 12.122625536821214), ('PDIA6', 3.370532073499744), ('EGR3', 7.797866617347223)]",737
FOSB,transfac_pro__M07312,0.1224469006264962,4.34801658532015,0.000574,1.0,gene is annotated for similar motif taipale_cyt_meth__FOSB_NRTGACGTCAYN_eDBD ('FOSB [bZIP]'; q-value = 0.000574),"frozenset({'hg38__refseq-r80__10kb_up_and_down_tss.mc9nr.genes_vs_motifs.rankings', 'activating', 'weight>90.0%'})","[('DUSP1', 6.838265272388113), ('BTG1', 31.793865306776624), ('JUN', 4.887521420388917), ('CCND2', 2.982011422157035), ('FOSB', 1.0), ('EGR3', 7.797866617347223), ('CXCL16', 7.162713069685784), ('FYN', 2.837428222824081)]",443
FOSB,cisbp__M0269,0.12811338053277646,4.620147043861182,0.000456,1.0,gene is annotated for similar motif transfac_pro__M08937 ('V$JUNFOSB_02: C-JUN:FOSB'; q-value = 0.000456),"frozenset({'hg38__refseq-r80__10kb_up_and_down_tss.mc9nr.genes_vs_motifs.rankings', 'activating', 'weight>90.0%'})","[('CCL2', 5.6957685359424), ('JUNB', 7.262425913075174), ('S100A12', 9.945981249902886), ('ICAM1', 9.400180041862368), ('DUSP2', 8.291331558558932), ('CD4', 3.3067720573230344), ('IER3', 10.222137171542794), ('LYN', 5.410831017612816), ('RGS1', 27.632088686800262), ('EGR1', 10.462417157673617)]",1112
FOSB,transfac_public__M00039,0.10082514134365608,3.309640139022012,0.000403,1.0,gene is annotated for similar motif transfac_pro__M08937 ('V$JUNFOSB_02: C-JUN:FOSB'; q-value = 0.000403),"frozenset({'hg38__refseq-r80__10kb_up_and_down_tss.mc9nr.genes_vs_motifs.rankings', 'activating', 'weight>90.0%'})","[('JUNB', 7.262425913075174), ('ANXA5', 9.639873542898442), ('IL18', 7.555072051771537), ('FOSB', 1.0), ('DUSP1', 6.838265272388113), ('DUSP2', 8.291331558558932), ('IL23R', 10.513994671780292), ('FTH1', 11.851478800579727), ('CCND2', 2.982011422157035), ('LYN', 5.410831017612816), ('IER3', 10.222137171542794)]",1393
FOSB,transfac_pro__M08930,0.11900881169459583,4.182903722834581,0.000393,1.0,gene is annotated for similar motif transfac_pro__M08937 ('V$JUNFOSB_02: C-JUN:FOSB'; q-value = 0.000393),"frozenset({'hg38__refseq-r80__10kb_up_and_down_tss.mc9nr.genes_vs_motifs.rankings', 'activating', 'weight>90.0%'})","[('FYN', 2.837428222824081), ('DUSP1', 6.838265272388113), ('JUN', 4.887521420388917), ('FOSB', 1.0), ('CCND2', 2.982011422157035), ('BTG1', 31.793865306776624), ('TIAF1', 5.388393845593567), ('EGR3', 7.797866617347223), ('KIT', 2.8562745844940998), ('NAMPT', 12.122625536821214), ('CD4', 3.3067720573230344)]",1234
FOSB,hocomoco__ATF2_HUMAN.H11MO.2.C,0.09569347527122701,3.0631939035342914,0.000318,1.0,gene is annotated for similar motif taipale_cyt_meth__FOSB_NRTGACGTCAYN_eDBD ('FOSB [bZIP]'; q-value = 0.000318),"frozenset({'hg38__refseq-r80__10kb_up_and_down_tss.mc9nr.genes_vs_motifs.rankings', 'activating', 'weight>90.0%'})","[('CCL2', 5.6957685359424), ('CD86', 3.229040663884038), ('TIAF1', 5.388393845593567), ('ICAM1', 9.400180041862368), ('CD69', 9.004603954855249), ('IER3', 10.222137171542794), ('CD63', 6.0767644802776), ('S100A12', 9.945981249902886), ('CD4', 3.3067720573230344), ('FYN', 2.837428222824081), ('LAT2', 5.012636520097989), ('ITGA4', 2.916430200143413), ('LYN', 5.410831017612816), ('JUNB', 7.262425913075174), ('DUSP2', 8.291331558558932), ('CD74', 3.4585979116769776)]",1562
FOSB,cisbp__M3083,0.10132175418937503,3.3334897747143724,0.000309,1.0,gene is annotated for similar motif transfac_pro__M08937 ('V$JUNFOSB_02: C-JUN:FOSB'; q-value = 0.000309),"frozenset({'hg38__refseq-r80__10kb_up_and_down_tss.mc9nr.genes_vs_motifs.rankings', 'activating', 'weight>90.0%'})","[('DUSP2', 8.291331558558932), ('ICAM1', 9.400180041862368), ('S100A12', 9.945981249902886), ('CCL2', 5.6957685359424), ('CD86', 3.229040663884038), ('JUN', 4.887521420388917), ('IER3', 10.222137171542794), ('CD4', 3.3067720573230344), ('LYN', 5.410831017612816), ('CD69', 9.004603954855249), ('CLEC4E', 11.441883047908911), ('FTH1', 11.851478800579727), ('FYN', 2.837428222824081), ('CD63', 6.0767644802776), ('ITGAX', 5.7108571408860165), ('TLR2', 6.994248116872449), ('PDIA6', 3.370532073499744), ('EGR1', 10.462417157673617), ('KIT', 2.8562745844940998), ('EGR3', 7.797866617347223), ('LAT2', 5.012636520097989), ('JUNB', 7.262425913075174)]",4857
FOSB,transfac_pro__M08945,0.10254418580960628,3.3921965702647974,0.000236,1.0,gene is annotated for similar motif transfac_pro__M08937 ('V$JUNFOSB_02: C-JUN:FOSB'; q-value = 0.000236),"frozenset({'hg38__refseq-r80__10kb_up_and_down_tss.mc9nr.genes_vs_motifs.rankings', 'activating', 'weight>90.0%'})","[('LEF1', 6.313594303887207), ('EGR1', 10.462417157673617), ('EGR3', 7.797866617347223), ('CCND2', 2.982011422157035), ('CXCR4', 26.262316827299703), ('FOSB', 1.0)]",312
FOSB,transfac_pro__M01186,0.10314266795701116,3.4209384389196926,0.000161,1.0,motif similar to taipale_cyt_meth__FOSB_NRTGACGTCAYN_eDBD ('FOSB [bZIP]'; q-value = 0.000161) which is directly annotated,"frozenset({'hg38__refseq-r80__10kb_up_and_down_tss.mc9nr.genes_vs_motifs.rankings', 'activating', 'weight>90.0%'})","[('DUSP1', 6.838265272388113), ('JUN', 4.887521420388917), ('FYN', 2.837428222824081), ('EGR3', 7.797866617347223), ('FOSB', 1.0), ('CCND2', 2.982011422157035), ('BTG1', 31.793865306776624)]",209
FOSB,taipale_cyt_meth__ATF2_NRTGAYGTMAYN_FL,0.12498089950593388,4.469710880263218,0.000158,1.0,motif similar to taipale_cyt_meth__FOSB_NRTGACGTCAYN_eDBD ('FOSB [bZIP]'; q-value = 0.000158) which is directly annotated,"frozenset({'hg38__refseq-r80__10kb_up_and_down_tss.mc9nr.genes_vs_motifs.rankings', 'activating', 'weight>90.0%'})","[('DUSP1', 6.838265272388113), ('CCND2', 2.982011422157035), ('BTG1', 31.793865306776624), ('DUSP2', 8.291331558558932), ('FOSB', 1.0), ('EGR3', 7.797866617347223), ('EGR1', 10.462417157673617), ('CXCL16', 7.162713069685784), ('JUN', 4.887521420388917), ('NAMPT', 12.122625536821214), ('FYN', 2.837428222824081), ('CD4', 3.3067720573230344), ('JUNB', 7.262425913075174), ('LYN', 5.410831017612816), ('ANXA5', 9.639873542898442)]",1810
FOSB,cisbp__M0362,0.10698823409565528,3.605620233255404,0.000148,1.0,motif similar to taipale_cyt_meth__FOSB_NRTGACGTCAYN_eDBD ('FOSB [bZIP]'; q-value = 0.000148) which is directly annotated,"frozenset({'hg38__refseq-r80__10kb_up_and_down_tss.mc9nr.genes_vs_motifs.rankings', 'activating', 'weight>90.0%'})","[('DUSP2', 8.291331558558932), ('ICAM1', 9.400180041862368), ('CCL2', 5.6957685359424), ('S100A12', 9.945981249902886), ('CD86', 3.229040663884038), ('LAT2', 5.012636520097989), ('CD4', 3.3067720573230344), ('JUNB', 7.262425913075174), ('CD69', 9.004603954855249), ('CD74', 3.4585979116769776), ('IER3', 10.222137171542794), ('FYN', 2.837428222824081), ('LYN', 5.410831017612816), ('ITGA4', 2.916430200143413), ('EGR3', 7.797866617347223), ('HLA-A', 30.27134725382337), ('EGR1', 10.462417157673617)]",2019
FOSB,transfac_pro__M07667,0.10680996281770488,3.597058825570967,0.000141,1.0,motif similar to transfac_pro__M08937 ('V$JUNFOSB_02: C-JUN:FOSB'; q-value = 0.000141) which is directly annotated,"frozenset({'hg38__refseq-r80__10kb_up_and_down_tss.mc9nr.genes_vs_motifs.rankings', 'activating', 'weight>90.0%'})","[('FOSB', 1.0), ('FYN', 2.837428222824081), ('RGS1', 27.632088686800262), ('BTG1', 31.793865306776624), ('CD4', 3.3067720573230344), ('ICAM1', 9.400180041862368)]",409
FOSB,cisbp__M0275,0.1021876432537055,3.375073754895923,0.000121,1.0,gene is annotated for similar motif transfac_pro__M08937 ('V$JUNFOSB_02: C-JUN:FOSB'; q-value = 0.000121),"frozenset({'hg38__refseq-r80__10kb_up_and_down_tss.mc9nr.genes_vs_motifs.rankings', 'activating', 'weight>90.0%'})","[('ICAM1', 9.400180041862368), ('DUSP2', 8.291331558558932), ('S100A12', 9.945981249902886), ('CCL2', 5.6957685359424), ('CD86', 3.229040663884038), ('CD69', 9.004603954855249), ('IER3', 10.222137171542794)]",565
FOSB,cisbp__M0303,0.10190750267406917,3.361620114248951,0.000121,1.0,gene is annotated for similar motif transfac_pro__M08937 ('V$JUNFOSB_02: C-JUN:FOSB'; q-value = 0.000121),"frozenset({'hg38__refseq-r80__10kb_up_and_down_tss.mc9nr.genes_vs_motifs.rankings', 'activating', 'weight>90.0%'})","[('BTG1', 31.793865306776624), ('EGR3', 7.797866617347223), ('DUSP1', 6.838265272388113), ('FOSB', 1.0), ('CCND2', 2.982011422157035)]",71
FOSB,taipale_cyt_meth__CREM_NRTGACGTCAYN_eDBD,0.12080425813681048,4.269129328799267,0.000115,1.0,motif similar to taipale_cyt_meth__FOSB_NRTGACGTCAYN_eDBD ('FOSB [bZIP]'; q-value = 0.000115) which is directly annotated,"frozenset({'hg38__refseq-r80__10kb_up_and_down_tss.mc9nr.genes_vs_motifs.rankings', 'activating', 'weight>90.0%'})","[('DUSP1', 6.838265272388113), ('BTG1', 31.793865306776624), ('CCND2', 2.982011422157035), ('FYN', 2.837428222824081), ('JUN', 4.887521420388917), ('FOSB', 1.0), ('NAMPT', 12.122625536821214), ('CXCL16', 7.162713069685784), ('S100A12', 9.945981249902886)]",956
FOSB,jaspar__MA1070.1,0.12234503132481027,4.3431243523576155,0.000105,1.0,motif similar to taipale_cyt_meth__FOSB_NRTGACGTCAYN_eDBD ('FOSB [bZIP]'; q-value = 0.000105) which is directly annotated,"frozenset({'hg38__refseq-r80__10kb_up_and_down_tss.mc9nr.genes_vs_motifs.rankings', 'activating', 'weight>90.0%'})","[('CCND2', 2.982011422157035), ('FYN', 2.837428222824081), ('DUSP1', 6.838265272388113), ('FOSB', 1.0), ('BTG1', 31.793865306776624), ('EGR3', 7.797866617347223), ('NAMPT', 12.122625536821214), ('DUSP2', 8.291331558558932), ('JUN', 4.887521420388917)]",741
FOSB,cisbp__M0361,0.10886008251413437,3.695515013941992,9.7e-05,1.0,motif similar to transfac_pro__M08937 ('V$JUNFOSB_02: C-JUN:FOSB'; q-value = 9.69e-05) which is directly annotated,"frozenset({'hg38__refseq-r80__10kb_up_and_down_tss.mc9nr.genes_vs_motifs.rankings', 'activating', 'weight>90.0%'})","[('DUSP1', 6.838265272388113), ('CCND2', 2.982011422157035), ('BTG1', 31.793865306776624), ('FOSB', 1.0), ('EGR3', 7.797866617347223), ('CXCL16', 7.162713069685784), ('FYN', 2.837428222824081), ('JUN', 4.887521420388917)]",678
FOSB,cisbp__M0259,0.12265063922986807,4.357801051245221,8.5e-05,1.0,motif similar to taipale_cyt_meth__FOSB_NRTGACGTCAYN_eDBD ('FOSB [bZIP]'; q-value = 8.51e-05) which is directly annotated,"frozenset({'hg38__refseq-r80__10kb_up_and_down_tss.mc9nr.genes_vs_motifs.rankings', 'activating', 'weight>90.0%'})","[('FYN', 2.837428222824081), ('FOSB', 1.0), ('BTG1', 31.793865306776624), ('JUN', 4.887521420388917)]",33
FOSB,dbcorrdb__JUN__ENCSR000EEK_1__m1,0.15211633474252534,5.7728794356585835,7.6e-05,1.0,motif similar to taipale_cyt_meth__FOSB_NRTGACGTCAYN_eDBD ('FOSB [bZIP]'; q-value = 7.57e-05) which is directly annotated,"frozenset({'hg38__refseq-r80__10kb_up_and_down_tss.mc9nr.genes_vs_motifs.rankings', 'activating', 'weight>90.0%'})","[('TIAF1', 5.388393845593567), ('BTG1', 31.793865306776624), ('FYN', 2.837428222824081), ('LEF1', 6.313594303887207), ('RGS1', 27.632088686800262), ('CCL2', 5.6957685359424), ('CD63', 6.0767644802776)]",477
FOSB,transfac_pro__M01187,0.10342280853664748,3.4343920795666647,6.9e-05,1.0,gene is annotated for similar motif taipale_cyt_meth__FOSB_NRTGACGTCAYN_eDBD ('FOSB [bZIP]'; q-value = 6.94e-05),"frozenset({'hg38__refseq-r80__10kb_up_and_down_tss.mc9nr.genes_vs_motifs.rankings', 'activating', 'weight>90.0%'})","[('DUSP1', 6.838265272388113), ('EGR3', 7.797866617347223), ('CCND2', 2.982011422157035), ('EGR1', 10.462417157673617), ('CXCL16', 7.162713069685784), ('BTG1', 31.793865306776624), ('FYN', 2.837428222824081), ('DUSP2', 8.291331558558932), ('FOSB', 1.0)]",821
FOSB,hocomoco__CREB1_HUMAN.H11MO.0.A,0.09832934345235063,3.1897804314398956,6.8e-05,1.0,motif similar to transfac_pro__M08937 ('V$JUNFOSB_02: C-JUN:FOSB'; q-value = 6.82e-05) which is directly annotated,"frozenset({'hg38__refseq-r80__10kb_up_and_down_tss.mc9nr.genes_vs_motifs.rankings', 'activating', 'weight>90.0%'})","[('DUSP1', 6.838265272388113), ('EGR1', 10.462417157673617), ('BTG1', 31.793865306776624), ('THBS1', 7.298722317894112), ('EGR3', 7.797866617347223), ('FYN', 2.837428222824081), ('JUN', 4.887521420388917), ('DUSP2', 8.291331558558932), ('NAMPT', 12.122625536821214), ('CCND2', 2.982011422157035), ('TIAF1', 5.388393845593567), ('CXCL16', 7.162713069685784), ('S100A12', 9.945981249902886), ('FOSB', 1.0), ('CD69', 9.004603954855249), ('LYN', 5.410831017612816)]",2881
FOSB,transfac_pro__M09521,0.11399174858656344,3.941961249429712,6.7e-05,1.0,gene is annotated for similar motif transfac_pro__M08937 ('V$JUNFOSB_02: C-JUN:FOSB'; q-value = 6.72e-05),"frozenset({'hg38__refseq-r80__10kb_up_and_down_tss.mc9nr.genes_vs_motifs.rankings', 'activating', 'weight>90.0%'})","[('CCND2', 2.982011422157035), ('JUNB', 7.262425913075174), ('EGR3', 7.797866617347223), ('LEF1', 6.313594303887207), ('FOSB', 1.0), ('GAPDH', 5.4259366538276375), ('CXCR4', 26.262316827299703), ('LGALS1', 3.0356563550818567)]",690
FOSB,transfac_pro__M07246,0.12305811643661183,4.377369983095362,6.6e-05,1.0,"motif similar to taipale_cyt_meth__FOSB_NRTGAYGTCAYN_eDBD_meth ('FOSB [bZIP, CpG-meth]'; q-value = 6.64e-05) which is directly annotated","frozenset({'hg38__refseq-r80__10kb_up_and_down_tss.mc9nr.genes_vs_motifs.rankings', 'activating', 'weight>90.0%'})","[('ICAM1', 9.400180041862368), ('CCL2', 5.6957685359424), ('DUSP2', 8.291331558558932), ('CD86', 3.229040663884038), ('IER3', 10.222137171542794), ('CD69', 9.004603954855249), ('S100A12', 9.945981249902886)]",398
FOSB,cisbp__M0300,0.10453063719248204,3.487595113034237,4.2e-05,1.0,motif similar to transfac_pro__M08937 ('V$JUNFOSB_02: C-JUN:FOSB'; q-value = 4.17e-05) which is directly annotated,"frozenset({'hg38__refseq-r80__10kb_up_and_down_tss.mc9nr.genes_vs_motifs.rankings', 'activating', 'weight>90.0%'})","[('DUSP2', 8.291331558558932), ('EGR3', 7.797866617347223), ('CD86', 3.229040663884038), ('CD63', 6.0767644802776), ('CD4', 3.3067720573230344), ('ICAM1', 9.400180041862368), ('S100A12', 9.945981249902886), ('IER3', 10.222137171542794), ('EGR1', 10.462417157673617), ('LYN', 5.410831017612816)]",771
FOSB,cisbp__M4571,0.11581266235419956,4.029409913635033,3.8e-05,1.0,motif similar to taipale_cyt_meth__FOSB_NRTGACGTCAYN_eDBD ('FOSB [bZIP]'; q-value = 3.78e-05) which is directly annotated,"frozenset({'hg38__refseq-r80__10kb_up_and_down_tss.mc9nr.genes_vs_motifs.rankings', 'activating', 'weight>90.0%'})","[('JUN', 4.887521420388917), ('DUSP1', 6.838265272388113), ('FYN', 2.837428222824081), ('BTG1', 31.793865306776624), ('CCND2', 2.982011422157035), ('FOSB', 1.0)]",303
FOSB,transfac_pro__M09536,0.09724698212193755,3.1378004562129562,3.2e-05,1.0,motif similar to taipale_cyt_meth__FOSB_NRTGACGTCAYN_eDBD ('FOSB [bZIP]'; q-value = 3.15e-05) which is directly annotated,"frozenset({'hg38__refseq-r80__10kb_up_and_down_tss.mc9nr.genes_vs_motifs.rankings', 'activating', 'weight>90.0%'})","[('EGR1', 10.462417157673617), ('EGR3', 7.797866617347223), ('DUSP2', 8.291331558558932), ('FOSB', 1.0), ('TLR2', 6.994248116872449), ('IER3', 10.222137171542794), ('JUNB', 7.262425913075174), ('THBS1', 7.298722317894112), ('LEF1', 6.313594303887207)]",1154
FOSB,taipale_cyt_meth__ATF2_NRTGAYGTMAYN_FL_meth,0.10794325879896094,3.6514849172791735,2.1e-05,1.0,motif similar to transfac_pro__M08937 ('V$JUNFOSB_02: C-JUN:FOSB'; q-value = 2.11e-05) which is directly annotated,"frozenset({'hg38__refseq-r80__10kb_up_and_down_tss.mc9nr.genes_vs_motifs.rankings', 'activating', 'weight>90.0%'})","[('DUSP1', 6.838265272388113), ('JUN', 4.887521420388917), ('CCND2', 2.982011422157035), ('NAMPT', 12.122625536821214), ('AQP9', 5.403789888920939), ('FOSB', 1.0), ('CD4', 3.3067720573230344), ('FYN', 2.837428222824081), ('DUSP2', 8.291331558558932), ('S100A12', 9.945981249902886), ('IL18', 7.555072051771537), ('KIT', 2.8562745844940998), ('BTG1', 31.793865306776624), ('THBS1', 7.298722317894112), ('LAMP3', 2.955803005063036), ('TNFSF13B', 4.825174314420416)]",2239
FOSB,taipale__Creb5_DBD_NATGACGTCAYN,0.10055773442673051,3.2967980274953574,2.1e-05,1.0,motif similar to transfac_pro__M08937 ('V$JUNFOSB_02: C-JUN:FOSB'; q-value = 2.07e-05) which is directly annotated,"frozenset({'hg38__refseq-r80__10kb_up_and_down_tss.mc9nr.genes_vs_motifs.rankings', 'activating', 'weight>90.0%'})","[('EGR1', 10.462417157673617), ('EGR3', 7.797866617347223), ('FOSB', 1.0), ('JUNB', 7.262425913075174), ('TLR2', 6.994248116872449), ('LEF1', 6.313594303887207), ('KIT', 2.8562745844940998), ('DUSP2', 8.291331558558932)]",530
FOSB,stark__TGACGTCAT,0.09621555544236744,3.0882665974672863,2e-05,1.0,gene is annotated for similar motif transfac_pro__M08937 ('V$JUNFOSB_02: C-JUN:FOSB'; q-value = 2.02e-05),"frozenset({'hg38__refseq-r80__10kb_up_and_down_tss.mc9nr.genes_vs_motifs.rankings', 'activating', 'weight>90.0%'})","[('CD69', 9.004603954855249), ('CCL2', 5.6957685359424), ('CD86', 3.229040663884038), ('IL23R', 10.513994671780292), ('TNFSF13B', 4.825174314420416), ('FTH1', 11.851478800579727), ('S100A12', 9.945981249902886), ('PTPRC', 11.47446315455502), ('IER3', 10.222137171542794), ('LYN', 5.410831017612816), ('ICAM1', 9.400180041862368), ('CXCL16', 7.162713069685784), ('CLEC4E', 11.441883047908911), ('THBS1', 7.298722317894112), ('CD4', 3.3067720573230344), ('KIT', 2.8562745844940998), ('CD74', 3.4585979116769776), ('EGR1', 10.462417157673617), ('DUSP2', 8.291331558558932), ('JUNB', 7.262425913075174), ('BTG1', 31.793865306776624)]",4592
FOSB,cisbp__M5998,0.10503998370091173,3.512056277846915,1.6e-05,1.0,motif similar to transfac_pro__M08937 ('V$JUNFOSB_02: C-JUN:FOSB'; q-value = 1.6e-05) which is directly annotated,"frozenset({'hg38__refseq-r80__10kb_up_and_down_tss.mc9nr.genes_vs_motifs.rankings', 'activating', 'weight>90.0%'})","[('CD69', 9.004603954855249), ('DUSP2', 8.291331558558932), ('CD4', 3.3067720573230344), ('JUNB', 7.262425913075174), ('S100A12', 9.945981249902886), ('FYN', 2.837428222824081)]",361
FOSB,transfac_pro__M08935,0.09695410787959048,3.1237352864456676,1.4e-05,1.0,gene is annotated for similar motif transfac_pro__M08937 ('V$JUNFOSB_02: C-JUN:FOSB'; q-value = 1.36e-05),"frozenset({'hg38__refseq-r80__10kb_up_and_down_tss.mc9nr.genes_vs_motifs.rankings', 'activating', 'weight>90.0%'})","[('EGR1', 10.462417157673617), ('EGR3', 7.797866617347223), ('DUSP2', 8.291331558558932), ('FOSB', 1.0), ('JUNB', 7.262425913075174), ('ITGA4', 2.916430200143413), ('CD4', 3.3067720573230344), ('CD63', 6.0767644802776), ('FYN', 2.837428222824081), ('LYN', 5.410831017612816)]",1214
FOSB,taipale_cyt_meth__JUND_NRTGACGTCATN_eDBD,0.10479804410940763,3.500437224560893,1.1e-05,1.0,motif similar to taipale_cyt_meth__FOSB_NRTGACGTCAYN_eDBD ('FOSB [bZIP]'; q-value = 1.08e-05) which is directly annotated,"frozenset({'hg38__refseq-r80__10kb_up_and_down_tss.mc9nr.genes_vs_motifs.rankings', 'activating', 'weight>90.0%'})","[('DUSP1', 6.838265272388113), ('CCND2', 2.982011422157035), ('FYN', 2.837428222824081), ('ANXA5', 9.639873542898442), ('EGR1', 10.462417157673617), ('IL18', 7.555072051771537), ('FOSB', 1.0)]",521
FOSB,taipale_cyt_meth__CREB3L4_NRTGACGTCAYN_eDBD,0.10501451637549025,3.5108332196062806,9e-06,1.0,gene is annotated for similar motif taipale_cyt_meth__FOSB_NRTGACGTCAYN_eDBD ('FOSB [bZIP]'; q-value = 8.85e-06),"frozenset({'hg38__refseq-r80__10kb_up_and_down_tss.mc9nr.genes_vs_motifs.rankings', 'activating', 'weight>90.0%'})","[('DUSP1', 6.838265272388113), ('CCND2', 2.982011422157035), ('BTG1', 31.793865306776624), ('FYN', 2.837428222824081), ('CXCL16', 7.162713069685784), ('FOSB', 1.0), ('JUN', 4.887521420388917)]",542
FOSB,taipale_cyt_meth__CREB5_NRTGAYGTCAYN_eDBD,0.1183975958844802,4.153550325059368,5e-06,1.0,motif similar to taipale_cyt_meth__FOSB_NRTGACGTCAYN_eDBD ('FOSB [bZIP]'; q-value = 5.42e-06) which is directly annotated,"frozenset({'hg38__refseq-r80__10kb_up_and_down_tss.mc9nr.genes_vs_motifs.rankings', 'activating', 'weight>90.0%'})","[('EGR1', 10.462417157673617), ('EGR3', 7.797866617347223), ('FOSB', 1.0), ('THBS1', 7.298722317894112), ('JUNB', 7.262425913075174)]",180
FOSB,taipale_cyt_meth__CREB3_NRTGACGTCAYN_FL,0.10595680741608517,3.5560863745097335,5e-06,1.0,motif similar to taipale_cyt_meth__FOSB_NRTGACGTCAYN_eDBD ('FOSB [bZIP]'; q-value = 5.24e-06) which is directly annotated,"frozenset({'hg38__refseq-r80__10kb_up_and_down_tss.mc9nr.genes_vs_motifs.rankings', 'activating', 'weight>90.0%'})","[('CCND2', 2.982011422157035), ('EGR1', 10.462417157673617), ('CXCR4', 26.262316827299703), ('DUSP2', 8.291331558558932), ('PDIA6', 3.370532073499744), ('CXCL16', 7.162713069685784), ('FYN', 2.837428222824081), ('LGALS1', 3.0356563550818567), ('ITGA4', 2.916430200143413), ('ITGAX', 5.7108571408860165), ('FCER1G', 7.001469306136787), ('BTG1', 31.793865306776624)]",1309
FOSB,hocomoco__JDP2_HUMAN.H11MO.0.D,0.09936077013192074,3.2393142901855656,3e-06,1.0,gene is annotated for similar motif transfac_pro__M08937 ('V$JUNFOSB_02: C-JUN:FOSB'; q-value = 2.56e-06),"frozenset({'hg38__refseq-r80__10kb_up_and_down_tss.mc9nr.genes_vs_motifs.rankings', 'activating', 'weight>90.0%'})","[('CCND2', 2.982011422157035), ('JUNB', 7.262425913075174), ('FOSB', 1.0), ('LEF1', 6.313594303887207), ('CXCR4', 26.262316827299703), ('EGR3', 7.797866617347223), ('CD63', 6.0767644802776), ('EGR1', 10.462417157673617), ('LGALS1', 3.0356563550818567), ('GAPDH', 5.4259366538276375), ('CD4', 3.3067720573230344), ('JUN', 4.887521420388917), ('FYN', 2.837428222824081), ('DUSP2', 8.291331558558932), ('LYN', 5.410831017612816), ('LAT2', 5.012636520097989), ('S100A9', 11.461342559543429), ('THBS1', 7.298722317894112), ('TIAF1', 5.388393845593567)]",3677
FOSB,hocomoco__ATF7_HUMAN.H11MO.0.D,0.09766719299139204,3.157980917183415,2e-06,1.0,motif similar to transfac_pro__M08937 ('V$JUNFOSB_02: C-JUN:FOSB'; q-value = 2.23e-06) which is directly annotated,"frozenset({'hg38__refseq-r80__10kb_up_and_down_tss.mc9nr.genes_vs_motifs.rankings', 'activating', 'weight>90.0%'})","[('FYN', 2.837428222824081), ('DUSP2', 8.291331558558932), ('FOSB', 1.0), ('DUSP1', 6.838265272388113), ('BTG1', 31.793865306776624), ('JUN', 4.887521420388917)]",148
FOSB,transfac_pro__M07682,0.09985738297763969,3.263163925877926,2e-06,1.0,motif similar to taipale_cyt_meth__FOSB_NRTGACGTCAYN_eDBD ('FOSB [bZIP]'; q-value = 1.54e-06) which is directly annotated,"frozenset({'hg38__refseq-r80__10kb_up_and_down_tss.mc9nr.genes_vs_motifs.rankings', 'activating', 'weight>90.0%'})","[('BTG1', 31.793865306776624), ('FOSB', 1.0), ('EGR3', 7.797866617347223), ('DUSP1', 6.838265272388113), ('CCND2', 2.982011422157035)]",55
FOSB,jaspar__MA1069.1,0.10037946314878012,3.2882366198109207,2e-06,1.0,gene is annotated for similar motif transfac_pro__M08937 ('V$JUNFOSB_02: C-JUN:FOSB'; q-value = 1.87e-06),"frozenset({'hg38__refseq-r80__10kb_up_and_down_tss.mc9nr.genes_vs_motifs.rankings', 'activating', 'weight>90.0%'})","[('CCL2', 5.6957685359424), ('DUSP2', 8.291331558558932), ('ICAM1', 9.400180041862368), ('CD69', 9.004603954855249), ('CD86', 3.229040663884038), ('TIAF1', 5.388393845593567), ('ITGA4', 2.916430200143413), ('CD63', 6.0767644802776), ('JUNB', 7.262425913075174), ('CD4', 3.3067720573230344), ('S100A12', 9.945981249902886), ('LAT2', 5.012636520097989), ('CD74', 3.4585979116769776), ('LYN', 5.410831017612816), ('LGALS1', 3.0356563550818567), ('IER3', 10.222137171542794)]",2193
FOSB,cisbp__M0309,0.11006978047165486,3.753610280372099,2e-06,1.0,motif similar to transfac_pro__M08937 ('V$JUNFOSB_02: C-JUN:FOSB'; q-value = 2.3e-06) which is directly annotated,"frozenset({'hg38__refseq-r80__10kb_up_and_down_tss.mc9nr.genes_vs_motifs.rankings', 'activating', 'weight>90.0%'})","[('ICAM1', 9.400180041862368), ('TNFSF13B', 4.825174314420416), ('CD4', 3.3067720573230344), ('EGR3', 7.797866617347223), ('CD69', 9.004603954855249), ('CD86', 3.229040663884038), ('CCL2', 5.6957685359424), ('JUN', 4.887521420388917), ('CD63', 6.0767644802776), ('PTPRC', 11.47446315455502), ('FTH1', 11.851478800579727), ('CD14', 10.650329126415633), ('AQP9', 5.403789888920939), ('DUSP2', 8.291331558558932), ('S100A12', 9.945981249902886), ('LEF1', 6.313594303887207), ('JUNB', 7.262425913075174), ('RGS1', 27.632088686800262), ('KIT', 2.8562745844940998), ('CXCR4', 26.262316827299703), ('LYN', 5.410831017612816), ('CLEC4E', 11.441883047908911), ('TLR2', 6.994248116872449), ('IL23R', 10.513994671780292)]",4152
FOSB,homer__GATGACGTCA_Atf1,0.1050017827127795,3.510221690485964,2e-06,1.0,motif similar to taipale_cyt_meth__FOSB_NRTGACGTCAYN_eDBD ('FOSB [bZIP]'; q-value = 2.18e-06) which is directly annotated,"frozenset({'hg38__refseq-r80__10kb_up_and_down_tss.mc9nr.genes_vs_motifs.rankings', 'activating', 'weight>90.0%'})","[('CCND2', 2.982011422157035), ('LEF1', 6.313594303887207), ('JUNB', 7.262425913075174), ('EGR3', 7.797866617347223), ('FOSB', 1.0), ('GAPDH', 5.4259366538276375), ('LGALS1', 3.0356563550818567), ('EGR1', 10.462417157673617), ('CXCR4', 26.262316827299703), ('DUSP2', 8.291331558558932), ('CD4', 3.3067720573230344), ('CD63', 6.0767644802776)]",1363
FOSB,dbcorrdb__ATF1__ENCSR000DNZ_1__m1,0.1225360362654714,4.352297289162369,1e-06,1.0,motif similar to taipale_cyt_meth__FOSB_NRTGACGTCAYN_eDBD ('FOSB [bZIP]'; q-value = 7.13e-07) which is directly annotated,"frozenset({'hg38__refseq-r80__10kb_up_and_down_tss.mc9nr.genes_vs_motifs.rankings', 'activating', 'weight>90.0%'})","[('LEF1', 6.313594303887207), ('CD63', 6.0767644802776), ('PIK3IP1', 6.120108812702725), ('CD4', 3.3067720573230344), ('NAMPT', 12.122625536821214), ('THBS1', 7.298722317894112), ('FYN', 2.837428222824081), ('PDIA6', 3.370532073499744), ('EGR3', 7.797866617347223), ('CD86', 3.229040663884038), ('CCND2', 2.982011422157035), ('IER3', 10.222137171542794), ('IL18', 7.555072051771537), ('PTPRC', 11.47446315455502)]",2347
FOSB,transfac_pro__M08947,0.134900422757602,4.946092064990102,1e-06,1.0,motif similar to transfac_pro__M08937 ('V$JUNFOSB_02: C-JUN:FOSB'; q-value = 1.18e-06) which is directly annotated,"frozenset({'hg38__refseq-r80__10kb_up_and_down_tss.mc9nr.genes_vs_motifs.rankings', 'activating', 'weight>90.0%'})","[('ICAM1', 9.400180041862368), ('CD4', 3.3067720573230344), ('CD69', 9.004603954855249), ('S100A12', 9.945981249902886), ('CCL2', 5.6957685359424), ('RGS1', 27.632088686800262)]",398
FOSB,cisbp__M5590,0.10720470636173789,3.6160162283007917,1e-06,1.0,gene is annotated for similar motif taipale_cyt_meth__FOSB_NRTGACGTCAYN_eDBD ('FOSB [bZIP]'; q-value = 5.33e-07),"frozenset({'hg38__refseq-r80__10kb_up_and_down_tss.mc9nr.genes_vs_motifs.rankings', 'activating', 'weight>90.0%'})","[('LEF1', 6.313594303887207), ('CD4', 3.3067720573230344), ('RGS1', 27.632088686800262), ('LAMP3', 2.955803005063036), ('FOSB', 1.0), ('EGR3', 7.797866617347223)]",445
FOSB,hocomoco__CREB5_HUMAN.H11MO.0.D,0.1091402230937707,3.708968654588964,1e-06,1.0,motif similar to transfac_pro__M08937 ('V$JUNFOSB_02: C-JUN:FOSB'; q-value = 7.54e-07) which is directly annotated,"frozenset({'hg38__refseq-r80__10kb_up_and_down_tss.mc9nr.genes_vs_motifs.rankings', 'activating', 'weight>90.0%'})","[('DUSP1', 6.838265272388113), ('EGR3', 7.797866617347223), ('CCND2', 2.982011422157035), ('CXCL16', 7.162713069685784), ('FOSB', 1.0), ('BTG1', 31.793865306776624), ('JUN', 4.887521420388917), ('NAMPT', 12.122625536821214), ('EGR1', 10.462417157673617), ('DUSP2', 8.291331558558932)]",1179
FOSB,dbcorrdb__ATF2__ENCSR000BQU_1__m1,0.1209952630774716,4.278302265604021,1e-06,1.0,motif similar to taipale_cyt_meth__FOSB_NRTGACGTCAYN_eDBD ('FOSB [bZIP]'; q-value = 7.21e-07) which is directly annotated,"frozenset({'hg38__refseq-r80__10kb_up_and_down_tss.mc9nr.genes_vs_motifs.rankings', 'activating', 'weight>90.0%'})","[('DUSP1', 6.838265272388113), ('FOSB', 1.0), ('BTG1', 31.793865306776624), ('JUN', 4.887521420388917), ('CCND2', 2.982011422157035), ('FYN', 2.837428222824081)]",229
FOSB,cisbp__M5293,0.10328273824682932,3.4276652592431787,1e-06,1.0,gene is annotated for similar motif transfac_pro__M08937 ('V$JUNFOSB_02: C-JUN:FOSB'; q-value = 7.64e-07),"frozenset({'hg38__refseq-r80__10kb_up_and_down_tss.mc9nr.genes_vs_motifs.rankings', 'activating', 'weight>90.0%'})","[('CCND2', 2.982011422157035), ('JUNB', 7.262425913075174), ('FOSB', 1.0), ('EGR3', 7.797866617347223), ('LGALS1', 3.0356563550818567), ('EGR1', 10.462417157673617), ('CD4', 3.3067720573230344), ('CXCR4', 26.262316827299703), ('LEF1', 6.313594303887207), ('DUSP2', 8.291331558558932), ('CD63', 6.0767644802776)]",1356
FOSB,transfac_pro__M08932,0.09658483166097896,3.106000941956477,1e-06,1.0,gene is annotated for similar motif transfac_pro__M08937 ('V$JUNFOSB_02: C-JUN:FOSB'; q-value = 7.64e-07),"frozenset({'hg38__refseq-r80__10kb_up_and_down_tss.mc9nr.genes_vs_motifs.rankings', 'activating', 'weight>90.0%'})","[('DUSP1', 6.838265272388113), ('EGR3', 7.797866617347223), ('ANXA5', 9.639873542898442), ('RGS1', 27.632088686800262), ('DUSP2', 8.291331558558932), ('CCND2', 2.982011422157035)]",264
FOSB,cisbp__M0265,0.10227677889268069,3.379354458738142,1e-06,1.0,gene is annotated for similar motif transfac_pro__M08937 ('V$JUNFOSB_02: C-JUN:FOSB'; q-value = 7.64e-07),"frozenset({'hg38__refseq-r80__10kb_up_and_down_tss.mc9nr.genes_vs_motifs.rankings', 'activating', 'weight>90.0%'})","[('CCL2', 5.6957685359424), ('ICAM1', 9.400180041862368), ('JUNB', 7.262425913075174), ('ITGA4', 2.916430200143413), ('TIAF1', 5.388393845593567), ('CD63', 6.0767644802776), ('LAT2', 5.012636520097989), ('CD4', 3.3067720573230344), ('CD86', 3.229040663884038), ('DUSP2', 8.291331558558932), ('S100A12', 9.945981249902886), ('CD69', 9.004603954855249), ('CD74', 3.4585979116769776), ('LYN', 5.410831017612816), ('LGALS1', 3.0356563550818567)]",1863
FOSB,taipale_cyt_meth__ATF2_NRTGAYGTCAYN_eDBD,0.12254876992818214,4.352908818282685,1e-06,1.0,motif similar to taipale_cyt_meth__FOSB_NRTGACGTCAYN_eDBD ('FOSB [bZIP]'; q-value = 1.1e-06) which is directly annotated,"frozenset({'hg38__refseq-r80__10kb_up_and_down_tss.mc9nr.genes_vs_motifs.rankings', 'activating', 'weight>90.0%'})","[('LEF1', 6.313594303887207), ('CCND2', 2.982011422157035), ('JUN', 4.887521420388917), ('FOSB', 1.0), ('THBS1', 7.298722317894112), ('NAMPT', 12.122625536821214), ('FYN', 2.837428222824081), ('EGR3', 7.797866617347223), ('LGALS1', 3.0356563550818567), ('DUSP2', 8.291331558558932), ('CXCR4', 26.262316827299703), ('BTG1', 31.793865306776624)]",1156
FOSB,transfac_pro__M07686,0.09872408699638364,3.2087378341697206,0.0,0.218935,gene is orthologous to FBgn0001297 in D. melanogaster (identity = 21%) which is directly annotated for motif,"frozenset({'hg38__refseq-r80__10kb_up_and_down_tss.mc9nr.genes_vs_motifs.rankings', 'activating', 'weight>90.0%'})","[('CCL2', 5.6957685359424), ('ICAM1', 9.400180041862368), ('JUNB', 7.262425913075174), ('CD63', 6.0767644802776), ('ITGA4', 2.916430200143413), ('TIAF1', 5.388393845593567), ('DUSP2', 8.291331558558932), ('CD4', 3.3067720573230344), ('CD86', 3.229040663884038), ('CD69', 9.004603954855249), ('LAT2', 5.012636520097989), ('IER3', 10.222137171542794), ('S100A12', 9.945981249902886)]",1295
FOSB,taipale_cyt_meth__XBP1_NRTGACGTCAYN_FL,0.11409361788824937,3.9468534823922474,0.0,1.0,motif similar to taipale_cyt_meth__FOSB_NRTGACGTCAYN_eDBD ('FOSB [bZIP]'; q-value = 4.1e-07) which is directly annotated,"frozenset({'hg38__refseq-r80__10kb_up_and_down_tss.mc9nr.genes_vs_motifs.rankings', 'activating', 'weight>90.0%'})","[('FOSB', 1.0), ('EGR1', 10.462417157673617), ('JUNB', 7.262425913075174), ('DUSP2', 8.291331558558932), ('CXCR4', 26.262316827299703), ('CD4', 3.3067720573230344), ('EGR3', 7.797866617347223), ('TIAF1', 5.388393845593567), ('LEF1', 6.313594303887207), ('LGALS1', 3.0356563550818567), ('FYN', 2.837428222824081)]",1373
FOSB,dbcorrdb__BCL3__ENCSR000BQH_1__m2,0.09569347527122701,3.0631939035342914,0.0,1.0,motif similar to hocomoco__FOSB_HUMAN.H11MO.0.A ('FOSB_HUMAN'; q-value = 4.24e-07) which is directly annotated,"frozenset({'hg38__refseq-r80__10kb_up_and_down_tss.mc9nr.genes_vs_motifs.rankings', 'activating', 'weight>90.0%'})","[('CCL2', 5.6957685359424), ('CD86', 3.229040663884038), ('DUSP2', 8.291331558558932), ('CD69', 9.004603954855249), ('IER3', 10.222137171542794), ('ICAM1', 9.400180041862368), ('S100A12', 9.945981249902886)]",446
FOSB,taipale_cyt_meth__JUNB_NATGACGTCAYN_eDBD_repr,0.10365201446544084,3.4453996037323695,0.0,1.0,gene is annotated for similar motif taipale_cyt_meth__FOSB_NRTGACGTCAYN_eDBD ('FOSB [bZIP]'; q-value = 4.76e-08),"frozenset({'hg38__refseq-r80__10kb_up_and_down_tss.mc9nr.genes_vs_motifs.rankings', 'activating', 'weight>90.0%'})","[('EGR1', 10.462417157673617), ('EGR3', 7.797866617347223), ('JUNB', 7.262425913075174), ('DUSP2', 8.291331558558932), ('FOSB', 1.0), ('LEF1', 6.313594303887207)]",398
FOSB,taipale_cyt_meth__JUN_NATGACGTCAYN_FL,0.10510365201446543,3.5151139234484994,0.0,1.0,gene is annotated for similar motif taipale_cyt_meth__FOSB_NRTGACGTCAYN_eDBD ('FOSB [bZIP]'; q-value = 6.86e-08),"frozenset({'hg38__refseq-r80__10kb_up_and_down_tss.mc9nr.genes_vs_motifs.rankings', 'activating', 'weight>90.0%'})","[('EGR3', 7.797866617347223), ('DUSP1', 6.838265272388113), ('CCND2', 2.982011422157035), ('CXCL16', 7.162713069685784), ('FOSB', 1.0), ('EGR1', 10.462417157673617), ('BTG1', 31.793865306776624), ('NAMPT', 12.122625536821214)]",602
FOSB,taipale_cyt_meth__BATF3_NRTGAYGTCAYN_FL,0.10015025721998676,3.277229095645216,0.0,1.0,motif similar to taipale_cyt_meth__FOSB_NRTGACGTCAYN_eDBD ('FOSB [bZIP]'; q-value = 4.53e-08) which is directly annotated,"frozenset({'hg38__refseq-r80__10kb_up_and_down_tss.mc9nr.genes_vs_motifs.rankings', 'activating', 'weight>90.0%'})","[('CCND2', 2.982011422157035), ('FYN', 2.837428222824081), ('EGR3', 7.797866617347223), ('CD63', 6.0767644802776), ('PTPRC', 11.47446315455502), ('THBS1', 7.298722317894112), ('CXCR4', 26.262316827299703), ('KIT', 2.8562745844940998)]",703
FOSB,transfac_pro__M08915,0.11856313349971986,4.161500203623488,0.0,1.0,motif similar to taipale_cyt_meth__FOSB_NRTGACGTCAYN_eDBD ('FOSB [bZIP]'; q-value = 1.25e-07) which is directly annotated,"frozenset({'hg38__refseq-r80__10kb_up_and_down_tss.mc9nr.genes_vs_motifs.rankings', 'activating', 'weight>90.0%'})","[('CCND2', 2.982011422157035), ('FYN', 2.837428222824081), ('JUN', 4.887521420388917), ('FOSB', 1.0), ('DUSP1', 6.838265272388113), ('NAMPT', 12.122625536821214), ('BTG1', 31.793865306776624), ('IL18', 7.555072051771537), ('DUSP2', 8.291331558558932), ('S100A12', 9.945981249902886)]",674
FOSB,taipale_cyt_meth__BATF3_NRTGAYGTCAYN_eDBD_meth,0.09615188712881373,3.0852089518657007,0.0,1.0,"gene is annotated for similar motif taipale_cyt_meth__FOSB_NRTGAYGTCAYN_eDBD_meth ('FOSB [bZIP, CpG-meth]'; q-value = 5.51e-14)","frozenset({'hg38__refseq-r80__10kb_up_and_down_tss.mc9nr.genes_vs_motifs.rankings', 'activating', 'weight>90.0%'})","[('CCL2', 5.6957685359424), ('ICAM1', 9.400180041862368), ('TIAF1', 5.388393845593567), ('CD86', 3.229040663884038), ('IER3', 10.222137171542794), ('CD69', 9.004603954855249), ('CD63', 6.0767644802776), ('S100A12', 9.945981249902886), ('FYN', 2.837428222824081), ('JUNB', 7.262425913075174), ('CD4', 3.3067720573230344), ('LAT2', 5.012636520097989), ('DUSP2', 8.291331558558932), ('LYN', 5.410831017612816), ('ITGA4', 2.916430200143413), ('HLA-DRA', 6.040937837947307)]",1910
FOSB,taipale_cyt_meth__BATF3_NRTGAYGTCAYN_eDBD,0.1000101869301686,3.27050227532173,0.0,1.0,motif similar to taipale_cyt_meth__FOSB_NRTGACGTCAYN_eDBD ('FOSB [bZIP]'; q-value = 3.6e-09) which is directly annotated,"frozenset({'hg38__refseq-r80__10kb_up_and_down_tss.mc9nr.genes_vs_motifs.rankings', 'activating', 'weight>90.0%'})","[('ICAM1', 9.400180041862368), ('CD69', 9.004603954855249), ('CCL2', 5.6957685359424), ('CD86', 3.229040663884038), ('DUSP2', 8.291331558558932), ('S100A12', 9.945981249902886), ('IER3', 10.222137171542794), ('CD4', 3.3067720573230344), ('PTPRC', 11.47446315455502), ('TIAF1', 5.388393845593567), ('IL18', 7.555072051771537), ('RGS1', 27.632088686800262), ('FYN', 2.837428222824081), ('FTH1', 11.851478800579727), ('TNFSF13B', 4.825174314420416), ('NAMPT', 12.122625536821214), ('EGR1', 10.462417157673617), ('EGR3', 7.797866617347223), ('CD74', 3.4585979116769776), ('AQP9', 5.403789888920939), ('LAT2', 5.012636520097989), ('THBS1', 7.298722317894112), ('ITGA4', 2.916430200143413)]",4139
FOSB,transfac_pro__M08941,0.10430143126368868,3.4765875888685325,0.0,1.0,motif similar to transfac_pro__M08937 ('V$JUNFOSB_02: C-JUN:FOSB'; q-value = 7.89e-09) which is directly annotated,"frozenset({'hg38__refseq-r80__10kb_up_and_down_tss.mc9nr.genes_vs_motifs.rankings', 'activating', 'weight>90.0%'})","[('DUSP1', 6.838265272388113), ('JUN', 4.887521420388917), ('BTG1', 31.793865306776624), ('FYN', 2.837428222824081), ('CCND2', 2.982011422157035), ('CXCL16', 7.162713069685784), ('S100A12', 9.945981249902886), ('FOSB', 1.0)]",656
FOSB,transfac_pro__M07666,0.1025823867977385,3.3940311576257485,0.0,1.0,motif similar to taipale_cyt_meth__FOSB_NRTGACGTCAYN_eDBD ('FOSB [bZIP]'; q-value = 2.25e-07) which is directly annotated,"frozenset({'hg38__refseq-r80__10kb_up_and_down_tss.mc9nr.genes_vs_motifs.rankings', 'activating', 'weight>90.0%'})","[('PTPRC', 11.47446315455502), ('DUSP1', 6.838265272388113), ('EGR1', 10.462417157673617), ('LEF1', 6.313594303887207), ('EGR3', 7.797866617347223), ('ICAM1', 9.400180041862368), ('CD63', 6.0767644802776), ('CD4', 3.3067720573230344), ('THBS1', 7.298722317894112), ('S100A12', 9.945981249902886), ('CXCR4', 26.262316827299703), ('FYN', 2.837428222824081), ('LYN', 5.410831017612816), ('KIT', 2.8562745844940998), ('CCND2', 2.982011422157035), ('DUSP2', 8.291331558558932), ('JUN', 4.887521420388917)]",3379
FOSB,cisbp__M5952,0.10468344114501095,3.494933462478041,0.0,1.0,motif similar to taipale_cyt_meth__FOSB_NRTGACGTCAYN_eDBD ('FOSB [bZIP]'; q-value = 1.33e-07) which is directly annotated,"frozenset({'hg38__refseq-r80__10kb_up_and_down_tss.mc9nr.genes_vs_motifs.rankings', 'activating', 'weight>90.0%'})","[('DUSP1', 6.838265272388113), ('EGR3', 7.797866617347223), ('EGR1', 10.462417157673617), ('BTG1', 31.793865306776624), ('CXCL16', 7.162713069685784), ('DUSP2', 8.291331558558932), ('CCND2', 2.982011422157035), ('FOSB', 1.0), ('NAMPT', 12.122625536821214), ('JUN', 4.887521420388917), ('TNFSF13B', 4.825174314420416), ('THBS1', 7.298722317894112), ('CD4', 3.3067720573230344), ('S100A12', 9.945981249902886), ('RGS1', 27.632088686800262)]",2726
FOSB,taipale_cyt_meth__CREB5_NRTGAYGTCAYN_FL,0.09724698212193755,3.1378004562129562,0.0,1.0,motif similar to taipale_cyt_meth__FOSB_NRTGACGTCAYN_eDBD ('FOSB [bZIP]'; q-value = 3.42e-09) which is directly annotated,"frozenset({'hg38__refseq-r80__10kb_up_and_down_tss.mc9nr.genes_vs_motifs.rankings', 'activating', 'weight>90.0%'})","[('EGR1', 10.462417157673617), ('EGR3', 7.797866617347223), ('LEF1', 6.313594303887207), ('FOSB', 1.0), ('JUNB', 7.262425913075174), ('DUSP2', 8.291331558558932), ('TLR2', 6.994248116872449), ('CD4', 3.3067720573230344), ('THBS1', 7.298722317894112), ('FYN', 2.837428222824081), ('KIT', 2.8562745844940998)]",1438
FOSB,transfac_pro__M07684,0.09624102276778893,3.0894896557079194,0.0,1.0,gene is annotated for similar motif taipale_cyt_meth__FOSB_NRTGACGTCAYN_eDBD ('FOSB [bZIP]'; q-value = 7.09e-09),"frozenset({'hg38__refseq-r80__10kb_up_and_down_tss.mc9nr.genes_vs_motifs.rankings', 'activating', 'weight>90.0%'})","[('DUSP1', 6.838265272388113), ('JUN', 4.887521420388917), ('FYN', 2.837428222824081), ('BTG1', 31.793865306776624), ('CCND2', 2.982011422157035), ('CXCL16', 7.162713069685784), ('FOSB', 1.0)]",604
FOSB,taipale_cyt_meth__JDP2_NRTGAYGTCAYN_eDBD,0.0978327306066317,3.1659307957475353,0.0,1.0,motif similar to taipale_cyt_meth__FOSB_NRTGACGTCAYN_eDBD ('FOSB [bZIP]'; q-value = 7.37e-08) which is directly annotated,"frozenset({'hg38__refseq-r80__10kb_up_and_down_tss.mc9nr.genes_vs_motifs.rankings', 'activating', 'weight>90.0%'})","[('CD86', 3.229040663884038), ('DUSP2', 8.291331558558932), ('ICAM1', 9.400180041862368), ('CCL2', 5.6957685359424), ('CD63', 6.0767644802776), ('IER3', 10.222137171542794), ('CCND2', 2.982011422157035), ('TLR2', 6.994248116872449), ('S100A12', 9.945981249902886), ('FTH1', 11.851478800579727), ('LYN', 5.410831017612816), ('CD69', 9.004603954855249), ('HLA-DRA', 6.040937837947307), ('CXCR4', 26.262316827299703), ('THBS1', 7.298722317894112), ('JUN', 4.887521420388917)]",2639
FOSB,transfac_pro__M08937,0.10850353995823359,3.6783921985731176,0.0,1.0,gene is directly annotated,"frozenset({'hg38__refseq-r80__10kb_up_and_down_tss.mc9nr.genes_vs_motifs.rankings', 'activating', 'weight>90.0%'})","[('BTG1', 31.793865306776624), ('FOSB', 1.0), ('DUSP1', 6.838265272388113), ('EGR3', 7.797866617347223), ('CCND2', 2.982011422157035), ('JUN', 4.887521420388917), ('CXCL16', 7.162713069685784)]",336
FOSB,taipale_cyt_meth__ATF7_NRTGACGTCAYN_eDBD,0.1011307492487139,3.3243168379096186,0.0,1.0,motif similar to taipale_cyt_meth__FOSB_NRTGACGTCAYN_eDBD ('FOSB [bZIP]'; q-value = 4.21e-09) which is directly annotated,"frozenset({'hg38__refseq-r80__10kb_up_and_down_tss.mc9nr.genes_vs_motifs.rankings', 'activating', 'weight>90.0%'})","[('EGR1', 10.462417157673617), ('EGR3', 7.797866617347223), ('THBS1', 7.298722317894112), ('FOSB', 1.0), ('TLR2', 6.994248116872449), ('JUNB', 7.262425913075174), ('LEF1', 6.313594303887207)]",611
FOSB,taipale__XBP1_DBD_GATGACGTCATC,0.10020119187082972,3.2796752121264836,0.0,1.0,gene is annotated for similar motif taipale_cyt_meth__FOSB_NRTGACGTCAYN_eDBD ('FOSB [bZIP]'; q-value = 2.01e-07),"frozenset({'hg38__refseq-r80__10kb_up_and_down_tss.mc9nr.genes_vs_motifs.rankings', 'activating', 'weight>90.0%'})","[('CCND2', 2.982011422157035), ('JUNB', 7.262425913075174), ('LGALS1', 3.0356563550818567), ('LAT2', 5.012636520097989), ('EGR1', 10.462417157673617), ('FOSB', 1.0), ('CD63', 6.0767644802776), ('CD4', 3.3067720573230344), ('DUSP2', 8.291331558558932)]",744
FOSB,cisbp__M6039,0.10795599246167167,3.65209644639949,0.0,1.0,gene is annotated for similar motif taipale_cyt_meth__FOSB_NRTGACGTCAYN_eDBD ('FOSB [bZIP]'; q-value = 3.12e-07),"frozenset({'hg38__refseq-r80__10kb_up_and_down_tss.mc9nr.genes_vs_motifs.rankings', 'activating', 'weight>90.0%'})","[('DUSP1', 6.838265272388113), ('CCND2', 2.982011422157035), ('CXCL16', 7.162713069685784), ('BTG1', 31.793865306776624), ('FOSB', 1.0), ('JUN', 4.887521420388917), ('FYN', 2.837428222824081)]",647
FOSB,cisbp__M5588,0.10682269648041563,3.5976703546912847,0.0,1.0,gene is annotated for similar motif taipale_cyt_meth__FOSB_NRTGACGTCAYN_eDBD ('FOSB [bZIP]'; q-value = 6.86e-08),"frozenset({'hg38__refseq-r80__10kb_up_and_down_tss.mc9nr.genes_vs_motifs.rankings', 'activating', 'weight>90.0%'})","[('DUSP1', 6.838265272388113), ('EGR3', 7.797866617347223), ('CCND2', 2.982011422157035), ('FOSB', 1.0), ('CXCL16', 7.162713069685784), ('FYN', 2.837428222824081), ('BTG1', 31.793865306776624)]",459
FOSB,taipale__JDP2_DBD_NATGACGTCAYN,0.09626649009321041,3.090712713948554,0.0,1.0,gene is annotated for similar motif taipale_cyt_meth__FOSB_NRTGACGTCAYN_eDBD ('FOSB [bZIP]'; q-value = 6.86e-08),"frozenset({'hg38__refseq-r80__10kb_up_and_down_tss.mc9nr.genes_vs_motifs.rankings', 'activating', 'weight>90.0%'})","[('DUSP1', 6.838265272388113), ('JUN', 4.887521420388917), ('FYN', 2.837428222824081), ('BTG1', 31.793865306776624), ('CXCL16', 7.162713069685784), ('CCND2', 2.982011422157035)]",403
FOSB,taipale_cyt_meth__JDP2_NRTGAYGTCAYN_FL,0.10924209239545662,3.713860887551499,0.0,1.0,motif similar to taipale_cyt_meth__FOSB_NRTGACGTCAYN_eDBD ('FOSB [bZIP]'; q-value = 2.7e-07) which is directly annotated,"frozenset({'hg38__refseq-r80__10kb_up_and_down_tss.mc9nr.genes_vs_motifs.rankings', 'activating', 'weight>90.0%'})","[('CCND2', 2.982011422157035), ('JUNB', 7.262425913075174), ('CD4', 3.3067720573230344), ('FYN', 2.837428222824081), ('DUSP1', 6.838265272388113), ('NAMPT', 12.122625536821214), ('JUN', 4.887521420388917), ('IL18', 7.555072051771537), ('CD74', 3.4585979116769776), ('ICAM1', 9.400180041862368), ('FTH1', 11.851478800579727), ('LGALS1', 3.0356563550818567), ('DUSP2', 8.291331558558932), ('BTG1', 31.793865306776624), ('LYN', 5.410831017612816), ('CD63', 6.0767644802776), ('THBS1', 7.298722317894112), ('LEF1', 6.313594303887207)]",2928
FOSB,transfac_pro__M08939,0.09559160596954108,3.0583016705717565,0.0,1.0,motif similar to taipale_cyt_meth__FOSB_NRTGACGTCAYN_eDBD ('FOSB [bZIP]'; q-value = 1.94e-08) which is directly annotated,"frozenset({'hg38__refseq-r80__10kb_up_and_down_tss.mc9nr.genes_vs_motifs.rankings', 'activating', 'weight>90.0%'})","[('EGR3', 7.797866617347223), ('FYN', 2.837428222824081), ('CXCR4', 26.262316827299703), ('BTG1', 31.793865306776624), ('LEF1', 6.313594303887207), ('CXCL8', 4.796728889972895), ('IL18', 7.555072051771537), ('CCND2', 2.982011422157035), ('AQP9', 5.403789888920939)]",926
FOSB,transfac_pro__M08924,0.10384301940610197,3.4545725405371233,0.0,1.0,motif similar to transfac_pro__M08937 ('V$JUNFOSB_02: C-JUN:FOSB'; q-value = 5.47e-09) which is directly annotated,"frozenset({'hg38__refseq-r80__10kb_up_and_down_tss.mc9nr.genes_vs_motifs.rankings', 'activating', 'weight>90.0%'})","[('FYN', 2.837428222824081), ('FOSB', 1.0), ('CCND2', 2.982011422157035), ('JUN', 4.887521420388917), ('XBP1', 3.121712743986308), ('BTG1', 31.793865306776624), ('TIAF1', 5.388393845593567), ('KIT', 2.8562745844940998), ('LYN', 5.410831017612816), ('S100A12', 9.945981249902886), ('DUSP1', 6.838265272388113), ('CD14', 10.650329126415633), ('DUSP2', 8.291331558558932), ('CD74', 3.4585979116769776), ('FTH1', 11.851478800579727), ('CD86', 3.229040663884038)]",2645
FOSB,taipale_cyt_meth__ATF6B_NRTGAYGTCAYN_eDBD_meth,0.09447104365099578,3.0044871079838678,0.0,1.0,motif similar to taipale_cyt_meth__FOSB_NRTGACGTCAYN_eDBD ('FOSB [bZIP]'; q-value = 8.61e-08) which is directly annotated,"frozenset({'hg38__refseq-r80__10kb_up_and_down_tss.mc9nr.genes_vs_motifs.rankings', 'activating', 'weight>90.0%'})","[('CCL2', 5.6957685359424), ('ICAM1', 9.400180041862368), ('JUNB', 7.262425913075174), ('CD86', 3.229040663884038), ('TIAF1', 5.388393845593567), ('CD69', 9.004603954855249), ('LAT2', 5.012636520097989), ('CD63', 6.0767644802776), ('S100A12', 9.945981249902886), ('ITGA4', 2.916430200143413), ('IER3', 10.222137171542794), ('CD4', 3.3067720573230344), ('FYN', 2.837428222824081), ('LYN', 5.410831017612816), ('DUSP2', 8.291331558558932), ('CXCL16', 7.162713069685784), ('TLR2', 6.994248116872449), ('JUN', 4.887521420388917), ('LGALS1', 3.0356563550818567), ('HLA-DRA', 6.040937837947307), ('EGR1', 10.462417157673617), ('CD74', 3.4585979116769776)]",3948
FOSB,transfac_pro__M08927,0.10715377171089492,3.6135701118195245,0.0,1.0,motif similar to transfac_pro__M08937 ('V$JUNFOSB_02: C-JUN:FOSB'; q-value = 6.6e-08) which is directly annotated,"frozenset({'hg38__refseq-r80__10kb_up_and_down_tss.mc9nr.genes_vs_motifs.rankings', 'activating', 'weight>90.0%'})","[('EGR1', 10.462417157673617), ('FYN', 2.837428222824081), ('BTG1', 31.793865306776624), ('CCND2', 2.982011422157035), ('FOSB', 1.0), ('TIAF1', 5.388393845593567), ('JUNB', 7.262425913075174)]",619
FOSB,taipale_cyt_meth__BATF3_NRTGAYGTCAYN_FL_meth,0.09676310293892935,3.114562349640914,0.0,1.0,motif similar to taipale_cyt_meth__FOSB_NRTGACGTCAYN_eDBD ('FOSB [bZIP]'; q-value = 1.51e-08) which is directly annotated,"frozenset({'hg38__refseq-r80__10kb_up_and_down_tss.mc9nr.genes_vs_motifs.rankings', 'activating', 'weight>90.0%'})","[('DUSP1', 6.838265272388113), ('CCND2', 2.982011422157035), ('BTG1', 31.793865306776624), ('FOSB', 1.0), ('EGR1', 10.462417157673617), ('DUSP2', 8.291331558558932), ('JUN', 4.887521420388917), ('FYN', 2.837428222824081), ('NAMPT', 12.122625536821214), ('CD4', 3.3067720573230344), ('CXCL16', 7.162713069685784), ('TIAF1', 5.388393845593567), ('LYN', 5.410831017612816), ('JUNB', 7.262425913075174), ('ANXA5', 9.639873542898442)]",2229
PRDM1,dbcorrdb__SPI1__ENCSR000BGQ_1__m1,0.1122951396215798,3.135201674385907,0.000418,1.0,"motif similar to dbcorrdb__PRDM1__ENCSR000ECY_1__m1 ('PRDM1 (ENCSR000ECY-1, motif 1)'; q-value = 0.000418) which is directly annotated","frozenset({'hg38__refseq-r80__10kb_up_and_down_tss.mc9nr.genes_vs_motifs.rankings', 'activating', 'weight>90.0%'})","[('S100A12', 5.461367431352686), ('ANXA5', 9.769223368608769), ('S100A9', 6.980199366144781), ('CD86', 10.26189586019786)]",980
RUNX3,transfac_pro__M01854,0.10976735598227474,3.1074881973651576,0.0,1.0,gene is directly annotated,"frozenset({'hg38__refseq-r80__10kb_up_and_down_tss.mc9nr.genes_vs_motifs.rankings', 'activating', 'weight>90.0%'})","[('TBX21', 14.812415285894456), ('RUNX3', 1.0), ('KLRB1', 15.90656227314716), ('CD247', 7.670817219471713), ('CXCR4', 17.94826753228145), ('FYN', 7.761294264397453)]",696
BACH2,taipale_cyt_meth__FOSL1_NRTGAYGTCAYN_FL,0.20442354038715696,3.4668433397845524,0.000998,1.0,gene is annotated for similar motif taipale_cyt_meth__BACH2_NWWNNATGACGTCAYNNWWN_eDBD ('BACH2 [bZIP]'; q-value = 0.000998),"frozenset({'hg38__refseq-r80__10kb_up_and_down_tss.mc9nr.genes_vs_motifs.rankings', 'activating', 'top50'})","[('JUN', 0.1104115625268849), ('CD247', 0.0031057641239502), ('FOXP1', 0.1757018140064599), ('BACH2', 1.0), ('IL7R', 0.1615479805333774)]",573
BACH2,cisbp__M6039,0.2120811630257327,3.656338530251603,0.000998,1.0,gene is annotated for similar motif taipale_cyt_meth__BACH2_NWWNNATGACGTCAYNNWWN_eDBD ('BACH2 [bZIP]'; q-value = 0.000998),"frozenset({'hg38__refseq-r80__10kb_up_and_down_tss.mc9nr.genes_vs_motifs.rankings', 'activating', 'top50'})","[('FOXP1', 0.1757018140064599), ('CCND2', 0.0540412950399486), ('BACH2', 1.0), ('CNOT2', 0.0590786295802273), ('ARL4C', 0.0074630932358539)]",842
BACH2,transfac_pro__M07684,0.20523983518619296,3.4870433347074363,0.000968,1.0,gene is annotated for similar motif taipale_cyt_meth__BACH2_NWWNNATGACGTCAYNNWWN_eDBD ('BACH2 [bZIP]'; q-value = 0.000968),"frozenset({'hg38__refseq-r80__10kb_up_and_down_tss.mc9nr.genes_vs_motifs.rankings', 'activating', 'top50'})","[('JUN', 0.1104115625268849), ('FOXP1', 0.1757018140064599), ('ARL4C', 0.0074630932358539), ('BACH2', 1.0), ('CCND2', 0.0540412950399486)]",672
BACH2,transfac_pro__M08945,0.2301951333281505,4.104586036635593,0.000958,0.075525,motif similar to transfac_pro__M07677 ('I$CNC_03: Cnc'; q-value = 0.000958) which is annotated for orthologous gene FBgn0262975 in D. melanogaster (identity = 7%),"frozenset({'hg38__refseq-r80__10kb_up_and_down_tss.mc9nr.genes_vs_motifs.rankings', 'activating', 'top50'})","[('ARL4C', 0.0074630932358539), ('JUN', 0.1104115625268849), ('CCND2', 0.0540412950399486), ('FOXP1', 0.1757018140064599), ('BACH2', 1.0)]",238
BACH2,cisbp__M0287,0.22273186659410713,3.9199003687692286,0.000953,0.075525,motif similar to transfac_pro__M07677 ('I$CNC_03: Cnc'; q-value = 0.000953) which is annotated for orthologous gene FBgn0262975 in D. melanogaster (identity = 7%),"frozenset({'hg38__refseq-r80__10kb_up_and_down_tss.mc9nr.genes_vs_motifs.rankings', 'activating', 'top50'})","[('ARL4C', 0.0074630932358539), ('BACH2', 1.0), ('FOXP1', 0.1757018140064599), ('JUN', 0.1104115625268849), ('CCND2', 0.0540412950399486), ('CBLB', 0.0091713371360044)]",1458
BACH2,taipale_cyt_meth__FOSB_NRTGACGTCAYN_eDBD,0.19070201352717095,3.1272910441760797,0.000936,1.0,gene is annotated for similar motif taipale_cyt_meth__BACH2_NWWNNATGACGTCAYNNWWN_eDBD ('BACH2 [bZIP]'; q-value = 0.000936),"frozenset({'hg38__refseq-r80__10kb_up_and_down_tss.mc9nr.genes_vs_motifs.rankings', 'activating', 'top50'})","[('FOXP1', 0.1757018140064599), ('BACH2', 1.0), ('JUN', 0.1104115625268849)]",70
BACH2,elemento__TGACGTCA,0.1878644173209982,3.0570720142060552,0.000936,1.0,gene is annotated for similar motif taipale_cyt_meth__BACH2_NWWNNATGACGTCAYNNWWN_eDBD ('BACH2 [bZIP]'; q-value = 0.000936),"frozenset({'hg38__refseq-r80__10kb_up_and_down_tss.mc9nr.genes_vs_motifs.rankings', 'activating', 'top50'})","[('CCND2', 0.0540412950399486), ('JUNB', 0.0113053327209633), ('FOXP1', 0.1757018140064599), ('BACH2', 1.0)]",398
BACH2,taipale_cyt_meth__JUNB_NATGACGTCAYN_eDBD_repr,0.21643473528725804,3.7640718365069827,0.000936,1.0,gene is annotated for similar motif taipale_cyt_meth__BACH2_NWWNNATGACGTCAYNNWWN_eDBD ('BACH2 [bZIP]'; q-value = 0.000936),"frozenset({'hg38__refseq-r80__10kb_up_and_down_tss.mc9nr.genes_vs_motifs.rankings', 'activating', 'top50'})","[('CNOT2', 0.0590786295802273), ('CCND2', 0.0540412950399486), ('FOXP1', 0.1757018140064599), ('JUNB', 0.0113053327209633), ('BACH2', 1.0)]",630
BACH2,cisbp__M0283,0.18910829511000543,3.087852958850449,0.000936,1.0,gene is annotated for similar motif taipale_cyt_meth__BACH2_NWWNNATGACGTCAYNNWWN_eDBD ('BACH2 [bZIP]'; q-value = 0.000936),"frozenset({'hg38__refseq-r80__10kb_up_and_down_tss.mc9nr.genes_vs_motifs.rankings', 'activating', 'top50'})","[('JUN', 0.1104115625268849), ('CCND2', 0.0540412950399486), ('FOXP1', 0.1757018140064599), ('ARL4C', 0.0074630932358539), ('BACH2', 1.0)]",437
BACH2,swissregulon__hs__JUN.p2,0.198709476793905,3.325443375324366,0.000936,1.0,gene is annotated for similar motif taipale_cyt_meth__BACH2_NWWNNATGACGTCAYNNWWN_eDBD ('BACH2 [bZIP]'; q-value = 0.000936),"frozenset({'hg38__refseq-r80__10kb_up_and_down_tss.mc9nr.genes_vs_motifs.rankings', 'activating', 'top50'})","[('CCND2', 0.0540412950399486), ('BACH2', 1.0), ('ARL4C', 0.0074630932358539), ('DUSP2', 0.0012791103844027), ('FOXP1', 0.1757018140064599), ('JUN', 0.1104115625268849)]",977
BACH2,transfac_pro__M08937,0.19804866671849491,3.309090998482032,0.000936,1.0,gene is annotated for similar motif taipale_cyt_meth__BACH2_NWWNNATGACGTCAYNNWWN_eDBD ('BACH2 [bZIP]'; q-value = 0.000936),"frozenset({'hg38__refseq-r80__10kb_up_and_down_tss.mc9nr.genes_vs_motifs.rankings', 'activating', 'top50'})","[('FOXP1', 0.1757018140064599), ('ARL4C', 0.0074630932358539), ('BACH2', 1.0), ('CBLB', 0.0091713371360044), ('CCND2', 0.0540412950399486), ('JUNB', 0.0113053327209633), ('DUSP2', 0.0012791103844027)]",1865
BACH2,taipale__JDP2_full_NATGACGTCAYN,0.1865816683510845,3.0253291650415237,0.000931,1.0,motif similar to taipale_cyt_meth__BACH2_NWWNNATGACGTCAYNNWWN_eDBD ('BACH2 [bZIP]'; q-value = 0.000931) which is directly annotated,"frozenset({'hg38__refseq-r80__10kb_up_and_down_tss.mc9nr.genes_vs_motifs.rankings', 'activating', 'top50'})","[('FOXP1', 0.1757018140064599), ('CXCL8', 0.0205052390222845), ('ARL4C', 0.0074630932358539), ('BACH2', 1.0), ('CCND2', 0.0540412950399486), ('CBLB', 0.0091713371360044)]",1290
BACH2,cisbp__M5588,0.19540542641685454,3.243681491112694,0.000927,1.0,motif similar to taipale_cyt_meth__BACH2_NWWNNATGACGTCAYNNWWN_eDBD ('BACH2 [bZIP]'; q-value = 0.000927) which is directly annotated,"frozenset({'hg38__refseq-r80__10kb_up_and_down_tss.mc9nr.genes_vs_motifs.rankings', 'activating', 'top50'})","[('IL7R', 0.1615479805333774), ('BACH2', 1.0), ('CD52', 0.1342179491730894), ('FOXP1', 0.1757018140064599), ('CD69', 0.0323701802850059)]",627
BACH2,dbcorrdb__JUN__ENCSR000EEK_1__m1,0.22968980797636632,4.092081277873808,0.000914,1.0,motif similar to taipale_cyt_meth__BACH2_NWWNNATGACGTCAYNNWWN_eDBD ('BACH2 [bZIP]'; q-value = 0.000914) which is directly annotated,"frozenset({'hg38__refseq-r80__10kb_up_and_down_tss.mc9nr.genes_vs_motifs.rankings', 'activating', 'top50'})","[('CCND2', 0.0540412950399486), ('BACH2', 1.0), ('FOXP1', 0.1757018140064599), ('ARL4C', 0.0074630932358539)]",337
BACH2,cisbp__M5590,0.21250874601570396,3.6669194799731137,0.000895,1.0,motif similar to taipale_cyt_meth__BACH2_NWWNNATGACGTCAYNNWWN_eDBD ('BACH2 [bZIP]'; q-value = 0.000895) which is directly annotated,"frozenset({'hg38__refseq-r80__10kb_up_and_down_tss.mc9nr.genes_vs_motifs.rankings', 'activating', 'top50'})","[('ARL4C', 0.0074630932358539), ('BACH2', 1.0), ('CCND2', 0.0540412950399486), ('JUN', 0.1104115625268849), ('FOXP1', 0.1757018140064599)]",522
BACH2,transfac_pro__M07312,0.2103319598849413,3.613052826845424,0.000873,1.0,motif similar to taipale_cyt_meth__BACH2_NWWNNATGACGTCAYNNWWN_eDBD ('BACH2 [bZIP]'; q-value = 0.000873) which is directly annotated,"frozenset({'hg38__refseq-r80__10kb_up_and_down_tss.mc9nr.genes_vs_motifs.rankings', 'activating', 'top50'})","[('BACH2', 1.0), ('CCND2', 0.0540412950399486), ('ARL4C', 0.0074630932358539), ('FOXP1', 0.1757018140064599), ('JUN', 0.1104115625268849)]",791
BACH2,taipale_cyt_meth__FOS_NRTGACGTCAYN_eDBD,0.19723237191945892,3.288891003559148,0.000864,1.0,motif similar to taipale_cyt_meth__BACH2_NWWNNATGACGTCAYNNWWN_eDBD ('BACH2 [bZIP]'; q-value = 0.000864) which is directly annotated,"frozenset({'hg38__refseq-r80__10kb_up_and_down_tss.mc9nr.genes_vs_motifs.rankings', 'activating', 'top50'})","[('CCND2', 0.0540412950399486), ('ARL4C', 0.0074630932358539), ('BACH2', 1.0), ('JUN', 0.1104115625268849)]",212
BACH2,homer__GATGACGTCA_Atf1,0.20963227862862474,3.595738545482953,0.000846,0.075525,motif similar to transfac_pro__M07677 ('I$CNC_03: Cnc'; q-value = 0.000846) which is annotated for orthologous gene FBgn0262975 in D. melanogaster (identity = 7%),"frozenset({'hg38__refseq-r80__10kb_up_and_down_tss.mc9nr.genes_vs_motifs.rankings', 'activating', 'top50'})","[('CCND2', 0.0540412950399486), ('FOXP1', 0.1757018140064599), ('ARL4C', 0.0074630932358539), ('DUSP2', 0.0012791103844027), ('JUN', 0.1104115625268849)]",741
BACH2,transfac_pro__M07574,0.21095389877944493,3.628443299167621,0.000827,0.075525,motif similar to transfac_pro__M07677 ('I$CNC_03: Cnc'; q-value = 0.000827) which is annotated for orthologous gene FBgn0262975 in D. melanogaster (identity = 7%),"frozenset({'hg38__refseq-r80__10kb_up_and_down_tss.mc9nr.genes_vs_motifs.rankings', 'activating', 'top50'})","[('CCND2', 0.0540412950399486), ('BACH2', 1.0), ('ARL4C', 0.0074630932358539), ('FOXP1', 0.1757018140064599), ('JUN', 0.1104115625268849)]",678
BACH2,cisbp__M5952,0.2360258104641219,4.2488717146561905,0.000811,1.0,motif similar to taipale_cyt_meth__BACH2_NWWNNATGACGTCAYNNWWN_eDBD ('BACH2 [bZIP]'; q-value = 0.000811) which is directly annotated,"frozenset({'hg38__refseq-r80__10kb_up_and_down_tss.mc9nr.genes_vs_motifs.rankings', 'activating', 'top50'})","[('CCND2', 0.0540412950399486), ('FOXP1', 0.1757018140064599), ('JUNB', 0.0113053327209633), ('CNOT2', 0.0590786295802273), ('CD247', 0.0031057641239502), ('BACH2', 1.0), ('ARL4C', 0.0074630932358539)]",1240
BACH2,transfac_pro__M09536,0.21025421752312834,3.611129017805149,0.000779,1.0,motif similar to taipale_cyt_meth__BACH2_NWWNNATGACGTCAYNNWWN_eDBD ('BACH2 [bZIP]'; q-value = 0.000779) which is directly annotated,"frozenset({'hg38__refseq-r80__10kb_up_and_down_tss.mc9nr.genes_vs_motifs.rankings', 'activating', 'top50'})","[('BACH2', 1.0), ('CCND2', 0.0540412950399486), ('ARL4C', 0.0074630932358539), ('FOXP1', 0.1757018140064599), ('DUSP2', 0.0012791103844027)]",775
BACH2,transfac_pro__M09526,0.21184793594029386,3.6505671031307796,0.000776,1.0,motif similar to taipale_cyt_meth__BACH2_NWWNNATGACGTCAYNNWWN_eDBD ('BACH2 [bZIP]'; q-value = 0.000776) which is directly annotated,"frozenset({'hg38__refseq-r80__10kb_up_and_down_tss.mc9nr.genes_vs_motifs.rankings', 'activating', 'top50'})","[('JUN', 0.1104115625268849), ('FOXP1', 0.1757018140064599), ('CCND2', 0.0540412950399486), ('ARL4C', 0.0074630932358539), ('DUSP2', 0.0012791103844027), ('CBLB', 0.0091713371360044), ('BACH2', 1.0)]",1439
BACH2,taipale__XBP1_DBD_GATGACGTCATC,0.244771826168079,4.465300231687087,0.000766,1.0,motif similar to taipale_cyt_meth__BACH2_NWWNNATGACGTCAYNNWWN_eDBD ('BACH2 [bZIP]'; q-value = 0.000766) which is directly annotated,"frozenset({'hg38__refseq-r80__10kb_up_and_down_tss.mc9nr.genes_vs_motifs.rankings', 'activating', 'top50'})","[('CCND2', 0.0540412950399486), ('BACH2', 1.0), ('JUN', 0.1104115625268849), ('DUSP2', 0.0012791103844027), ('FOXP1', 0.1757018140064599)]",568
BACH2,transfac_pro__M04681,0.21037083106584778,3.614014731365562,0.000698,1.0,motif similar to taipale_cyt_meth__BACH2_NWWNNATGACGTCAYNNWWN_eDBD ('BACH2 [bZIP]'; q-value = 0.000698) which is directly annotated,"frozenset({'hg38__refseq-r80__10kb_up_and_down_tss.mc9nr.genes_vs_motifs.rankings', 'activating', 'top50'})","[('BACH2', 1.0), ('ARL4C', 0.0074630932358539), ('JUN', 0.1104115625268849), ('CCND2', 0.0540412950399486), ('FOXP1', 0.1757018140064599)]",347
BACH2,taipale_cyt_meth__CREB1_NRTGACGTCAYN_FL,0.22319832076498483,3.9314432230108762,0.000611,1.0,motif similar to taipale_cyt_meth__BACH2_NWWNNATGACGTCAYNNWWN_eDBD ('BACH2 [bZIP]'; q-value = 0.000611) which is directly annotated,"frozenset({'hg38__refseq-r80__10kb_up_and_down_tss.mc9nr.genes_vs_motifs.rankings', 'activating', 'top50'})","[('CCND2', 0.0540412950399486), ('FOXP1', 0.1757018140064599), ('ARL4C', 0.0074630932358539), ('BACH2', 1.0)]",338
BACH2,taipale_cyt_meth__ATF3_NRTGAYGTCAYN_eDBD,0.18945813573816372,3.096510099531685,0.000606,1.0,motif similar to taipale_cyt_meth__BACH2_NWWNNATGACGTCAYNNWWN_eDBD ('BACH2 [bZIP]'; q-value = 0.000606) which is directly annotated,"frozenset({'hg38__refseq-r80__10kb_up_and_down_tss.mc9nr.genes_vs_motifs.rankings', 'activating', 'top50'})","[('JUN', 0.1104115625268849), ('CCND2', 0.0540412950399486), ('ARL4C', 0.0074630932358539), ('BACH2', 1.0)]",207
BACH2,taipale__CREB3_full_NNRTGACGTCAYCN,0.21200342066391978,3.6544147212113294,0.000538,1.0,motif similar to taipale_cyt_meth__BACH2_NWWNNATGACGTCAYNNWWN_eDBD ('BACH2 [bZIP]'; q-value = 0.000538) which is directly annotated,"frozenset({'hg38__refseq-r80__10kb_up_and_down_tss.mc9nr.genes_vs_motifs.rankings', 'activating', 'top50'})","[('FOXP1', 0.1757018140064599), ('JUN', 0.1104115625268849), ('CCND2', 0.0540412950399486), ('DUSP2', 0.0012791103844027), ('CD247', 0.0031057641239502)]",606
BACH2,cisbp__M5323,0.2085438855632434,3.568805218919108,0.000531,1.0,motif similar to taipale_cyt_meth__BACH2_NWWNNATGACGTCAYNNWWN_eDBD ('BACH2 [bZIP]'; q-value = 0.000531) which is directly annotated,"frozenset({'hg38__refseq-r80__10kb_up_and_down_tss.mc9nr.genes_vs_motifs.rankings', 'activating', 'top50'})","[('BACH2', 1.0), ('ARL4C', 0.0074630932358539), ('CCND2', 0.0540412950399486), ('FOXP1', 0.1757018140064599), ('JUN', 0.1104115625268849)]",518
BACH2,taipale_cyt_meth__JDP2_NRTGAYGTCAYN_FL_meth,0.1890305527481925,3.085929149810175,0.000505,1.0,motif similar to taipale_cyt_meth__BACH2_NWWNNATGACGTCAYNNWWN_eDBD ('BACH2 [bZIP]'; q-value = 0.000505) which is directly annotated,"frozenset({'hg38__refseq-r80__10kb_up_and_down_tss.mc9nr.genes_vs_motifs.rankings', 'activating', 'top50'})","[('CCND2', 0.0540412950399486), ('ARL4C', 0.0074630932358539), ('BACH2', 1.0), ('FOXP1', 0.1757018140064599), ('JUN', 0.1104115625268849)]",542
BACH2,hocomoco__CREB5_HUMAN.H11MO.0.D,0.21169245121666797,3.6467194850502302,0.000495,0.075525,motif similar to transfac_pro__M07677 ('I$CNC_03: Cnc'; q-value = 0.000495) which is annotated for orthologous gene FBgn0262975 in D. melanogaster (identity = 7%),"frozenset({'hg38__refseq-r80__10kb_up_and_down_tss.mc9nr.genes_vs_motifs.rankings', 'activating', 'top50'})","[('CCND2', 0.0540412950399486), ('ARL4C', 0.0074630932358539), ('FOXP1', 0.1757018140064599), ('JUN', 0.1104115625268849), ('BACH2', 1.0)]",429
BACH2,transfac_pro__M08941,0.20282982196999144,3.4274052544589217,0.000483,0.075525,motif similar to transfac_pro__M07677 ('I$CNC_03: Cnc'; q-value = 0.000483) which is annotated for orthologous gene FBgn0262975 in D. melanogaster (identity = 7%),"frozenset({'hg38__refseq-r80__10kb_up_and_down_tss.mc9nr.genes_vs_motifs.rankings', 'activating', 'top50'})","[('DUSP2', 0.0012791103844027), ('JUN', 0.1104115625268849), ('BACH2', 1.0), ('FOXP1', 0.1757018140064599), ('CD247', 0.0031057641239502), ('CCND2', 0.0540412950399486), ('ARL4C', 0.0074630932358539), ('CBLB', 0.0091713371360044)]",2351
BACH2,hocomoco__ATF7_HUMAN.H11MO.0.D,0.22914561144367565,4.078614614591886,0.000475,0.075525,motif similar to transfac_pro__M07677 ('I$CNC_03: Cnc'; q-value = 0.000475) which is annotated for orthologous gene FBgn0262975 in D. melanogaster (identity = 7%),"frozenset({'hg38__refseq-r80__10kb_up_and_down_tss.mc9nr.genes_vs_motifs.rankings', 'activating', 'top50'})","[('JUNB', 0.0113053327209633), ('CCND2', 0.0540412950399486), ('FOXP1', 0.1757018140064599), ('BACH2', 1.0)]",267
BACH2,taipale_cyt_meth__BATF3_NRTGAYGTCAYN_eDBD,0.21281971546295578,3.6746147161342133,0.000421,1.0,motif similar to taipale_cyt_meth__BACH2_NWWNNATGACGTCAYNNWWN_eDBD ('BACH2 [bZIP]'; q-value = 0.000421) which is directly annotated,"frozenset({'hg38__refseq-r80__10kb_up_and_down_tss.mc9nr.genes_vs_motifs.rankings', 'activating', 'top50'})","[('CCND2', 0.0540412950399486), ('BACH2', 1.0), ('FOXP1', 0.1757018140064599), ('ARL4C', 0.0074630932358539)]",394
BACH2,taipale_cyt_meth__BATF3_NRTGAYGTCAYN_FL,0.20508435046256707,3.4831957166268865,0.000411,1.0,motif similar to taipale_cyt_meth__BACH2_NWWNNATGACGTCAYNNWWN_eDBD ('BACH2 [bZIP]'; q-value = 0.000411) which is directly annotated,"frozenset({'hg38__refseq-r80__10kb_up_and_down_tss.mc9nr.genes_vs_motifs.rankings', 'activating', 'top50'})","[('CCND2', 0.0540412950399486), ('BACH2', 1.0), ('ARL4C', 0.0074630932358539), ('FOXP1', 0.1757018140064599), ('JUN', 0.1104115625268849), ('DUSP2', 0.0012791103844027)]",1028
BACH2,transfac_pro__M07572,0.1988649615175309,3.329290993404916,0.000382,1.0,motif similar to taipale_cyt_meth__BACH2_NWWNNATGACGTCAYNNWWN_eDBD ('BACH2 [bZIP]'; q-value = 0.000382) which is directly annotated,"frozenset({'hg38__refseq-r80__10kb_up_and_down_tss.mc9nr.genes_vs_motifs.rankings', 'activating', 'top50'})","[('FOXP1', 0.1757018140064599), ('CNOT2', 0.0590786295802273), ('CCND2', 0.0540412950399486), ('BACH2', 1.0)]",286
BACH2,stark__TGACGTCAT,0.20380160149265333,3.451452867462355,0.000369,1.0,gene is annotated for similar motif taipale_cyt_meth__BACH2_NWWNNATGACGTCAYNNWWN_eDBD ('BACH2 [bZIP]'; q-value = 0.000369),"frozenset({'hg38__refseq-r80__10kb_up_and_down_tss.mc9nr.genes_vs_motifs.rankings', 'activating', 'top50'})","[('JUNB', 0.0113053327209633), ('FOXP1', 0.1757018140064599), ('CCND2', 0.0540412950399486), ('JUN', 0.1104115625268849), ('BACH2', 1.0)]",772
BACH2,transfac_pro__M07682,0.21437456269921482,3.713090896939706,0.000355,1.0,motif similar to taipale_cyt_meth__BACH2_NWWNNATGACGTCAYNNWWN_eDBD ('BACH2 [bZIP]'; q-value = 0.000355) which is directly annotated,"frozenset({'hg38__refseq-r80__10kb_up_and_down_tss.mc9nr.genes_vs_motifs.rankings', 'activating', 'top50'})","[('IL7R', 0.1615479805333774), ('BIN2', 0.0138144163030619), ('CCND2', 0.0540412950399486), ('FOXP1', 0.1757018140064599), ('JUNB', 0.0113053327209633)]",538
BACH2,hocomoco__JDP2_HUMAN.H11MO.0.D,0.21511311513643785,3.731367082822315,0.000303,1.0,motif similar to taipale_cyt_meth__BACH2_NWWNNATGACGTCAYNNWWN_eDBD ('BACH2 [bZIP]'; q-value = 0.000303) which is directly annotated,"frozenset({'hg38__refseq-r80__10kb_up_and_down_tss.mc9nr.genes_vs_motifs.rankings', 'activating', 'top50'})","[('DUSP2', 0.0012791103844027), ('CD69', 0.0323701802850059), ('FOXP1', 0.1757018140064599), ('BACH2', 1.0), ('JUNB', 0.0113053327209633)]",808
BACH2,taipale_cyt_meth__ATF2_NRTGAYGTMAYN_FL,0.22685221177019357,4.021862247903784,0.000293,1.0,motif similar to taipale_cyt_meth__BACH2_NWWNNATGACGTCAYNNWWN_eDBD ('BACH2 [bZIP]'; q-value = 0.000293) which is directly annotated,"frozenset({'hg38__refseq-r80__10kb_up_and_down_tss.mc9nr.genes_vs_motifs.rankings', 'activating', 'top50'})","[('BACH2', 1.0), ('ARL4C', 0.0074630932358539), ('FOXP1', 0.1757018140064599), ('JUN', 0.1104115625268849), ('CCND2', 0.0540412950399486)]",520
BACH2,transfac_pro__M08927,0.206794682422452,3.525519515512929,0.000247,1.0,motif similar to taipale_cyt_meth__BACH2_NWWNNATGACGTCAYNNWWN_eDBD ('BACH2 [bZIP]'; q-value = 0.000247) which is directly annotated,"frozenset({'hg38__refseq-r80__10kb_up_and_down_tss.mc9nr.genes_vs_motifs.rankings', 'activating', 'top50'})","[('CCND2', 0.0540412950399486), ('JUN', 0.1104115625268849), ('ARL4C', 0.0074630932358539), ('FOXP1', 0.1757018140064599)]",199
BACH2,jaspar__MA0967.1,0.18650392598927154,3.023405356001249,0.00019,0.128419,gene is orthologous to FBgn0262975 in D. melanogaster (identity = 12%) which is annotated for similar motif transfac_pro__M07677 ('I$CNC_03: Cnc'; q-value = 0.00019),"frozenset({'hg38__refseq-r80__10kb_up_and_down_tss.mc9nr.genes_vs_motifs.rankings', 'activating', 'top50'})","[('FOXP1', 0.1757018140064599), ('BACH2', 1.0), ('CCND2', 0.0540412950399486), ('ARL4C', 0.0074630932358539), ('DUSP2', 0.0012791103844027), ('JUN', 0.1104115625268849)]",738
BACH2,transfac_pro__M08915,0.2030630490554303,3.433176681579746,0.000163,1.0,motif similar to taipale_cyt_meth__BACH2_NWWNNATGACGTCAYNNWWN_eDBD ('BACH2 [bZIP]'; q-value = 0.000163) which is directly annotated,"frozenset({'hg38__refseq-r80__10kb_up_and_down_tss.mc9nr.genes_vs_motifs.rankings', 'activating', 'top50'})","[('JUN', 0.1104115625268849), ('ARL4C', 0.0074630932358539), ('BACH2', 1.0), ('FOXP1', 0.1757018140064599), ('CCND2', 0.0540412950399486)]",552
BACH2,transfac_pro__M09524,0.2004586799346964,3.3687290787305453,0.000149,0.075525,motif similar to transfac_pro__M07677 ('I$CNC_03: Cnc'; q-value = 0.000149) which is annotated for orthologous gene FBgn0262975 in D. melanogaster (identity = 7%),"frozenset({'hg38__refseq-r80__10kb_up_and_down_tss.mc9nr.genes_vs_motifs.rankings', 'activating', 'top50'})","[('FOXP1', 0.1757018140064599), ('BACH2', 1.0), ('CCND2', 0.0540412950399486), ('ARL4C', 0.0074630932358539), ('PASK', 0.0074279648062531)]",768
BACH2,taipale_cyt_meth__CREM_NRTGACGTCAYN_eDBD,0.22389800202130142,3.9487575043733485,0.000115,1.0,motif similar to taipale_cyt_meth__BACH2_NWWNNATGACGTCAYNNWWN_eDBD ('BACH2 [bZIP]'; q-value = 0.000115) which is directly annotated,"frozenset({'hg38__refseq-r80__10kb_up_and_down_tss.mc9nr.genes_vs_motifs.rankings', 'activating', 'top50'})","[('ARL4C', 0.0074630932358539), ('JUN', 0.1104115625268849), ('BACH2', 1.0), ('CCND2', 0.0540412950399486), ('FOXP1', 0.1757018140064599)]",287
BACH2,taipale_cyt_meth__ATF2_NRTGAYGTCAYN_eDBD,0.22836818782554613,4.059376524189139,0.000115,1.0,motif similar to taipale_cyt_meth__BACH2_NWWNNATGACGTCAYNNWWN_eDBD ('BACH2 [bZIP]'; q-value = 0.000115) which is directly annotated,"frozenset({'hg38__refseq-r80__10kb_up_and_down_tss.mc9nr.genes_vs_motifs.rankings', 'activating', 'top50'})","[('CCND2', 0.0540412950399486), ('BACH2', 1.0), ('JUN', 0.1104115625268849), ('FOXP1', 0.1757018140064599), ('ARL4C', 0.0074630932358539)]",448
BACH2,taipale_cyt_meth__JDP2_NRTGAYGTCAYN_eDBD,0.197893181994869,3.3052433804014822,7.8e-05,1.0,motif similar to taipale_cyt_meth__BACH2_NWWNNATGACGTCAYNNWWN_eDBD ('BACH2 [bZIP]'; q-value = 7.79e-05) which is directly annotated,"frozenset({'hg38__refseq-r80__10kb_up_and_down_tss.mc9nr.genes_vs_motifs.rankings', 'activating', 'top50'})","[('ARL4C', 0.0074630932358539), ('CCND2', 0.0540412950399486), ('BACH2', 1.0), ('FOXP1', 0.1757018140064599), ('JUN', 0.1104115625268849)]",469
BACH2,swissregulon__sacCer__GCN4,0.19311202674337247,3.1869291244245925,7.7e-05,1.0,"motif similar to cisbp__M2980 ('BACH2[gene ID: ""ENSG00000112182"" species: ""Homo sapiens"" TF status: ""direct"" TF family: ""bZIP"" DBDs: ""bZIP_1""]; Bach1[gene ID: ""ENSMUSG00000025612"" species: ""Mus musculus"" TF status: ""inferred"" TF family: ""bZIP"" DBDs: ""bZIP_1""]; Bach2[gene ID: ""ENSMUSG00000040270"" species: ""Mus musculus"" TF status: ""inferred"" TF family: ""bZIP"" DBDs: ""bZIP_1""]'; q-value = 7.71e-05) which is directly annotated","frozenset({'hg38__refseq-r80__10kb_up_and_down_tss.mc9nr.genes_vs_motifs.rankings', 'activating', 'top50'})","[('FOXP1', 0.1757018140064599), ('CBLB', 0.0091713371360044), ('JUNB', 0.0113053327209633), ('CNOT2', 0.0590786295802273), ('BACH2', 1.0), ('JUN', 0.1104115625268849), ('CCND2', 0.0540412950399486)]",1414
BACH2,taipale_cyt_meth__JUND_NRTGACGTCATN_eDBD,0.21818393842804945,3.807357539913162,6.6e-05,1.0,motif similar to taipale_cyt_meth__BACH2_NWWNNATGACGTCAYNNWWN_eDBD ('BACH2 [bZIP]'; q-value = 6.55e-05) which is directly annotated,"frozenset({'hg38__refseq-r80__10kb_up_and_down_tss.mc9nr.genes_vs_motifs.rankings', 'activating', 'top50'})","[('BACH2', 1.0), ('CCND2', 0.0540412950399486), ('ARL4C', 0.0074630932358539), ('FOXP1', 0.1757018140064599), ('JUN', 0.1104115625268849), ('DUSP2', 0.0012791103844027)]",906
BACH2,taipale_cyt_meth__XBP1_NRTGACGTCAYN_FL,0.22591930342843816,3.9987765394204886,6.3e-05,1.0,motif similar to taipale_cyt_meth__BACH2_NWWNNATGACGTCAYNNWWN_eDBD ('BACH2 [bZIP]'; q-value = 6.33e-05) which is directly annotated,"frozenset({'hg38__refseq-r80__10kb_up_and_down_tss.mc9nr.genes_vs_motifs.rankings', 'activating', 'top50'})","[('JUNB', 0.0113053327209633), ('JUN', 0.1104115625268849), ('FOXP1', 0.1757018140064599)]",151
BACH2,taipale_cyt_meth__JDP2_NRTGAYGTCAYN_FL,0.2146855321464666,3.7207861331008036,4.2e-05,1.0,motif similar to taipale_cyt_meth__BACH2_NWWNNATGACGTCAYNNWWN_eDBD ('BACH2 [bZIP]'; q-value = 4.2e-05) which is directly annotated,"frozenset({'hg38__refseq-r80__10kb_up_and_down_tss.mc9nr.genes_vs_motifs.rankings', 'activating', 'top50'})","[('DUSP2', 0.0012791103844027), ('ARL4C', 0.0074630932358539), ('FOXP1', 0.1757018140064599), ('JUNB', 0.0113053327209633), ('CBLB', 0.0091713371360044), ('IL7R', 0.1615479805333774)]",1434
BACH2,taipale_cyt_meth__CREB5_NRTGAYGTCAYN_eDBD,0.23423773614242402,4.204624106729875,3.5e-05,1.0,motif similar to taipale_cyt_meth__BACH2_NWWNNATGACGTCAYNNWWN_eDBD ('BACH2 [bZIP]'; q-value = 3.49e-05) which is directly annotated,"frozenset({'hg38__refseq-r80__10kb_up_and_down_tss.mc9nr.genes_vs_motifs.rankings', 'activating', 'top50'})","[('BACH2', 1.0), ('CCND2', 0.0540412950399486), ('ARL4C', 0.0074630932358539), ('FOXP1', 0.1757018140064599)]",400
BCL6,cisbp__M1955,0.10172208812191519,3.027073749831026,0.000417,0.946252,"motif similar to cisbp__M2265 ('Bcl6[gene ID: ""ENSMUSG00000022508"" species: ""Mus musculus"" TF status: ""direct"" TF family: ""C2H2 ZF"" DBDs: ""zf-C2H2""]'; q-value = 0.000417) which is annotated for orthologous gene ENSMUSG00000022508 in M. musculus (identity = 94%)","frozenset({'hg38__refseq-r80__10kb_up_and_down_tss.mc9nr.genes_vs_motifs.rankings', 'activating', 'top50'})","[('FYN', 0.102487350496526), ('AQP9', 1.4747119061941765), ('CD44', 0.0476712947552064), ('BCL6', 1.0), ('CD8A', 0.043723401762373), ('IL1B', 0.0145613367543412), ('RORA', 0.0509527297337692), ('MYC', 0.0262516884707862), ('LYN', 0.0130527737209544), ('THBS1', 0.0468190449093275)]",1385
EGR1,transfac_pro__M08806,0.10840141078588009,3.776745973516471,0.000925,1.0,"gene is annotated for similar motif taipale_cyt_meth__EGR1_NMCGCCCACGCMN_eDBD_meth ('EGR1 [Znf_C2H2, CpG-meth]'; q-value = 0.000925)","frozenset({'hg38__refseq-r80__10kb_up_and_down_tss.mc9nr.genes_vs_motifs.rankings', 'activating', 'top50'})","[('LEF1', 1.0975754021831252), ('FOSB', 18.90606244903381), ('EGR3', 8.730324747826867), ('FOXO1', 0.4362193078869766), ('DUSP2', 2.3562180066975578), ('MYC', 2.9881827857725174), ('FAM65B', 0.6576671187253511), ('JUNB', 2.173308663675324), ('GAPDH', 0.8306613012347563)]",1140
EGR1,transfac_pro__M03893,0.09687094926596931,3.2203291656025925,1e-06,1.0,"gene is annotated for similar motif dbcorrdb__EGR1__ENCSR000BJA_1__m1 ('EGR1 (ENCSR000BJA-1, motif 1)'; q-value = 1.05e-06)","frozenset({'hg38__refseq-r80__10kb_up_and_down_tss.mc9nr.genes_vs_motifs.rankings', 'activating', 'top50'})","[('JUNB', 2.173308663675324), ('LEF1', 1.0975754021831252), ('STAT4', 0.5743993105885288), ('EGR3', 8.730324747826867), ('GZMK', 0.535217193435063), ('FAM65B', 0.6576671187253511)]",744
EGR1,cisbp__M0419,0.09411268200042203,3.087225537042802,0.0,0.930582,motif is annotated for orthologous gene ENSMUSG00000038418 in M. musculus (identity = 93%),"frozenset({'hg38__refseq-r80__10kb_up_and_down_tss.mc9nr.genes_vs_motifs.rankings', 'activating', 'top50'})","[('MYC', 2.9881827857725174), ('PCNA', 0.8379554444647237), ('LEF1', 1.0975754021831252)]",34
EGR1,hocomoco__EGR1_HUMAN.H11MO.0.A,0.10571850601392699,3.6472790561195163,0.0,1.0,gene is directly annotated,"frozenset({'hg38__refseq-r80__10kb_up_and_down_tss.mc9nr.genes_vs_motifs.rankings', 'activating', 'top50'})","[('EGR1', 1.0), ('EGR3', 8.730324747826867), ('FAM65B', 0.6576671187253511), ('JUNB', 2.173308663675324), ('LEF1', 1.0975754021831252), ('FOSB', 18.90606244903381), ('CCL3', 2.17878812734854), ('GZMK', 0.535217193435063), ('IL18', 0.776319419496825), ('LCK', 0.6449202551447912), ('IL23R', 1.2314048189956697), ('TRAT1', 0.7263520244398419), ('CBLB', 1.2950753777777932), ('ARG1', 1.0583120015012175), ('FTH1', 1.521930067999667), ('IL1B', 1.881580420838589), ('POU2AF1', 0.347343948896449), ('FOXO1', 0.4362193078869766)]",3414
EGR1,cisbp__M6535,0.09937298405329635,3.341067976208741,0.0,1.0,"gene is annotated for similar motif cisbp__M1971 ('EGR1[gene ID: ""ENSG00000120738"" species: ""Homo sapiens"" TF status: ""direct"" TF family: ""C2H2 ZF"" DBDs: ""zf-C2H2""]; Egr4[gene ID: ""ENSMUSG00000071341"" species: ""Mus musculus"" TF status: ""inferred"" TF family: ""C2H2 ZF"" DBDs: ""zf-C2H2""]'; q-value = 6.29e-08)","frozenset({'hg38__refseq-r80__10kb_up_and_down_tss.mc9nr.genes_vs_motifs.rankings', 'activating', 'top50'})","[('PCNA', 0.8379554444647237), ('GAPDH', 0.8306613012347563), ('MYC', 2.9881827857725174), ('MCM4', 1.3175119857718676), ('JUNB', 2.173308663675324), ('EGR3', 8.730324747826867), ('LEF1', 1.0975754021831252), ('CXCL2', 3.8430154438589743)]",594
EGR1,hocomoco__EGR2_HUMAN.H11MO.1.A,0.10617068097549212,3.6690993230965314,0.0,1.0,gene is annotated for similar motif hocomoco__EGR1_HUMAN.H11MO.0.A ('EGR1_HUMAN'; q-value = 1.13e-11),"frozenset({'hg38__refseq-r80__10kb_up_and_down_tss.mc9nr.genes_vs_motifs.rankings', 'activating', 'top50'})","[('JUNB', 2.173308663675324), ('DUSP1', 2.1073129301721534), ('CD44', 0.6224708509888576), ('FTH1', 1.521930067999667), ('FAM65B', 0.6576671187253511)]",317
EGR1,transfac_pro__M07354,0.09640370180568535,3.1977815563930103,0.0,1.0,gene is directly annotated,"frozenset({'hg38__refseq-r80__10kb_up_and_down_tss.mc9nr.genes_vs_motifs.rankings', 'activating', 'top50'})","[('LEF1', 1.0975754021831252), ('EGR3', 8.730324747826867), ('EGR1', 1.0), ('GAPDH', 0.8306613012347563), ('MCM4', 1.3175119857718676), ('MYC', 2.9881827857725174), ('PCNA', 0.8379554444647237), ('IL18', 0.776319419496825), ('DUSP2', 2.3562180066975578)]",1313
EGR1,hocomoco__EGR2_MOUSE.H11MO.0.A,0.09712718174418955,3.232693983556234,0.0,1.0,gene is annotated for similar motif hocomoco__EGR1_HUMAN.H11MO.0.A ('EGR1_HUMAN'; q-value = 5.66e-11),"frozenset({'hg38__refseq-r80__10kb_up_and_down_tss.mc9nr.genes_vs_motifs.rankings', 'activating', 'top50'})","[('JUNB', 2.173308663675324), ('POU2AF1', 0.347343948896449), ('IL18', 0.776319419496825), ('FOSB', 18.90606244903381), ('DUSP1', 2.1073129301721534), ('DUSP2', 2.3562180066975578), ('IL23R', 1.2314048189956697)]",508
EGR1,cisbp__M0414,0.103397341211226,3.5352683523041737,0.0,1.0,"gene is annotated for similar motif taipale_cyt_meth__EGR1_NMCGCCCACGCMN_eDBD_meth ('EGR1 [Znf_C2H2, CpG-meth]'; q-value = 2.26e-09)","frozenset({'hg38__refseq-r80__10kb_up_and_down_tss.mc9nr.genes_vs_motifs.rankings', 'activating', 'top50'})","[('DUSP2', 2.3562180066975578), ('S100A12', 3.361553386438753), ('STAT4', 0.5743993105885288), ('JUN', 5.808435732629597), ('CXCL2', 3.8430154438589743), ('FAM65B', 0.6576671187253511), ('TNF', 8.823503964494856), ('CD69', 1.3979563929987362), ('FOXO1', 0.4362193078869766)]",1399
EGR1,transfac_pro__M01873,0.10205588882524945,3.470534893605696,0.0,1.0,gene is directly annotated,"frozenset({'hg38__refseq-r80__10kb_up_and_down_tss.mc9nr.genes_vs_motifs.rankings', 'activating', 'top50'})","[('LEF1', 1.0975754021831252), ('EGR1', 1.0), ('EGR3', 8.730324747826867), ('FOXO1', 0.4362193078869766), ('FOSB', 18.90606244903381), ('DUSP2', 2.3562180066975578), ('JUNB', 2.173308663675324), ('FAM65B', 0.6576671187253511), ('MYC', 2.9881827857725174), ('CBLB', 1.2950753777777932), ('JUN', 5.808435732629597)]",2000
FOSB,transfac_pro__M00916,0.09418020679468242,3.150164447017678,0.000881,1.0,motif similar to taipale_cyt_meth__FOSB_NRTGACGTCAYN_eDBD ('FOSB [bZIP]'; q-value = 0.000881) which is directly annotated,"frozenset({'hg38__refseq-r80__10kb_up_and_down_tss.mc9nr.genes_vs_motifs.rankings', 'activating', 'top50'})","[('CCL2', 5.6957685359424), ('ICAM1', 9.400180041862368), ('CD86', 3.229040663884038), ('JUNB', 7.262425913075174), ('TIAF1', 5.388393845593567), ('S100A12', 9.945981249902886), ('DUSP2', 8.291331558558932), ('CD69', 9.004603954855249), ('CD4', 3.3067720573230344), ('IER3', 10.222137171542794), ('LAT2', 5.012636520097989), ('CD63', 6.0767644802776), ('HLA-DRA', 6.040937837947307), ('CD74', 3.4585979116769776), ('LYN', 5.410831017612816), ('LGALS1', 3.0356563550818567), ('TLR2', 6.994248116872449), ('CXCL16', 7.162713069685784)]",2950
FOSB,transfac_pro__M00917,0.0940029542097489,3.141721242047998,0.000852,1.0,motif similar to transfac_pro__M08937 ('V$JUNFOSB_02: C-JUN:FOSB'; q-value = 0.000852) which is directly annotated,"frozenset({'hg38__refseq-r80__10kb_up_and_down_tss.mc9nr.genes_vs_motifs.rankings', 'activating', 'top50'})","[('EGR3', 7.797866617347223), ('DUSP1', 6.838265272388113), ('ANXA5', 9.639873542898442), ('DUSP2', 8.291331558558932), ('RGS1', 27.632088686800262)]",268
FOSB,cisbp__M0341,0.0915805022156573,3.0263307741290277,0.000788,1.0,gene is annotated for similar motif transfac_pro__M08937 ('V$JUNFOSB_02: C-JUN:FOSB'; q-value = 0.000788),"frozenset({'hg38__refseq-r80__10kb_up_and_down_tss.mc9nr.genes_vs_motifs.rankings', 'activating', 'top50'})","[('ICAM1', 9.400180041862368), ('CD69', 9.004603954855249), ('CD86', 3.229040663884038), ('RGS1', 27.632088686800262), ('CD4', 3.3067720573230344), ('S100A9', 11.461342559543429), ('IL23R', 10.513994671780292), ('PTPRC', 11.47446315455502), ('LEF1', 6.313594303887207), ('S100A12', 9.945981249902886)]",1745
FOSB,taipale_cyt_meth__CREB1_NRTGACGTCAYN_FL,0.10423929098966027,3.6293163290470587,0.000632,1.0,motif similar to taipale_cyt_meth__FOSB_NRTGACGTCAYN_eDBD ('FOSB [bZIP]'; q-value = 0.000632) which is directly annotated,"frozenset({'hg38__refseq-r80__10kb_up_and_down_tss.mc9nr.genes_vs_motifs.rankings', 'activating', 'top50'})","[('LEF1', 6.313594303887207), ('FOSB', 1.0), ('EGR3', 7.797866617347223), ('DUSP2', 8.291331558558932), ('LGALS1', 3.0356563550818567), ('CD4', 3.3067720573230344), ('CXCR4', 26.262316827299703), ('JUNB', 7.262425913075174), ('GAPDH', 5.4259366538276375)]",1140
FOSB,dbcorrdb__RCOR1__ENCSR000EFG_1__m1,0.09775480059084195,3.3204357472395727,0.000591,1.0,"motif similar to swissregulon__hs__FOS_FOS_B_L1__JUN_B_D_.p2 ('hs__FOS_FOS{B,L1}_JUN{B,D}.p2'; q-value = 0.000591) which is directly annotated","frozenset({'hg38__refseq-r80__10kb_up_and_down_tss.mc9nr.genes_vs_motifs.rankings', 'activating', 'top50'})","[('BTG1', 31.793865306776624), ('PIK3IP1', 6.120108812702725), ('CD86', 3.229040663884038), ('EGR1', 10.462417157673617)]",48
FOSB,transfac_pro__M07312,0.10530280649926145,3.679975558865143,0.000574,1.0,gene is annotated for similar motif taipale_cyt_meth__FOSB_NRTGACGTCAYN_eDBD ('FOSB [bZIP]'; q-value = 0.000574),"frozenset({'hg38__refseq-r80__10kb_up_and_down_tss.mc9nr.genes_vs_motifs.rankings', 'activating', 'top50'})","[('EGR1', 10.462417157673617), ('IER3', 10.222137171542794), ('NAMPT', 12.122625536821214), ('BTG1', 31.793865306776624), ('JUNB', 7.262425913075174), ('EGR3', 7.797866617347223)]",428
FOSB,cisbp__M0269,0.11194977843426883,3.996595745228169,0.000456,1.0,gene is annotated for similar motif transfac_pro__M08937 ('V$JUNFOSB_02: C-JUN:FOSB'; q-value = 0.000456),"frozenset({'hg38__refseq-r80__10kb_up_and_down_tss.mc9nr.genes_vs_motifs.rankings', 'activating', 'top50'})","[('CCL2', 5.6957685359424), ('CD86', 3.229040663884038), ('ICAM1', 9.400180041862368), ('DUSP2', 8.291331558558932), ('S100A12', 9.945981249902886), ('CD63', 6.0767644802776), ('TIAF1', 5.388393845593567), ('PDIA6', 3.370532073499744), ('CD69', 9.004603954855249)]",1259
FOSB,transfac_public__M00039,0.09915805022156574,3.3872777865828785,0.000403,1.0,gene is annotated for similar motif transfac_pro__M08937 ('V$JUNFOSB_02: C-JUN:FOSB'; q-value = 0.000403),"frozenset({'hg38__refseq-r80__10kb_up_and_down_tss.mc9nr.genes_vs_motifs.rankings', 'activating', 'top50'})","[('LEF1', 6.313594303887207), ('CD63', 6.0767644802776), ('CD4', 3.3067720573230344), ('THBS1', 7.298722317894112), ('NAMPT', 12.122625536821214), ('PDIA6', 3.370532073499744), ('EGR3', 7.797866617347223)]",737
FOSB,transfac_pro__M08930,0.10292466765140325,3.5666958921885934,0.000393,1.0,gene is annotated for similar motif transfac_pro__M08937 ('V$JUNFOSB_02: C-JUN:FOSB'; q-value = 0.000393),"frozenset({'hg38__refseq-r80__10kb_up_and_down_tss.mc9nr.genes_vs_motifs.rankings', 'activating', 'top50'})","[('DUSP1', 6.838265272388113), ('BTG1', 31.793865306776624), ('JUN', 4.887521420388917), ('FOSB', 1.0), ('EGR3', 7.797866617347223), ('CXCL16', 7.162713069685784)]",319
FOSB,cisbp__M3083,0.09937961595273265,3.3978317927949795,0.000309,1.0,gene is annotated for similar motif transfac_pro__M08937 ('V$JUNFOSB_02: C-JUN:FOSB'; q-value = 0.000309),"frozenset({'hg38__refseq-r80__10kb_up_and_down_tss.mc9nr.genes_vs_motifs.rankings', 'activating', 'top50'})","[('EGR1', 10.462417157673617), ('EGR3', 7.797866617347223), ('JUNB', 7.262425913075174), ('LEF1', 6.313594303887207), ('THBS1', 7.298722317894112), ('FOSB', 1.0)]",512
FOSB,transfac_pro__M01186,0.09744460856720827,3.305660138542631,0.000161,1.0,motif similar to taipale_cyt_meth__FOSB_NRTGACGTCAYN_eDBD ('FOSB [bZIP]'; q-value = 0.000161) which is directly annotated,"frozenset({'hg38__refseq-r80__10kb_up_and_down_tss.mc9nr.genes_vs_motifs.rankings', 'activating', 'top50'})","[('CCL2', 5.6957685359424), ('JUNB', 7.262425913075174), ('S100A12', 9.945981249902886), ('ICAM1', 9.400180041862368), ('DUSP2', 8.291331558558932), ('CD4', 3.3067720573230344), ('IER3', 10.222137171542794), ('LYN', 5.410831017612816), ('RGS1', 27.632088686800262), ('EGR1', 10.462417157673617)]",1112
FOSB,taipale_cyt_meth__ATF2_NRTGAYGTMAYN_FL,0.10732644017725258,3.7763688156023307,0.000158,1.0,motif similar to taipale_cyt_meth__FOSB_NRTGACGTCAYN_eDBD ('FOSB [bZIP]'; q-value = 0.000158) which is directly annotated,"frozenset({'hg38__refseq-r80__10kb_up_and_down_tss.mc9nr.genes_vs_motifs.rankings', 'activating', 'top50'})","[('JUNB', 7.262425913075174), ('ANXA5', 9.639873542898442), ('IL18', 7.555072051771537), ('FOSB', 1.0), ('DUSP1', 6.838265272388113), ('DUSP2', 8.291331558558932), ('IL23R', 10.513994671780292), ('FTH1', 11.851478800579727), ('LYN', 5.410831017612816), ('IER3', 10.222137171542794), ('CLEC4E', 11.441883047908911), ('CD4', 3.3067720573230344), ('TIAF1', 5.388393845593567)]",2384
FOSB,cisbp__M0275,0.10028064992614476,3.440751418057523,0.000121,1.0,gene is annotated for similar motif transfac_pro__M08937 ('V$JUNFOSB_02: C-JUN:FOSB'; q-value = 0.000121),"frozenset({'hg38__refseq-r80__10kb_up_and_down_tss.mc9nr.genes_vs_motifs.rankings', 'activating', 'top50'})","[('DUSP1', 6.838265272388113), ('JUN', 4.887521420388917), ('FOSB', 1.0), ('BTG1', 31.793865306776624), ('TIAF1', 5.388393845593567), ('EGR3', 7.797866617347223), ('NAMPT', 12.122625536821214), ('CD4', 3.3067720573230344), ('S100A12', 9.945981249902886), ('CD63', 6.0767644802776), ('DUSP2', 8.291331558558932), ('LYN', 5.410831017612816)]",2457
FOSB,cisbp__M0303,0.09920236336779911,3.3893885878252985,0.000121,1.0,gene is annotated for similar motif transfac_pro__M08937 ('V$JUNFOSB_02: C-JUN:FOSB'; q-value = 0.000121),"frozenset({'hg38__refseq-r80__10kb_up_and_down_tss.mc9nr.genes_vs_motifs.rankings', 'activating', 'top50'})","[('LEF1', 6.313594303887207), ('CD4', 3.3067720573230344), ('THBS1', 7.298722317894112), ('CD63', 6.0767644802776), ('PIK3IP1', 6.120108812702725), ('EGR3', 7.797866617347223), ('NAMPT', 12.122625536821214)]",826
FOSB,taipale_cyt_meth__CREM_NRTGACGTCAYN_eDBD,0.10717872968980797,3.7693328114609304,0.000115,1.0,motif similar to taipale_cyt_meth__FOSB_NRTGACGTCAYN_eDBD ('FOSB [bZIP]'; q-value = 0.000115) which is directly annotated,"frozenset({'hg38__refseq-r80__10kb_up_and_down_tss.mc9nr.genes_vs_motifs.rankings', 'activating', 'top50'})","[('CCL2', 5.6957685359424), ('CD86', 3.229040663884038), ('TIAF1', 5.388393845593567), ('ICAM1', 9.400180041862368), ('CD69', 9.004603954855249), ('IER3', 10.222137171542794), ('CD63', 6.0767644802776), ('S100A12', 9.945981249902886), ('CD4', 3.3067720573230344), ('LAT2', 5.012636520097989), ('LYN', 5.410831017612816), ('JUNB', 7.262425913075174), ('DUSP2', 8.291331558558932), ('CD74', 3.4585979116769776)]",1562
FOSB,jaspar__MA1070.1,0.10719350073855244,3.77003641187507,0.000105,1.0,motif similar to taipale_cyt_meth__FOSB_NRTGACGTCAYN_eDBD ('FOSB [bZIP]'; q-value = 0.000105) which is directly annotated,"frozenset({'hg38__refseq-r80__10kb_up_and_down_tss.mc9nr.genes_vs_motifs.rankings', 'activating', 'top50'})","[('DUSP2', 8.291331558558932), ('ICAM1', 9.400180041862368), ('S100A12', 9.945981249902886), ('CCL2', 5.6957685359424), ('CD86', 3.229040663884038), ('JUN', 4.887521420388917), ('IER3', 10.222137171542794), ('CD4', 3.3067720573230344), ('LYN', 5.410831017612816), ('CD69', 9.004603954855249), ('CLEC4E', 11.441883047908911), ('FTH1', 11.851478800579727), ('CD63', 6.0767644802776), ('ITGAX', 5.7108571408860165), ('TLR2', 6.994248116872449), ('PDIA6', 3.370532073499744), ('EGR1', 10.462417157673617), ('EGR3', 7.797866617347223), ('LAT2', 5.012636520097989), ('JUNB', 7.262425913075174)]",4857
FOSB,cisbp__M0259,0.10703101920236337,3.7622968073195295,8.5e-05,1.0,motif similar to taipale_cyt_meth__FOSB_NRTGACGTCAYN_eDBD ('FOSB [bZIP]'; q-value = 8.51e-05) which is directly annotated,"frozenset({'hg38__refseq-r80__10kb_up_and_down_tss.mc9nr.genes_vs_motifs.rankings', 'activating', 'top50'})","[('LEF1', 6.313594303887207), ('EGR1', 10.462417157673617), ('EGR3', 7.797866617347223), ('CXCR4', 26.262316827299703), ('FOSB', 1.0)]",312
FOSB,dbcorrdb__JUN__ENCSR000EEK_1__m1,0.1353175775480059,5.109691600397743,7.6e-05,1.0,motif similar to taipale_cyt_meth__FOSB_NRTGACGTCAYN_eDBD ('FOSB [bZIP]'; q-value = 7.57e-05) which is directly annotated,"frozenset({'hg38__refseq-r80__10kb_up_and_down_tss.mc9nr.genes_vs_motifs.rankings', 'activating', 'top50'})","[('DUSP1', 6.838265272388113), ('JUN', 4.887521420388917), ('EGR3', 7.797866617347223), ('FOSB', 1.0), ('BTG1', 31.793865306776624)]",209
FOSB,transfac_pro__M09521,0.09870014771048745,3.3654661737445366,6.7e-05,1.0,gene is annotated for similar motif transfac_pro__M08937 ('V$JUNFOSB_02: C-JUN:FOSB'; q-value = 6.72e-05),"frozenset({'hg38__refseq-r80__10kb_up_and_down_tss.mc9nr.genes_vs_motifs.rankings', 'activating', 'top50'})","[('DUSP1', 6.838265272388113), ('BTG1', 31.793865306776624), ('DUSP2', 8.291331558558932), ('FOSB', 1.0), ('EGR3', 7.797866617347223), ('EGR1', 10.462417157673617), ('CXCL16', 7.162713069685784), ('JUN', 4.887521420388917), ('NAMPT', 12.122625536821214), ('CD4', 3.3067720573230344), ('JUNB', 7.262425913075174), ('LYN', 5.410831017612816), ('ANXA5', 9.639873542898442)]",1810
FOSB,transfac_pro__M07246,0.1040768094534712,3.621576724491518,6.6e-05,1.0,"motif similar to taipale_cyt_meth__FOSB_NRTGAYGTCAYN_eDBD_meth ('FOSB [bZIP, CpG-meth]'; q-value = 6.64e-05) which is directly annotated","frozenset({'hg38__refseq-r80__10kb_up_and_down_tss.mc9nr.genes_vs_motifs.rankings', 'activating', 'top50'})","[('DUSP2', 8.291331558558932), ('ICAM1', 9.400180041862368), ('CCL2', 5.6957685359424), ('S100A12', 9.945981249902886), ('CD86', 3.229040663884038), ('LAT2', 5.012636520097989), ('CD4', 3.3067720573230344), ('JUNB', 7.262425913075174), ('CD69', 9.004603954855249), ('CD74', 3.4585979116769776), ('IER3', 10.222137171542794), ('LYN', 5.410831017612816), ('EGR3', 7.797866617347223), ('HLA-A', 30.27134725382337), ('EGR1', 10.462417157673617)]",2019
FOSB,cisbp__M4571,0.10542097488921713,3.685604362178263,3.8e-05,1.0,motif similar to taipale_cyt_meth__FOSB_NRTGACGTCAYN_eDBD ('FOSB [bZIP]'; q-value = 3.78e-05) which is directly annotated,"frozenset({'hg38__refseq-r80__10kb_up_and_down_tss.mc9nr.genes_vs_motifs.rankings', 'activating', 'top50'})","[('ICAM1', 9.400180041862368), ('DUSP2', 8.291331558558932), ('S100A12', 9.945981249902886), ('CCL2', 5.6957685359424), ('CD86', 3.229040663884038), ('CD69', 9.004603954855249), ('IER3', 10.222137171542794), ('CD4', 3.3067720573230344), ('LAT2', 5.012636520097989), ('FTH1', 11.851478800579727), ('JUN', 4.887521420388917), ('LYN', 5.410831017612816), ('EGR1', 10.462417157673617), ('RGS1', 27.632088686800262), ('LGALS1', 3.0356563550818567), ('HLA-DRA', 6.040937837947307)]",3386
FOSB,taipale_cyt_meth__ATF2_NRTGAYGTMAYN_FL_meth,0.0931314623338257,3.1002088176137343,2.1e-05,1.0,motif similar to transfac_pro__M08937 ('V$JUNFOSB_02: C-JUN:FOSB'; q-value = 2.11e-05) which is directly annotated,"frozenset({'hg38__refseq-r80__10kb_up_and_down_tss.mc9nr.genes_vs_motifs.rankings', 'activating', 'top50'})","[('BTG1', 31.793865306776624), ('EGR3', 7.797866617347223), ('DUSP1', 6.838265272388113), ('FOSB', 1.0)]",61
FOSB,stark__TGACGTCAT,0.0941506646971935,3.1487572461893985,2e-05,1.0,gene is annotated for similar motif transfac_pro__M08937 ('V$JUNFOSB_02: C-JUN:FOSB'; q-value = 2.02e-05),"frozenset({'hg38__refseq-r80__10kb_up_and_down_tss.mc9nr.genes_vs_motifs.rankings', 'activating', 'top50'})","[('DUSP1', 6.838265272388113), ('FOSB', 1.0), ('BTG1', 31.793865306776624), ('EGR3', 7.797866617347223), ('NAMPT', 12.122625536821214), ('DUSP2', 8.291331558558932), ('JUN', 4.887521420388917)]",741
FOSB,taipale_cyt_meth__CREB5_NRTGAYGTCAYN_eDBD,0.10002954209748892,3.4287902110171418,5e-06,1.0,motif similar to taipale_cyt_meth__FOSB_NRTGACGTCAYN_eDBD ('FOSB [bZIP]'; q-value = 5.42e-06) which is directly annotated,"frozenset({'hg38__refseq-r80__10kb_up_and_down_tss.mc9nr.genes_vs_motifs.rankings', 'activating', 'top50'})","[('JUNB', 7.262425913075174), ('CXCR4', 26.262316827299703), ('ICAM1', 9.400180041862368), ('BTG1', 31.793865306776624), ('EGR3', 7.797866617347223), ('GAPDH', 5.4259366538276375), ('S100A9', 11.461342559543429), ('THBS1', 7.298722317894112), ('EGR1', 10.462417157673617)]",1121
FOSB,hocomoco__JUND_MOUSE.H11MO.0.A,0.10242245199409158,3.5427734781078315,4e-06,1.0,gene is annotated for similar motif hocomoco__FOSB_HUMAN.H11MO.0.A ('FOSB_HUMAN'; q-value = 3.64e-06),"frozenset({'hg38__refseq-r80__10kb_up_and_down_tss.mc9nr.genes_vs_motifs.rankings', 'activating', 'top50'})","[('TIAF1', 5.388393845593567), ('BTG1', 31.793865306776624), ('LEF1', 6.313594303887207), ('RGS1', 27.632088686800262), ('CCL2', 5.6957685359424), ('CD63', 6.0767644802776), ('TLR2', 6.994248116872449), ('LAP3', 3.939348244933031), ('GAPDH', 5.4259366538276375)]",1284
FOSB,jaspar__MA1069.1,0.09726735598227475,3.297216933572951,2e-06,1.0,gene is annotated for similar motif transfac_pro__M08937 ('V$JUNFOSB_02: C-JUN:FOSB'; q-value = 1.87e-06),"frozenset({'hg38__refseq-r80__10kb_up_and_down_tss.mc9nr.genes_vs_motifs.rankings', 'activating', 'top50'})","[('DUSP1', 6.838265272388113), ('EGR3', 7.797866617347223), ('EGR1', 10.462417157673617), ('CXCL16', 7.162713069685784), ('BTG1', 31.793865306776624), ('DUSP2', 8.291331558558932), ('FOSB', 1.0)]",821
FOSB,cisbp__M0309,0.09248153618906943,3.069250399391572,2e-06,1.0,motif similar to transfac_pro__M08937 ('V$JUNFOSB_02: C-JUN:FOSB'; q-value = 2.3e-06) which is directly annotated,"frozenset({'hg38__refseq-r80__10kb_up_and_down_tss.mc9nr.genes_vs_motifs.rankings', 'activating', 'top50'})","[('THBS1', 7.298722317894112), ('PTPRC', 11.47446315455502), ('XBP1', 3.121712743986308), ('ANXA5', 9.639873542898442), ('AQP9', 5.403789888920939), ('IL18', 7.555072051771537), ('BTG1', 31.793865306776624), ('PIK3IP1', 6.120108812702725)]",1021
FOSB,dbcorrdb__ATF1__ENCSR000DNZ_1__m1,0.10282127031019202,3.5617706892896126,1e-06,1.0,motif similar to taipale_cyt_meth__FOSB_NRTGACGTCAYN_eDBD ('FOSB [bZIP]'; q-value = 7.13e-07) which is directly annotated,"frozenset({'hg38__refseq-r80__10kb_up_and_down_tss.mc9nr.genes_vs_motifs.rankings', 'activating', 'top50'})","[('DUSP1', 6.838265272388113), ('ANXA5', 9.639873542898442), ('LYN', 5.410831017612816), ('DUSP2', 8.291331558558932), ('EGR3', 7.797866617347223), ('CD4', 3.3067720573230344), ('BTG1', 31.793865306776624)]",610
FOSB,transfac_pro__M08947,0.1172821270310192,4.250595494732731,1e-06,1.0,motif similar to transfac_pro__M08937 ('V$JUNFOSB_02: C-JUN:FOSB'; q-value = 1.18e-06) which is directly annotated,"frozenset({'hg38__refseq-r80__10kb_up_and_down_tss.mc9nr.genes_vs_motifs.rankings', 'activating', 'top50'})","[('DUSP1', 6.838265272388113), ('EGR1', 10.462417157673617), ('BTG1', 31.793865306776624), ('THBS1', 7.298722317894112), ('EGR3', 7.797866617347223), ('JUN', 4.887521420388917), ('DUSP2', 8.291331558558932), ('NAMPT', 12.122625536821214), ('TIAF1', 5.388393845593567), ('CXCL16', 7.162713069685784), ('S100A12', 9.945981249902886), ('FOSB', 1.0), ('CD69', 9.004603954855249), ('LYN', 5.410831017612816)]",2881
FOSB,cisbp__M5590,0.09465288035450517,3.1726796602701604,1e-06,1.0,gene is annotated for similar motif taipale_cyt_meth__FOSB_NRTGACGTCAYN_eDBD ('FOSB [bZIP]'; q-value = 5.33e-07),"frozenset({'hg38__refseq-r80__10kb_up_and_down_tss.mc9nr.genes_vs_motifs.rankings', 'activating', 'top50'})","[('JUNB', 7.262425913075174), ('EGR3', 7.797866617347223), ('LEF1', 6.313594303887207), ('FOSB', 1.0), ('GAPDH', 5.4259366538276375), ('CXCR4', 26.262316827299703), ('LGALS1', 3.0356563550818567), ('NAMPT', 12.122625536821214), ('EGR1', 10.462417157673617), ('CD4', 3.3067720573230344), ('DUSP2', 8.291331558558932), ('CD63', 6.0767644802776)]",2204
FOSB,cisbp__M6230,0.09299852289512556,3.093876413886474,1e-06,1.0,gene is annotated for similar motif hocomoco__FOSB_HUMAN.H11MO.0.A ('FOSB_HUMAN'; q-value = 7.54e-07),"frozenset({'hg38__refseq-r80__10kb_up_and_down_tss.mc9nr.genes_vs_motifs.rankings', 'activating', 'top50'})","[('ICAM1', 9.400180041862368), ('CCL2', 5.6957685359424), ('DUSP2', 8.291331558558932), ('CD86', 3.229040663884038), ('IER3', 10.222137171542794), ('CD69', 9.004603954855249), ('S100A12', 9.945981249902886)]",398
FOSB,dbcorrdb__ATF2__ENCSR000BQU_1__m1,0.10298375184638109,3.5695102938451533,1e-06,1.0,motif similar to taipale_cyt_meth__FOSB_NRTGACGTCAYN_eDBD ('FOSB [bZIP]'; q-value = 7.21e-07) which is directly annotated,"frozenset({'hg38__refseq-r80__10kb_up_and_down_tss.mc9nr.genes_vs_motifs.rankings', 'activating', 'top50'})","[('DUSP2', 8.291331558558932), ('EGR3', 7.797866617347223), ('CD86', 3.229040663884038), ('CD63', 6.0767644802776), ('CD4', 3.3067720573230344), ('ICAM1', 9.400180041862368), ('S100A12', 9.945981249902886), ('IER3', 10.222137171542794), ('EGR1', 10.462417157673617), ('LYN', 5.410831017612816), ('PIK3IP1', 6.120108812702725), ('RGS1', 27.632088686800262), ('JUNB', 7.262425913075174), ('LAT2', 5.012636520097989), ('JUN', 4.887521420388917), ('CD69', 9.004603954855249), ('LGALS1', 3.0356563550818567), ('GAPDH', 5.4259366538276375)]",3536
FOSB,cisbp__M0265,0.09961595273264402,3.4090893994212204,1e-06,1.0,gene is annotated for similar motif transfac_pro__M08937 ('V$JUNFOSB_02: C-JUN:FOSB'; q-value = 7.64e-07),"frozenset({'hg38__refseq-r80__10kb_up_and_down_tss.mc9nr.genes_vs_motifs.rankings', 'activating', 'top50'})","[('EGR1', 10.462417157673617), ('EGR3', 7.797866617347223), ('DUSP2', 8.291331558558932), ('FOSB', 1.0), ('TLR2', 6.994248116872449), ('IER3', 10.222137171542794), ('JUNB', 7.262425913075174), ('THBS1', 7.298722317894112), ('LEF1', 6.313594303887207)]",1154
FOSB,taipale_cyt_meth__ATF2_NRTGAYGTCAYN_eDBD,0.1041506646971935,3.625094726562218,1e-06,1.0,motif similar to taipale_cyt_meth__FOSB_NRTGACGTCAYN_eDBD ('FOSB [bZIP]'; q-value = 1.1e-06) which is directly annotated,"frozenset({'hg38__refseq-r80__10kb_up_and_down_tss.mc9nr.genes_vs_motifs.rankings', 'activating', 'top50'})","[('DUSP1', 6.838265272388113), ('JUN', 4.887521420388917), ('NAMPT', 12.122625536821214), ('AQP9', 5.403789888920939), ('FOSB', 1.0), ('CD4', 3.3067720573230344), ('DUSP2', 8.291331558558932)]",600
FOSB,taipale_cyt_meth__XBP1_NRTGACGTCAYN_FL,0.10199409158050221,3.5223690660977693,0.0,1.0,motif similar to taipale_cyt_meth__FOSB_NRTGACGTCAYN_eDBD ('FOSB [bZIP]'; q-value = 4.1e-07) which is directly annotated,"frozenset({'hg38__refseq-r80__10kb_up_and_down_tss.mc9nr.genes_vs_motifs.rankings', 'activating', 'top50'})","[('EGR1', 10.462417157673617), ('EGR3', 7.797866617347223), ('FOSB', 1.0), ('JUNB', 7.262425913075174), ('TLR2', 6.994248116872449), ('LEF1', 6.313594303887207), ('DUSP2', 8.291331558558932)]",530
FOSB,dbcorrdb__BCL3__ENCSR000BQH_1__m2,0.11005908419497784,3.9065348922182417,0.0,1.0,motif similar to hocomoco__FOSB_HUMAN.H11MO.0.A ('FOSB_HUMAN'; q-value = 4.24e-07) which is directly annotated,"frozenset({'hg38__refseq-r80__10kb_up_and_down_tss.mc9nr.genes_vs_motifs.rankings', 'activating', 'top50'})","[('CD69', 9.004603954855249), ('CCL2', 5.6957685359424), ('CD86', 3.229040663884038), ('IL23R', 10.513994671780292), ('TNFSF13B', 4.825174314420416), ('FTH1', 11.851478800579727), ('S100A12', 9.945981249902886), ('PTPRC', 11.47446315455502), ('IER3', 10.222137171542794), ('LYN', 5.410831017612816), ('ICAM1', 9.400180041862368), ('CXCL16', 7.162713069685784), ('CLEC4E', 11.441883047908911), ('THBS1', 7.298722317894112), ('CD4', 3.3067720573230344), ('CD74', 3.4585979116769776), ('EGR1', 10.462417157673617), ('DUSP2', 8.291331558558932), ('JUNB', 7.262425913075174), ('BTG1', 31.793865306776624)]",4592
FOSB,transfac_pro__M08940,0.09187592319054654,3.0404027824118294,0.0,1.0,gene is annotated for similar motif transfac_pro__M08936 ('V$JUNFOSB_01: C-JUN:FOSB'; q-value = 5.53e-09),"frozenset({'hg38__refseq-r80__10kb_up_and_down_tss.mc9nr.genes_vs_motifs.rankings', 'activating', 'top50'})","[('CD69', 9.004603954855249), ('DUSP2', 8.291331558558932), ('CD4', 3.3067720573230344), ('JUNB', 7.262425913075174), ('S100A12', 9.945981249902886)]",315
FOSB,transfac_pro__M08915,0.10734121122599705,3.777072416016471,0.0,1.0,motif similar to taipale_cyt_meth__FOSB_NRTGACGTCAYN_eDBD ('FOSB [bZIP]'; q-value = 1.25e-07) which is directly annotated,"frozenset({'hg38__refseq-r80__10kb_up_and_down_tss.mc9nr.genes_vs_motifs.rankings', 'activating', 'top50'})","[('EGR1', 10.462417157673617), ('EGR3', 7.797866617347223), ('DUSP2', 8.291331558558932), ('FOSB', 1.0), ('JUNB', 7.262425913075174), ('CD4', 3.3067720573230344), ('CD63', 6.0767644802776)]",732
FOSB,cisbp__M5952,0.09425406203840472,3.1536824490883784,0.0,1.0,motif similar to taipale_cyt_meth__FOSB_NRTGACGTCAYN_eDBD ('FOSB [bZIP]'; q-value = 1.33e-07) which is directly annotated,"frozenset({'hg38__refseq-r80__10kb_up_and_down_tss.mc9nr.genes_vs_motifs.rankings', 'activating', 'top50'})","[('EGR1', 10.462417157673617), ('EGR3', 7.797866617347223), ('FOSB', 1.0), ('THBS1', 7.298722317894112), ('JUNB', 7.262425913075174), ('DUSP2', 8.291331558558932), ('CLEC4E', 11.441883047908911)]",630
FOSB,taipale__XBP1_DBD_GATGACGTCATC,0.0989069423929099,3.3753165795424973,0.0,1.0,gene is annotated for similar motif taipale_cyt_meth__FOSB_NRTGACGTCAYN_eDBD ('FOSB [bZIP]'; q-value = 2.01e-07),"frozenset({'hg38__refseq-r80__10kb_up_and_down_tss.mc9nr.genes_vs_motifs.rankings', 'activating', 'top50'})","[('JUNB', 7.262425913075174), ('FOSB', 1.0), ('LEF1', 6.313594303887207), ('CXCR4', 26.262316827299703), ('EGR3', 7.797866617347223), ('CD63', 6.0767644802776), ('EGR1', 10.462417157673617), ('LGALS1', 3.0356563550818567), ('GAPDH', 5.4259366538276375), ('CD4', 3.3067720573230344), ('JUN', 4.887521420388917), ('DUSP2', 8.291331558558932), ('LYN', 5.410831017612816), ('LAT2', 5.012636520097989), ('S100A9', 11.461342559543429), ('THBS1', 7.298722317894112), ('TIAF1', 5.388393845593567)]",3677
FOSB,cisbp__M6039,0.09784342688330872,3.324657349724413,0.0,1.0,gene is annotated for similar motif taipale_cyt_meth__FOSB_NRTGACGTCAYN_eDBD ('FOSB [bZIP]'; q-value = 3.12e-07),"frozenset({'hg38__refseq-r80__10kb_up_and_down_tss.mc9nr.genes_vs_motifs.rankings', 'activating', 'top50'})","[('DUSP2', 8.291331558558932), ('FOSB', 1.0), ('DUSP1', 6.838265272388113), ('BTG1', 31.793865306776624), ('JUN', 4.887521420388917)]",148
FOSB,cisbp__M5588,0.09382570162481536,3.133278037078317,0.0,1.0,gene is annotated for similar motif taipale_cyt_meth__FOSB_NRTGACGTCAYN_eDBD ('FOSB [bZIP]'; q-value = 6.86e-08),"frozenset({'hg38__refseq-r80__10kb_up_and_down_tss.mc9nr.genes_vs_motifs.rankings', 'activating', 'top50'})","[('BTG1', 31.793865306776624), ('FOSB', 1.0), ('EGR3', 7.797866617347223), ('DUSP1', 6.838265272388113)]",47
FOXO1,cisbp__M0742,0.1491414327917282,3.8034861378191023,0.000617,0.926718,"gene is orthologous to ENSMUSG00000044167 in M. musculus (identity = 92%) which is annotated for similar motif cisbp__M0731 ('Foxo1[gene ID: ""ENSMUSG00000044167"" species: ""Mus musculus"" TF status: ""direct"" TF family: ""Forkhead"" DBDs: ""Fork_head""]'; q-value = 0.000617)","frozenset({'hg38__refseq-r80__10kb_up_and_down_tss.mc9nr.genes_vs_motifs.rankings', 'activating', 'top50'})","[('BCL11B', 0.7284584121785607), ('CD247', 0.4865688829055764), ('FAM65B', 0.3860277714010084), ('TRIB2', 0.8114243000447136), ('BTG1', 2.2545378433637118)]",411
FOXO1,cisbp__M0729,0.12742337518463812,3.065018586615129,0.000575,1.0,gene is annotated for similar motif taipale__FOXO1_DBD_GTAAACAA ('FOXO1 monomeric forkhead DBD'; q-value = 0.000575),"frozenset({'hg38__refseq-r80__10kb_up_and_down_tss.mc9nr.genes_vs_motifs.rankings', 'activating', 'top50'})","[('BCL11B', 0.7284584121785607), ('BCL2', 0.4747080303950965), ('TRIB2', 0.8114243000447136), ('MYC', 0.4215774001590802), ('BTG1', 2.2545378433637118), ('EGR1', 0.3206268811826425), ('CNOT2', 0.3714733171727705)]",458
FOXO1,transfac_pro__M01137,0.12624630723781388,3.0249953718314915,0.00054,0.926718,"gene is orthologous to ENSMUSG00000044167 in M. musculus (identity = 92%) which is annotated for similar motif cisbp__M0731 ('Foxo1[gene ID: ""ENSMUSG00000044167"" species: ""Mus musculus"" TF status: ""direct"" TF family: ""Forkhead"" DBDs: ""Fork_head""]'; q-value = 0.00054)","frozenset({'hg38__refseq-r80__10kb_up_and_down_tss.mc9nr.genes_vs_motifs.rankings', 'activating', 'top50'})","[('BCL11B', 0.7284584121785607), ('BCL2', 0.4747080303950965), ('TRIB2', 0.8114243000447136), ('BTG1', 2.2545378433637118), ('MYC', 0.4215774001590802), ('EGR1', 0.3206268811826425), ('CNOT2', 0.3714733171727705), ('SELL', 0.8169172396958736), ('IRF8', 0.0796507042986346)]",1129
FOXO1,taipale__FOXI1_full_GTAAACA,0.1276541728212703,3.072866275788391,0.000297,1.0,gene is annotated for similar motif taipale__FOXO1_DBD_GTAAACAA ('FOXO1 monomeric forkhead DBD'; q-value = 0.000297),"frozenset({'hg38__refseq-r80__10kb_up_and_down_tss.mc9nr.genes_vs_motifs.rankings', 'activating', 'top50'})","[('SELL', 0.8169172396958736), ('TRIB2', 0.8114243000447136), ('BTG1', 2.2545378433637118), ('CCL3', 0.1060488892071591), ('FOXO1', 1.0), ('BCL2', 0.4747080303950965), ('BCL11B', 0.7284584121785607)]",944
FOXO1,homer__NYYTGTTTACHN_FOXP1,0.145240952732644,3.6708601907909713,0.000211,0.930982,"motif similar to cisbp__M2282 ('Foxo1[gene ID: ""ENSMUSG00000044167"" species: ""Mus musculus"" TF status: ""direct"" TF family: ""Forkhead"" DBDs: ""Fork_head""]'; q-value = 0.000211) which is annotated for orthologous gene ENSMUSG00000044167 in M. musculus (identity = 93%)","frozenset({'hg38__refseq-r80__10kb_up_and_down_tss.mc9nr.genes_vs_motifs.rankings', 'activating', 'top50'})","[('BCL11B', 0.7284584121785607), ('BTG1', 2.2545378433637118), ('SELL', 0.8169172396958736), ('BCL2', 0.4747080303950965), ('TRIB2', 0.8114243000447136)]",241
FOXO1,hocomoco__FOXO6_HUMAN.H11MO.0.D,0.1301698670605613,3.158406087776949,0.000145,1.0,gene is annotated for similar motif taipale__FOXO1_DBD_GTAAACAA ('FOXO1 monomeric forkhead DBD'; q-value = 0.000145),"frozenset({'hg38__refseq-r80__10kb_up_and_down_tss.mc9nr.genes_vs_motifs.rankings', 'activating', 'top50'})","[('TRIB2', 0.8114243000447136), ('EGR1', 0.3206268811826425), ('BCL11B', 0.7284584121785607), ('BCL2', 0.4747080303950965), ('BTG1', 2.2545378433637118), ('SELL', 0.8169172396958736), ('MYC', 0.4215774001590802)]",1211
FOXO1,swissregulon__hs__FOX_D1_D2_.p2,0.13259324224519942,3.240806824096203,0.000128,1.0,gene is annotated for similar motif taipale__FOXO1_DBD_GTAAACAA ('FOXO1 monomeric forkhead DBD'; q-value = 0.000128),"frozenset({'hg38__refseq-r80__10kb_up_and_down_tss.mc9nr.genes_vs_motifs.rankings', 'activating', 'top50'})","[('FAM65B', 0.3860277714010084), ('BTG1', 2.2545378433637118), ('BCL11B', 0.7284584121785607), ('DUSP2', 0.165047564365838), ('BCL2', 0.4747080303950965), ('CD247', 0.4865688829055764), ('CCL3', 0.1060488892071591)]",619
FOXO1,cisbp__M0752,0.1432560930576071,3.6033700639009165,0.00011,1.0,"motif similar to cisbp__M5462 ('FOXO1[gene ID: ""ENSG00000150907"" species: ""Homo sapiens"" TF status: ""direct"" TF family: ""Forkhead"" DBDs: ""Fork_head""]'; q-value = 0.00011) which is directly annotated","frozenset({'hg38__refseq-r80__10kb_up_and_down_tss.mc9nr.genes_vs_motifs.rankings', 'activating', 'top50'})","[('BCL11B', 0.7284584121785607), ('BTG1', 2.2545378433637118), ('PIK3IP1', 0.9524540717705616), ('EGR1', 0.3206268811826425), ('DOCK8', 0.8678510305542605), ('BCL2', 0.4747080303950965), ('SELL', 0.8169172396958736), ('TNFSF8', 0.3382812613595588), ('TRAT1', 0.9370351113457042), ('FAM65B', 0.3860277714010084), ('CST7', 0.0296025515299682), ('FOXO1', 1.0), ('LY86', 0.0683069568678884), ('MYC', 0.4215774001590802), ('CD8A', 0.2403708488711401), ('DUSP2', 0.165047564365838), ('CNOT2', 0.3714733171727705)]",4880
FOXO1,taipale__FOXO3_full_GTAAACAW,0.13284711964549484,3.249439282186791,9.4e-05,1.0,gene is annotated for similar motif taipale__FOXO1_DBD_GTAAACAA ('FOXO1 monomeric forkhead DBD'; q-value = 9.43e-05),"frozenset({'hg38__refseq-r80__10kb_up_and_down_tss.mc9nr.genes_vs_motifs.rankings', 'activating', 'top50'})","[('BCL11B', 0.7284584121785607), ('TRIB2', 0.8114243000447136), ('BTG1', 2.2545378433637118), ('EGR1', 0.3206268811826425), ('BCL2', 0.4747080303950965), ('IRF8', 0.0796507042986346), ('TRAT1', 0.9370351113457042), ('FAM65B', 0.3860277714010084), ('FOXO1', 1.0)]",2124
FOXO1,cisbp__M5466,0.13411650664697194,3.2926015726397333,9.4e-05,1.0,gene is annotated for similar motif taipale__FOXO1_DBD_GTAAACAA ('FOXO1 monomeric forkhead DBD'; q-value = 9.43e-05),"frozenset({'hg38__refseq-r80__10kb_up_and_down_tss.mc9nr.genes_vs_motifs.rankings', 'activating', 'top50'})","[('EGR1', 0.3206268811826425), ('FAM65B', 0.3860277714010084), ('BCL11B', 0.7284584121785607), ('MYC', 0.4215774001590802), ('SELL', 0.8169172396958736)]",401
FOXO1,cisbp__M2595,0.1285542836041359,3.103472263564114,3.8e-05,1.0,"motif similar to cisbp__M3276 ('FOXO1[gene ID: ""ENSG00000150907"" species: ""Homo sapiens"" TF status: ""direct"" TF family: ""Forkhead"" DBDs: ""Fork_head""]'; q-value = 3.82e-05) which is directly annotated","frozenset({'hg38__refseq-r80__10kb_up_and_down_tss.mc9nr.genes_vs_motifs.rankings', 'activating', 'top50'})","[('EGR1', 0.3206268811826425), ('BTG1', 2.2545378433637118), ('BCL2', 0.4747080303950965), ('TRIB2', 0.8114243000447136), ('SELL', 0.8169172396958736), ('BCL11B', 0.7284584121785607)]",303
FOXO1,cisbp__M0723,0.13928637370753325,3.4683898101208066,1.9e-05,1.0,"motif similar to cisbp__M5462 ('FOXO1[gene ID: ""ENSG00000150907"" species: ""Homo sapiens"" TF status: ""direct"" TF family: ""Forkhead"" DBDs: ""Fork_head""]'; q-value = 1.88e-05) which is directly annotated","frozenset({'hg38__refseq-r80__10kb_up_and_down_tss.mc9nr.genes_vs_motifs.rankings', 'activating', 'top50'})","[('BCL11B', 0.7284584121785607), ('BCL2', 0.4747080303950965), ('BTG1', 2.2545378433637118), ('TRIB2', 0.8114243000447136), ('SELL', 0.8169172396958736), ('MYC', 0.4215774001590802), ('EGR1', 0.3206268811826425), ('FOXO1', 1.0)]",1184
FOXO1,cisbp__M0750,0.14184822747415066,3.555499159944017,7e-06,1.0,"motif similar to cisbp__M5462 ('FOXO1[gene ID: ""ENSG00000150907"" species: ""Homo sapiens"" TF status: ""direct"" TF family: ""Forkhead"" DBDs: ""Fork_head""]'; q-value = 7.48e-06) which is directly annotated","frozenset({'hg38__refseq-r80__10kb_up_and_down_tss.mc9nr.genes_vs_motifs.rankings', 'activating', 'top50'})","[('BCL2', 0.4747080303950965), ('IRF8', 0.0796507042986346), ('TRIB2', 0.8114243000447136), ('CNOT2', 0.3714733171727705), ('DOCK8', 0.8678510305542605), ('EGR1', 0.3206268811826425), ('FAM65B', 0.3860277714010084), ('CD6', 0.9923454476338772), ('CD8A', 0.2403708488711401), ('FOXO1', 1.0), ('BTG1', 2.2545378433637118), ('MYC', 0.4215774001590802), ('CST7', 0.0296025515299682), ('BCL11B', 0.7284584121785607), ('TNFSF8', 0.3382812613595588), ('LY86', 0.0683069568678884)]",4901
FOXO1,transfac_public__M00474,0.12617706794682423,3.0226410650795135,0.0,1.0,gene is directly annotated,"frozenset({'hg38__refseq-r80__10kb_up_and_down_tss.mc9nr.genes_vs_motifs.rankings', 'activating', 'top50'})","[('PIK3IP1', 0.9524540717705616), ('TRIB2', 0.8114243000447136), ('FOXO1', 1.0), ('BCL11B', 0.7284584121785607), ('BTG1', 2.2545378433637118)]",339
FOXO1,cisbp__M3276,0.13801698670605614,3.4252275196678648,0.0,1.0,gene is directly annotated,"frozenset({'hg38__refseq-r80__10kb_up_and_down_tss.mc9nr.genes_vs_motifs.rankings', 'activating', 'top50'})","[('SELL', 0.8169172396958736), ('DOCK8', 0.8678510305542605), ('FAM65B', 0.3860277714010084), ('BCL2', 0.4747080303950965), ('TRIB2', 0.8114243000447136)]",443
IRF4,homer__AAAGRGGAAGTG_SpiB,0.07038404726735598,3.055914733575261,1e-06,1.0,motif similar to factorbook__PU1 ('PU1'; q-value = 8.03e-07) which is directly annotated,"frozenset({'hg38__refseq-r80__10kb_up_and_down_tss.mc9nr.genes_vs_motifs.rankings', 'activating', 'top50'})","[('ICAM1', 0.6338167953671242), ('IL7R', 0.0096408813682698), ('BCL2A1', 0.0436478961180722), ('CCL5', 0.0890410325335519), ('IRF8', 8.58730197970342), ('CD4', 7.796239954439715), ('CD63', 0.0175474459974537), ('IL2RB', 0.0378639219633385), ('HLA-DRA', 1.1373712538839622), ('CD74', 1.0527512071173144), ('PRF1', 0.2385631091397126), ('TRIB2', 0.104644344207262), ('GZMA', 0.0450140750948232), ('FTH1', 0.0346156759546044)]",4188
IRF8,homer__AAAGRGGAAGTG_SpiB,0.08041178066499864,3.3021939714773016,1e-06,1.0,motif similar to hocomoco__IRF8_HUMAN.H11MO.0.B ('IRF8_HUMAN'; q-value = 8.03e-07) which is directly annotated,"frozenset({'hg38__refseq-r80__10kb_up_and_down_tss.mc9nr.genes_vs_motifs.rankings', 'activating', 'top50'})","[('NINJ2', 0.6970872643376612), ('CD4', 2.228887856191343), ('C10orf54', 0.2123345571162312), ('TCF4', 15.254893808136444), ('ARL4C', 0.7058952205611674), ('HAVCR2', 1.3946842313386092)]",794
IRF8,hocomoco__SPIB_MOUSE.H11MO.0.A,0.07552829108009526,3.005023044148784,0.0,1.0,gene is annotated for similar motif hocomoco__IRF8_HUMAN.H11MO.0.B ('IRF8_HUMAN'; q-value = 2.31e-10),"frozenset({'hg38__refseq-r80__10kb_up_and_down_tss.mc9nr.genes_vs_motifs.rankings', 'activating', 'top50'})","[('ICAM1', 6.787572232731317), ('CD69', 1.0587245878591551), ('RGS1', 0.297169803964077), ('STAT3', 0.1149569338169958), ('TCF4', 15.254893808136444), ('CD4', 2.228887856191343)]",571
IRF8,tfdimers__MD00302,0.11982636481475899,5.700656857168888,0.0,1.0,gene is directly annotated,"frozenset({'hg38__refseq-r80__10kb_up_and_down_tss.mc9nr.genes_vs_motifs.rankings', 'activating', 'top50'})","[('TCF4', 15.254893808136444), ('IL1RN', 0.9805374092009196), ('IRF8', 1.0), ('CD4', 2.228887856191343), ('HLA-DRA', 1.9735119835113235)]",585
JUN,cisbp__M6180,0.10601181683899556,3.0437992927366264,0.000416,1.0,"gene is annotated for similar motif dbcorrdb__JUN__ENCSR000EGH_1__m2 ('JUN (ENCSR000EGH-1, motif 2)'; q-value = 0.000416)","frozenset({'hg38__refseq-r80__10kb_up_and_down_tss.mc9nr.genes_vs_motifs.rankings', 'activating', 'top50'})","[('ICAM1', 0.8388920080971131), ('JUNB', 2.531311345467063), ('BIRC3', 2.222933757885588), ('TIAF1', 5.13427026469697), ('CCL5', 1.2778005711814258), ('STAT5A', 4.500617518447674), ('CXCL5', 1.1589340254167226), ('CD69', 5.097395061742794), ('LAT2', 1.37706515645048), ('CD63', 1.03839629944796), ('ITGA4', 2.5964953063011924), ('CD36', 0.691997333129158), ('FAM65B', 2.134133583847081), ('CST7', 1.407338651794651), ('TLR2', 0.6986953238473539), ('ADA', 2.249671779355988), ('BACH2', 2.49749157664123)]",2833
JUN,taipale_cyt_meth__CREM_NRTGACGTCAYN_eDBD,0.1078877400295421,3.1273335165428686,0.000181,1.0,motif similar to swissregulon__hs__JUN.p2 ('hs__JUN.p2'; q-value = 0.000181) which is directly annotated,"frozenset({'hg38__refseq-r80__10kb_up_and_down_tss.mc9nr.genes_vs_motifs.rankings', 'activating', 'top50'})","[('DOCK8', 2.4116834411463843), ('JUNB', 2.531311345467063), ('LEF1', 3.0475529569970115), ('STAT4', 3.3361796947075737), ('EGR3', 0.6262683178493476), ('LIPA', 1.6600860301854692), ('FAM65B', 2.134133583847081), ('MYC', 1.387607540855451), ('STAT5A', 4.500617518447674), ('CD36', 0.691997333129158), ('BIRC3', 2.222933757885588)]",1727
JUNB,cisbp__M6180,0.1229162270521207,3.2686621062382746,0.000701,1.0,gene is annotated for similar motif transfac_pro__M08945 ('V$JUNBFOS_03: JUNB:C-FOS'; q-value = 0.000701),"frozenset({'hg38__refseq-r80__10kb_up_and_down_tss.mc9nr.genes_vs_motifs.rankings', 'activating', 'top50'})","[('DUSP1', 5.755738647487208), ('BAX', 3.667085245346851), ('MYC', 3.55401118482114), ('ANXA5', 0.6473136981882223), ('LAMP1', 2.665818093261493), ('FOXP1', 2.3297113780042955), ('EGR3', 0.5820185140038524), ('DUSP2', 2.578312594950048)]",756
JUNB,cisbp__M0269,0.12116781720073554,3.194548148503929,0.000316,1.0,motif similar to transfac_pro__M08945 ('V$JUNBFOS_03: JUNB:C-FOS'; q-value = 0.000316) which is directly annotated,"frozenset({'hg38__refseq-r80__10kb_up_and_down_tss.mc9nr.genes_vs_motifs.rankings', 'activating', 'top50'})","[('LEF1', 5.944317802560026), ('FOSB', 26.95182739384448), ('RORA', 1.2533028283065089), ('FOXP1', 2.3297113780042955), ('EGR3', 0.5820185140038524), ('DUSP2', 2.578312594950048), ('MYC', 3.55401118482114), ('FAM65B', 0.9266004602327332)]",811
JUNB,cisbp__M0341,0.11658577759020891,3.000318466165643,0.00016,1.0,motif similar to transfac_pro__M08927 ('V$JUNB_03: JUNB'; q-value = 0.00016) which is directly annotated,"frozenset({'hg38__refseq-r80__10kb_up_and_down_tss.mc9nr.genes_vs_motifs.rankings', 'activating', 'top50'})","[('DOCK8', 1.543522033176968), ('JUNB', 1.0), ('LEF1', 5.944317802560026), ('STAT4', 0.6127586910266275), ('EGR3', 0.5820185140038524), ('GZMK', 0.1582335199301822), ('FOXP1', 2.3297113780042955), ('FAM65B', 0.9266004602327332), ('C10orf54', 2.5099541233413225), ('PTPRC', 4.198650078593467), ('FYB', 2.4832112727526567), ('MYC', 3.55401118482114), ('ZBTB16', 0.5149459329456282)]",1374
JUNB,taipale_cyt_meth__CREM_NRTGACGTCAYN_eDBD,0.12570463931510567,3.3868610905559815,4.8e-05,1.0,motif similar to transfac_pro__M08921 ('V$JUNBFOSB_02: JUNB:FOSB'; q-value = 4.84e-05) which is directly annotated,"frozenset({'hg38__refseq-r80__10kb_up_and_down_tss.mc9nr.genes_vs_motifs.rankings', 'activating', 'top50'})","[('RORA', 1.2533028283065089), ('EGR3', 0.5820185140038524), ('FOXP1', 2.3297113780042955), ('JUN', 4.172183500914485), ('BACH2', 1.35258088044004), ('ZBTB16', 0.5149459329456282), ('FAM65B', 0.9266004602327332)]",294
JUNB,transfac_pro__M08934,0.12386579447140747,3.308913652249169,2.8e-05,1.0,gene is annotated for similar motif transfac_pro__M08925 ('V$JUNBFOS_01: JUNB:C-FOS'; q-value = 2.83e-05),"frozenset({'hg38__refseq-r80__10kb_up_and_down_tss.mc9nr.genes_vs_motifs.rankings', 'activating', 'top50'})","[('BACH2', 1.35258088044004), ('EGR1', 5.241951660171043), ('FOXP1', 2.3297113780042955), ('FAM65B', 0.9266004602327332), ('MYC', 3.55401118482114), ('SELL', 2.402324136922572), ('RORA', 1.2533028283065089), ('FOSB', 26.95182739384448), ('IFNGR1', 1.132903126120285)]",797
JUNB,cisbp__M0361,0.12100201971482832,3.1875201007877405,1.3e-05,1.0,motif similar to transfac_pro__M08927 ('V$JUNB_03: JUNB'; q-value = 1.3e-05) which is directly annotated,"frozenset({'hg38__refseq-r80__10kb_up_and_down_tss.mc9nr.genes_vs_motifs.rankings', 'activating', 'top50'})","[('FOXP1', 2.3297113780042955), ('MCM4', 0.1606733096782483), ('TYMS', 0.144304360655724), ('MYC', 3.55401118482114), ('LEF1', 5.944317802560026), ('EGR1', 5.241951660171043), ('BACH2', 1.35258088044004)]",534
JUNB,cisbp__M6038,0.12654869924336057,3.4226402425656652,5e-06,1.0,gene is annotated for similar motif transfac_pro__M08925 ('V$JUNBFOS_01: JUNB:C-FOS'; q-value = 5.25e-06),"frozenset({'hg38__refseq-r80__10kb_up_and_down_tss.mc9nr.genes_vs_motifs.rankings', 'activating', 'top50'})","[('EGR1', 5.241951660171043), ('ZBTB16', 0.5149459329456282), ('EGR3', 0.5820185140038524), ('FAM65B', 0.9266004602327332), ('JUNB', 1.0), ('LEF1', 5.944317802560026), ('FOXP1', 2.3297113780042955), ('FOSB', 26.95182739384448), ('RORA', 1.2533028283065089), ('GZMK', 0.1582335199301822), ('C10orf54', 2.5099541233413225)]",864
JUNB,cisbp__M5587,0.11780664998643475,3.052070453893936,5e-06,1.0,gene is annotated for similar motif transfac_pro__M08925 ('V$JUNBFOS_01: JUNB:C-FOS'; q-value = 5.25e-06),"frozenset({'hg38__refseq-r80__10kb_up_and_down_tss.mc9nr.genes_vs_motifs.rankings', 'activating', 'top50'})","[('FOXP1', 2.3297113780042955), ('ZBTB16', 0.5149459329456282), ('RORA', 1.2533028283065089), ('MYC', 3.55401118482114), ('IL18RAP', 0.107857226457727), ('BACH2', 1.35258088044004), ('PIK3AP1', 0.6309109872879175), ('PTPRC', 4.198650078593467)]",693
MYC,dbcorrdb__POLR2A__ENCSR000EZQ_1__m3,0.12852289512555393,3.018312019344114,0.001,1.0,"gene is annotated for similar motif dbcorrdb__MYC__ENCSR000DMQ_1__m1 ('MYC (ENCSR000DMQ-1, motif 1)'; q-value = 0.001)","frozenset({'hg38__refseq-r80__10kb_up_and_down_tss.mc9nr.genes_vs_motifs.rankings', 'activating', 'top50'})","[('FOXP1', 0.980678339291446), ('TRIB2', 1.9922205978293897), ('MYC', 1.0), ('CCND2', 0.8891218358965267), ('EGR1', 2.5041282228257256), ('FOSB', 7.802748850498327), ('BCL6', 0.8732363115737566), ('EGR3', 1.8973272801947028), ('ARL4C', 0.672851631872843), ('ADA', 1.843451049601472), ('SELL', 2.0408028628720523), ('LEF1', 3.848866209634302), ('JUNB', 2.1258968142070107), ('LAP3', 2.2661729249895632), ('FOXO1', 2.81380342063384), ('GAPDH', 2.670793533039198), ('NINJ2', 0.6425787026680441)]",2729
MYC,transfac_pro__M07414,0.13127031019202362,3.123596678726405,0.000878,1.0,"gene is annotated for similar motif dbcorrdb__MYC__ENCSR000DOM_1__m3 ('MYC (ENCSR000DOM-1, motif 3)'; q-value = 0.000878)","frozenset({'hg38__refseq-r80__10kb_up_and_down_tss.mc9nr.genes_vs_motifs.rankings', 'activating', 'top50'})","[('BAX', 3.492843346559636), ('MYC', 1.0), ('BCL6', 0.8732363115737566), ('GNAI2', 1.2928835070727476), ('LAMP1', 1.4801370160061735), ('FOXP1', 0.980678339291446), ('EGR3', 1.8973272801947028), ('TRIB2', 1.9922205978293897), ('MCM2', 4.633717932922991), ('DUSP2', 1.0676204542792618), ('ARL4C', 0.672851631872843), ('CCND2', 0.8891218358965267), ('KCNE3', 8.599047188233671), ('RPN2', 2.244596954156155), ('NINJ2', 0.6425787026680441), ('PCNA', 3.055969126768958), ('CD36', 4.249563436566201)]",2849
MYC,dbcorrdb__E2F6__ENCSR000BLI_1__m1,0.14096011816838996,3.4949232193435207,0.000489,1.0,"gene is annotated for similar motif dbcorrdb__MYC__ENCSR000DLR_1__m1 ('MYC (ENCSR000DLR-1, motif 1)'; q-value = 0.000489)","frozenset({'hg38__refseq-r80__10kb_up_and_down_tss.mc9nr.genes_vs_motifs.rankings', 'activating', 'top50'})","[('FOSB', 7.802748850498327), ('CCND2', 0.8891218358965267), ('FOXP1', 0.980678339291446), ('BCL6', 0.8732363115737566), ('FOXO1', 2.81380342063384), ('EGR1', 2.5041282228257256), ('MYC', 1.0), ('GNAI2', 1.2928835070727476), ('CD44', 1.1461120092172612), ('JUNB', 2.1258968142070107), ('GAPDH', 2.670793533039198), ('LEF1', 3.848866209634302), ('TRIB2', 1.9922205978293897), ('EGR3', 1.8973272801947028), ('DUSP2', 1.0676204542792618)]",2134
MYC,dbcorrdb__EZH2__ENCSR000ARD_1__m6,0.12813884785819793,3.0035948088928257,0.000267,1.0,"gene is annotated for similar motif dbcorrdb__MYC__ENCSR000DMM_1__m1 ('MYC (ENCSR000DMM-1, motif 1)'; q-value = 0.000267)","frozenset({'hg38__refseq-r80__10kb_up_and_down_tss.mc9nr.genes_vs_motifs.rankings', 'activating', 'top50'})","[('CCND2', 0.8891218358965267), ('LEF1', 3.848866209634302), ('FOSB', 7.802748850498327), ('FOXP1', 0.980678339291446), ('EGR3', 1.8973272801947028), ('FOXO1', 2.81380342063384), ('DUSP2', 1.0676204542792618), ('MYC', 1.0), ('BCL6', 0.8732363115737566), ('GNAI2', 1.2928835070727476), ('JUNB', 2.1258968142070107), ('GAPDH', 2.670793533039198)]",1140
MYC,dbcorrdb__SUPT20H__ENCSR000ECQ_1__m5,0.13059084194977844,3.097558537158742,0.000131,1.0,"gene is annotated for similar motif dbcorrdb__MYC__ENCSR000DMM_1__m1 ('MYC (ENCSR000DMM-1, motif 1)'; q-value = 0.000131)","frozenset({'hg38__refseq-r80__10kb_up_and_down_tss.mc9nr.genes_vs_motifs.rankings', 'activating', 'top50'})","[('CCND2', 0.8891218358965267), ('EGR3', 1.8973272801947028), ('BCL6', 0.8732363115737566), ('MYC', 1.0), ('FOSB', 7.802748850498327), ('FOXP1', 0.980678339291446), ('EGR1', 2.5041282228257256), ('GAPDH', 2.670793533039198)]",525
MYC,dbcorrdb__SMARCA4__ENCSR000EZC_1__m10,0.13231905465288035,3.163785984189538,3e-05,1.0,"motif similar to dbcorrdb__MYC__ENCSR000DMQ_1__m1 ('MYC (ENCSR000DMQ-1, motif 1)'; q-value = 3.04e-05) which is directly annotated","frozenset({'hg38__refseq-r80__10kb_up_and_down_tss.mc9nr.genes_vs_motifs.rankings', 'activating', 'top50'})","[('CCND2', 0.8891218358965267), ('BCL6', 0.8732363115737566), ('GNAI2', 1.2928835070727476), ('FOXP1', 0.980678339291446), ('JUN', 2.0092581749730782), ('JUNB', 2.1258968142070107), ('FOSB', 7.802748850498327), ('EGR3', 1.8973272801947028), ('ICOS', 2.5561170677884792), ('FOXO1', 2.81380342063384), ('EGR1', 2.5041282228257256), ('MYC', 1.0), ('CD9', 17.668216475170944), ('NINJ2', 0.6425787026680441)]",1100
MYC,dbcorrdb__ESRRA__ENCSR000DYQ_1__m5,0.13974889217134417,3.4485074017663813,5e-06,1.0,"motif similar to dbcorrdb__MYC__ENCSR000DMM_1__m1 ('MYC (ENCSR000DMM-1, motif 1)'; q-value = 5.08e-06) which is directly annotated","frozenset({'hg38__refseq-r80__10kb_up_and_down_tss.mc9nr.genes_vs_motifs.rankings', 'activating', 'top50'})","[('PCNA', 3.055969126768958), ('FOXP1', 0.980678339291446), ('TYMS', 5.019859988925316), ('MYC', 1.0), ('LEF1', 3.848866209634302), ('EGR1', 2.5041282228257256), ('CCND2', 0.8891218358965267), ('BCL6', 0.8732363115737566)]",551
MYC,dbcorrdb__ATF3__ENCSR000BKE_1__m1,0.14344165435745937,3.5900190407210735,1e-06,1.0,"gene is annotated for similar motif dbcorrdb__MYC__ENCSR000DLZ_1__m1 ('MYC (ENCSR000DLZ-1, motif 1)'; q-value = 5.61e-07)","frozenset({'hg38__refseq-r80__10kb_up_and_down_tss.mc9nr.genes_vs_motifs.rankings', 'activating', 'top50'})","[('FOXP1', 0.980678339291446), ('EGR1', 2.5041282228257256), ('EGR3', 1.8973272801947028), ('TRIB2', 1.9922205978293897), ('SELL', 2.0408028628720523), ('CCND2', 0.8891218358965267), ('MYC', 1.0), ('FOSB', 7.802748850498327), ('ARL4C', 0.672851631872843), ('BCL6', 0.8732363115737566)]",956
PAX5,dbcorrdb__EGR1__ENCSR000BJA_1__m1,0.13971674341819446,3.807964573788234,0.000984,1.0,motif similar to swissregulon__hs__PAX5.p2 ('hs__PAX5.p2'; q-value = 0.000984) which is directly annotated,"frozenset({'hg38__refseq-r80__10kb_up_and_down_tss.mc9nr.genes_vs_motifs.rankings', 'activating', 'top50'})","[('EGR1', 0.0048050389163295), ('POU2AF1', 15.678023312639828)]",150
PAX5,flyfactorsurvey__ey_SOLEXA_5_FBgn0005558,0.12133982100964463,3.1944160786878375,0.000425,0.455243,gene is orthologous to FBgn0005561 in D. melanogaster (identity = 45%) which is annotated for similar motif flyfactorsurvey__sv_SOLEXA_5_FBgn0005561 ('sv_SOLEXA_5_FBgn0005561'; q-value = 0.000425),"frozenset({'hg38__refseq-r80__10kb_up_and_down_tss.mc9nr.genes_vs_motifs.rankings', 'activating', 'top50'})","[('EGR1', 0.0048050389163295), ('POU2AF1', 15.678023312639828), ('PAX5', 1.0)]",742
PAX5,transfac_pro__M00329,0.12842123555478321,3.4308425673435456,1.2e-05,1.0,"gene is annotated for similar motif cisbp__M3720 ('PAX5[gene ID: ""ENSG00000196092"" species: ""Homo sapiens"" TF status: ""direct"" TF family: ""Paired box"" DBDs: ""PAX""]; Pax1[gene ID: ""ENSMUSG00000037034"" species: ""Mus musculus"" TF status: ""inferred"" TF family: ""Paired box"" DBDs: ""PAX""]; Pax5[gene ID: ""ENSMUSG00000014030"" species: ""Mus musculus"" TF status: ""inferred"" TF family: ""Paired box"" DBDs: ""PAX""]; Pax8[gene ID: ""ENSMUSG00000026976"" species: ""Mus musculus"" TF status: ""inferred"" TF family: ""Paired box"" DBDs: ""PAX""]; Pax9[gene ID: ""ENSMUSG00000001497"" species: ""Mus musculus"" TF status: ""inferred"" TF family: ""Paired box"" DBDs: ""PAX""]'; q-value = 1.19e-05)","frozenset({'hg38__refseq-r80__10kb_up_and_down_tss.mc9nr.genes_vs_motifs.rankings', 'activating', 'top50'})","[('CD22', 8.564556011911867), ('LYN', 3.008382352156067), ('EGR1', 0.0048050389163295)]",438
PAX5,taipale_tf_pairs__ETV2_PAX5_ACCGGANNTACGCNNNNNYR_CAP,0.1189069423929099,3.1131898003766736,0.0,1.0,gene is directly annotated,"frozenset({'hg38__refseq-r80__10kb_up_and_down_tss.mc9nr.genes_vs_motifs.rankings', 'activating', 'top50'})","[('PAX5', 1.0), ('EGR1', 0.0048050389163295), ('POU2AF1', 15.678023312639828)]",463
PAX5,swissregulon__hs__PAX5.p2,0.14944825788513338,4.132869687032889,0.0,1.0,gene is directly annotated,"frozenset({'hg38__refseq-r80__10kb_up_and_down_tss.mc9nr.genes_vs_motifs.rankings', 'activating', 'top50'})","[('PTPRC', 0.0093030578980687), ('POU2AF1', 15.678023312639828), ('IL23R', 0.00388597231923)]",502
PRDM1,stark__RAGTGAAAGT,0.09625297681849697,3.9679942609148355,0.000852,1.0,"gene is annotated for similar motif cisbp__M6435 ('PRDM1[gene ID: ""ENSG00000057657"" species: ""Homo sapiens"" TF status: ""direct"" TF family: ""C2H2 ZF"" DBDs: ""zf-C2H2""]'; q-value = 0.000852)","frozenset({'hg38__refseq-r80__10kb_up_and_down_tss.mc9nr.genes_vs_motifs.rankings', 'activating', 'top50'})","[('S100A10', 4.14922953043063), ('FYN', 0.0425044521895956), ('PRDM1', 1.0), ('PIK3AP1', 0.5515858494521948), ('LAP3', 0.0109303580809562), ('IL1B', 2.822658684291884), ('LIPA', 0.39649162363851), ('CD14', 4.163542048767112), ('BCL2A1', 5.9094048004141015), ('CD86', 10.26189586019786), ('ITGAX', 2.8876350355319023), ('NAMPT', 3.3657381249226), ('HLA-DRA', 1.8501431942990492), ('FAM65B', 0.0369740690267168), ('CTSW', 0.060797304404252)]",3026
PRDM1,transfac_pro__M07045,0.08017062068549724,3.0823409658291934,3.6e-05,1.0,motif similar to homer__ACTTTCACTTTC_PRDM1 ('PRDM1(Zf)/Hela-PRDM1-ChIP-Seq(GSE31477)/Homer'; q-value = 3.55e-05) which is directly annotated,"frozenset({'hg38__refseq-r80__10kb_up_and_down_tss.mc9nr.genes_vs_motifs.rankings', 'activating', 'top50'})","[('FYN', 0.0425044521895956), ('AQP9', 8.075275439496279), ('CD44', 0.0047851515071663), ('CCL5', 0.2330388359654135), ('IL1B', 2.822658684291884), ('PRDM1', 1.0), ('FAM65B', 0.0369740690267168)]",906
PRDM1,homer__GAAAGTGAAAGT_IRF1,0.08304946794079522,3.2408787159335586,1.8e-05,1.0,motif similar to homer__ACTTTCACTTTC_PRDM1 ('PRDM1(Zf)/Hela-PRDM1-ChIP-Seq(GSE31477)/Homer'; q-value = 1.78e-05) which is directly annotated,"frozenset({'hg38__refseq-r80__10kb_up_and_down_tss.mc9nr.genes_vs_motifs.rankings', 'activating', 'top50'})","[('CXCL8', 6.704933325213734), ('FYN', 0.0425044521895956), ('PRDM1', 1.0), ('FAM65B', 0.0369740690267168), ('CD86', 10.26189586019786), ('FCER1A', 3.884808463027784), ('GAPDH', 0.7568925992769153), ('IL7R', 0.0062303558404869)]",1368
RUNX3,transfac_pro__M01854,0.10360344886812545,3.108199473660329,0.0,1.0,gene is directly annotated,"frozenset({'hg38__refseq-r80__10kb_up_and_down_tss.mc9nr.genes_vs_motifs.rankings', 'activating', 'top50'})","[('CD38', 0.5109123838072221), ('CXCR4', 17.94826753228145), ('FYN', 7.761294264397453), ('TCF4', 0.7361647144361116), ('RUNX3', 1.0), ('LAP3', 4.532596436083233), ('IL18RAP', 9.72676848163027), ('LIPA', 3.649547075315748), ('SELPLG', 6.917814815958706), ('CNOT2', 8.164733423771606)]",1729
STAT1,transfac_pro__M00933,0.14025462474502357,3.9181569411207224,0.000557,1.0,"gene is annotated for similar motif dbcorrdb__STAT1__ENCSR000DZM_1__m3 ('STAT1 (ENCSR000DZM-1, motif 3)'; q-value = 0.000557)","frozenset({'hg38__refseq-r80__10kb_up_and_down_tss.mc9nr.genes_vs_motifs.rankings', 'activating', 'top50'})","[('CD63', 0.103099942282985), ('LAMP1', 0.005701918093414), ('GAPDH', 0.1018439656197485), ('MCM2', 5.2177845238022815)]",616
STAT1,cisbp__M0402,0.11841457410142787,3.16823004472655,0.000454,1.0,"motif similar to dbcorrdb__STAT1__ENCSR000DZM_1__m3 ('STAT1 (ENCSR000DZM-1, motif 3)'; q-value = 0.000454) which is directly annotated","frozenset({'hg38__refseq-r80__10kb_up_and_down_tss.mc9nr.genes_vs_motifs.rankings', 'activating', 'top50'})","[('TRIB2', 0.1086469548303374), ('PCNA', 0.2388460194593581), ('LEF1', 0.0514511925850609), ('KIAA0101', 5.104685997509026), ('CXCR4', 0.0100710131640867)]",1280
STAT1,transfac_pro__M03814,0.12238868959696138,3.304690172411801,0.000361,1.0,"gene is annotated for similar motif dbcorrdb__STAT1__ENCSR000DZM_1__m3 ('STAT1 (ENCSR000DZM-1, motif 3)'; q-value = 0.000361)","frozenset({'hg38__refseq-r80__10kb_up_and_down_tss.mc9nr.genes_vs_motifs.rankings', 'activating', 'top50'})","[('FOSB', 0.0045190795093189), ('LEF1', 0.0514511925850609), ('CXCR4', 0.0100710131640867), ('CD63', 0.103099942282985), ('LYN', 0.0029491682423917), ('TRIB2', 0.1086469548303374)]",2015
STAT1,cisbp__M1882,0.11521418020679468,3.0583373755286916,0.000184,1.0,gene is annotated for similar motif hocomoco__STAT1_HUMAN.H11MO.1.A ('STAT1_HUMAN'; q-value = 0.000184),"frozenset({'hg38__refseq-r80__10kb_up_and_down_tss.mc9nr.genes_vs_motifs.rankings', 'activating', 'top50'})","[('FOSB', 0.0045190795093189), ('CXCR4', 0.0100710131640867), ('GAPDH', 0.1018439656197485), ('CD8A', 0.0733770291991929), ('CD63', 0.103099942282985), ('LEF1', 0.0514511925850609), ('YBX3', 0.0396655778705878)]",2083
STAT1,jaspar__MA0050.2,0.11742983751846381,3.134416915742593,0.000184,1.0,gene is annotated for similar motif hocomoco__STAT1_HUMAN.H11MO.1.A ('STAT1_HUMAN'; q-value = 0.000184),"frozenset({'hg38__refseq-r80__10kb_up_and_down_tss.mc9nr.genes_vs_motifs.rankings', 'activating', 'top50'})","[('LEF1', 0.0514511925850609), ('YBX3', 0.0396655778705878), ('CXCR4', 0.0100710131640867)]",343
STAT1,dbcorrdb__IRF1__ENCSR000EGU_1__m1,0.11612857846240417,3.089735281013794,2.9e-05,1.0,gene is annotated for similar motif hocomoco__STAT1_HUMAN.H11MO.1.A ('STAT1_HUMAN'; q-value = 2.93e-05),"frozenset({'hg38__refseq-r80__10kb_up_and_down_tss.mc9nr.genes_vs_motifs.rankings', 'activating', 'top50'})","[('LEF1', 0.0514511925850609), ('YBX3', 0.0396655778705878), ('CXCR4', 0.0100710131640867), ('CD8A', 0.0733770291991929)]",979
STAT1,dbcorrdb__MAX__ENCSR000EDS_1__m1,0.15196595624956039,4.3202916536799165,2.5e-05,1.0,"motif similar to dbcorrdb__STAT1__ENCSR000DZM_1__m6 ('STAT1 (ENCSR000DZM-1, motif 6)'; q-value = 2.54e-05) which is directly annotated","frozenset({'hg38__refseq-r80__10kb_up_and_down_tss.mc9nr.genes_vs_motifs.rankings', 'activating', 'top50'})","[('PCNA', 0.2388460194593581), ('TYMS', 4.1647888520032605), ('KIAA0101', 5.104685997509026), ('LEF1', 0.0514511925850609), ('CXCR4', 0.0100710131640867)]",501
STAT1,hocomoco__IRF2_HUMAN.H11MO.0.A,0.1841105718506014,5.424048792656204,1.7e-05,1.0,motif similar to hocomoco__STAT1_HUMAN.H11MO.1.A ('STAT1_HUMAN'; q-value = 1.74e-05) which is directly annotated,"frozenset({'hg38__refseq-r80__10kb_up_and_down_tss.mc9nr.genes_vs_motifs.rankings', 'activating', 'top50'})","[('CD63', 0.103099942282985), ('LAMP1', 0.005701918093414), ('MCM2', 5.2177845238022815)]",504
STAT1,hocomoco__IRF1_MOUSE.H11MO.0.A,0.12903566153196877,3.5329287930535065,7e-06,1.0,motif similar to hocomoco__STAT1_HUMAN.H11MO.1.A ('STAT1_HUMAN'; q-value = 6.93e-06) which is directly annotated,"frozenset({'hg38__refseq-r80__10kb_up_and_down_tss.mc9nr.genes_vs_motifs.rankings', 'activating', 'top50'})","[('PCNA', 0.2388460194593581), ('LEF1', 0.0514511925850609)]",34
STAT3,cisbp__M6492,0.08739537173806007,3.051585967736257,0.000598,1.0,"gene is annotated for similar motif cisbp__M4641 ('STAT3[gene ID: ""ENSG00000168610"" species: ""Homo sapiens"" TF status: ""direct"" TF family: ""STAT"" DBDs: ""STAT_bind""]'; q-value = 0.000598)","frozenset({'hg38__refseq-r80__10kb_up_and_down_tss.mc9nr.genes_vs_motifs.rankings', 'activating', 'top50'})","[('BCL11B', 0.640998298277306), ('BTG1', 1.1265148406004373), ('CD63', 0.0327379461152008), ('BIRC3', 1.119099858772114)]",660
STAT3,cisbp__M1882,0.09925697148739984,3.6146370138128496,0.000427,1.0,"gene is annotated for similar motif dbcorrdb__STAT3__ENCSR000DZV_1__m1 ('STAT3 (ENCSR000DZV-1, motif 1)'; q-value = 0.000427)","frozenset({'hg38__refseq-r80__10kb_up_and_down_tss.mc9nr.genes_vs_motifs.rankings', 'activating', 'top50'})","[('IRF8', 0.0232500958465889), ('BIRC3', 1.119099858772114), ('RGS1', 1.6240024966187665), ('GAPDH', 0.2493785264953708), ('CD8A', 0.162349820669487), ('BCL11B', 0.640998298277306), ('THBS1', 0.0138737523274867)]",1206
STAT3,jaspar__MA0050.2,0.1029721140504006,3.790988850885896,0.000403,1.0,"gene is annotated for similar motif dbcorrdb__STAT3__ENCSR000DZV_1__m1 ('STAT3 (ENCSR000DZV-1, motif 1)'; q-value = 0.000403)","frozenset({'hg38__refseq-r80__10kb_up_and_down_tss.mc9nr.genes_vs_motifs.rankings', 'activating', 'top50'})","[('CXCR4', 0.7150406819121359), ('GAPDH', 0.2493785264953708), ('BCL11B', 0.640998298277306), ('CD79A', 0.0007126132751802), ('CD8A', 0.162349820669487), ('CD63', 0.0327379461152008), ('THBS1', 0.0138737523274867)]",1584
STAT3,dbcorrdb__IRF1__ENCSR000EGU_1__m1,0.08786535965265654,3.0738955374864614,0.000288,1.0,"gene is annotated for similar motif dbcorrdb__STAT3__ENCSR000DZV_1__m1 ('STAT3 (ENCSR000DZV-1, motif 1)'; q-value = 0.000288)","frozenset({'hg38__refseq-r80__10kb_up_and_down_tss.mc9nr.genes_vs_motifs.rankings', 'activating', 'top50'})","[('BCL11B', 0.640998298277306), ('LYN', 0.0107642414744374), ('CD63', 0.0327379461152008), ('BIRC3', 1.119099858772114), ('BTG1', 1.1265148406004373), ('TNF', 0.1419730201318257), ('BIN2', 0.1635635317386871), ('STAT3', 1.0), ('CD8A', 0.162349820669487)]",1437
STAT3,hocomoco__IRF1_MOUSE.H11MO.0.A,0.12324873550870596,4.7534874315375815,0.000164,1.0,"gene is annotated for similar motif dbcorrdb__STAT3__ENCSR000DZV_1__m1 ('STAT3 (ENCSR000DZV-1, motif 1)'; q-value = 0.000164)","frozenset({'hg38__refseq-r80__10kb_up_and_down_tss.mc9nr.genes_vs_motifs.rankings', 'activating', 'top50'})","[('CXCR4', 0.7150406819121359), ('BCL11B', 0.640998298277306), ('IRF8', 0.0232500958465889), ('GZMB', 0.0002432071055674)]",617
STAT3,hocomoco__IRF2_HUMAN.H11MO.0.A,0.11669128508124077,4.442215815499012,0.000155,1.0,"gene is annotated for similar motif dbcorrdb__STAT3__ENCSR000DZV_1__m1 ('STAT3 (ENCSR000DZV-1, motif 1)'; q-value = 0.000155)","frozenset({'hg38__refseq-r80__10kb_up_and_down_tss.mc9nr.genes_vs_motifs.rankings', 'activating', 'top50'})","[('MS4A1', 0.0424726988980261), ('IL7R', 0.4948551418046265), ('IRF8', 0.0232500958465889), ('HLA-DRA', 0.0228470044603184)]",585
STAT3,hocomoco__IRF1_HUMAN.H11MO.0.A,0.10294973367351506,3.789926490421601,0.000111,1.0,"gene is annotated for similar motif dbcorrdb__STAT3__ENCSR000DZV_1__m1 ('STAT3 (ENCSR000DZV-1, motif 1)'; q-value = 0.000111)","frozenset({'hg38__refseq-r80__10kb_up_and_down_tss.mc9nr.genes_vs_motifs.rankings', 'activating', 'top50'})","[('BCL11B', 0.640998298277306), ('TNF', 0.1419730201318257), ('RGS1', 1.6240024966187665), ('BTG1', 1.1265148406004373), ('STAT3', 1.0), ('BIRC3', 1.119099858772114)]",1452
STAT3,jaspar__MA0532.1,0.09771272548229712,3.5413341417764634,0.0,0.220779,gene is orthologous to FBgn0016917 in D. melanogaster (identity = 22%) which is directly annotated for motif,"frozenset({'hg38__refseq-r80__10kb_up_and_down_tss.mc9nr.genes_vs_motifs.rankings', 'activating', 'top50'})","[('BTG1', 1.1265148406004373), ('BCL11B', 0.640998298277306), ('STAT3', 1.0), ('BIN2', 0.1635635317386871)]",552
STAT3,cisbp__M2327,0.10053265296987601,3.6751915602776912,0.0,0.220779,gene is orthologous to FBgn0016917 in D. melanogaster (identity = 22%) which is directly annotated for motif,"frozenset({'hg38__refseq-r80__10kb_up_and_down_tss.mc9nr.genes_vs_motifs.rankings', 'activating', 'top50'})","[('BCL11B', 0.640998298277306), ('TNF', 0.1419730201318257), ('BTG1', 1.1265148406004373), ('MS4A1', 0.0424726988980261), ('BIRC3', 1.119099858772114)]",929
STAT3,dbcorrdb__STAT3__ENCSR000DOX_1__m3,0.08878295510496396,3.1174523165225754,0.0,1.0,gene is directly annotated,"frozenset({'hg38__refseq-r80__10kb_up_and_down_tss.mc9nr.genes_vs_motifs.rankings', 'activating', 'top50'})","[('BTG1', 1.1265148406004373), ('CD8A', 0.162349820669487), ('CD5', 0.6391394522722404), ('THBS1', 0.0138737523274867), ('BCL11B', 0.640998298277306), ('RGS1', 1.6240024966187665), ('CXCR4', 0.7150406819121359), ('BIRC3', 1.119099858772114), ('IRF8', 0.0232500958465889), ('CD3E', 0.6916645962861001), ('IL23R', 0.8262534665459152)]",3439
STAT5A,cisbp__M3974,0.14446613209537879,3.264540510696536,1.4e-05,0.301956,motif similar to stark__TTCCSGGAA ('Stat92E'; q-value = 1.4e-05) which is annotated for orthologous gene FBgn0016917 in D. melanogaster (identity = 30%),"frozenset({'hg38__refseq-r80__10kb_up_and_down_tss.mc9nr.genes_vs_motifs.rankings', 'activating', 'top50'})","[('FOXP1', 0.0397279348535657), ('TRIB2', 0.3923256956719908), ('CCND2', 1.1949954420805804), ('FOSB', 0.1794013511731389), ('YBX3', 0.0081917792881852), ('CD63', 0.6648511227618884), ('LAP3', 0.5697059377360912), ('STAT5A', 1.0), ('GAPDH', 1.435545406454701)]",2576
STAT5A,transfac_public__M00225,0.14417598649504115,3.2548933067163124,1.4e-05,0.301956,motif similar to stark__TTCCSGGAA ('Stat92E'; q-value = 1.4e-05) which is annotated for orthologous gene FBgn0016917 in D. melanogaster (identity = 30%),"frozenset({'hg38__refseq-r80__10kb_up_and_down_tss.mc9nr.genes_vs_motifs.rankings', 'activating', 'top50'})","[('CD63', 0.6648511227618884), ('LAMP1', 0.1533358097592043), ('IL18', 1.5906959368832387), ('DUSP1', 0.0144346973976969), ('GAPDH', 1.435545406454701), ('FOXP1', 0.0397279348535657), ('ANXA5', 0.1669353129918785)]",1198
TBX21,hocomoco__BRAC_HUMAN.H11MO.1.B,0.12126462901942961,3.086188993766695,0.000695,0.879245,motif similar to homer__AGGTGTGAAM_Tbet ('Tbet(T-box)/CD8-Tbet-ChIP-Seq(GSE33802)/Homer'; q-value = 0.000695) which is annotated for orthologous gene ENSMUSG00000001444 in M. musculus (identity = 87%),"frozenset({'hg38__refseq-r80__10kb_up_and_down_tss.mc9nr.genes_vs_motifs.rankings', 'activating', 'top50'})","[('TBX21', 1.0), ('RUNX3', 1.5755203247689071), ('KLRB1', 0.7017989023951927), ('CD247', 0.2722326362965514), ('FYN', 0.0460938667496796)]",696
TBX21,transfac_pro__M07900,0.12731507783206453,3.2979642098398085,5e-06,1.0,"motif similar to cisbp__M5890 ('TBX21[gene ID: ""ENSG00000073861"" species: ""Homo sapiens"" TF status: ""direct"" TF family: ""T-box"" DBDs: ""T-box""]; Tbx21[gene ID: ""ENSMUSG00000001444"" species: ""Mus musculus"" TF status: ""inferred"" TF family: ""T-box"" DBDs: ""T-box""]'; q-value = 5.49e-06) which is directly annotated","frozenset({'hg38__refseq-r80__10kb_up_and_down_tss.mc9nr.genes_vs_motifs.rankings', 'activating', 'top50'})","[('JUN', 0.0042071133263945), ('FYN', 0.0460938667496796), ('RUNX3', 1.5755203247689071), ('DUSP1', 0.0487462724987365)]",334
TBX21,hocomoco__TBX21_MOUSE.H11MO.0.A,0.12106578797863879,3.079229244881663,0.0,0.879245,motif is annotated for orthologous gene ENSMUSG00000001444 in M. musculus (identity = 87%),"frozenset({'hg38__refseq-r80__10kb_up_and_down_tss.mc9nr.genes_vs_motifs.rankings', 'activating', 'top50'})","[('DUSP1', 0.0487462724987365), ('BTG1', 0.1584111416490202), ('JUN', 0.0042071133263945), ('FYN', 0.0460938667496796), ('RUNX3', 1.5755203247689071)]",843
EGR1,transfac_pro__M08806,0.10865764326410032,3.698992940021211,0.000925,1.0,"gene is annotated for similar motif taipale_cyt_meth__EGR1_NMCGCCCACGCMN_eDBD_meth ('EGR1 [Znf_C2H2, CpG-meth]'; q-value = 0.000925)","frozenset({'top5perTarget', 'hg38__refseq-r80__10kb_up_and_down_tss.mc9nr.genes_vs_motifs.rankings', 'activating'})","[('JUNB', 2.173308663675324), ('IL6', 0.1514145533043682), ('IL1B', 1.881580420838589), ('CXCL2', 3.8430154438589743), ('S100A12', 3.361553386438753), ('DUSP2', 2.3562180066975578), ('CD69', 1.3979563929987362), ('POU2AF1', 0.347343948896449)]",851
EGR1,cisbp__M0414,0.09821240165194586,3.2062737878235774,0.0,1.0,"gene is annotated for similar motif taipale_cyt_meth__EGR1_NMCGCCCACGCMN_eDBD_meth ('EGR1 [Znf_C2H2, CpG-meth]'; q-value = 2.26e-09)","frozenset({'top5perTarget', 'hg38__refseq-r80__10kb_up_and_down_tss.mc9nr.genes_vs_motifs.rankings', 'activating'})","[('CCL3', 2.17878812734854), ('CCL4', 0.1332372067078334), ('PAX5', 0.1897375298091553), ('FCER1A', 1.3448698776575587), ('PTPRC', 1.252991085464238), ('FAM65B', 0.6576671187253511)]",375
EGR1,transfac_pro__M01873,0.09611732433002743,3.107445559605004,0.0,1.0,gene is directly annotated,"frozenset({'top5perTarget', 'hg38__refseq-r80__10kb_up_and_down_tss.mc9nr.genes_vs_motifs.rankings', 'activating'})","[('PCNA', 0.8379554444647237), ('MCM4', 1.3175119857718676), ('TYMS', 0.097049715835775), ('MYC', 2.9881827857725174), ('PAX5', 0.1897375298091553), ('EGR1', 1.0)]",369
FOSB,transfac_pro__M00916,0.08200667432572897,3.2140647206750432,0.000881,1.0,motif similar to taipale_cyt_meth__FOSB_NRTGACGTCAYN_eDBD ('FOSB [bZIP]'; q-value = 0.000881) which is directly annotated,"frozenset({'top5perTarget', 'hg38__refseq-r80__10kb_up_and_down_tss.mc9nr.genes_vs_motifs.rankings', 'activating'})","[('CCL2', 5.6957685359424), ('ICAM1', 9.400180041862368), ('CD86', 3.229040663884038), ('JUNB', 7.262425913075174), ('TIAF1', 5.388393845593567), ('CCL5', 1.6434175927426438), ('STAT5A', 1.7470127476794994), ('STAT1', 0.9996283687412004), ('S100A12', 9.945981249902886), ('IRF8', 2.5626108549906648), ('DUSP2', 8.291331558558932), ('CD69', 9.004603954855249), ('POU2AF1', 1.3937040280998232), ('CD4', 3.3067720573230344), ('IER3', 10.222137171542794), ('LAT2', 5.012636520097989), ('CD63', 6.0767644802776), ('CTLA4', 2.057210168000688), ('ITGA4', 2.916430200143413), ('FYN', 2.837428222824081), ('HLA-DRA', 6.040937837947307), ('CD74', 3.4585979116769776), ('LYN', 5.410831017612816), ('LGALS1', 3.0356563550818567), ('TLR2', 6.994248116872449), ('CXCL16', 7.162713069685784), ('TRAT1', 2.595436308434953), ('CSF2', 1.9637245815437012)]",3171
FOSB,transfac_pro__M00917,0.07866951146123967,3.012684816193196,0.000852,1.0,motif similar to transfac_pro__M08937 ('V$JUNFOSB_02: C-JUN:FOSB'; q-value = 0.000852) which is directly annotated,"frozenset({'top5perTarget', 'hg38__refseq-r80__10kb_up_and_down_tss.mc9nr.genes_vs_motifs.rankings', 'activating'})","[('CCND2', 2.982011422157035), ('LEF1', 6.313594303887207), ('FOSB', 1.0), ('EGR3', 7.797866617347223), ('DUSP2', 8.291331558558932), ('MYC', 1.9209507625456768), ('LGALS1', 3.0356563550818567), ('STAT5A', 1.7470127476794994), ('CD4', 3.3067720573230344), ('CXCR4', 26.262316827299703), ('JUNB', 7.262425913075174), ('GAPDH', 5.4259366538276375)]",1140
FOSB,cisbp__M0341,0.08065722048981527,3.1326324095730946,0.000788,1.0,gene is annotated for similar motif transfac_pro__M08937 ('V$JUNFOSB_02: C-JUN:FOSB'; q-value = 0.000788),"frozenset({'top5perTarget', 'hg38__refseq-r80__10kb_up_and_down_tss.mc9nr.genes_vs_motifs.rankings', 'activating'})","[('DUSP1', 6.838265272388113), ('BTG1', 31.793865306776624), ('JUN', 4.887521420388917), ('CCND2', 2.982011422157035), ('FOSB', 1.0), ('EGR3', 7.797866617347223), ('CXCL16', 7.162713069685784), ('FYN', 2.837428222824081)]",443
FOSB,taipale_cyt_meth__CREB1_NRTGACGTCAYN_FL,0.08536207305286576,3.416545061793404,0.000632,1.0,motif similar to taipale_cyt_meth__FOSB_NRTGACGTCAYN_eDBD ('FOSB [bZIP]'; q-value = 0.000632) which is directly annotated,"frozenset({'top5perTarget', 'hg38__refseq-r80__10kb_up_and_down_tss.mc9nr.genes_vs_motifs.rankings', 'activating'})","[('CCL2', 5.6957685359424), ('CSF2', 1.9637245815437012), ('JUNB', 7.262425913075174), ('S100A12', 9.945981249902886), ('ICAM1', 9.400180041862368), ('DUSP2', 8.291331558558932), ('CD4', 3.3067720573230344)]",261
FOSB,transfac_pro__M07312,0.08767802760909604,3.5563005146305326,0.000574,1.0,gene is annotated for similar motif taipale_cyt_meth__FOSB_NRTGACGTCAYN_eDBD ('FOSB [bZIP]'; q-value = 0.000574),"frozenset({'top5perTarget', 'hg38__refseq-r80__10kb_up_and_down_tss.mc9nr.genes_vs_motifs.rankings', 'activating'})","[('JUNB', 7.262425913075174), ('ANXA5', 9.639873542898442), ('POU2AF1', 1.3937040280998232), ('IL18', 7.555072051771537), ('FOSB', 1.0), ('DUSP1', 6.838265272388113), ('DUSP2', 8.291331558558932), ('IL23R', 10.513994671780292)]",508
FOSB,cisbp__M0269,0.09427940988748473,3.954658577048177,0.000456,1.0,gene is annotated for similar motif transfac_pro__M08937 ('V$JUNFOSB_02: C-JUN:FOSB'; q-value = 0.000456),"frozenset({'top5perTarget', 'hg38__refseq-r80__10kb_up_and_down_tss.mc9nr.genes_vs_motifs.rankings', 'activating'})","[('MYC', 1.9209507625456768), ('CCND2', 2.982011422157035), ('LEF1', 6.313594303887207), ('EGR3', 7.797866617347223), ('LIPA', 2.1351212686012806), ('EGR1', 10.462417157673617), ('JUN', 4.887521420388917), ('FYN', 2.837428222824081), ('PIK3IP1', 6.120108812702725)]",602
FOSB,transfac_pro__M08930,0.0852161861516859,3.407741568701301,0.000393,1.0,gene is annotated for similar motif transfac_pro__M08937 ('V$JUNFOSB_02: C-JUN:FOSB'; q-value = 0.000393),"frozenset({'top5perTarget', 'hg38__refseq-r80__10kb_up_and_down_tss.mc9nr.genes_vs_motifs.rankings', 'activating'})","[('FYN', 2.837428222824081), ('DUSP1', 6.838265272388113), ('JUN', 4.887521420388917), ('FOSB', 1.0), ('CCND2', 2.982011422157035), ('BTG1', 31.793865306776624), ('TIAF1', 5.388393845593567), ('EGR3', 7.797866617347223), ('KIT', 2.8562745844940998), ('NAMPT', 12.122625536821214), ('CD4', 3.3067720573230344)]",1234
FOSB,dbcorrdb__RCOR1__ENCSR000ECM_1__m1,0.07857833214800226,3.007182633010632,0.000312,1.0,motif similar to hocomoco__FOSB_HUMAN.H11MO.0.A ('FOSB_HUMAN'; q-value = 0.000312) which is directly annotated,"frozenset({'top5perTarget', 'hg38__refseq-r80__10kb_up_and_down_tss.mc9nr.genes_vs_motifs.rankings', 'activating'})","[('CCL2', 5.6957685359424), ('CD86', 3.229040663884038), ('TIAF1', 5.388393845593567), ('STAT1', 0.9996283687412004), ('STAT5A', 1.7470127476794994), ('ICAM1', 9.400180041862368), ('CD69', 9.004603954855249), ('CCL5', 1.6434175927426438), ('IER3', 10.222137171542794), ('CD63', 6.0767644802776), ('S100A12', 9.945981249902886), ('CD4', 3.3067720573230344), ('IRF8', 2.5626108549906648), ('FYN', 2.837428222824081), ('LAT2', 5.012636520097989), ('ITGA4', 2.916430200143413), ('LYN', 5.410831017612816), ('POU2AF1', 1.3937040280998232), ('JUNB', 7.262425913075174), ('DUSP2', 8.291331558558932), ('CD74', 3.4585979116769776)]",1562
FOSB,transfac_pro__M01186,0.08007367288509583,3.097418437204684,0.000161,1.0,motif similar to taipale_cyt_meth__FOSB_NRTGACGTCAYN_eDBD ('FOSB [bZIP]'; q-value = 0.000161) which is directly annotated,"frozenset({'top5perTarget', 'hg38__refseq-r80__10kb_up_and_down_tss.mc9nr.genes_vs_motifs.rankings', 'activating'})","[('DUSP2', 8.291331558558932), ('ICAM1', 9.400180041862368), ('S100A12', 9.945981249902886), ('CCL2', 5.6957685359424), ('CD86', 3.229040663884038), ('JUN', 4.887521420388917), ('IER3', 10.222137171542794), ('STAT5A', 1.7470127476794994), ('CD4', 3.3067720573230344), ('LYN', 5.410831017612816), ('CD69', 9.004603954855249), ('CLEC4E', 11.441883047908911), ('FTH1', 11.851478800579727), ('FYN', 2.837428222824081), ('CSF2', 1.9637245815437012), ('CD63', 6.0767644802776), ('ITGAX', 5.7108571408860165), ('STAT1', 0.9996283687412004), ('TRAT1', 2.595436308434953), ('CTLA4', 2.057210168000688), ('CCL5', 1.6434175927426438), ('TGFBI', 2.182359912302477), ('TLR2', 6.994248116872449), ('PDIA6', 3.370532073499744), ('POU2AF1', 1.3937040280998232), ('EGR1', 10.462417157673617), ('KIT', 2.8562745844940998), ('EGR3', 7.797866617347223), ('IRF8', 2.5626108549906648), ('LAT2', 5.012636520097989), ('JUNB', 7.262425913075174)]",4857
FOSB,taipale_cyt_meth__ATF2_NRTGAYGTMAYN_FL,0.09167168152889472,3.797296138026842,0.000158,1.0,motif similar to taipale_cyt_meth__FOSB_NRTGACGTCAYN_eDBD ('FOSB [bZIP]'; q-value = 0.000158) which is directly annotated,"frozenset({'top5perTarget', 'hg38__refseq-r80__10kb_up_and_down_tss.mc9nr.genes_vs_motifs.rankings', 'activating'})","[('DUSP1', 6.838265272388113), ('JUN', 4.887521420388917), ('FYN', 2.837428222824081), ('EGR3', 7.797866617347223), ('FOSB', 1.0), ('CCND2', 2.982011422157035), ('BTG1', 31.793865306776624)]",209
FOSB,cisbp__M0362,0.08460528475299524,3.370876941378121,0.000148,1.0,motif similar to taipale_cyt_meth__FOSB_NRTGACGTCAYN_eDBD ('FOSB [bZIP]'; q-value = 0.000148) which is directly annotated,"frozenset({'top5perTarget', 'hg38__refseq-r80__10kb_up_and_down_tss.mc9nr.genes_vs_motifs.rankings', 'activating'})","[('DUSP1', 6.838265272388113), ('CCND2', 2.982011422157035), ('BTG1', 31.793865306776624), ('DUSP2', 8.291331558558932), ('FOSB', 1.0), ('EGR3', 7.797866617347223), ('IRF4', 1.3591359979464186), ('EGR1', 10.462417157673617), ('CXCL16', 7.162713069685784), ('JUN', 4.887521420388917), ('NAMPT', 12.122625536821214), ('FYN', 2.837428222824081), ('CD4', 3.3067720573230344), ('JUNB', 7.262425913075174), ('LYN', 5.410831017612816), ('ANXA5', 9.639873542898442)]",1810
FOSB,cisbp__M0275,0.08250816054853474,3.244326728179146,0.000121,1.0,gene is annotated for similar motif transfac_pro__M08937 ('V$JUNFOSB_02: C-JUN:FOSB'; q-value = 0.000121),"frozenset({'top5perTarget', 'hg38__refseq-r80__10kb_up_and_down_tss.mc9nr.genes_vs_motifs.rankings', 'activating'})","[('STAT5A', 1.7470127476794994), ('DUSP2', 8.291331558558932), ('ICAM1', 9.400180041862368), ('CCL2', 5.6957685359424), ('S100A12', 9.945981249902886), ('CD86', 3.229040663884038), ('LAT2', 5.012636520097989), ('CD4', 3.3067720573230344), ('JUNB', 7.262425913075174), ('CD69', 9.004603954855249), ('TRAT1', 2.595436308434953), ('CCL5', 1.6434175927426438), ('CD74', 3.4585979116769776), ('STAT1', 0.9996283687412004), ('IER3', 10.222137171542794), ('FYN', 2.837428222824081), ('LYN', 5.410831017612816), ('ITGA4', 2.916430200143413), ('EGR3', 7.797866617347223), ('HLA-A', 30.27134725382337), ('EGR1', 10.462417157673617)]",2019
FOSB,taipale_cyt_meth__CREM_NRTGACGTCAYN_eDBD,0.08857158487882269,3.6102219098196615,0.000115,1.0,motif similar to taipale_cyt_meth__FOSB_NRTGACGTCAYN_eDBD ('FOSB [bZIP]'; q-value = 0.000115) which is directly annotated,"frozenset({'top5perTarget', 'hg38__refseq-r80__10kb_up_and_down_tss.mc9nr.genes_vs_motifs.rankings', 'activating'})","[('FOSB', 1.0), ('FYN', 2.837428222824081), ('RGS1', 27.632088686800262), ('FOSL1', 2.5504416928043647), ('BTG1', 31.793865306776624), ('CD4', 3.3067720573230344), ('ICAM1', 9.400180041862368), ('STAT5A', 1.7470127476794994)]",576
FOSB,jaspar__MA1070.1,0.08760508415850612,3.5518987680844822,0.000105,1.0,motif similar to taipale_cyt_meth__FOSB_NRTGACGTCAYN_eDBD ('FOSB [bZIP]'; q-value = 0.000105) which is directly annotated,"frozenset({'top5perTarget', 'hg38__refseq-r80__10kb_up_and_down_tss.mc9nr.genes_vs_motifs.rankings', 'activating'})","[('ICAM1', 9.400180041862368), ('DUSP2', 8.291331558558932), ('S100A12', 9.945981249902886), ('CSF2', 1.9637245815437012), ('CCL2', 5.6957685359424), ('STAT5A', 1.7470127476794994), ('CD86', 3.229040663884038), ('CD69', 9.004603954855249), ('IER3', 10.222137171542794)]",565
FOSB,cisbp__M0361,0.07875157284315334,3.0176367810575035,9.7e-05,1.0,motif similar to transfac_pro__M08937 ('V$JUNFOSB_02: C-JUN:FOSB'; q-value = 9.69e-05) which is directly annotated,"frozenset({'top5perTarget', 'hg38__refseq-r80__10kb_up_and_down_tss.mc9nr.genes_vs_motifs.rankings', 'activating'})","[('BTG1', 31.793865306776624), ('EGR3', 7.797866617347223), ('DUSP1', 6.838265272388113), ('FOSB', 1.0), ('CCND2', 2.982011422157035)]",71
FOSB,cisbp__M0259,0.08782391451027591,3.5651040077226357,8.5e-05,1.0,motif similar to taipale_cyt_meth__FOSB_NRTGACGTCAYN_eDBD ('FOSB [bZIP]'; q-value = 8.51e-05) which is directly annotated,"frozenset({'top5perTarget', 'hg38__refseq-r80__10kb_up_and_down_tss.mc9nr.genes_vs_motifs.rankings', 'activating'})","[('CCND2', 2.982011422157035), ('FYN', 2.837428222824081), ('DUSP1', 6.838265272388113), ('FOSB', 1.0), ('BTG1', 31.793865306776624), ('EGR3', 7.797866617347223), ('NAMPT', 12.122625536821214), ('DUSP2', 8.291331558558932), ('JUN', 4.887521420388917)]",741
FOSB,dbcorrdb__JUN__ENCSR000EEK_1__m1,0.1089228075934132,4.838309196167978,7.6e-05,1.0,motif similar to taipale_cyt_meth__FOSB_NRTGACGTCAYN_eDBD ('FOSB [bZIP]'; q-value = 7.57e-05) which is directly annotated,"frozenset({'top5perTarget', 'hg38__refseq-r80__10kb_up_and_down_tss.mc9nr.genes_vs_motifs.rankings', 'activating'})","[('MYC', 1.9209507625456768), ('JUNB', 7.262425913075174), ('CXCR4', 26.262316827299703), ('ICAM1', 9.400180041862368), ('BTG1', 31.793865306776624), ('EGR3', 7.797866617347223), ('CCL5', 1.6434175927426438), ('GAPDH', 5.4259366538276375), ('S100A9', 11.461342559543429), ('CCND2', 2.982011422157035), ('THBS1', 7.298722317894112), ('EGR1', 10.462417157673617), ('IRF4', 1.3591359979464186)]",1210
FOSB,transfac_pro__M01187,0.07877892663712457,3.0192874360122732,6.9e-05,1.0,gene is annotated for similar motif taipale_cyt_meth__FOSB_NRTGACGTCAYN_eDBD ('FOSB [bZIP]'; q-value = 6.94e-05),"frozenset({'top5perTarget', 'hg38__refseq-r80__10kb_up_and_down_tss.mc9nr.genes_vs_motifs.rankings', 'activating'})","[('TIAF1', 5.388393845593567), ('BTG1', 31.793865306776624), ('FYN', 2.837428222824081), ('LEF1', 6.313594303887207), ('RGS1', 27.632088686800262), ('CCL2', 5.6957685359424), ('CD63', 6.0767644802776)]",477
FOSB,transfac_pro__M09521,0.08162372121013184,3.190955551308274,6.7e-05,1.0,gene is annotated for similar motif transfac_pro__M08937 ('V$JUNFOSB_02: C-JUN:FOSB'; q-value = 6.72e-05),"frozenset({'top5perTarget', 'hg38__refseq-r80__10kb_up_and_down_tss.mc9nr.genes_vs_motifs.rankings', 'activating'})","[('DUSP1', 6.838265272388113), ('EGR3', 7.797866617347223), ('CCND2', 2.982011422157035), ('EGR1', 10.462417157673617), ('CXCL16', 7.162713069685784), ('BTG1', 31.793865306776624), ('FYN', 2.837428222824081), ('DUSP2', 8.291331558558932), ('FOSB', 1.0), ('IRF4', 1.3591359979464186)]",844
FOSB,transfac_pro__M07246,0.08811568831263562,3.5827109939068404,6.6e-05,1.0,"motif similar to taipale_cyt_meth__FOSB_NRTGAYGTCAYN_eDBD_meth ('FOSB [bZIP, CpG-meth]'; q-value = 6.64e-05) which is directly annotated","frozenset({'top5perTarget', 'hg38__refseq-r80__10kb_up_and_down_tss.mc9nr.genes_vs_motifs.rankings', 'activating'})","[('ICAM1', 9.400180041862368), ('MYC', 1.9209507625456768), ('EGR3', 7.797866617347223), ('CCND2', 2.982011422157035), ('IRF8', 2.5626108549906648), ('EGR1', 10.462417157673617), ('FYN', 2.837428222824081), ('LEF1', 6.313594303887207), ('CD63', 6.0767644802776), ('STAT5A', 1.7470127476794994), ('JUNB', 7.262425913075174), ('FOSB', 1.0)]",994
FOSB,cisbp__M4571,0.08969309043164286,3.6778987629652002,3.8e-05,1.0,motif similar to taipale_cyt_meth__FOSB_NRTGACGTCAYN_eDBD ('FOSB [bZIP]'; q-value = 3.78e-05) which is directly annotated,"frozenset({'top5perTarget', 'hg38__refseq-r80__10kb_up_and_down_tss.mc9nr.genes_vs_motifs.rankings', 'activating'})","[('CCND2', 2.982011422157035), ('JUNB', 7.262425913075174), ('EGR3', 7.797866617347223), ('LEF1', 6.313594303887207), ('FOSB', 1.0), ('GAPDH', 5.4259366538276375), ('CXCR4', 26.262316827299703), ('LGALS1', 3.0356563550818567), ('STAT5A', 1.7470127476794994)]",848
FOSB,taipale_cyt_meth__CREB5_NRTGAYGTCAYN_eDBD,0.08477852544814632,3.381331089424993,5e-06,1.0,motif similar to taipale_cyt_meth__FOSB_NRTGACGTCAYN_eDBD ('FOSB [bZIP]'; q-value = 5.42e-06) which is directly annotated,"frozenset({'top5perTarget', 'hg38__refseq-r80__10kb_up_and_down_tss.mc9nr.genes_vs_motifs.rankings', 'activating'})","[('STAT5A', 1.7470127476794994), ('ICAM1', 9.400180041862368), ('CCL2', 5.6957685359424), ('DUSP2', 8.291331558558932), ('CD86', 3.229040663884038), ('CCL5', 1.6434175927426438), ('IER3', 10.222137171542794), ('CD69', 9.004603954855249), ('S100A12', 9.945981249902886), ('TRAT1', 2.595436308434953)]",536
FOSB,cisbp__M0309,0.0793168845852253,3.0517503167894016,2e-06,1.0,motif similar to transfac_pro__M08937 ('V$JUNFOSB_02: C-JUN:FOSB'; q-value = 2.3e-06) which is directly annotated,"frozenset({'top5perTarget', 'hg38__refseq-r80__10kb_up_and_down_tss.mc9nr.genes_vs_motifs.rankings', 'activating'})","[('DUSP2', 8.291331558558932), ('EGR3', 7.797866617347223), ('CD86', 3.229040663884038), ('CD63', 6.0767644802776), ('CD4', 3.3067720573230344), ('ICAM1', 9.400180041862368), ('S100A12', 9.945981249902886), ('IER3', 10.222137171542794), ('EGR1', 10.462417157673617), ('LYN', 5.410831017612816), ('STAT5A', 1.7470127476794994), ('PIK3IP1', 6.120108812702725), ('RGS1', 27.632088686800262), ('JUNB', 7.262425913075174), ('IRF8', 2.5626108549906648), ('LAT2', 5.012636520097989), ('TRAT1', 2.595436308434953), ('JUN', 4.887521420388917), ('CCL5', 1.6434175927426438), ('CD69', 9.004603954855249), ('CSF2', 1.9637245815437012), ('LGALS1', 3.0356563550818567), ('GAPDH', 5.4259366538276375)]",3536
FOSB,dbcorrdb__ATF1__ENCSR000DNZ_1__m1,0.08774185312836223,3.5601520428583275,1e-06,1.0,motif similar to taipale_cyt_meth__FOSB_NRTGACGTCAYN_eDBD ('FOSB [bZIP]'; q-value = 7.13e-07) which is directly annotated,"frozenset({'top5perTarget', 'hg38__refseq-r80__10kb_up_and_down_tss.mc9nr.genes_vs_motifs.rankings', 'activating'})","[('EGR1', 10.462417157673617), ('EGR3', 7.797866617347223), ('DUSP2', 8.291331558558932), ('FOSB', 1.0), ('POU2AF1', 1.3937040280998232), ('TLR2', 6.994248116872449), ('TRAT1', 2.595436308434953), ('IER3', 10.222137171542794), ('JUNB', 7.262425913075174), ('THBS1', 7.298722317894112), ('LEF1', 6.313594303887207)]",1154
FOSB,transfac_pro__M08947,0.09659536444371501,4.094414029885306,1e-06,1.0,motif similar to transfac_pro__M08937 ('V$JUNFOSB_02: C-JUN:FOSB'; q-value = 1.18e-06) which is directly annotated,"frozenset({'top5perTarget', 'hg38__refseq-r80__10kb_up_and_down_tss.mc9nr.genes_vs_motifs.rankings', 'activating'})","[('DUSP1', 6.838265272388113), ('JUN', 4.887521420388917), ('CCND2', 2.982011422157035), ('NAMPT', 12.122625536821214), ('AQP9', 5.403789888920939), ('FOSB', 1.0), ('CD4', 3.3067720573230344), ('FYN', 2.837428222824081), ('DUSP2', 8.291331558558932), ('STAT5A', 1.7470127476794994)]",611
FOSB,hocomoco__CREB5_HUMAN.H11MO.0.D,0.08054780531393038,3.1260297897540177,1e-06,1.0,motif similar to transfac_pro__M08937 ('V$JUNFOSB_02: C-JUN:FOSB'; q-value = 7.54e-07) which is directly annotated,"frozenset({'top5perTarget', 'hg38__refseq-r80__10kb_up_and_down_tss.mc9nr.genes_vs_motifs.rankings', 'activating'})","[('EGR1', 10.462417157673617), ('EGR3', 7.797866617347223), ('FOSB', 1.0), ('JUNB', 7.262425913075174), ('TLR2', 6.994248116872449), ('LEF1', 6.313594303887207), ('KIT', 2.8562745844940998), ('DUSP2', 8.291331558558932), ('THBS1', 7.298722317894112), ('TRAT1', 2.595436308434953)]",899
FOSB,dbcorrdb__ATF2__ENCSR000BQU_1__m1,0.08995751044003136,3.693855094194636,1e-06,1.0,motif similar to taipale_cyt_meth__FOSB_NRTGACGTCAYN_eDBD ('FOSB [bZIP]'; q-value = 7.21e-07) which is directly annotated,"frozenset({'top5perTarget', 'hg38__refseq-r80__10kb_up_and_down_tss.mc9nr.genes_vs_motifs.rankings', 'activating'})","[('CD69', 9.004603954855249), ('CCL2', 5.6957685359424), ('STAT5A', 1.7470127476794994), ('CD86', 3.229040663884038), ('IL23R', 10.513994671780292), ('TNFSF13B', 4.825174314420416), ('STAT1', 0.9996283687412004), ('FTH1', 11.851478800579727), ('S100A12', 9.945981249902886), ('PTPRC', 11.47446315455502), ('IER3', 10.222137171542794)]",918
FOSB,taipale_cyt_meth__ATF2_NRTGAYGTCAYN_eDBD,0.08775097105968598,3.560702261176584,1e-06,1.0,motif similar to taipale_cyt_meth__FOSB_NRTGACGTCAYN_eDBD ('FOSB [bZIP]'; q-value = 1.1e-06) which is directly annotated,"frozenset({'top5perTarget', 'hg38__refseq-r80__10kb_up_and_down_tss.mc9nr.genes_vs_motifs.rankings', 'activating'})","[('CD69', 9.004603954855249), ('DUSP2', 8.291331558558932), ('CD4', 3.3067720573230344), ('JUNB', 7.262425913075174), ('S100A12', 9.945981249902886), ('CCL5', 1.6434175927426438), ('FYN', 2.837428222824081), ('STAT1', 0.9996283687412004), ('TRAT1', 2.595436308434953)]",472
FOSB,taipale_cyt_meth__XBP1_NRTGACGTCAYN_FL,0.08169666466072177,3.195357297854325,0.0,1.0,motif similar to taipale_cyt_meth__FOSB_NRTGACGTCAYN_eDBD ('FOSB [bZIP]'; q-value = 4.1e-07) which is directly annotated,"frozenset({'top5perTarget', 'hg38__refseq-r80__10kb_up_and_down_tss.mc9nr.genes_vs_motifs.rankings', 'activating'})","[('EGR1', 10.462417157673617), ('EGR3', 7.797866617347223), ('FOSL1', 2.5504416928043647), ('DUSP2', 8.291331558558932), ('FOSB', 1.0), ('JUNB', 7.262425913075174), ('ITGA4', 2.916430200143413), ('CD4', 3.3067720573230344), ('CD63', 6.0767644802776), ('FYN', 2.837428222824081), ('LYN', 5.410831017612816), ('POU2AF1', 1.3937040280998232)]",1255
FOSB,dbcorrdb__BCL3__ENCSR000BQH_1__m2,0.07863303973594471,3.0104839429201706,0.0,1.0,motif similar to hocomoco__FOSB_HUMAN.H11MO.0.A ('FOSB_HUMAN'; q-value = 4.24e-07) which is directly annotated,"frozenset({'top5perTarget', 'hg38__refseq-r80__10kb_up_and_down_tss.mc9nr.genes_vs_motifs.rankings', 'activating'})","[('EGR1', 10.462417157673617), ('EGR3', 7.797866617347223), ('FOSB', 1.0), ('THBS1', 7.298722317894112), ('JUNB', 7.262425913075174), ('POU2AF1', 1.3937040280998232), ('IL18RAP', 1.745873154046814), ('DUSP2', 8.291331558558932), ('CLEC4E', 11.441883047908911)]",630
FOSB,transfac_pro__M08915,0.08489705855535497,3.3884839275623273,0.0,1.0,motif similar to taipale_cyt_meth__FOSB_NRTGACGTCAYN_eDBD ('FOSB [bZIP]'; q-value = 1.25e-07) which is directly annotated,"frozenset({'top5perTarget', 'hg38__refseq-r80__10kb_up_and_down_tss.mc9nr.genes_vs_motifs.rankings', 'activating'})","[('CCND2', 2.982011422157035), ('EGR1', 10.462417157673617), ('MYC', 1.9209507625456768), ('CD1C', 1.5723169616936896), ('CXCR4', 26.262316827299703), ('DUSP2', 8.291331558558932), ('PDIA6', 3.370532073499744), ('CXCL16', 7.162713069685784), ('FYN', 2.837428222824081), ('LGALS1', 3.0356563550818567), ('ITGA4', 2.916430200143413), ('ITGAX', 5.7108571408860165), ('FCER1G', 7.001469306136787), ('BTG1', 31.793865306776624)]",1309
FOSB,hocomoco__FOSB_HUMAN.H11MO.0.A,0.07862392180462097,3.0099337246019138,0.0,1.0,gene is directly annotated,"frozenset({'top5perTarget', 'hg38__refseq-r80__10kb_up_and_down_tss.mc9nr.genes_vs_motifs.rankings', 'activating'})","[('CCND2', 2.982011422157035), ('JUNB', 7.262425913075174), ('FOSB', 1.0), ('LEF1', 6.313594303887207), ('CXCR4', 26.262316827299703), ('STAT5A', 1.7470127476794994), ('EGR3', 7.797866617347223), ('CD63', 6.0767644802776), ('EGR1', 10.462417157673617), ('LGALS1', 3.0356563550818567), ('GAPDH', 5.4259366538276375), ('CD4', 3.3067720573230344)]",1271
FOXP1,jaspar__MA0929.1,0.12765594818770595,3.253324178778968,0.00064,0.113997,gene is orthologous to YIL131C in S. cerevisiae (identity = 11%) which is annotated for similar motif swissregulon__sacCer__FKH1 ('sacCer__FKH1'; q-value = 0.00064),"frozenset({'top5perTarget', 'hg38__refseq-r80__10kb_up_and_down_tss.mc9nr.genes_vs_motifs.rankings', 'activating'})","[('BCL11B', 4.441389382260832), ('CXCR4', 8.747677155199435), ('STAT5A', 0.8843627283071335), ('BACH2', 5.7034759084405335), ('FOXP1', 1.0)]",254
FOXP1,cisbp__M0743,0.12737188955800477,3.2420892815036355,0.00064,0.113997,gene is orthologous to YIL131C in S. cerevisiae (identity = 11%) which is annotated for similar motif swissregulon__sacCer__FKH1 ('sacCer__FKH1'; q-value = 0.00064),"frozenset({'top5perTarget', 'hg38__refseq-r80__10kb_up_and_down_tss.mc9nr.genes_vs_motifs.rankings', 'activating'})","[('PRDM1', 0.5401966848204214), ('FOXP1', 1.0), ('BCL11B', 4.441389382260832), ('LEF1', 3.1880430455265096), ('CXCR4', 8.747677155199435), ('FAM65B', 1.7873748126758828)]",585
FOXP1,jaspar__MA0852.1,0.12275120251486574,3.0593349524915627,1.8e-05,1.0,"motif similar to cisbp__M0717 ('FOXP1[gene ID: ""ENSG00000114861"" species: ""Homo sapiens"" TF status: ""direct"" TF family: ""Forkhead"" DBDs: ""Fork_head""]; FOXP4[gene ID: ""ENSG00000137166"" species: ""Homo sapiens"" TF status: ""inferred"" TF family: ""Forkhead"" DBDs: ""Fork_head""]; Foxp3[gene ID: ""ENSMUSG00000039521"" species: ""Mus musculus"" TF status: ""inferred"" TF family: ""Forkhead"" DBDs: ""Fork_head""]; Foxp4[gene ID: ""ENSMUSG00000023991"" species: ""Mus musculus"" TF status: ""inferred"" TF family: ""Forkhead"" DBDs: ""Fork_head""]'; q-value = 1.81e-05) which is directly annotated","frozenset({'top5perTarget', 'hg38__refseq-r80__10kb_up_and_down_tss.mc9nr.genes_vs_motifs.rankings', 'activating'})","[('FOXP1', 1.0), ('CBLB', 3.5788945042277467), ('BCL11B', 4.441389382260832), ('PRDM1', 0.5401966848204214), ('STAT5A', 0.8843627283071335)]",204
IRF4,taipale_cyt_meth__SPIB_RAWWGMGGAAGTN_FL,0.10881339241752831,3.5725227546011173,6e-05,1.0,motif similar to hocomoco__IRF4_HUMAN.H11MO.0.A ('IRF4_HUMAN'; q-value = 6.04e-05) which is directly annotated,"frozenset({'top5perTarget', 'hg38__refseq-r80__10kb_up_and_down_tss.mc9nr.genes_vs_motifs.rankings', 'activating'})","[('IKZF1', 0.1292254202104535), ('TGFBI', 7.167098447430716), ('CD4', 7.796239954439715), ('IRF8', 8.58730197970342), ('PRF1', 0.2385631091397126), ('CD247', 0.0510189204201258), ('MS4A1', 1.7065838178070547), ('GZMB', 3.3312372634739176), ('CD74', 1.0527512071173144)]",4181
IRF4,taipale_cyt_meth__SPIB_RAWWGRGGAAGTN_FL_meth,0.11130600689315608,3.677324424200885,4e-06,1.0,motif similar to hocomoco__IRF4_HUMAN.H11MO.0.A ('IRF4_HUMAN'; q-value = 3.78e-06) which is directly annotated,"frozenset({'top5perTarget', 'hg38__refseq-r80__10kb_up_and_down_tss.mc9nr.genes_vs_motifs.rankings', 'activating'})","[('ICAM1', 0.6338167953671242), ('BCL2A1', 0.0436478961180722), ('IRF8', 8.58730197970342), ('CD4', 7.796239954439715)]",1009
IRF8,tfdimers__MD00302,0.10891969920773466,4.116291250450227,0.0,1.0,gene is directly annotated,"frozenset({'top5perTarget', 'hg38__refseq-r80__10kb_up_and_down_tss.mc9nr.genes_vs_motifs.rankings', 'activating'})","[('NINJ2', 0.6970872643376612), ('CD4', 2.228887856191343), ('C10orf54', 0.2123345571162312), ('TCF4', 15.254893808136444), ('ARL4C', 0.7058952205611674), ('HAVCR2', 1.3946842313386092)]",794
JUN,cisbp__M6180,0.11277852855212295,3.478179451103558,0.000416,1.0,"gene is annotated for similar motif dbcorrdb__JUN__ENCSR000EGH_1__m2 ('JUN (ENCSR000EGH-1, motif 2)'; q-value = 0.000416)","frozenset({'top5perTarget', 'hg38__refseq-r80__10kb_up_and_down_tss.mc9nr.genes_vs_motifs.rankings', 'activating'})","[('EGR3', 0.6262683178493476), ('BACH2', 2.49749157664123), ('CD44', 1.62000217180062), ('CD36', 0.691997333129158), ('FOSB', 25.19522169227828), ('FAM65B', 2.134133583847081), ('IKZF1', 1.2436869870540177)]",866
JUN,cisbp__M0269,0.1065401175398347,3.1960116919599857,0.000316,1.0,motif similar to taipale_cyt_meth__JUN_NATGACGTCAYN_FL ('JUN [bZIP]'; q-value = 0.000316) which is directly annotated,"frozenset({'top5perTarget', 'hg38__refseq-r80__10kb_up_and_down_tss.mc9nr.genes_vs_motifs.rankings', 'activating'})","[('ICAM1', 0.8388920080971131), ('JUNB', 2.531311345467063), ('BIRC3', 2.222933757885588), ('TIAF1', 5.13427026469697), ('CCL5', 1.2778005711814258), ('STAT5A', 4.500617518447674), ('CXCL5', 1.1589340254167226), ('CD69', 5.097395061742794), ('LAT2', 1.37706515645048), ('CD63', 1.03839629944796), ('ITGA4', 2.5964953063011924), ('CD36', 0.691997333129158), ('FAM65B', 2.134133583847081), ('CST7', 1.407338651794651), ('TLR2', 0.6986953238473539), ('ADA', 2.249671779355988), ('BACH2', 2.49749157664123)]",2833
JUN,taipale_cyt_meth__CREM_NRTGACGTCAYN_eDBD,0.11477419152078946,3.56844470402858,0.000181,1.0,motif similar to swissregulon__hs__JUN.p2 ('hs__JUN.p2'; q-value = 0.000181) which is directly annotated,"frozenset({'top5perTarget', 'hg38__refseq-r80__10kb_up_and_down_tss.mc9nr.genes_vs_motifs.rankings', 'activating'})","[('BAX', 1.8003214020601916), ('CD63', 1.03839629944796), ('DUSP1', 4.496651575044924), ('LAMP1', 2.289344100246005), ('IL18', 1.1184482803239402), ('ADA', 2.249671779355988), ('FAM65B', 2.134133583847081), ('GAPDH', 3.5579639804050918), ('JUN', 1.0)]",1239
JUN,dbcorrdb__JUND__ENCSR000BGK_1__m1,0.10850435274521512,3.2848554448389446,0.0,1.0,"motif similar to dbcorrdb__JUN__ENCSR000EFS_1__m1 ('JUN (ENCSR000EFS-1, motif 1)'; q-value = 7.11e-10) which is directly annotated","frozenset({'top5perTarget', 'hg38__refseq-r80__10kb_up_and_down_tss.mc9nr.genes_vs_motifs.rankings', 'activating'})","[('PCNA', 3.012834411935223), ('GAPDH', 3.5579639804050918), ('IKZF1', 1.2436869870540177), ('MCM4', 0.1927658638634025), ('JUNB', 2.531311345467063), ('EGR3', 0.6262683178493476)]",549
JUNB,cisbp__M6180,0.1254769817823732,3.254040132720364,0.000701,1.0,gene is annotated for similar motif transfac_pro__M08945 ('V$JUNBFOS_03: JUNB:C-FOS'; q-value = 0.000701),"frozenset({'top5perTarget', 'hg38__refseq-r80__10kb_up_and_down_tss.mc9nr.genes_vs_motifs.rankings', 'activating'})","[('DUSP1', 5.755738647487208), ('CD44', 1.7126481502622188), ('BIN2', 1.9511275972216424), ('BACH2', 1.35258088044004), ('FOXP1', 2.3297113780042955), ('KIAA0101', 0.0269401125099336), ('RORA', 1.2533028283065089), ('FYB', 2.4832112727526567), ('FAM65B', 0.9266004602327332), ('MYC', 3.55401118482114), ('ZBTB16', 0.5149459329456282)]",1243
JUNB,cisbp__M0269,0.12369214672575086,3.180320020769771,0.000316,1.0,motif similar to transfac_pro__M08945 ('V$JUNBFOS_03: JUNB:C-FOS'; q-value = 0.000316) which is directly annotated,"frozenset({'top5perTarget', 'hg38__refseq-r80__10kb_up_and_down_tss.mc9nr.genes_vs_motifs.rankings', 'activating'})","[('DUSP1', 5.755738647487208), ('BAX', 3.667085245346851), ('MYC', 3.55401118482114), ('ANXA5', 0.6473136981882223), ('LAMP1', 2.665818093261493), ('FOXP1', 2.3297113780042955), ('EGR3', 0.5820185140038524), ('DUSP2', 2.578312594950048)]",756
JUNB,cisbp__M0341,0.12255354505169867,3.1332916734909446,0.00016,1.0,motif similar to transfac_pro__M08927 ('V$JUNB_03: JUNB'; q-value = 0.00016) which is directly annotated,"frozenset({'top5perTarget', 'hg38__refseq-r80__10kb_up_and_down_tss.mc9nr.genes_vs_motifs.rankings', 'activating'})","[('LEF1', 5.944317802560026), ('FOSB', 26.95182739384448), ('RORA', 1.2533028283065089), ('FOXP1', 2.3297113780042955), ('EGR3', 0.5820185140038524), ('DUSP2', 2.578312594950048), ('MYC', 3.55401118482114), ('FAM65B', 0.9266004602327332)]",811
JUNB,taipale_cyt_meth__CREM_NRTGACGTCAYN_eDBD,0.1283234859675037,3.37161100091743,4.8e-05,1.0,motif similar to transfac_pro__M08921 ('V$JUNBFOSB_02: JUNB:FOSB'; q-value = 4.84e-05) which is directly annotated,"frozenset({'top5perTarget', 'hg38__refseq-r80__10kb_up_and_down_tss.mc9nr.genes_vs_motifs.rankings', 'activating'})","[('DOCK8', 1.543522033176968), ('JUNB', 1.0), ('LEF1', 5.944317802560026), ('STAT4', 0.6127586910266275), ('EGR3', 0.5820185140038524), ('GZMK', 0.1582335199301822), ('FOXP1', 2.3297113780042955), ('FAM65B', 0.9266004602327332), ('C10orf54', 2.5099541233413225), ('PTPRC', 4.198650078593467), ('FYB', 2.4832112727526567), ('MYC', 3.55401118482114), ('ZBTB16', 0.5149459329456282)]",1374
JUNB,transfac_pro__M08934,0.12644633185622847,3.294077779728014,2.8e-05,1.0,gene is annotated for similar motif transfac_pro__M08925 ('V$JUNBFOS_01: JUNB:C-FOS'; q-value = 2.83e-05),"frozenset({'top5perTarget', 'hg38__refseq-r80__10kb_up_and_down_tss.mc9nr.genes_vs_motifs.rankings', 'activating'})","[('RORA', 1.2533028283065089), ('EGR3', 0.5820185140038524), ('FOXP1', 2.3297113780042955), ('JUN', 4.172183500914485), ('BACH2', 1.35258088044004), ('ZBTB16', 0.5149459329456282), ('FAM65B', 0.9266004602327332)]",294
JUNB,cisbp__M0361,0.12352289512555391,3.1733293204985937,1.3e-05,1.0,motif similar to transfac_pro__M08927 ('V$JUNB_03: JUNB'; q-value = 1.3e-05) which is directly annotated,"frozenset({'top5perTarget', 'hg38__refseq-r80__10kb_up_and_down_tss.mc9nr.genes_vs_motifs.rankings', 'activating'})","[('BACH2', 1.35258088044004), ('EGR1', 5.241951660171043), ('FOXP1', 2.3297113780042955), ('FAM65B', 0.9266004602327332), ('MYC', 3.55401118482114), ('SELL', 2.402324136922572), ('RORA', 1.2533028283065089), ('FOSB', 26.95182739384448), ('IFNGR1', 1.132903126120285)]",797
JUNB,cisbp__M6038,0.12918513047759725,3.407200020479785,5e-06,1.0,gene is annotated for similar motif transfac_pro__M08925 ('V$JUNBFOS_01: JUNB:C-FOS'; q-value = 5.25e-06),"frozenset({'top5perTarget', 'hg38__refseq-r80__10kb_up_and_down_tss.mc9nr.genes_vs_motifs.rankings', 'activating'})","[('FOXP1', 2.3297113780042955), ('TYMS', 0.144304360655724), ('KIAA0101', 0.0269401125099336), ('MYC', 3.55401118482114), ('LEF1', 5.944317802560026), ('EGR1', 5.241951660171043), ('BACH2', 1.35258088044004)]",534
JUNB,cisbp__M5587,0.12026095519448547,3.038599460726821,5e-06,1.0,gene is annotated for similar motif transfac_pro__M08925 ('V$JUNBFOS_01: JUNB:C-FOS'; q-value = 5.25e-06),"frozenset({'top5perTarget', 'hg38__refseq-r80__10kb_up_and_down_tss.mc9nr.genes_vs_motifs.rankings', 'activating'})","[('EGR1', 5.241951660171043), ('ZBTB16', 0.5149459329456282), ('EGR3', 0.5820185140038524), ('FAM65B', 0.9266004602327332), ('JUNB', 1.0), ('LEF1', 5.944317802560026), ('FOXP1', 2.3297113780042955), ('FOSB', 26.95182739384448), ('RORA', 1.2533028283065089), ('GZMK', 0.1582335199301822), ('C10orf54', 2.5099541233413225)]",864
MYC,dbcorrdb__POLR2A__ENCSR000EZQ_1__m3,0.1157274115614751,3.1501426984158445,0.001,1.0,"gene is annotated for similar motif dbcorrdb__MYC__ENCSR000DMQ_1__m1 ('MYC (ENCSR000DMQ-1, motif 1)'; q-value = 0.001)","frozenset({'top5perTarget', 'hg38__refseq-r80__10kb_up_and_down_tss.mc9nr.genes_vs_motifs.rankings', 'activating'})","[('TRIB2', 1.9922205978293897), ('FOXP1', 0.980678339291446), ('EGR3', 1.8973272801947028), ('IKZF1', 0.6035256518215218), ('MYC', 1.0), ('JUN', 2.0092581749730782), ('PCNA', 3.055969126768958), ('BCL6', 0.8732363115737566), ('LEF1', 3.848866209634302)]",637
MYC,transfac_pro__M07414,0.11418771749743384,3.0806884641046137,0.000878,1.0,"gene is annotated for similar motif dbcorrdb__MYC__ENCSR000DOM_1__m3 ('MYC (ENCSR000DOM-1, motif 3)'; q-value = 0.000878)","frozenset({'top5perTarget', 'hg38__refseq-r80__10kb_up_and_down_tss.mc9nr.genes_vs_motifs.rankings', 'activating'})","[('BAX', 3.492843346559636), ('MYC', 1.0), ('BCL6', 0.8732363115737566), ('GNAI2', 1.2928835070727476), ('FOXP1', 0.980678339291446), ('EGR3', 1.8973272801947028), ('TRIB2', 1.9922205978293897), ('MCM2', 4.633717932922991), ('DUSP2', 1.0676204542792618), ('SELPLG', 0.5222245545577839), ('CNOT2', 0.5833356534128584), ('KCNE3', 8.599047188233671), ('RPN2', 2.244596954156155), ('IL6', 0.176242586687851), ('NINJ2', 0.6425787026680441), ('PCNA', 3.055969126768958), ('CD36', 4.249563436566201)]",2849
MYC,dbcorrdb__E2F6__ENCSR000BLI_1__m1,0.132313546804196,3.898328555833574,0.000489,1.0,"gene is annotated for similar motif dbcorrdb__MYC__ENCSR000DLR_1__m1 ('MYC (ENCSR000DLR-1, motif 1)'; q-value = 0.000489)","frozenset({'top5perTarget', 'hg38__refseq-r80__10kb_up_and_down_tss.mc9nr.genes_vs_motifs.rankings', 'activating'})","[('BCL6', 0.8732363115737566), ('GNAI2', 1.2928835070727476), ('FOXP1', 0.980678339291446), ('JUN', 2.0092581749730782), ('JUNB', 2.1258968142070107), ('FOSB', 7.802748850498327), ('EGR3', 1.8973272801947028), ('ICOS', 2.5561170677884792), ('IKZF1', 0.6035256518215218), ('FOXO1', 2.81380342063384), ('EGR1', 2.5041282228257256), ('MYC', 1.0), ('CD9', 17.668216475170944), ('NINJ2', 0.6425787026680441)]",1100
MYC,dbcorrdb__ESRRA__ENCSR000DYQ_1__m5,0.11526425155847082,3.129249961265312,5e-06,1.0,"motif similar to dbcorrdb__MYC__ENCSR000DMM_1__m1 ('MYC (ENCSR000DMM-1, motif 1)'; q-value = 5.08e-06) which is directly annotated","frozenset({'top5perTarget', 'hg38__refseq-r80__10kb_up_and_down_tss.mc9nr.genes_vs_motifs.rankings', 'activating'})","[('PCNA', 3.055969126768958), ('FOXP1', 0.980678339291446), ('TYMS', 5.019859988925316), ('IKZF1', 0.6035256518215218), ('MYC', 1.0), ('LEF1', 3.848866209634302), ('EGR1', 2.5041282228257256)]",369
MYC,dbcorrdb__ATF3__ENCSR000BKE_1__m1,0.11818090779360589,3.260817738456505,1e-06,1.0,"gene is annotated for similar motif dbcorrdb__MYC__ENCSR000DLZ_1__m1 ('MYC (ENCSR000DLZ-1, motif 1)'; q-value = 5.61e-07)","frozenset({'top5perTarget', 'hg38__refseq-r80__10kb_up_and_down_tss.mc9nr.genes_vs_motifs.rankings', 'activating'})","[('PCNA', 3.055969126768958), ('GAPDH', 2.670793533039198), ('IKZF1', 0.6035256518215218), ('MCM2', 4.633717932922991), ('MYC', 1.0), ('BCL6', 0.8732363115737566), ('JUNB', 2.1258968142070107), ('EGR3', 1.8973272801947028), ('LEF1', 3.848866209634302)]",584
RUNX3,transfac_pro__M01854,0.10360344886812545,3.108199473660329,0.0,1.0,gene is directly annotated,"frozenset({'top5perTarget', 'hg38__refseq-r80__10kb_up_and_down_tss.mc9nr.genes_vs_motifs.rankings', 'activating'})","[('CD38', 0.5109123838072221), ('CXCR4', 17.94826753228145), ('FYN', 7.761294264397453), ('TCF4', 0.7361647144361116), ('RUNX3', 1.0), ('LAP3', 4.532596436083233), ('IL18RAP', 9.72676848163027), ('LIPA', 3.649547075315748), ('SELPLG', 6.917814815958706), ('CNOT2', 8.164733423771606)]",1729
STAT4,cisbp__M3986,0.1309347963705423,4.386984955641287,0.000554,1.0,"motif similar to swissregulon__hs__STAT2_4_6.p2 ('hs__STAT2,4,6.p2'; q-value = 0.000554) which is directly annotated","frozenset({'top5perTarget', 'hg38__refseq-r80__10kb_up_and_down_tss.mc9nr.genes_vs_motifs.rankings', 'activating'})","[('CD7', 0.9797124404021444), ('ITGB2', 0.1377758852858299), ('IRF8', 0.4252468932297024)]",745
STAT4,transfac_public__M00460,0.1298093831328691,4.342809991860975,0.000352,1.0,"motif similar to swissregulon__hs__STAT2_4_6.p2 ('hs__STAT2,4,6.p2'; q-value = 0.000352) which is directly annotated","frozenset({'top5perTarget', 'hg38__refseq-r80__10kb_up_and_down_tss.mc9nr.genes_vs_motifs.rankings', 'activating'})","[('AQP9', 0.6027411082859839), ('BIN2', 0.3812946492886254), ('ITGB2', 0.1377758852858299), ('THBS1', 0.2578436321573623), ('IL1B', 0.0980039945440251)]",1532
STAT4,cisbp__M3985,0.11637476260814518,3.8154713617334886,0.000261,0.212714,"motif similar to cisbp__M2327 ('STAT92E[gene ID: ""FBgn0016917"" species: ""Drosophila melanogaster"" TF status: ""direct"" TF family: ""STAT"" DBDs: ""STAT_bind""]'; q-value = 0.000261) which is annotated for orthologous gene FBgn0016917 in D. melanogaster (identity = 21%)","frozenset({'top5perTarget', 'hg38__refseq-r80__10kb_up_and_down_tss.mc9nr.genes_vs_motifs.rankings', 'activating'})","[('AQP9', 0.6027411082859839), ('BIN2', 0.3812946492886254), ('ITGB2', 0.1377758852858299), ('IL1B', 0.0980039945440251), ('THBS1', 0.2578436321573623)]",1385
STAT4,neph__UW.Motif.0411,0.12312724203418443,4.080521144415366,0.000221,0.947861,"gene is orthologous to ENSMUSG00000062939 in M. musculus (identity = 94%) which is annotated for similar motif cisbp__M2315 ('Stat4[gene ID: ""ENSMUSG00000062939"" species: ""Mus musculus"" TF status: ""direct"" TF family: ""STAT"" DBDs: ""STAT_bind""]'; q-value = 0.000221)","frozenset({'top5perTarget', 'hg38__refseq-r80__10kb_up_and_down_tss.mc9nr.genes_vs_motifs.rankings', 'activating'})","[('THBS1', 0.2578436321573623), ('BIN2', 0.3812946492886254), ('ITGB2', 0.1377758852858299)]",413
STAT4,transfac_public__M00457,0.11595273264401773,3.7989057503158716,0.000179,0.212714,"motif similar to cisbp__M2327 ('STAT92E[gene ID: ""FBgn0016917"" species: ""Drosophila melanogaster"" TF status: ""direct"" TF family: ""STAT"" DBDs: ""STAT_bind""]'; q-value = 0.000179) which is annotated for orthologous gene FBgn0016917 in D. melanogaster (identity = 21%)","frozenset({'top5perTarget', 'hg38__refseq-r80__10kb_up_and_down_tss.mc9nr.genes_vs_motifs.rankings', 'activating'})","[('BCL2A1', 0.0327776901203325), ('IL1B', 0.0980039945440251), ('S100A10', 0.0110974975130116), ('IRF8', 0.4252468932297024)]",656
STAT4,hocomoco__STAT1_HUMAN.H11MO.0.A,0.096187662657382,3.023082948924125,0.000172,1.0,gene is annotated for similar motif hocomoco__STAT4_HUMAN.H11MO.0.A ('STAT4_HUMAN'; q-value = 0.000172),"frozenset({'top5perTarget', 'hg38__refseq-r80__10kb_up_and_down_tss.mc9nr.genes_vs_motifs.rankings', 'activating'})","[('CD7', 0.9797124404021444), ('IRF8', 0.4252468932297024), ('ITGB2', 0.1377758852858299)]",593
STAT4,dbcorrdb__STAT1__ENCSR000FAV_1__m2,0.0976295983681508,3.079682121267651,9.5e-05,1.0,"motif similar to swissregulon__hs__STAT2_4_6.p2 ('hs__STAT2,4,6.p2'; q-value = 9.46e-05) which is directly annotated","frozenset({'top5perTarget', 'hg38__refseq-r80__10kb_up_and_down_tss.mc9nr.genes_vs_motifs.rankings', 'activating'})","[('ITGB2', 0.1377758852858299), ('IL1B', 0.0980039945440251), ('STAT4', 1.0)]",404
STAT4,dbcorrdb__STAT1__ENCSR000EHK_1__m1,0.10065414644439755,3.198402336427242,2e-05,1.0,gene is annotated for similar motif hocomoco__STAT4_HUMAN.H11MO.0.A ('STAT4_HUMAN'; q-value = 2.02e-05),"frozenset({'top5perTarget', 'hg38__refseq-r80__10kb_up_and_down_tss.mc9nr.genes_vs_motifs.rankings', 'activating'})","[('ITGAM', 1.7916889878773063), ('CD7', 0.9797124404021444), ('CTSW', 1.0521600034398602), ('BCL2A1', 0.0327776901203325)]",735
STAT4,dbcorrdb__STAT3__ENCSR000DOX_1__m3,0.11426461278750791,3.7326433046454017,1.8e-05,1.0,gene is annotated for similar motif hocomoco__STAT4_HUMAN.H11MO.0.A ('STAT4_HUMAN'; q-value = 1.8e-05),"frozenset({'top5perTarget', 'hg38__refseq-r80__10kb_up_and_down_tss.mc9nr.genes_vs_motifs.rankings', 'activating'})","[('THBS1', 0.2578436321573623), ('IRF8', 0.4252468932297024), ('IL1B', 0.0980039945440251), ('S100A10', 0.0110974975130116)]",999
STAT4,cisbp__M6493,0.09812196665963284,3.0990086679215385,8e-06,1.0,gene is annotated for similar motif hocomoco__STAT4_HUMAN.H11MO.0.A ('STAT4_HUMAN'; q-value = 7.6e-06),"frozenset({'top5perTarget', 'hg38__refseq-r80__10kb_up_and_down_tss.mc9nr.genes_vs_motifs.rankings', 'activating'})","[('IRF8', 0.4252468932297024), ('BCL2A1', 0.0327776901203325)]",193
STAT4,factorbook__STAT1,0.11408876696912147,3.725740966554728,6e-06,1.0,gene is annotated for similar motif hocomoco__STAT4_HUMAN.H11MO.0.A ('STAT4_HUMAN'; q-value = 5.78e-06),"frozenset({'top5perTarget', 'hg38__refseq-r80__10kb_up_and_down_tss.mc9nr.genes_vs_motifs.rankings', 'activating'})","[('IFNGR1', 1.584138757775754), ('ITGB2', 0.1377758852858299), ('IRF8', 0.4252468932297024)]",727
STAT4,transfac_public__M00259,0.11426461278750791,3.7326433046454017,0.0,0.23262,gene is orthologous to FBgn0016917 in D. melanogaster (identity = 23%) which is directly annotated for motif,"frozenset({'top5perTarget', 'hg38__refseq-r80__10kb_up_and_down_tss.mc9nr.genes_vs_motifs.rankings', 'activating'})","[('BCL2A1', 0.0327776901203325), ('IL1B', 0.0980039945440251), ('S100A10', 0.0110974975130116), ('IRF8', 0.4252468932297024)]",910
STAT4,jaspar__MA0532.1,0.1065273967785046,3.4289404286557503,0.0,0.23262,gene is orthologous to FBgn0016917 in D. melanogaster (identity = 23%) which is directly annotated for motif,"frozenset({'top5perTarget', 'hg38__refseq-r80__10kb_up_and_down_tss.mc9nr.genes_vs_motifs.rankings', 'activating'})","[('STAT4', 1.0), ('S100A10', 0.0110974975130116)]",162
STAT4,bergman__Stat92E,0.10891889990856017,3.5228122266889152,0.0,0.23262,gene is orthologous to FBgn0016917 in D. melanogaster (identity = 23%) which is directly annotated for motif,"frozenset({'top5perTarget', 'hg38__refseq-r80__10kb_up_and_down_tss.mc9nr.genes_vs_motifs.rankings', 'activating'})","[('CTSW', 1.0521600034398602), ('ITGB2', 0.1377758852858299), ('TSPAN32', 0.9203221605775798)]",224
STAT4,cisbp__M2327,0.10533164521347682,3.382004529639168,0.0,0.23262,gene is orthologous to FBgn0016917 in D. melanogaster (identity = 23%) which is directly annotated for motif,"frozenset({'top5perTarget', 'hg38__refseq-r80__10kb_up_and_down_tss.mc9nr.genes_vs_motifs.rankings', 'activating'})","[('ITGB2', 0.1377758852858299), ('S100A10', 0.0110974975130116), ('IRF8', 0.4252468932297024)]",734
STAT4,dbcorrdb__STAT3__ENCSR000DOX_1__m1,0.1027994654287121,3.2826108611334637,0.0,1.0,gene is annotated for similar motif hocomoco__STAT4_HUMAN.H11MO.0.A ('STAT4_HUMAN'; q-value = 1.37e-07),"frozenset({'top5perTarget', 'hg38__refseq-r80__10kb_up_and_down_tss.mc9nr.genes_vs_motifs.rankings', 'activating'})","[('CD7', 0.9797124404021444), ('IRF8', 0.4252468932297024), ('THBS1', 0.2578436321573623), ('ITGB2', 0.1377758852858299)]",824
STAT4,hocomoco__STAT4_HUMAN.H11MO.0.A,0.1028346345923894,3.2839913287515987,0.0,1.0,gene is directly annotated,"frozenset({'top5perTarget', 'hg38__refseq-r80__10kb_up_and_down_tss.mc9nr.genes_vs_motifs.rankings', 'activating'})","[('ITGB2', 0.1377758852858299), ('S100A10', 0.0110974975130116), ('IL1B', 0.0980039945440251), ('CD7', 0.9797124404021444)]",1460
BCL6,cisbp__M1955,0.12266487097054479,3.5430949170767443,0.000417,0.946252,"motif similar to cisbp__M2265 ('Bcl6[gene ID: ""ENSMUSG00000022508"" species: ""Mus musculus"" TF status: ""direct"" TF family: ""C2H2 ZF"" DBDs: ""zf-C2H2""]'; q-value = 0.000417) which is annotated for orthologous gene ENSMUSG00000022508 in M. musculus (identity = 94%)","frozenset({'hg38__refseq-r80__10kb_up_and_down_tss.mc9nr.genes_vs_motifs.rankings', 'top10perTarget', 'activating'})","[('FYN', 0.102487350496526), ('RORA', 0.0509527297337692), ('XBP1', 0.1074834939940131)]",181
BCL6,jaspar__MA0137.3,0.11918933008949517,3.4011506214558187,0.000369,0.946252,motif similar to homer__NNNCTTTCCAGGAAA_Bcl6 ('Bcl6(Zf)/Liver-Bcl6-ChIP-Seq(GSE31578)/Homer'; q-value = 0.000369) which is annotated for orthologous gene ENSMUSG00000022508 in M. musculus (identity = 94%),"frozenset({'hg38__refseq-r80__10kb_up_and_down_tss.mc9nr.genes_vs_motifs.rankings', 'top10perTarget', 'activating'})","[('FYN', 0.102487350496526), ('AQP9', 1.4747119061941765), ('BCL6', 1.0), ('CD44', 0.0476712947552064), ('CD8A', 0.043723401762373), ('THBS1', 0.0468190449093275), ('LYN', 0.0130527737209544), ('IL1B', 0.0145613367543412), ('ICOS', 0.0177339313372261), ('RORA', 0.0509527297337692)]",1962
EGR1,transfac_pro__M08806,0.08917727603104265,3.086084780119912,0.000925,1.0,"gene is annotated for similar motif taipale_cyt_meth__EGR1_NMCGCCCACGCMN_eDBD_meth ('EGR1 [Znf_C2H2, CpG-meth]'; q-value = 0.000925)","frozenset({'hg38__refseq-r80__10kb_up_and_down_tss.mc9nr.genes_vs_motifs.rankings', 'top10perTarget', 'activating'})","[('PCNA', 0.8379554444647237), ('MCM4', 1.3175119857718676), ('TYMS', 0.097049715835775), ('MYC', 2.9881827857725174), ('LEF1', 1.0975754021831252), ('PAX5', 0.1897375298091553), ('EGR1', 1.0)]",369
FOSB,transfac_pro__M00916,0.08200667432572897,3.2140647206750432,0.000881,1.0,motif similar to taipale_cyt_meth__FOSB_NRTGACGTCAYN_eDBD ('FOSB [bZIP]'; q-value = 0.000881) which is directly annotated,"frozenset({'hg38__refseq-r80__10kb_up_and_down_tss.mc9nr.genes_vs_motifs.rankings', 'top10perTarget', 'activating'})","[('CCL2', 5.6957685359424), ('ICAM1', 9.400180041862368), ('CD86', 3.229040663884038), ('JUNB', 7.262425913075174), ('TIAF1', 5.388393845593567), ('CCL5', 1.6434175927426438), ('STAT5A', 1.7470127476794994), ('STAT1', 0.9996283687412004), ('S100A12', 9.945981249902886), ('IRF8', 2.5626108549906648), ('DUSP2', 8.291331558558932), ('CD69', 9.004603954855249), ('POU2AF1', 1.3937040280998232), ('CD4', 3.3067720573230344), ('IER3', 10.222137171542794), ('LAT2', 5.012636520097989), ('CD63', 6.0767644802776), ('CTLA4', 2.057210168000688), ('ITGA4', 2.916430200143413), ('FYN', 2.837428222824081), ('HLA-DRA', 6.040937837947307), ('CD74', 3.4585979116769776), ('LYN', 5.410831017612816), ('LGALS1', 3.0356563550818567), ('TLR2', 6.994248116872449), ('CXCL16', 7.162713069685784), ('TRAT1', 2.595436308434953), ('CSF2', 1.9637245815437012)]",3171
FOSB,transfac_pro__M00917,0.07866951146123967,3.012684816193196,0.000852,1.0,motif similar to transfac_pro__M08937 ('V$JUNFOSB_02: C-JUN:FOSB'; q-value = 0.000852) which is directly annotated,"frozenset({'hg38__refseq-r80__10kb_up_and_down_tss.mc9nr.genes_vs_motifs.rankings', 'top10perTarget', 'activating'})","[('CCND2', 2.982011422157035), ('LEF1', 6.313594303887207), ('FOSB', 1.0), ('EGR3', 7.797866617347223), ('DUSP2', 8.291331558558932), ('MYC', 1.9209507625456768), ('LGALS1', 3.0356563550818567), ('STAT5A', 1.7470127476794994), ('CD4', 3.3067720573230344), ('CXCR4', 26.262316827299703), ('JUNB', 7.262425913075174), ('GAPDH', 5.4259366538276375)]",1140
FOSB,cisbp__M0341,0.08065722048981527,3.1326324095730946,0.000788,1.0,gene is annotated for similar motif transfac_pro__M08937 ('V$JUNFOSB_02: C-JUN:FOSB'; q-value = 0.000788),"frozenset({'hg38__refseq-r80__10kb_up_and_down_tss.mc9nr.genes_vs_motifs.rankings', 'top10perTarget', 'activating'})","[('DUSP1', 6.838265272388113), ('BTG1', 31.793865306776624), ('JUN', 4.887521420388917), ('CCND2', 2.982011422157035), ('FOSB', 1.0), ('EGR3', 7.797866617347223), ('CXCL16', 7.162713069685784), ('FYN', 2.837428222824081)]",443
FOSB,taipale_cyt_meth__CREB1_NRTGACGTCAYN_FL,0.08536207305286576,3.416545061793404,0.000632,1.0,motif similar to taipale_cyt_meth__FOSB_NRTGACGTCAYN_eDBD ('FOSB [bZIP]'; q-value = 0.000632) which is directly annotated,"frozenset({'hg38__refseq-r80__10kb_up_and_down_tss.mc9nr.genes_vs_motifs.rankings', 'top10perTarget', 'activating'})","[('CCL2', 5.6957685359424), ('CSF2', 1.9637245815437012), ('JUNB', 7.262425913075174), ('S100A12', 9.945981249902886), ('ICAM1', 9.400180041862368), ('DUSP2', 8.291331558558932), ('CD4', 3.3067720573230344)]",261
FOSB,transfac_pro__M07312,0.08767802760909604,3.5563005146305326,0.000574,1.0,gene is annotated for similar motif taipale_cyt_meth__FOSB_NRTGACGTCAYN_eDBD ('FOSB [bZIP]'; q-value = 0.000574),"frozenset({'hg38__refseq-r80__10kb_up_and_down_tss.mc9nr.genes_vs_motifs.rankings', 'top10perTarget', 'activating'})","[('JUNB', 7.262425913075174), ('ANXA5', 9.639873542898442), ('POU2AF1', 1.3937040280998232), ('IL18', 7.555072051771537), ('FOSB', 1.0), ('DUSP1', 6.838265272388113), ('DUSP2', 8.291331558558932), ('IL23R', 10.513994671780292)]",508
FOSB,cisbp__M0269,0.09427940988748473,3.954658577048177,0.000456,1.0,gene is annotated for similar motif transfac_pro__M08937 ('V$JUNFOSB_02: C-JUN:FOSB'; q-value = 0.000456),"frozenset({'hg38__refseq-r80__10kb_up_and_down_tss.mc9nr.genes_vs_motifs.rankings', 'top10perTarget', 'activating'})","[('MYC', 1.9209507625456768), ('CCND2', 2.982011422157035), ('LEF1', 6.313594303887207), ('EGR3', 7.797866617347223), ('LIPA', 2.1351212686012806), ('EGR1', 10.462417157673617), ('JUN', 4.887521420388917), ('FYN', 2.837428222824081), ('PIK3IP1', 6.120108812702725)]",602
FOSB,transfac_pro__M08930,0.0852161861516859,3.407741568701301,0.000393,1.0,gene is annotated for similar motif transfac_pro__M08937 ('V$JUNFOSB_02: C-JUN:FOSB'; q-value = 0.000393),"frozenset({'hg38__refseq-r80__10kb_up_and_down_tss.mc9nr.genes_vs_motifs.rankings', 'top10perTarget', 'activating'})","[('FYN', 2.837428222824081), ('DUSP1', 6.838265272388113), ('JUN', 4.887521420388917), ('FOSB', 1.0), ('CCND2', 2.982011422157035), ('BTG1', 31.793865306776624), ('TIAF1', 5.388393845593567), ('EGR3', 7.797866617347223), ('KIT', 2.8562745844940998), ('NAMPT', 12.122625536821214), ('CD4', 3.3067720573230344)]",1234
FOSB,dbcorrdb__RCOR1__ENCSR000ECM_1__m1,0.07857833214800226,3.007182633010632,0.000312,1.0,motif similar to hocomoco__FOSB_HUMAN.H11MO.0.A ('FOSB_HUMAN'; q-value = 0.000312) which is directly annotated,"frozenset({'hg38__refseq-r80__10kb_up_and_down_tss.mc9nr.genes_vs_motifs.rankings', 'top10perTarget', 'activating'})","[('CCL2', 5.6957685359424), ('CD86', 3.229040663884038), ('TIAF1', 5.388393845593567), ('STAT1', 0.9996283687412004), ('STAT5A', 1.7470127476794994), ('ICAM1', 9.400180041862368), ('CD69', 9.004603954855249), ('CCL5', 1.6434175927426438), ('IER3', 10.222137171542794), ('CD63', 6.0767644802776), ('S100A12', 9.945981249902886), ('CD4', 3.3067720573230344), ('IRF8', 2.5626108549906648), ('FYN', 2.837428222824081), ('LAT2', 5.012636520097989), ('ITGA4', 2.916430200143413), ('LYN', 5.410831017612816), ('POU2AF1', 1.3937040280998232), ('JUNB', 7.262425913075174), ('DUSP2', 8.291331558558932), ('CD74', 3.4585979116769776)]",1562
FOSB,transfac_pro__M01186,0.08007367288509583,3.097418437204684,0.000161,1.0,motif similar to taipale_cyt_meth__FOSB_NRTGACGTCAYN_eDBD ('FOSB [bZIP]'; q-value = 0.000161) which is directly annotated,"frozenset({'hg38__refseq-r80__10kb_up_and_down_tss.mc9nr.genes_vs_motifs.rankings', 'top10perTarget', 'activating'})","[('DUSP2', 8.291331558558932), ('ICAM1', 9.400180041862368), ('S100A12', 9.945981249902886), ('CCL2', 5.6957685359424), ('CD86', 3.229040663884038), ('JUN', 4.887521420388917), ('IER3', 10.222137171542794), ('STAT5A', 1.7470127476794994), ('CD4', 3.3067720573230344), ('LYN', 5.410831017612816), ('CD69', 9.004603954855249), ('CLEC4E', 11.441883047908911), ('FTH1', 11.851478800579727), ('FYN', 2.837428222824081), ('CSF2', 1.9637245815437012), ('CD63', 6.0767644802776), ('ITGAX', 5.7108571408860165), ('STAT1', 0.9996283687412004), ('TRAT1', 2.595436308434953), ('CTLA4', 2.057210168000688), ('CCL5', 1.6434175927426438), ('TGFBI', 2.182359912302477), ('TLR2', 6.994248116872449), ('PDIA6', 3.370532073499744), ('POU2AF1', 1.3937040280998232), ('EGR1', 10.462417157673617), ('KIT', 2.8562745844940998), ('EGR3', 7.797866617347223), ('IRF8', 2.5626108549906648), ('LAT2', 5.012636520097989), ('JUNB', 7.262425913075174)]",4857
FOSB,taipale_cyt_meth__ATF2_NRTGAYGTMAYN_FL,0.09167168152889472,3.797296138026842,0.000158,1.0,motif similar to taipale_cyt_meth__FOSB_NRTGACGTCAYN_eDBD ('FOSB [bZIP]'; q-value = 0.000158) which is directly annotated,"frozenset({'hg38__refseq-r80__10kb_up_and_down_tss.mc9nr.genes_vs_motifs.rankings', 'top10perTarget', 'activating'})","[('DUSP1', 6.838265272388113), ('JUN', 4.887521420388917), ('FYN', 2.837428222824081), ('EGR3', 7.797866617347223), ('FOSB', 1.0), ('CCND2', 2.982011422157035), ('BTG1', 31.793865306776624)]",209
FOSB,cisbp__M0362,0.08460528475299524,3.370876941378121,0.000148,1.0,motif similar to taipale_cyt_meth__FOSB_NRTGACGTCAYN_eDBD ('FOSB [bZIP]'; q-value = 0.000148) which is directly annotated,"frozenset({'hg38__refseq-r80__10kb_up_and_down_tss.mc9nr.genes_vs_motifs.rankings', 'top10perTarget', 'activating'})","[('DUSP1', 6.838265272388113), ('CCND2', 2.982011422157035), ('BTG1', 31.793865306776624), ('DUSP2', 8.291331558558932), ('FOSB', 1.0), ('EGR3', 7.797866617347223), ('IRF4', 1.3591359979464186), ('EGR1', 10.462417157673617), ('CXCL16', 7.162713069685784), ('JUN', 4.887521420388917), ('NAMPT', 12.122625536821214), ('FYN', 2.837428222824081), ('CD4', 3.3067720573230344), ('JUNB', 7.262425913075174), ('LYN', 5.410831017612816), ('ANXA5', 9.639873542898442)]",1810
FOSB,cisbp__M0275,0.08250816054853474,3.244326728179146,0.000121,1.0,gene is annotated for similar motif transfac_pro__M08937 ('V$JUNFOSB_02: C-JUN:FOSB'; q-value = 0.000121),"frozenset({'hg38__refseq-r80__10kb_up_and_down_tss.mc9nr.genes_vs_motifs.rankings', 'top10perTarget', 'activating'})","[('STAT5A', 1.7470127476794994), ('DUSP2', 8.291331558558932), ('ICAM1', 9.400180041862368), ('CCL2', 5.6957685359424), ('S100A12', 9.945981249902886), ('CD86', 3.229040663884038), ('LAT2', 5.012636520097989), ('CD4', 3.3067720573230344), ('JUNB', 7.262425913075174), ('CD69', 9.004603954855249), ('TRAT1', 2.595436308434953), ('CCL5', 1.6434175927426438), ('CD74', 3.4585979116769776), ('STAT1', 0.9996283687412004), ('IER3', 10.222137171542794), ('FYN', 2.837428222824081), ('LYN', 5.410831017612816), ('ITGA4', 2.916430200143413), ('EGR3', 7.797866617347223), ('HLA-A', 30.27134725382337), ('EGR1', 10.462417157673617)]",2019
FOSB,taipale_cyt_meth__CREM_NRTGACGTCAYN_eDBD,0.08857158487882269,3.6102219098196615,0.000115,1.0,motif similar to taipale_cyt_meth__FOSB_NRTGACGTCAYN_eDBD ('FOSB [bZIP]'; q-value = 0.000115) which is directly annotated,"frozenset({'hg38__refseq-r80__10kb_up_and_down_tss.mc9nr.genes_vs_motifs.rankings', 'top10perTarget', 'activating'})","[('FOSB', 1.0), ('FYN', 2.837428222824081), ('RGS1', 27.632088686800262), ('FOSL1', 2.5504416928043647), ('BTG1', 31.793865306776624), ('CD4', 3.3067720573230344), ('ICAM1', 9.400180041862368), ('STAT5A', 1.7470127476794994)]",576
FOSB,jaspar__MA1070.1,0.08760508415850612,3.5518987680844822,0.000105,1.0,motif similar to taipale_cyt_meth__FOSB_NRTGACGTCAYN_eDBD ('FOSB [bZIP]'; q-value = 0.000105) which is directly annotated,"frozenset({'hg38__refseq-r80__10kb_up_and_down_tss.mc9nr.genes_vs_motifs.rankings', 'top10perTarget', 'activating'})","[('ICAM1', 9.400180041862368), ('DUSP2', 8.291331558558932), ('S100A12', 9.945981249902886), ('CSF2', 1.9637245815437012), ('CCL2', 5.6957685359424), ('STAT5A', 1.7470127476794994), ('CD86', 3.229040663884038), ('CD69', 9.004603954855249), ('IER3', 10.222137171542794)]",565
FOSB,cisbp__M0361,0.07875157284315334,3.0176367810575035,9.7e-05,1.0,motif similar to transfac_pro__M08937 ('V$JUNFOSB_02: C-JUN:FOSB'; q-value = 9.69e-05) which is directly annotated,"frozenset({'hg38__refseq-r80__10kb_up_and_down_tss.mc9nr.genes_vs_motifs.rankings', 'top10perTarget', 'activating'})","[('BTG1', 31.793865306776624), ('EGR3', 7.797866617347223), ('DUSP1', 6.838265272388113), ('FOSB', 1.0), ('CCND2', 2.982011422157035)]",71
FOSB,cisbp__M0259,0.08782391451027591,3.5651040077226357,8.5e-05,1.0,motif similar to taipale_cyt_meth__FOSB_NRTGACGTCAYN_eDBD ('FOSB [bZIP]'; q-value = 8.51e-05) which is directly annotated,"frozenset({'hg38__refseq-r80__10kb_up_and_down_tss.mc9nr.genes_vs_motifs.rankings', 'top10perTarget', 'activating'})","[('CCND2', 2.982011422157035), ('FYN', 2.837428222824081), ('DUSP1', 6.838265272388113), ('FOSB', 1.0), ('BTG1', 31.793865306776624), ('EGR3', 7.797866617347223), ('NAMPT', 12.122625536821214), ('DUSP2', 8.291331558558932), ('JUN', 4.887521420388917)]",741
FOSB,dbcorrdb__JUN__ENCSR000EEK_1__m1,0.1089228075934132,4.838309196167978,7.6e-05,1.0,motif similar to taipale_cyt_meth__FOSB_NRTGACGTCAYN_eDBD ('FOSB [bZIP]'; q-value = 7.57e-05) which is directly annotated,"frozenset({'hg38__refseq-r80__10kb_up_and_down_tss.mc9nr.genes_vs_motifs.rankings', 'top10perTarget', 'activating'})","[('MYC', 1.9209507625456768), ('JUNB', 7.262425913075174), ('CXCR4', 26.262316827299703), ('ICAM1', 9.400180041862368), ('BTG1', 31.793865306776624), ('EGR3', 7.797866617347223), ('CCL5', 1.6434175927426438), ('GAPDH', 5.4259366538276375), ('S100A9', 11.461342559543429), ('CCND2', 2.982011422157035), ('THBS1', 7.298722317894112), ('EGR1', 10.462417157673617), ('IRF4', 1.3591359979464186)]",1210
FOSB,transfac_pro__M01187,0.07877892663712457,3.0192874360122732,6.9e-05,1.0,gene is annotated for similar motif taipale_cyt_meth__FOSB_NRTGACGTCAYN_eDBD ('FOSB [bZIP]'; q-value = 6.94e-05),"frozenset({'hg38__refseq-r80__10kb_up_and_down_tss.mc9nr.genes_vs_motifs.rankings', 'top10perTarget', 'activating'})","[('TIAF1', 5.388393845593567), ('BTG1', 31.793865306776624), ('FYN', 2.837428222824081), ('LEF1', 6.313594303887207), ('RGS1', 27.632088686800262), ('CCL2', 5.6957685359424), ('CD63', 6.0767644802776)]",477
FOSB,transfac_pro__M09521,0.08162372121013184,3.190955551308274,6.7e-05,1.0,gene is annotated for similar motif transfac_pro__M08937 ('V$JUNFOSB_02: C-JUN:FOSB'; q-value = 6.72e-05),"frozenset({'hg38__refseq-r80__10kb_up_and_down_tss.mc9nr.genes_vs_motifs.rankings', 'top10perTarget', 'activating'})","[('DUSP1', 6.838265272388113), ('EGR3', 7.797866617347223), ('CCND2', 2.982011422157035), ('EGR1', 10.462417157673617), ('CXCL16', 7.162713069685784), ('BTG1', 31.793865306776624), ('FYN', 2.837428222824081), ('DUSP2', 8.291331558558932), ('FOSB', 1.0), ('IRF4', 1.3591359979464186)]",844
FOSB,transfac_pro__M07246,0.08811568831263562,3.5827109939068404,6.6e-05,1.0,"motif similar to taipale_cyt_meth__FOSB_NRTGAYGTCAYN_eDBD_meth ('FOSB [bZIP, CpG-meth]'; q-value = 6.64e-05) which is directly annotated","frozenset({'hg38__refseq-r80__10kb_up_and_down_tss.mc9nr.genes_vs_motifs.rankings', 'top10perTarget', 'activating'})","[('ICAM1', 9.400180041862368), ('MYC', 1.9209507625456768), ('EGR3', 7.797866617347223), ('CCND2', 2.982011422157035), ('IRF8', 2.5626108549906648), ('EGR1', 10.462417157673617), ('FYN', 2.837428222824081), ('LEF1', 6.313594303887207), ('CD63', 6.0767644802776), ('STAT5A', 1.7470127476794994), ('JUNB', 7.262425913075174), ('FOSB', 1.0)]",994
FOSB,cisbp__M4571,0.08969309043164286,3.6778987629652002,3.8e-05,1.0,motif similar to taipale_cyt_meth__FOSB_NRTGACGTCAYN_eDBD ('FOSB [bZIP]'; q-value = 3.78e-05) which is directly annotated,"frozenset({'hg38__refseq-r80__10kb_up_and_down_tss.mc9nr.genes_vs_motifs.rankings', 'top10perTarget', 'activating'})","[('CCND2', 2.982011422157035), ('JUNB', 7.262425913075174), ('EGR3', 7.797866617347223), ('LEF1', 6.313594303887207), ('FOSB', 1.0), ('GAPDH', 5.4259366538276375), ('CXCR4', 26.262316827299703), ('LGALS1', 3.0356563550818567), ('STAT5A', 1.7470127476794994)]",848
FOSB,taipale_cyt_meth__CREB5_NRTGAYGTCAYN_eDBD,0.08477852544814632,3.381331089424993,5e-06,1.0,motif similar to taipale_cyt_meth__FOSB_NRTGACGTCAYN_eDBD ('FOSB [bZIP]'; q-value = 5.42e-06) which is directly annotated,"frozenset({'hg38__refseq-r80__10kb_up_and_down_tss.mc9nr.genes_vs_motifs.rankings', 'top10perTarget', 'activating'})","[('STAT5A', 1.7470127476794994), ('ICAM1', 9.400180041862368), ('CCL2', 5.6957685359424), ('DUSP2', 8.291331558558932), ('CD86', 3.229040663884038), ('CCL5', 1.6434175927426438), ('IER3', 10.222137171542794), ('CD69', 9.004603954855249), ('S100A12', 9.945981249902886), ('TRAT1', 2.595436308434953)]",536
FOSB,cisbp__M0309,0.0793168845852253,3.0517503167894016,2e-06,1.0,motif similar to transfac_pro__M08937 ('V$JUNFOSB_02: C-JUN:FOSB'; q-value = 2.3e-06) which is directly annotated,"frozenset({'hg38__refseq-r80__10kb_up_and_down_tss.mc9nr.genes_vs_motifs.rankings', 'top10perTarget', 'activating'})","[('DUSP2', 8.291331558558932), ('EGR3', 7.797866617347223), ('CD86', 3.229040663884038), ('CD63', 6.0767644802776), ('CD4', 3.3067720573230344), ('ICAM1', 9.400180041862368), ('S100A12', 9.945981249902886), ('IER3', 10.222137171542794), ('EGR1', 10.462417157673617), ('LYN', 5.410831017612816), ('STAT5A', 1.7470127476794994), ('PIK3IP1', 6.120108812702725), ('RGS1', 27.632088686800262), ('JUNB', 7.262425913075174), ('IRF8', 2.5626108549906648), ('LAT2', 5.012636520097989), ('TRAT1', 2.595436308434953), ('JUN', 4.887521420388917), ('CCL5', 1.6434175927426438), ('CD69', 9.004603954855249), ('CSF2', 1.9637245815437012), ('LGALS1', 3.0356563550818567), ('GAPDH', 5.4259366538276375)]",3536
FOSB,dbcorrdb__ATF1__ENCSR000DNZ_1__m1,0.08774185312836223,3.5601520428583275,1e-06,1.0,motif similar to taipale_cyt_meth__FOSB_NRTGACGTCAYN_eDBD ('FOSB [bZIP]'; q-value = 7.13e-07) which is directly annotated,"frozenset({'hg38__refseq-r80__10kb_up_and_down_tss.mc9nr.genes_vs_motifs.rankings', 'top10perTarget', 'activating'})","[('EGR1', 10.462417157673617), ('EGR3', 7.797866617347223), ('DUSP2', 8.291331558558932), ('FOSB', 1.0), ('POU2AF1', 1.3937040280998232), ('TLR2', 6.994248116872449), ('TRAT1', 2.595436308434953), ('IER3', 10.222137171542794), ('JUNB', 7.262425913075174), ('THBS1', 7.298722317894112), ('LEF1', 6.313594303887207)]",1154
FOSB,transfac_pro__M08947,0.09659536444371501,4.094414029885306,1e-06,1.0,motif similar to transfac_pro__M08937 ('V$JUNFOSB_02: C-JUN:FOSB'; q-value = 1.18e-06) which is directly annotated,"frozenset({'hg38__refseq-r80__10kb_up_and_down_tss.mc9nr.genes_vs_motifs.rankings', 'top10perTarget', 'activating'})","[('DUSP1', 6.838265272388113), ('JUN', 4.887521420388917), ('CCND2', 2.982011422157035), ('NAMPT', 12.122625536821214), ('AQP9', 5.403789888920939), ('FOSB', 1.0), ('CD4', 3.3067720573230344), ('FYN', 2.837428222824081), ('DUSP2', 8.291331558558932), ('STAT5A', 1.7470127476794994)]",611
FOSB,hocomoco__CREB5_HUMAN.H11MO.0.D,0.08054780531393038,3.1260297897540177,1e-06,1.0,motif similar to transfac_pro__M08937 ('V$JUNFOSB_02: C-JUN:FOSB'; q-value = 7.54e-07) which is directly annotated,"frozenset({'hg38__refseq-r80__10kb_up_and_down_tss.mc9nr.genes_vs_motifs.rankings', 'top10perTarget', 'activating'})","[('EGR1', 10.462417157673617), ('EGR3', 7.797866617347223), ('FOSB', 1.0), ('JUNB', 7.262425913075174), ('TLR2', 6.994248116872449), ('LEF1', 6.313594303887207), ('KIT', 2.8562745844940998), ('DUSP2', 8.291331558558932), ('THBS1', 7.298722317894112), ('TRAT1', 2.595436308434953)]",899
FOSB,dbcorrdb__ATF2__ENCSR000BQU_1__m1,0.08995751044003136,3.693855094194636,1e-06,1.0,motif similar to taipale_cyt_meth__FOSB_NRTGACGTCAYN_eDBD ('FOSB [bZIP]'; q-value = 7.21e-07) which is directly annotated,"frozenset({'hg38__refseq-r80__10kb_up_and_down_tss.mc9nr.genes_vs_motifs.rankings', 'top10perTarget', 'activating'})","[('CD69', 9.004603954855249), ('CCL2', 5.6957685359424), ('STAT5A', 1.7470127476794994), ('CD86', 3.229040663884038), ('IL23R', 10.513994671780292), ('TNFSF13B', 4.825174314420416), ('STAT1', 0.9996283687412004), ('FTH1', 11.851478800579727), ('S100A12', 9.945981249902886), ('PTPRC', 11.47446315455502), ('IER3', 10.222137171542794)]",918
FOSB,taipale_cyt_meth__ATF2_NRTGAYGTCAYN_eDBD,0.08775097105968598,3.560702261176584,1e-06,1.0,motif similar to taipale_cyt_meth__FOSB_NRTGACGTCAYN_eDBD ('FOSB [bZIP]'; q-value = 1.1e-06) which is directly annotated,"frozenset({'hg38__refseq-r80__10kb_up_and_down_tss.mc9nr.genes_vs_motifs.rankings', 'top10perTarget', 'activating'})","[('CD69', 9.004603954855249), ('DUSP2', 8.291331558558932), ('CD4', 3.3067720573230344), ('JUNB', 7.262425913075174), ('S100A12', 9.945981249902886), ('CCL5', 1.6434175927426438), ('FYN', 2.837428222824081), ('STAT1', 0.9996283687412004), ('TRAT1', 2.595436308434953)]",472
FOSB,taipale_cyt_meth__XBP1_NRTGACGTCAYN_FL,0.08169666466072177,3.195357297854325,0.0,1.0,motif similar to taipale_cyt_meth__FOSB_NRTGACGTCAYN_eDBD ('FOSB [bZIP]'; q-value = 4.1e-07) which is directly annotated,"frozenset({'hg38__refseq-r80__10kb_up_and_down_tss.mc9nr.genes_vs_motifs.rankings', 'top10perTarget', 'activating'})","[('EGR1', 10.462417157673617), ('EGR3', 7.797866617347223), ('FOSL1', 2.5504416928043647), ('DUSP2', 8.291331558558932), ('FOSB', 1.0), ('JUNB', 7.262425913075174), ('ITGA4', 2.916430200143413), ('CD4', 3.3067720573230344), ('CD63', 6.0767644802776), ('FYN', 2.837428222824081), ('LYN', 5.410831017612816), ('POU2AF1', 1.3937040280998232)]",1255
FOSB,dbcorrdb__BCL3__ENCSR000BQH_1__m2,0.07863303973594471,3.0104839429201706,0.0,1.0,motif similar to hocomoco__FOSB_HUMAN.H11MO.0.A ('FOSB_HUMAN'; q-value = 4.24e-07) which is directly annotated,"frozenset({'hg38__refseq-r80__10kb_up_and_down_tss.mc9nr.genes_vs_motifs.rankings', 'top10perTarget', 'activating'})","[('EGR1', 10.462417157673617), ('EGR3', 7.797866617347223), ('FOSB', 1.0), ('THBS1', 7.298722317894112), ('JUNB', 7.262425913075174), ('POU2AF1', 1.3937040280998232), ('IL18RAP', 1.745873154046814), ('DUSP2', 8.291331558558932), ('CLEC4E', 11.441883047908911)]",630
FOSB,transfac_pro__M08915,0.08489705855535497,3.3884839275623273,0.0,1.0,motif similar to taipale_cyt_meth__FOSB_NRTGACGTCAYN_eDBD ('FOSB [bZIP]'; q-value = 1.25e-07) which is directly annotated,"frozenset({'hg38__refseq-r80__10kb_up_and_down_tss.mc9nr.genes_vs_motifs.rankings', 'top10perTarget', 'activating'})","[('CCND2', 2.982011422157035), ('EGR1', 10.462417157673617), ('MYC', 1.9209507625456768), ('CD1C', 1.5723169616936896), ('CXCR4', 26.262316827299703), ('DUSP2', 8.291331558558932), ('PDIA6', 3.370532073499744), ('CXCL16', 7.162713069685784), ('FYN', 2.837428222824081), ('LGALS1', 3.0356563550818567), ('ITGA4', 2.916430200143413), ('ITGAX', 5.7108571408860165), ('FCER1G', 7.001469306136787), ('BTG1', 31.793865306776624)]",1309
FOSB,hocomoco__FOSB_HUMAN.H11MO.0.A,0.07862392180462097,3.0099337246019138,0.0,1.0,gene is directly annotated,"frozenset({'hg38__refseq-r80__10kb_up_and_down_tss.mc9nr.genes_vs_motifs.rankings', 'top10perTarget', 'activating'})","[('CCND2', 2.982011422157035), ('JUNB', 7.262425913075174), ('FOSB', 1.0), ('LEF1', 6.313594303887207), ('CXCR4', 26.262316827299703), ('STAT5A', 1.7470127476794994), ('EGR3', 7.797866617347223), ('CD63', 6.0767644802776), ('EGR1', 10.462417157673617), ('LGALS1', 3.0356563550818567), ('GAPDH', 5.4259366538276375), ('CD4', 3.3067720573230344)]",1271
FOXO1,cisbp__M0742,0.1491414327917282,3.8034861378191023,0.000617,0.926718,"gene is orthologous to ENSMUSG00000044167 in M. musculus (identity = 92%) which is annotated for similar motif cisbp__M0731 ('Foxo1[gene ID: ""ENSMUSG00000044167"" species: ""Mus musculus"" TF status: ""direct"" TF family: ""Forkhead"" DBDs: ""Fork_head""]'; q-value = 0.000617)","frozenset({'hg38__refseq-r80__10kb_up_and_down_tss.mc9nr.genes_vs_motifs.rankings', 'top10perTarget', 'activating'})","[('BCL11B', 0.7284584121785607), ('CD247', 0.4865688829055764), ('FAM65B', 0.3860277714010084), ('TRIB2', 0.8114243000447136), ('BTG1', 2.2545378433637118)]",411
FOXO1,cisbp__M0729,0.12742337518463812,3.065018586615129,0.000575,1.0,gene is annotated for similar motif taipale__FOXO1_DBD_GTAAACAA ('FOXO1 monomeric forkhead DBD'; q-value = 0.000575),"frozenset({'hg38__refseq-r80__10kb_up_and_down_tss.mc9nr.genes_vs_motifs.rankings', 'top10perTarget', 'activating'})","[('BCL11B', 0.7284584121785607), ('BCL2', 0.4747080303950965), ('TRIB2', 0.8114243000447136), ('MYC', 0.4215774001590802), ('BTG1', 2.2545378433637118), ('EGR1', 0.3206268811826425), ('CNOT2', 0.3714733171727705)]",458
FOXO1,transfac_pro__M01137,0.12624630723781388,3.0249953718314915,0.00054,0.926718,"gene is orthologous to ENSMUSG00000044167 in M. musculus (identity = 92%) which is annotated for similar motif cisbp__M0731 ('Foxo1[gene ID: ""ENSMUSG00000044167"" species: ""Mus musculus"" TF status: ""direct"" TF family: ""Forkhead"" DBDs: ""Fork_head""]'; q-value = 0.00054)","frozenset({'hg38__refseq-r80__10kb_up_and_down_tss.mc9nr.genes_vs_motifs.rankings', 'top10perTarget', 'activating'})","[('BCL11B', 0.7284584121785607), ('BCL2', 0.4747080303950965), ('TRIB2', 0.8114243000447136), ('BTG1', 2.2545378433637118), ('MYC', 0.4215774001590802), ('EGR1', 0.3206268811826425), ('CNOT2', 0.3714733171727705), ('SELL', 0.8169172396958736), ('IRF8', 0.0796507042986346)]",1129
FOXO1,taipale__FOXI1_full_GTAAACA,0.1276541728212703,3.072866275788391,0.000297,1.0,gene is annotated for similar motif taipale__FOXO1_DBD_GTAAACAA ('FOXO1 monomeric forkhead DBD'; q-value = 0.000297),"frozenset({'hg38__refseq-r80__10kb_up_and_down_tss.mc9nr.genes_vs_motifs.rankings', 'top10perTarget', 'activating'})","[('SELL', 0.8169172396958736), ('TRIB2', 0.8114243000447136), ('BTG1', 2.2545378433637118), ('CCL3', 0.1060488892071591), ('FOXO1', 1.0), ('BCL2', 0.4747080303950965), ('BCL11B', 0.7284584121785607)]",944
FOXO1,homer__NYYTGTTTACHN_FOXP1,0.145240952732644,3.6708601907909713,0.000211,0.930982,"motif similar to cisbp__M2282 ('Foxo1[gene ID: ""ENSMUSG00000044167"" species: ""Mus musculus"" TF status: ""direct"" TF family: ""Forkhead"" DBDs: ""Fork_head""]'; q-value = 0.000211) which is annotated for orthologous gene ENSMUSG00000044167 in M. musculus (identity = 93%)","frozenset({'hg38__refseq-r80__10kb_up_and_down_tss.mc9nr.genes_vs_motifs.rankings', 'top10perTarget', 'activating'})","[('BCL11B', 0.7284584121785607), ('BTG1', 2.2545378433637118), ('SELL', 0.8169172396958736), ('BCL2', 0.4747080303950965), ('TRIB2', 0.8114243000447136)]",241
FOXO1,hocomoco__FOXO6_HUMAN.H11MO.0.D,0.1301698670605613,3.158406087776949,0.000145,1.0,gene is annotated for similar motif taipale__FOXO1_DBD_GTAAACAA ('FOXO1 monomeric forkhead DBD'; q-value = 0.000145),"frozenset({'hg38__refseq-r80__10kb_up_and_down_tss.mc9nr.genes_vs_motifs.rankings', 'top10perTarget', 'activating'})","[('TRIB2', 0.8114243000447136), ('EGR1', 0.3206268811826425), ('BCL11B', 0.7284584121785607), ('BCL2', 0.4747080303950965), ('BTG1', 2.2545378433637118), ('SELL', 0.8169172396958736), ('MYC', 0.4215774001590802)]",1211
FOXO1,swissregulon__hs__FOX_D1_D2_.p2,0.13259324224519942,3.240806824096203,0.000128,1.0,gene is annotated for similar motif taipale__FOXO1_DBD_GTAAACAA ('FOXO1 monomeric forkhead DBD'; q-value = 0.000128),"frozenset({'hg38__refseq-r80__10kb_up_and_down_tss.mc9nr.genes_vs_motifs.rankings', 'top10perTarget', 'activating'})","[('FAM65B', 0.3860277714010084), ('BTG1', 2.2545378433637118), ('BCL11B', 0.7284584121785607), ('DUSP2', 0.165047564365838), ('BCL2', 0.4747080303950965), ('CD247', 0.4865688829055764), ('CCL3', 0.1060488892071591)]",619
FOXO1,cisbp__M0752,0.1432560930576071,3.6033700639009165,0.00011,1.0,"motif similar to cisbp__M5462 ('FOXO1[gene ID: ""ENSG00000150907"" species: ""Homo sapiens"" TF status: ""direct"" TF family: ""Forkhead"" DBDs: ""Fork_head""]'; q-value = 0.00011) which is directly annotated","frozenset({'hg38__refseq-r80__10kb_up_and_down_tss.mc9nr.genes_vs_motifs.rankings', 'top10perTarget', 'activating'})","[('BCL11B', 0.7284584121785607), ('BTG1', 2.2545378433637118), ('PIK3IP1', 0.9524540717705616), ('EGR1', 0.3206268811826425), ('DOCK8', 0.8678510305542605), ('BCL2', 0.4747080303950965), ('SELL', 0.8169172396958736), ('TNFSF8', 0.3382812613595588), ('TRAT1', 0.9370351113457042), ('FAM65B', 0.3860277714010084), ('CST7', 0.0296025515299682), ('FOXO1', 1.0), ('LY86', 0.0683069568678884), ('MYC', 0.4215774001590802), ('CD8A', 0.2403708488711401), ('DUSP2', 0.165047564365838), ('CNOT2', 0.3714733171727705)]",4880
FOXO1,taipale__FOXO3_full_GTAAACAW,0.13284711964549484,3.249439282186791,9.4e-05,1.0,gene is annotated for similar motif taipale__FOXO1_DBD_GTAAACAA ('FOXO1 monomeric forkhead DBD'; q-value = 9.43e-05),"frozenset({'hg38__refseq-r80__10kb_up_and_down_tss.mc9nr.genes_vs_motifs.rankings', 'top10perTarget', 'activating'})","[('BCL11B', 0.7284584121785607), ('TRIB2', 0.8114243000447136), ('BTG1', 2.2545378433637118), ('EGR1', 0.3206268811826425), ('BCL2', 0.4747080303950965), ('IRF8', 0.0796507042986346), ('TRAT1', 0.9370351113457042), ('FAM65B', 0.3860277714010084), ('FOXO1', 1.0)]",2124
FOXO1,cisbp__M5466,0.13411650664697194,3.2926015726397333,9.4e-05,1.0,gene is annotated for similar motif taipale__FOXO1_DBD_GTAAACAA ('FOXO1 monomeric forkhead DBD'; q-value = 9.43e-05),"frozenset({'hg38__refseq-r80__10kb_up_and_down_tss.mc9nr.genes_vs_motifs.rankings', 'top10perTarget', 'activating'})","[('EGR1', 0.3206268811826425), ('FAM65B', 0.3860277714010084), ('BCL11B', 0.7284584121785607), ('MYC', 0.4215774001590802), ('SELL', 0.8169172396958736)]",401
FOXO1,cisbp__M2595,0.1285542836041359,3.103472263564114,3.8e-05,1.0,"motif similar to cisbp__M3276 ('FOXO1[gene ID: ""ENSG00000150907"" species: ""Homo sapiens"" TF status: ""direct"" TF family: ""Forkhead"" DBDs: ""Fork_head""]'; q-value = 3.82e-05) which is directly annotated","frozenset({'hg38__refseq-r80__10kb_up_and_down_tss.mc9nr.genes_vs_motifs.rankings', 'top10perTarget', 'activating'})","[('EGR1', 0.3206268811826425), ('BTG1', 2.2545378433637118), ('BCL2', 0.4747080303950965), ('TRIB2', 0.8114243000447136), ('SELL', 0.8169172396958736), ('BCL11B', 0.7284584121785607)]",303
FOXO1,cisbp__M0723,0.13928637370753325,3.4683898101208066,1.9e-05,1.0,"motif similar to cisbp__M5462 ('FOXO1[gene ID: ""ENSG00000150907"" species: ""Homo sapiens"" TF status: ""direct"" TF family: ""Forkhead"" DBDs: ""Fork_head""]'; q-value = 1.88e-05) which is directly annotated","frozenset({'hg38__refseq-r80__10kb_up_and_down_tss.mc9nr.genes_vs_motifs.rankings', 'top10perTarget', 'activating'})","[('BCL11B', 0.7284584121785607), ('BCL2', 0.4747080303950965), ('BTG1', 2.2545378433637118), ('TRIB2', 0.8114243000447136), ('SELL', 0.8169172396958736), ('MYC', 0.4215774001590802), ('EGR1', 0.3206268811826425), ('FOXO1', 1.0)]",1184
FOXO1,cisbp__M0750,0.14184822747415066,3.555499159944017,7e-06,1.0,"motif similar to cisbp__M5462 ('FOXO1[gene ID: ""ENSG00000150907"" species: ""Homo sapiens"" TF status: ""direct"" TF family: ""Forkhead"" DBDs: ""Fork_head""]'; q-value = 7.48e-06) which is directly annotated","frozenset({'hg38__refseq-r80__10kb_up_and_down_tss.mc9nr.genes_vs_motifs.rankings', 'top10perTarget', 'activating'})","[('BCL2', 0.4747080303950965), ('IRF8', 0.0796507042986346), ('TRIB2', 0.8114243000447136), ('CNOT2', 0.3714733171727705), ('DOCK8', 0.8678510305542605), ('EGR1', 0.3206268811826425), ('FAM65B', 0.3860277714010084), ('CD6', 0.9923454476338772), ('CD8A', 0.2403708488711401), ('FOXO1', 1.0), ('BTG1', 2.2545378433637118), ('MYC', 0.4215774001590802), ('CST7', 0.0296025515299682), ('BCL11B', 0.7284584121785607), ('TNFSF8', 0.3382812613595588), ('LY86', 0.0683069568678884)]",4901
FOXO1,transfac_public__M00474,0.12617706794682423,3.0226410650795135,0.0,1.0,gene is directly annotated,"frozenset({'hg38__refseq-r80__10kb_up_and_down_tss.mc9nr.genes_vs_motifs.rankings', 'top10perTarget', 'activating'})","[('PIK3IP1', 0.9524540717705616), ('TRIB2', 0.8114243000447136), ('FOXO1', 1.0), ('BCL11B', 0.7284584121785607), ('BTG1', 2.2545378433637118)]",339
FOXO1,cisbp__M3276,0.13801698670605614,3.4252275196678648,0.0,1.0,gene is directly annotated,"frozenset({'hg38__refseq-r80__10kb_up_and_down_tss.mc9nr.genes_vs_motifs.rankings', 'top10perTarget', 'activating'})","[('SELL', 0.8169172396958736), ('DOCK8', 0.8678510305542605), ('FAM65B', 0.3860277714010084), ('BCL2', 0.4747080303950965), ('TRIB2', 0.8114243000447136)]",443
IRF4,taipale_cyt_meth__SPIB_RAWWGRGGAAGTN_FL_meth,0.06833870919120971,3.023362287927805,4e-06,1.0,motif similar to hocomoco__IRF4_HUMAN.H11MO.0.A ('IRF4_HUMAN'; q-value = 3.78e-06) which is directly annotated,"frozenset({'hg38__refseq-r80__10kb_up_and_down_tss.mc9nr.genes_vs_motifs.rankings', 'top10perTarget', 'activating'})","[('ICAM1', 0.6338167953671242), ('IL7R', 0.0096408813682698), ('BCL2A1', 0.0436478961180722), ('CCL5', 0.0890410325335519), ('IRF8', 8.58730197970342), ('CD4', 7.796239954439715), ('IL2RB', 0.0378639219633385), ('HLA-DRA', 1.1373712538839622), ('CD74', 1.0527512071173144), ('PRF1', 0.2385631091397126), ('TRIB2', 0.104644344207262), ('GZMA', 0.0450140750948232), ('FTH1', 0.0346156759546044)]",4188
IRF4,homer__AAAGRGGAAGTG_SpiB,0.0718204563952612,3.2422336032182115,1e-06,1.0,motif similar to factorbook__PU1 ('PU1'; q-value = 8.03e-07) which is directly annotated,"frozenset({'hg38__refseq-r80__10kb_up_and_down_tss.mc9nr.genes_vs_motifs.rankings', 'top10perTarget', 'activating'})","[('CCL5', 0.0890410325335519), ('BCL2A1', 0.0436478961180722), ('RGS1', 0.6128354644518212), ('CD74', 1.0527512071173144), ('CD247', 0.0510189204201258)]",398
IRF8,tfdimers__MD00302,0.10922935873274589,4.989988956623217,0.0,1.0,gene is directly annotated,"frozenset({'hg38__refseq-r80__10kb_up_and_down_tss.mc9nr.genes_vs_motifs.rankings', 'top10perTarget', 'activating'})","[('ICAM1', 6.787572232731317), ('CD69', 1.0587245878591551), ('CCR7', 0.0542511175135931), ('RGS1', 0.297169803964077), ('STAT3', 0.1149569338169958), ('TCF4', 15.254893808136444), ('CD4', 2.228887856191343)]",571
JUN,taipale_cyt_meth__CREM_NRTGACGTCAYN_eDBD,0.1037382115668674,3.070382670832806,0.000181,1.0,motif similar to swissregulon__hs__JUN.p2 ('hs__JUN.p2'; q-value = 0.000181) which is directly annotated,"frozenset({'hg38__refseq-r80__10kb_up_and_down_tss.mc9nr.genes_vs_motifs.rankings', 'top10perTarget', 'activating'})","[('ICAM1', 0.8388920080971131), ('JUNB', 2.531311345467063), ('BIRC3', 2.222933757885588), ('TIAF1', 5.13427026469697), ('CCL5', 1.2778005711814258), ('STAT5A', 4.500617518447674), ('CXCL5', 1.1589340254167226), ('CD69', 5.097395061742794), ('LAT2', 1.37706515645048), ('CD63', 1.03839629944796), ('ITGA4', 2.5964953063011924), ('CD36', 0.691997333129158), ('FAM65B', 2.134133583847081), ('CST7', 1.407338651794651), ('TLR2', 0.6986953238473539), ('ADA', 2.249671779355988), ('BACH2', 2.49749157664123), ('TRAT1', 0.4109462951719186), ('STAT4', 3.3361796947075737)]",3309
JUNB,cisbp__M6180,0.1158249062606522,3.1891686391223364,0.000701,1.0,gene is annotated for similar motif transfac_pro__M08945 ('V$JUNBFOS_03: JUNB:C-FOS'; q-value = 0.000701),"frozenset({'hg38__refseq-r80__10kb_up_and_down_tss.mc9nr.genes_vs_motifs.rankings', 'top10perTarget', 'activating'})","[('DUSP1', 5.755738647487208), ('CD44', 1.7126481502622188), ('BIN2', 1.9511275972216424), ('BACH2', 1.35258088044004), ('FOXP1', 2.3297113780042955), ('KIAA0101', 0.0269401125099336), ('RORA', 1.2533028283065089), ('FYB', 2.4832112727526567), ('FAM65B', 0.9266004602327332), ('MYC', 3.55401118482114), ('ZBTB16', 0.5149459329456282)]",1243
JUNB,cisbp__M0269,0.11417736620838541,3.116090875549735,0.000316,1.0,motif similar to transfac_pro__M08945 ('V$JUNBFOS_03: JUNB:C-FOS'; q-value = 0.000316) which is directly annotated,"frozenset({'hg38__refseq-r80__10kb_up_and_down_tss.mc9nr.genes_vs_motifs.rankings', 'top10perTarget', 'activating'})","[('DUSP1', 5.755738647487208), ('BAX', 3.667085245346851), ('MYC', 3.55401118482114), ('ANXA5', 0.6473136981882223), ('LAMP1', 2.665818093261493), ('FOXP1', 2.3297113780042955), ('EGR3', 0.5820185140038524), ('MCM2', 0.1025121103754181), ('DUSP2', 2.578312594950048)]",756
JUNB,cisbp__M0341,0.11312634927849108,3.0694723022361794,0.00016,1.0,motif similar to transfac_pro__M08927 ('V$JUNB_03: JUNB'; q-value = 0.00016) which is directly annotated,"frozenset({'hg38__refseq-r80__10kb_up_and_down_tss.mc9nr.genes_vs_motifs.rankings', 'top10perTarget', 'activating'})","[('LEF1', 5.944317802560026), ('FOSB', 26.95182739384448), ('RORA', 1.2533028283065089), ('FOXP1', 2.3297113780042955), ('EGR3', 0.5820185140038524), ('DUSP2', 2.578312594950048), ('MYC', 3.55401118482114), ('FAM65B', 0.9266004602327332)]",811
JUNB,taipale_cyt_meth__CREM_NRTGACGTCAYN_eDBD,0.11845244858538802,3.3057150724062256,4.8e-05,1.0,motif similar to transfac_pro__M08921 ('V$JUNBFOSB_02: JUNB:FOSB'; q-value = 4.84e-05) which is directly annotated,"frozenset({'hg38__refseq-r80__10kb_up_and_down_tss.mc9nr.genes_vs_motifs.rankings', 'top10perTarget', 'activating'})","[('DOCK8', 1.543522033176968), ('JUNB', 1.0), ('LEF1', 5.944317802560026), ('STAT4', 0.6127586910266275), ('EGR3', 0.5820185140038524), ('GZMK', 0.1582335199301822), ('FOXP1', 2.3297113780042955), ('FAM65B', 0.9266004602327332), ('C10orf54', 2.5099541233413225), ('PTPRC', 4.198650078593467), ('FYB', 2.4832112727526567), ('MYC', 3.55401118482114), ('ZBTB16', 0.5149459329456282)]",1374
JUNB,transfac_pro__M08934,0.11671969094421089,3.2288574245109043,2.8e-05,1.0,gene is annotated for similar motif transfac_pro__M08925 ('V$JUNBFOS_01: JUNB:C-FOS'; q-value = 2.83e-05),"frozenset({'hg38__refseq-r80__10kb_up_and_down_tss.mc9nr.genes_vs_motifs.rankings', 'top10perTarget', 'activating'})","[('RORA', 1.2533028283065089), ('EGR3', 0.5820185140038524), ('FOXP1', 2.3297113780042955), ('JUN', 4.172183500914485), ('BACH2', 1.35258088044004), ('ZBTB16', 0.5149459329456282), ('FAM65B', 0.9266004602327332)]",294
JUNB,cisbp__M0361,0.11402113396204977,3.1091610876247477,1.3e-05,1.0,motif similar to transfac_pro__M08927 ('V$JUNB_03: JUNB'; q-value = 1.3e-05) which is directly annotated,"frozenset({'hg38__refseq-r80__10kb_up_and_down_tss.mc9nr.genes_vs_motifs.rankings', 'top10perTarget', 'activating'})","[('BACH2', 1.35258088044004), ('EGR1', 5.241951660171043), ('FOXP1', 2.3297113780042955), ('FAM65B', 0.9266004602327332), ('MYC', 3.55401118482114), ('SELL', 2.402324136922572), ('RORA', 1.2533028283065089), ('FOSB', 26.95182739384448), ('IFNGR1', 1.132903126120285)]",797
JUNB,cisbp__M6038,0.1192478127485513,3.3409939927516192,5e-06,1.0,gene is annotated for similar motif transfac_pro__M08925 ('V$JUNBFOS_01: JUNB:C-FOS'; q-value = 5.25e-06),"frozenset({'hg38__refseq-r80__10kb_up_and_down_tss.mc9nr.genes_vs_motifs.rankings', 'top10perTarget', 'activating'})","[('FOXP1', 2.3297113780042955), ('MCM4', 0.1606733096782483), ('TYMS', 0.144304360655724), ('KIAA0101', 0.0269401125099336), ('MYC', 3.55401118482114), ('LEF1', 5.944317802560026), ('EGR1', 5.241951660171043), ('BACH2', 1.35258088044004)]",534
MYC,dbcorrdb__POLR2A__ENCSR000EZQ_1__m3,0.11315455510017268,3.3034869709107912,0.001,1.0,"gene is annotated for similar motif dbcorrdb__MYC__ENCSR000DMQ_1__m1 ('MYC (ENCSR000DMQ-1, motif 1)'; q-value = 0.001)","frozenset({'hg38__refseq-r80__10kb_up_and_down_tss.mc9nr.genes_vs_motifs.rankings', 'top10perTarget', 'activating'})","[('DUSP1', 0.2741448179017302), ('BAX', 3.492843346559636), ('MYC', 1.0), ('BCL6', 0.8732363115737566), ('GNAI2', 1.2928835070727476), ('LAMP1', 1.4801370160061735), ('FOXP1', 0.980678339291446), ('EGR3', 1.8973272801947028), ('TRIB2', 1.9922205978293897), ('MCM2', 4.633717932922991), ('DUSP2', 1.0676204542792618), ('SELPLG', 0.5222245545577839), ('CNOT2', 0.5833356534128584), ('ARL4C', 0.672851631872843), ('CCND2', 0.8891218358965267), ('CD63', 0.3307959413807357), ('KCNE3', 8.599047188233671), ('IRF8', 0.1805584941651169), ('RPN2', 2.244596954156155), ('IL6', 0.176242586687851), ('NINJ2', 0.6425787026680441), ('PCNA', 3.055969126768958), ('CD36', 4.249563436566201)]",2849
MYC,transfac_pro__M07414,0.1258867830320178,3.9118296543334967,0.000878,1.0,"gene is annotated for similar motif dbcorrdb__MYC__ENCSR000DOM_1__m3 ('MYC (ENCSR000DOM-1, motif 3)'; q-value = 0.000878)","frozenset({'hg38__refseq-r80__10kb_up_and_down_tss.mc9nr.genes_vs_motifs.rankings', 'top10perTarget', 'activating'})","[('CCND2', 0.8891218358965267), ('FOXO1', 2.81380342063384), ('EGR3', 1.8973272801947028), ('IRF8', 0.1805584941651169), ('IKZF1', 0.6035256518215218), ('LEF1', 3.848866209634302), ('CD9', 17.668216475170944), ('BCL6', 0.8732363115737566), ('FOXP1', 0.980678339291446), ('LIPA', 0.7479240073627941)]",625
MYC,dbcorrdb__E2F6__ENCSR000BLI_1__m1,0.12182994570079264,3.717994975791948,0.000489,1.0,"gene is annotated for similar motif dbcorrdb__MYC__ENCSR000DLR_1__m1 ('MYC (ENCSR000DLR-1, motif 1)'; q-value = 0.000489)","frozenset({'hg38__refseq-r80__10kb_up_and_down_tss.mc9nr.genes_vs_motifs.rankings', 'top10perTarget', 'activating'})","[('CCND2', 0.8891218358965267), ('EGR3', 1.8973272801947028), ('BCL6', 0.8732363115737566), ('MYC', 1.0), ('FOSB', 7.802748850498327), ('FOXP1', 0.980678339291446), ('EGR1', 2.5041282228257256), ('IKZF1', 0.6035256518215218), ('GAPDH', 2.670793533039198), ('VEGFA', 0.4662203181696948)]",665
MYC,dbcorrdb__ESRRA__ENCSR000DYQ_1__m5,0.1072877441904009,3.0231722050199363,5e-06,1.0,"motif similar to dbcorrdb__MYC__ENCSR000DMM_1__m1 ('MYC (ENCSR000DMM-1, motif 1)'; q-value = 5.08e-06) which is directly annotated","frozenset({'hg38__refseq-r80__10kb_up_and_down_tss.mc9nr.genes_vs_motifs.rankings', 'top10perTarget', 'activating'})","[('PCNA', 3.055969126768958), ('FOXP1', 0.980678339291446), ('TYMS', 5.019859988925316), ('IKZF1', 0.6035256518215218), ('MYC', 1.0), ('LEF1', 3.848866209634302), ('EGR1', 2.5041282228257256), ('CCND2', 0.8891218358965267), ('BCL6', 0.8732363115737566)]",551
MYC,dbcorrdb__ATF3__ENCSR000BKE_1__m1,0.13468699939667547,4.332301803169779,1e-06,1.0,"gene is annotated for similar motif dbcorrdb__MYC__ENCSR000DLZ_1__m1 ('MYC (ENCSR000DLZ-1, motif 1)'; q-value = 5.61e-07)","frozenset({'hg38__refseq-r80__10kb_up_and_down_tss.mc9nr.genes_vs_motifs.rankings', 'top10perTarget', 'activating'})","[('FOXP1', 0.980678339291446), ('EGR1', 2.5041282228257256), ('EGR3', 1.8973272801947028), ('TRIB2', 1.9922205978293897), ('SELL', 2.0408028628720523), ('CCND2', 0.8891218358965267), ('MYC', 1.0), ('VEGFA', 0.4662203181696948), ('IKZF1', 0.6035256518215218), ('FOSB', 7.802748850498327), ('ARL4C', 0.672851631872843), ('BCL6', 0.8732363115737566), ('CD63', 0.3307959413807357), ('JUNB', 2.1258968142070107)]",1349
PRDM1,stark__RAGTGAAAGT,0.09404234367306745,3.562571314130456,0.000852,1.0,"gene is annotated for similar motif cisbp__M6435 ('PRDM1[gene ID: ""ENSG00000057657"" species: ""Homo sapiens"" TF status: ""direct"" TF family: ""C2H2 ZF"" DBDs: ""zf-C2H2""]'; q-value = 0.000852)","frozenset({'hg38__refseq-r80__10kb_up_and_down_tss.mc9nr.genes_vs_motifs.rankings', 'top10perTarget', 'activating'})","[('FYN', 0.0425044521895956), ('S100A12', 5.461367431352686), ('ANXA5', 9.769223368608769), ('S100A9', 6.980199366144781), ('PIK3AP1', 0.5515858494521948), ('CD86', 10.26189586019786), ('ICOS', 0.066153070203476), ('FAM65B', 0.0369740690267168), ('TGFBI', 0.935296943959005), ('THBS1', 9.941791949868836), ('FCER1A', 3.884808463027784), ('IL2RB', 0.060823927497344), ('S100A10', 4.14922953043063)]",3625
PRDM1,transfac_pro__M08887,0.08435910060725423,3.058605178293778,0.000384,1.0,motif similar to homer__ACTTTCACTTTC_PRDM1 ('PRDM1(Zf)/Hela-PRDM1-ChIP-Seq(GSE31477)/Homer'; q-value = 0.000384) which is directly annotated,"frozenset({'hg38__refseq-r80__10kb_up_and_down_tss.mc9nr.genes_vs_motifs.rankings', 'top10perTarget', 'activating'})","[('CXCL8', 6.704933325213734), ('FYN', 0.0425044521895956), ('PRDM1', 1.0), ('FAM65B', 0.0369740690267168), ('CD86', 10.26189586019786), ('FCER1A', 3.884808463027784), ('GAPDH', 0.7568925992769153), ('IL7R', 0.0062303558404869)]",1368
PRDM1,transfac_pro__M07045,0.08729689807976367,3.211503378827279,3.6e-05,1.0,motif similar to homer__ACTTTCACTTTC_PRDM1 ('PRDM1(Zf)/Hela-PRDM1-ChIP-Seq(GSE31477)/Homer'; q-value = 3.55e-05) which is directly annotated,"frozenset({'hg38__refseq-r80__10kb_up_and_down_tss.mc9nr.genes_vs_motifs.rankings', 'top10perTarget', 'activating'})","[('S100A12', 5.461367431352686), ('FYN', 0.0425044521895956), ('S100A10', 4.14922953043063), ('CD86', 10.26189586019786), ('ITGAX', 2.8876350355319023), ('FAM65B', 0.0369740690267168), ('PRDM1', 1.0), ('HLA-DPA1', 2.0884913174351465), ('FCER1A', 3.884808463027784)]",1505
RUNX3,transfac_pro__M01854,0.10360344886812545,3.108199473660329,0.0,1.0,gene is directly annotated,"frozenset({'hg38__refseq-r80__10kb_up_and_down_tss.mc9nr.genes_vs_motifs.rankings', 'top10perTarget', 'activating'})","[('CD38', 0.5109123838072221), ('CXCR4', 17.94826753228145), ('FYN', 7.761294264397453), ('TCF4', 0.7361647144361116), ('RUNX3', 1.0), ('LAP3', 4.532596436083233), ('IL18RAP', 9.72676848163027), ('LIPA', 3.649547075315748), ('SELPLG', 6.917814815958706), ('CNOT2', 8.164733423771606)]",1729
STAT3,cisbp__M6492,0.09012647710487445,3.068155147846414,0.000598,1.0,"gene is annotated for similar motif cisbp__M4641 ('STAT3[gene ID: ""ENSG00000168610"" species: ""Homo sapiens"" TF status: ""direct"" TF family: ""STAT"" DBDs: ""STAT_bind""]'; q-value = 0.000598)","frozenset({'hg38__refseq-r80__10kb_up_and_down_tss.mc9nr.genes_vs_motifs.rankings', 'top10perTarget', 'activating'})","[('BCL11B', 0.640998298277306), ('BTG1', 1.1265148406004373), ('CD63', 0.0327379461152008), ('BIRC3', 1.119099858772114)]",660
STAT3,cisbp__M1882,0.10235875184638109,3.632903230162551,0.000427,1.0,"gene is annotated for similar motif dbcorrdb__STAT3__ENCSR000DZV_1__m1 ('STAT3 (ENCSR000DZV-1, motif 1)'; q-value = 0.000427)","frozenset({'hg38__refseq-r80__10kb_up_and_down_tss.mc9nr.genes_vs_motifs.rankings', 'top10perTarget', 'activating'})","[('IRF8', 0.0232500958465889), ('BIRC3', 1.119099858772114), ('RGS1', 1.6240024966187665), ('GAPDH', 0.2493785264953708), ('CD8A', 0.162349820669487), ('BCL11B', 0.640998298277306), ('THBS1', 0.0138737523274867)]",1206
STAT3,jaspar__MA0050.2,0.10618999261447563,3.8097865917936433,0.000403,1.0,"gene is annotated for similar motif dbcorrdb__STAT3__ENCSR000DZV_1__m1 ('STAT3 (ENCSR000DZV-1, motif 1)'; q-value = 0.000403)","frozenset({'hg38__refseq-r80__10kb_up_and_down_tss.mc9nr.genes_vs_motifs.rankings', 'top10perTarget', 'activating'})","[('CXCR4', 0.7150406819121359), ('GAPDH', 0.2493785264953708), ('BCL11B', 0.640998298277306), ('CD79A', 0.0007126132751802), ('CD8A', 0.162349820669487), ('CD63', 0.0327379461152008), ('THBS1', 0.0138737523274867)]",1584
STAT3,dbcorrdb__IRF1__ENCSR000EGU_1__m1,0.09061115214180207,3.0905319586551667,0.000288,1.0,"gene is annotated for similar motif dbcorrdb__STAT3__ENCSR000DZV_1__m1 ('STAT3 (ENCSR000DZV-1, motif 1)'; q-value = 0.000288)","frozenset({'hg38__refseq-r80__10kb_up_and_down_tss.mc9nr.genes_vs_motifs.rankings', 'top10perTarget', 'activating'})","[('BCL11B', 0.640998298277306), ('LYN', 0.0107642414744374), ('CD63', 0.0327379461152008), ('BIRC3', 1.119099858772114), ('BTG1', 1.1265148406004373), ('TNF', 0.1419730201318257), ('BIN2', 0.1635635317386871), ('STAT3', 1.0), ('CD8A', 0.162349820669487)]",1437
STAT3,hocomoco__IRF1_MOUSE.H11MO.0.A,0.12710025849335302,4.775186143828398,0.000164,1.0,"gene is annotated for similar motif dbcorrdb__STAT3__ENCSR000DZV_1__m1 ('STAT3 (ENCSR000DZV-1, motif 1)'; q-value = 0.000164)","frozenset({'hg38__refseq-r80__10kb_up_and_down_tss.mc9nr.genes_vs_motifs.rankings', 'top10perTarget', 'activating'})","[('MS4A1', 0.0424726988980261), ('IL7R', 0.4948551418046265), ('IRF8', 0.0232500958465889), ('HLA-DRA', 0.0228470044603184)]",585
STAT3,hocomoco__IRF2_HUMAN.H11MO.0.A,0.12033788774002954,4.462976354925326,0.000155,1.0,"gene is annotated for similar motif dbcorrdb__STAT3__ENCSR000DZV_1__m1 ('STAT3 (ENCSR000DZV-1, motif 1)'; q-value = 0.000155)","frozenset({'hg38__refseq-r80__10kb_up_and_down_tss.mc9nr.genes_vs_motifs.rankings', 'top10perTarget', 'activating'})","[('BCL11B', 0.640998298277306), ('TNF', 0.1419730201318257), ('RGS1', 1.6240024966187665), ('BTG1', 1.1265148406004373), ('STAT3', 1.0), ('BIRC3', 1.119099858772114)]",1452
STAT3,hocomoco__IRF1_HUMAN.H11MO.0.A,0.10616691285081241,3.8087210293741784,0.000111,1.0,"gene is annotated for similar motif dbcorrdb__STAT3__ENCSR000DZV_1__m1 ('STAT3 (ENCSR000DZV-1, motif 1)'; q-value = 0.000111)","frozenset({'hg38__refseq-r80__10kb_up_and_down_tss.mc9nr.genes_vs_motifs.rankings', 'top10perTarget', 'activating'})","[('BTG1', 1.1265148406004373), ('BCL11B', 0.640998298277306), ('STAT3', 1.0), ('BIN2', 0.1635635317386871)]",552
STAT3,jaspar__MA0532.1,0.10076624815361891,3.559379423219507,0.0,0.220779,gene is orthologous to FBgn0016917 in D. melanogaster (identity = 22%) which is directly annotated for motif,"frozenset({'hg38__refseq-r80__10kb_up_and_down_tss.mc9nr.genes_vs_motifs.rankings', 'top10perTarget', 'activating'})","[('BCL11B', 0.640998298277306), ('TNF', 0.1419730201318257), ('BTG1', 1.1265148406004373), ('MS4A1', 0.0424726988980261), ('BIRC3', 1.119099858772114)]",929
STAT3,cisbp__M2327,0.10367429837518463,3.693640288072022,0.0,0.220779,gene is orthologous to FBgn0016917 in D. melanogaster (identity = 22%) which is directly annotated for motif,"frozenset({'hg38__refseq-r80__10kb_up_and_down_tss.mc9nr.genes_vs_motifs.rankings', 'top10perTarget', 'activating'})","[('BTG1', 1.1265148406004373), ('CD8A', 0.162349820669487), ('CD5', 0.6391394522722404), ('THBS1', 0.0138737523274867), ('BCL11B', 0.640998298277306), ('RGS1', 1.6240024966187665), ('CXCR4', 0.7150406819121359), ('BIRC3', 1.119099858772114), ('IRF8', 0.0232500958465889), ('CD3E', 0.6916645962861001), ('IL23R', 0.8262534665459152)]",3439
STAT3,dbcorrdb__STAT3__ENCSR000DOX_1__m3,0.0915574224519941,3.1342200178532074,0.0,1.0,gene is directly annotated,"frozenset({'hg38__refseq-r80__10kb_up_and_down_tss.mc9nr.genes_vs_motifs.rankings', 'top10perTarget', 'activating'})","[('STAT3', 1.0), ('IFITM3', 0.2783705830095126), ('BIRC3', 1.119099858772114), ('BCL11B', 0.640998298277306), ('BTG1', 1.1265148406004373), ('RGS1', 1.6240024966187665), ('CD63', 0.0327379461152008), ('TNF', 0.1419730201318257), ('CXCR4', 0.7150406819121359), ('HLA-A', 0.5832041403546747), ('MS4A1', 0.0424726988980261)]",3114
STAT5A,dbcorrdb__STAT1__ENCSR000EHJ_1__m1,0.14580729462561073,3.1876351475176294,0.000707,1.0,motif similar to transfac_public__M00223 ('V$STAT_01: STAT'; q-value = 0.000707) which is directly annotated,"frozenset({'hg38__refseq-r80__10kb_up_and_down_tss.mc9nr.genes_vs_motifs.rankings', 'top10perTarget', 'activating'})","[('FOXP1', 0.0397279348535657), ('TRIB2', 0.3923256956719908), ('CCND2', 1.1949954420805804), ('FOSB', 0.1794013511731389), ('YBX3', 0.0081917792881852), ('CD63', 0.6648511227618884), ('LAP3', 0.5697059377360912), ('STAT5A', 1.0), ('GAPDH', 1.435545406454701)]",2576
STAT5A,cisbp__M6493,0.1459209180774912,3.191345656028668,2.6e-05,1.0,"gene is annotated for similar motif swissregulon__hs__STAT5_A_B_.p2 ('hs__STAT5{A,B}.p2'; q-value = 2.58e-05)","frozenset({'hg38__refseq-r80__10kb_up_and_down_tss.mc9nr.genes_vs_motifs.rankings', 'top10perTarget', 'activating'})","[('FOXP1', 0.0397279348535657), ('TRIB2', 0.3923256956719908), ('CCND2', 1.1949954420805804), ('YBX3', 0.0081917792881852), ('CD63', 0.6648511227618884), ('FOSB', 0.1794013511731389), ('LAP3', 0.5697059377360912), ('GAPDH', 1.435545406454701), ('STAT5A', 1.0)]",2550
STAT5A,cisbp__M3974,0.155578911487331,3.5067388794669796,1.4e-05,0.301956,motif similar to stark__TTCCSGGAA ('Stat92E'; q-value = 1.4e-05) which is annotated for orthologous gene FBgn0016917 in D. melanogaster (identity = 30%),"frozenset({'hg38__refseq-r80__10kb_up_and_down_tss.mc9nr.genes_vs_motifs.rankings', 'top10perTarget', 'activating'})","[('CCND2', 1.1949954420805804), ('YBX3', 0.0081917792881852), ('FOXP1', 0.0397279348535657), ('TRIB2', 0.3923256956719908), ('STAT5A', 1.0)]",511
STAT5A,transfac_public__M00225,0.1552664469946597,3.4965349810616217,1.4e-05,0.301956,motif similar to stark__TTCCSGGAA ('Stat92E'; q-value = 1.4e-05) which is annotated for orthologous gene FBgn0016917 in D. melanogaster (identity = 30%),"frozenset({'hg38__refseq-r80__10kb_up_and_down_tss.mc9nr.genes_vs_motifs.rankings', 'top10perTarget', 'activating'})","[('FOXP1', 0.0397279348535657), ('LAMP1', 0.1533358097592043), ('STAT5A', 1.0), ('CCND2', 1.1949954420805804), ('CD63', 0.6648511227618884), ('LYN', 0.0714557351789385)]",771
STAT5A,jaspar__MA0532.1,0.1409498920577207,3.0290109086707138,0.0,0.311083,gene is orthologous to FBgn0016917 in D. melanogaster (identity = 31%) which is directly annotated for motif,"frozenset({'hg38__refseq-r80__10kb_up_and_down_tss.mc9nr.genes_vs_motifs.rankings', 'top10perTarget', 'activating'})","[('STAT5A', 1.0), ('FOSB', 0.1794013511731389), ('FOXP1', 0.0397279348535657), ('CCND2', 1.1949954420805804), ('YBX3', 0.0081917792881852)]",822
STAT5A,cisbp__M2327,0.14049539825019883,3.0141688746265576,0.0,0.311083,gene is orthologous to FBgn0016917 in D. melanogaster (identity = 31%) which is directly annotated for motif,"frozenset({'hg38__refseq-r80__10kb_up_and_down_tss.mc9nr.genes_vs_motifs.rankings', 'top10perTarget', 'activating'})","[('FOXP1', 0.0397279348535657), ('TRIB2', 0.3923256956719908), ('FOSB', 0.1794013511731389), ('CCND2', 1.1949954420805804), ('CD63', 0.6648511227618884)]",555
TBX21,hocomoco__BRAC_HUMAN.H11MO.1.B,0.13708175454370303,3.2883056583409194,0.000695,0.879245,motif similar to homer__AGGTGTGAAM_Tbet ('Tbet(T-box)/CD8-Tbet-ChIP-Seq(GSE33802)/Homer'; q-value = 0.000695) which is annotated for orthologous gene ENSMUSG00000001444 in M. musculus (identity = 87%),"frozenset({'hg38__refseq-r80__10kb_up_and_down_tss.mc9nr.genes_vs_motifs.rankings', 'top10perTarget', 'activating'})","[('DUSP1', 0.0487462724987365), ('FYN', 0.0460938667496796)]",35
TBX21,transfac_pro__M07900,0.14392139233189905,3.5098305772547342,5e-06,1.0,"motif similar to cisbp__M5890 ('TBX21[gene ID: ""ENSG00000073861"" species: ""Homo sapiens"" TF status: ""direct"" TF family: ""T-box"" DBDs: ""T-box""]; Tbx21[gene ID: ""ENSMUSG00000001444"" species: ""Mus musculus"" TF status: ""inferred"" TF family: ""T-box"" DBDs: ""T-box""]'; q-value = 5.49e-06) which is directly annotated","frozenset({'hg38__refseq-r80__10kb_up_and_down_tss.mc9nr.genes_vs_motifs.rankings', 'top10perTarget', 'activating'})","[('RUNX3', 1.5755203247689071), ('FYN', 0.0460938667496796), ('IFITM3', 0.7246026350403171), ('CCL5', 1.6966742859060289)]",481
TBX21,hocomoco__TBX21_MOUSE.H11MO.0.A,0.13685697771498298,3.281025496686475,0.0,0.879245,motif is annotated for orthologous gene ENSMUSG00000001444 in M. musculus (identity = 87%),"frozenset({'hg38__refseq-r80__10kb_up_and_down_tss.mc9nr.genes_vs_motifs.rankings', 'top10perTarget', 'activating'})","[('TBX21', 1.0), ('RUNX3', 1.5755203247689071), ('KLRB1', 0.7017989023951927), ('CD247', 0.2722326362965514), ('FYN', 0.0460938667496796)]",696
TBX21,cisbp__M5629,0.13329265943099353,3.165582933308854,0.0,1.0,"motif similar to cisbp__M5889 ('TBX21[gene ID: ""ENSG00000073861"" species: ""Homo sapiens"" TF status: ""direct"" TF family: ""T-box"" DBDs: ""T-box""]; Tbx21[gene ID: ""ENSMUSG00000001444"" species: ""Mus musculus"" TF status: ""inferred"" TF family: ""T-box"" DBDs: ""T-box""]'; q-value = 9.51e-10) which is directly annotated","frozenset({'hg38__refseq-r80__10kb_up_and_down_tss.mc9nr.genes_vs_motifs.rankings', 'top10perTarget', 'activating'})","[('DUSP1', 0.0487462724987365), ('FYN', 0.0460938667496796), ('S100A10', 0.023187537330294), ('PRF1', 0.5387995876951793), ('HAVCR2', 2.365952992043588), ('LAIR2', 4.396844414812276), ('RUNX3', 1.5755203247689071), ('ITGAM', 0.6252706829109141)]",2968
TBX21,taipale__MGA_DBD_AGGTGTKANNTMACACCT_repr,0.13428809967246805,3.197823649207108,0.0,1.0,"motif similar to cisbp__M5889 ('TBX21[gene ID: ""ENSG00000073861"" species: ""Homo sapiens"" TF status: ""direct"" TF family: ""T-box"" DBDs: ""T-box""]; Tbx21[gene ID: ""ENSMUSG00000001444"" species: ""Mus musculus"" TF status: ""inferred"" TF family: ""T-box"" DBDs: ""T-box""]'; q-value = 1.72e-09) which is directly annotated","frozenset({'hg38__refseq-r80__10kb_up_and_down_tss.mc9nr.genes_vs_motifs.rankings', 'top10perTarget', 'activating'})","[('FYN', 0.0460938667496796), ('BTG1', 0.1584111416490202), ('DUSP1', 0.0487462724987365)]",212
BACH2,taipale_cyt_meth__FOSL1_NRTGAYGTCAYN_FL,0.20442354038715696,3.4668433397845524,0.000998,1.0,gene is annotated for similar motif taipale_cyt_meth__BACH2_NWWNNATGACGTCAYNNWWN_eDBD ('BACH2 [bZIP]'; q-value = 0.000998),"frozenset({'top50perTarget', 'hg38__refseq-r80__10kb_up_and_down_tss.mc9nr.genes_vs_motifs.rankings', 'activating'})","[('JUN', 0.1104115625268849), ('CD247', 0.0031057641239502), ('FOXP1', 0.1757018140064599), ('BACH2', 1.0), ('IL7R', 0.1615479805333774)]",573
BACH2,cisbp__M6039,0.2120811630257327,3.656338530251603,0.000998,1.0,gene is annotated for similar motif taipale_cyt_meth__BACH2_NWWNNATGACGTCAYNNWWN_eDBD ('BACH2 [bZIP]'; q-value = 0.000998),"frozenset({'top50perTarget', 'hg38__refseq-r80__10kb_up_and_down_tss.mc9nr.genes_vs_motifs.rankings', 'activating'})","[('FOXP1', 0.1757018140064599), ('CCND2', 0.0540412950399486), ('BACH2', 1.0), ('CNOT2', 0.0590786295802273), ('ARL4C', 0.0074630932358539)]",842
BACH2,transfac_pro__M07684,0.20523983518619296,3.4870433347074363,0.000968,1.0,gene is annotated for similar motif taipale_cyt_meth__BACH2_NWWNNATGACGTCAYNNWWN_eDBD ('BACH2 [bZIP]'; q-value = 0.000968),"frozenset({'top50perTarget', 'hg38__refseq-r80__10kb_up_and_down_tss.mc9nr.genes_vs_motifs.rankings', 'activating'})","[('JUN', 0.1104115625268849), ('FOXP1', 0.1757018140064599), ('ARL4C', 0.0074630932358539), ('BACH2', 1.0), ('CCND2', 0.0540412950399486)]",672
BACH2,transfac_pro__M08945,0.2301951333281505,4.104586036635593,0.000958,0.075525,motif similar to transfac_pro__M07677 ('I$CNC_03: Cnc'; q-value = 0.000958) which is annotated for orthologous gene FBgn0262975 in D. melanogaster (identity = 7%),"frozenset({'top50perTarget', 'hg38__refseq-r80__10kb_up_and_down_tss.mc9nr.genes_vs_motifs.rankings', 'activating'})","[('ARL4C', 0.0074630932358539), ('JUN', 0.1104115625268849), ('CCND2', 0.0540412950399486), ('FOXP1', 0.1757018140064599), ('BACH2', 1.0)]",238
BACH2,cisbp__M0287,0.22273186659410713,3.9199003687692286,0.000953,0.075525,motif similar to transfac_pro__M07677 ('I$CNC_03: Cnc'; q-value = 0.000953) which is annotated for orthologous gene FBgn0262975 in D. melanogaster (identity = 7%),"frozenset({'top50perTarget', 'hg38__refseq-r80__10kb_up_and_down_tss.mc9nr.genes_vs_motifs.rankings', 'activating'})","[('ARL4C', 0.0074630932358539), ('BACH2', 1.0), ('FOXP1', 0.1757018140064599), ('JUN', 0.1104115625268849), ('CCND2', 0.0540412950399486), ('CBLB', 0.0091713371360044)]",1458
BACH2,taipale_cyt_meth__FOSB_NRTGACGTCAYN_eDBD,0.19070201352717095,3.1272910441760797,0.000936,1.0,gene is annotated for similar motif taipale_cyt_meth__BACH2_NWWNNATGACGTCAYNNWWN_eDBD ('BACH2 [bZIP]'; q-value = 0.000936),"frozenset({'top50perTarget', 'hg38__refseq-r80__10kb_up_and_down_tss.mc9nr.genes_vs_motifs.rankings', 'activating'})","[('FOXP1', 0.1757018140064599), ('BACH2', 1.0), ('JUN', 0.1104115625268849)]",70
BACH2,elemento__TGACGTCA,0.1878644173209982,3.0570720142060552,0.000936,1.0,gene is annotated for similar motif taipale_cyt_meth__BACH2_NWWNNATGACGTCAYNNWWN_eDBD ('BACH2 [bZIP]'; q-value = 0.000936),"frozenset({'top50perTarget', 'hg38__refseq-r80__10kb_up_and_down_tss.mc9nr.genes_vs_motifs.rankings', 'activating'})","[('CCND2', 0.0540412950399486), ('JUNB', 0.0113053327209633), ('FOXP1', 0.1757018140064599), ('BACH2', 1.0)]",398
BACH2,taipale_cyt_meth__JUNB_NATGACGTCAYN_eDBD_repr,0.21643473528725804,3.7640718365069827,0.000936,1.0,gene is annotated for similar motif taipale_cyt_meth__BACH2_NWWNNATGACGTCAYNNWWN_eDBD ('BACH2 [bZIP]'; q-value = 0.000936),"frozenset({'top50perTarget', 'hg38__refseq-r80__10kb_up_and_down_tss.mc9nr.genes_vs_motifs.rankings', 'activating'})","[('CNOT2', 0.0590786295802273), ('CCND2', 0.0540412950399486), ('FOXP1', 0.1757018140064599), ('JUNB', 0.0113053327209633), ('BACH2', 1.0)]",630
BACH2,cisbp__M0283,0.18910829511000543,3.087852958850449,0.000936,1.0,gene is annotated for similar motif taipale_cyt_meth__BACH2_NWWNNATGACGTCAYNNWWN_eDBD ('BACH2 [bZIP]'; q-value = 0.000936),"frozenset({'top50perTarget', 'hg38__refseq-r80__10kb_up_and_down_tss.mc9nr.genes_vs_motifs.rankings', 'activating'})","[('JUN', 0.1104115625268849), ('CCND2', 0.0540412950399486), ('FOXP1', 0.1757018140064599), ('ARL4C', 0.0074630932358539), ('BACH2', 1.0)]",437
BACH2,swissregulon__hs__JUN.p2,0.198709476793905,3.325443375324366,0.000936,1.0,gene is annotated for similar motif taipale_cyt_meth__BACH2_NWWNNATGACGTCAYNNWWN_eDBD ('BACH2 [bZIP]'; q-value = 0.000936),"frozenset({'top50perTarget', 'hg38__refseq-r80__10kb_up_and_down_tss.mc9nr.genes_vs_motifs.rankings', 'activating'})","[('CCND2', 0.0540412950399486), ('BACH2', 1.0), ('ARL4C', 0.0074630932358539), ('DUSP2', 0.0012791103844027), ('FOXP1', 0.1757018140064599), ('JUN', 0.1104115625268849)]",977
BACH2,transfac_pro__M08937,0.19804866671849491,3.309090998482032,0.000936,1.0,gene is annotated for similar motif taipale_cyt_meth__BACH2_NWWNNATGACGTCAYNNWWN_eDBD ('BACH2 [bZIP]'; q-value = 0.000936),"frozenset({'top50perTarget', 'hg38__refseq-r80__10kb_up_and_down_tss.mc9nr.genes_vs_motifs.rankings', 'activating'})","[('FOXP1', 0.1757018140064599), ('ARL4C', 0.0074630932358539), ('BACH2', 1.0), ('CBLB', 0.0091713371360044), ('CCND2', 0.0540412950399486), ('JUNB', 0.0113053327209633), ('DUSP2', 0.0012791103844027)]",1865
BACH2,taipale__JDP2_full_NATGACGTCAYN,0.1865816683510845,3.0253291650415237,0.000931,1.0,motif similar to taipale_cyt_meth__BACH2_NWWNNATGACGTCAYNNWWN_eDBD ('BACH2 [bZIP]'; q-value = 0.000931) which is directly annotated,"frozenset({'top50perTarget', 'hg38__refseq-r80__10kb_up_and_down_tss.mc9nr.genes_vs_motifs.rankings', 'activating'})","[('FOXP1', 0.1757018140064599), ('CXCL8', 0.0205052390222845), ('ARL4C', 0.0074630932358539), ('BACH2', 1.0), ('CCND2', 0.0540412950399486), ('CBLB', 0.0091713371360044)]",1290
BACH2,cisbp__M5588,0.19540542641685454,3.243681491112694,0.000927,1.0,motif similar to taipale_cyt_meth__BACH2_NWWNNATGACGTCAYNNWWN_eDBD ('BACH2 [bZIP]'; q-value = 0.000927) which is directly annotated,"frozenset({'top50perTarget', 'hg38__refseq-r80__10kb_up_and_down_tss.mc9nr.genes_vs_motifs.rankings', 'activating'})","[('IL7R', 0.1615479805333774), ('BACH2', 1.0), ('CD52', 0.1342179491730894), ('FOXP1', 0.1757018140064599), ('CD69', 0.0323701802850059)]",627
BACH2,dbcorrdb__JUN__ENCSR000EEK_1__m1,0.22968980797636632,4.092081277873808,0.000914,1.0,motif similar to taipale_cyt_meth__BACH2_NWWNNATGACGTCAYNNWWN_eDBD ('BACH2 [bZIP]'; q-value = 0.000914) which is directly annotated,"frozenset({'top50perTarget', 'hg38__refseq-r80__10kb_up_and_down_tss.mc9nr.genes_vs_motifs.rankings', 'activating'})","[('CCND2', 0.0540412950399486), ('BACH2', 1.0), ('FOXP1', 0.1757018140064599), ('ARL4C', 0.0074630932358539)]",337
BACH2,cisbp__M5590,0.21250874601570396,3.6669194799731137,0.000895,1.0,motif similar to taipale_cyt_meth__BACH2_NWWNNATGACGTCAYNNWWN_eDBD ('BACH2 [bZIP]'; q-value = 0.000895) which is directly annotated,"frozenset({'top50perTarget', 'hg38__refseq-r80__10kb_up_and_down_tss.mc9nr.genes_vs_motifs.rankings', 'activating'})","[('ARL4C', 0.0074630932358539), ('BACH2', 1.0), ('CCND2', 0.0540412950399486), ('JUN', 0.1104115625268849), ('FOXP1', 0.1757018140064599)]",522
BACH2,transfac_pro__M07312,0.2103319598849413,3.613052826845424,0.000873,1.0,motif similar to taipale_cyt_meth__BACH2_NWWNNATGACGTCAYNNWWN_eDBD ('BACH2 [bZIP]'; q-value = 0.000873) which is directly annotated,"frozenset({'top50perTarget', 'hg38__refseq-r80__10kb_up_and_down_tss.mc9nr.genes_vs_motifs.rankings', 'activating'})","[('BACH2', 1.0), ('CCND2', 0.0540412950399486), ('ARL4C', 0.0074630932358539), ('FOXP1', 0.1757018140064599), ('JUN', 0.1104115625268849)]",791
BACH2,taipale_cyt_meth__FOS_NRTGACGTCAYN_eDBD,0.19723237191945892,3.288891003559148,0.000864,1.0,motif similar to taipale_cyt_meth__BACH2_NWWNNATGACGTCAYNNWWN_eDBD ('BACH2 [bZIP]'; q-value = 0.000864) which is directly annotated,"frozenset({'top50perTarget', 'hg38__refseq-r80__10kb_up_and_down_tss.mc9nr.genes_vs_motifs.rankings', 'activating'})","[('CCND2', 0.0540412950399486), ('ARL4C', 0.0074630932358539), ('BACH2', 1.0), ('JUN', 0.1104115625268849)]",212
BACH2,homer__GATGACGTCA_Atf1,0.20963227862862474,3.595738545482953,0.000846,0.075525,motif similar to transfac_pro__M07677 ('I$CNC_03: Cnc'; q-value = 0.000846) which is annotated for orthologous gene FBgn0262975 in D. melanogaster (identity = 7%),"frozenset({'top50perTarget', 'hg38__refseq-r80__10kb_up_and_down_tss.mc9nr.genes_vs_motifs.rankings', 'activating'})","[('CCND2', 0.0540412950399486), ('FOXP1', 0.1757018140064599), ('ARL4C', 0.0074630932358539), ('DUSP2', 0.0012791103844027), ('JUN', 0.1104115625268849)]",741
BACH2,transfac_pro__M07574,0.21095389877944493,3.628443299167621,0.000827,0.075525,motif similar to transfac_pro__M07677 ('I$CNC_03: Cnc'; q-value = 0.000827) which is annotated for orthologous gene FBgn0262975 in D. melanogaster (identity = 7%),"frozenset({'top50perTarget', 'hg38__refseq-r80__10kb_up_and_down_tss.mc9nr.genes_vs_motifs.rankings', 'activating'})","[('CCND2', 0.0540412950399486), ('BACH2', 1.0), ('ARL4C', 0.0074630932358539), ('FOXP1', 0.1757018140064599), ('JUN', 0.1104115625268849)]",678
BACH2,cisbp__M5952,0.2360258104641219,4.2488717146561905,0.000811,1.0,motif similar to taipale_cyt_meth__BACH2_NWWNNATGACGTCAYNNWWN_eDBD ('BACH2 [bZIP]'; q-value = 0.000811) which is directly annotated,"frozenset({'top50perTarget', 'hg38__refseq-r80__10kb_up_and_down_tss.mc9nr.genes_vs_motifs.rankings', 'activating'})","[('CCND2', 0.0540412950399486), ('FOXP1', 0.1757018140064599), ('JUNB', 0.0113053327209633), ('CNOT2', 0.0590786295802273), ('CD247', 0.0031057641239502), ('BACH2', 1.0), ('ARL4C', 0.0074630932358539)]",1240
BACH2,transfac_pro__M09536,0.21025421752312834,3.611129017805149,0.000779,1.0,motif similar to taipale_cyt_meth__BACH2_NWWNNATGACGTCAYNNWWN_eDBD ('BACH2 [bZIP]'; q-value = 0.000779) which is directly annotated,"frozenset({'top50perTarget', 'hg38__refseq-r80__10kb_up_and_down_tss.mc9nr.genes_vs_motifs.rankings', 'activating'})","[('BACH2', 1.0), ('CCND2', 0.0540412950399486), ('ARL4C', 0.0074630932358539), ('FOXP1', 0.1757018140064599), ('DUSP2', 0.0012791103844027)]",775
BACH2,transfac_pro__M09526,0.21184793594029386,3.6505671031307796,0.000776,1.0,motif similar to taipale_cyt_meth__BACH2_NWWNNATGACGTCAYNNWWN_eDBD ('BACH2 [bZIP]'; q-value = 0.000776) which is directly annotated,"frozenset({'top50perTarget', 'hg38__refseq-r80__10kb_up_and_down_tss.mc9nr.genes_vs_motifs.rankings', 'activating'})","[('JUN', 0.1104115625268849), ('FOXP1', 0.1757018140064599), ('CCND2', 0.0540412950399486), ('ARL4C', 0.0074630932358539), ('DUSP2', 0.0012791103844027), ('CBLB', 0.0091713371360044), ('BACH2', 1.0)]",1439
BACH2,taipale__XBP1_DBD_GATGACGTCATC,0.244771826168079,4.465300231687087,0.000766,1.0,motif similar to taipale_cyt_meth__BACH2_NWWNNATGACGTCAYNNWWN_eDBD ('BACH2 [bZIP]'; q-value = 0.000766) which is directly annotated,"frozenset({'top50perTarget', 'hg38__refseq-r80__10kb_up_and_down_tss.mc9nr.genes_vs_motifs.rankings', 'activating'})","[('CCND2', 0.0540412950399486), ('BACH2', 1.0), ('JUN', 0.1104115625268849), ('DUSP2', 0.0012791103844027), ('FOXP1', 0.1757018140064599)]",568
BACH2,transfac_pro__M04681,0.21037083106584778,3.614014731365562,0.000698,1.0,motif similar to taipale_cyt_meth__BACH2_NWWNNATGACGTCAYNNWWN_eDBD ('BACH2 [bZIP]'; q-value = 0.000698) which is directly annotated,"frozenset({'top50perTarget', 'hg38__refseq-r80__10kb_up_and_down_tss.mc9nr.genes_vs_motifs.rankings', 'activating'})","[('BACH2', 1.0), ('ARL4C', 0.0074630932358539), ('JUN', 0.1104115625268849), ('CCND2', 0.0540412950399486), ('FOXP1', 0.1757018140064599)]",347
BACH2,taipale_cyt_meth__CREB1_NRTGACGTCAYN_FL,0.22319832076498483,3.9314432230108762,0.000611,1.0,motif similar to taipale_cyt_meth__BACH2_NWWNNATGACGTCAYNNWWN_eDBD ('BACH2 [bZIP]'; q-value = 0.000611) which is directly annotated,"frozenset({'top50perTarget', 'hg38__refseq-r80__10kb_up_and_down_tss.mc9nr.genes_vs_motifs.rankings', 'activating'})","[('CCND2', 0.0540412950399486), ('FOXP1', 0.1757018140064599), ('ARL4C', 0.0074630932358539), ('BACH2', 1.0)]",338
BACH2,taipale_cyt_meth__ATF3_NRTGAYGTCAYN_eDBD,0.18945813573816372,3.096510099531685,0.000606,1.0,motif similar to taipale_cyt_meth__BACH2_NWWNNATGACGTCAYNNWWN_eDBD ('BACH2 [bZIP]'; q-value = 0.000606) which is directly annotated,"frozenset({'top50perTarget', 'hg38__refseq-r80__10kb_up_and_down_tss.mc9nr.genes_vs_motifs.rankings', 'activating'})","[('JUN', 0.1104115625268849), ('CCND2', 0.0540412950399486), ('ARL4C', 0.0074630932358539), ('BACH2', 1.0)]",207
BACH2,taipale__CREB3_full_NNRTGACGTCAYCN,0.21200342066391978,3.6544147212113294,0.000538,1.0,motif similar to taipale_cyt_meth__BACH2_NWWNNATGACGTCAYNNWWN_eDBD ('BACH2 [bZIP]'; q-value = 0.000538) which is directly annotated,"frozenset({'top50perTarget', 'hg38__refseq-r80__10kb_up_and_down_tss.mc9nr.genes_vs_motifs.rankings', 'activating'})","[('FOXP1', 0.1757018140064599), ('JUN', 0.1104115625268849), ('CCND2', 0.0540412950399486), ('DUSP2', 0.0012791103844027), ('CD247', 0.0031057641239502)]",606
BACH2,cisbp__M5323,0.2085438855632434,3.568805218919108,0.000531,1.0,motif similar to taipale_cyt_meth__BACH2_NWWNNATGACGTCAYNNWWN_eDBD ('BACH2 [bZIP]'; q-value = 0.000531) which is directly annotated,"frozenset({'top50perTarget', 'hg38__refseq-r80__10kb_up_and_down_tss.mc9nr.genes_vs_motifs.rankings', 'activating'})","[('BACH2', 1.0), ('ARL4C', 0.0074630932358539), ('CCND2', 0.0540412950399486), ('FOXP1', 0.1757018140064599), ('JUN', 0.1104115625268849)]",518
BACH2,taipale_cyt_meth__JDP2_NRTGAYGTCAYN_FL_meth,0.1890305527481925,3.085929149810175,0.000505,1.0,motif similar to taipale_cyt_meth__BACH2_NWWNNATGACGTCAYNNWWN_eDBD ('BACH2 [bZIP]'; q-value = 0.000505) which is directly annotated,"frozenset({'top50perTarget', 'hg38__refseq-r80__10kb_up_and_down_tss.mc9nr.genes_vs_motifs.rankings', 'activating'})","[('CCND2', 0.0540412950399486), ('ARL4C', 0.0074630932358539), ('BACH2', 1.0), ('FOXP1', 0.1757018140064599), ('JUN', 0.1104115625268849)]",542
BACH2,hocomoco__CREB5_HUMAN.H11MO.0.D,0.21169245121666797,3.6467194850502302,0.000495,0.075525,motif similar to transfac_pro__M07677 ('I$CNC_03: Cnc'; q-value = 0.000495) which is annotated for orthologous gene FBgn0262975 in D. melanogaster (identity = 7%),"frozenset({'top50perTarget', 'hg38__refseq-r80__10kb_up_and_down_tss.mc9nr.genes_vs_motifs.rankings', 'activating'})","[('CCND2', 0.0540412950399486), ('ARL4C', 0.0074630932358539), ('FOXP1', 0.1757018140064599), ('JUN', 0.1104115625268849), ('BACH2', 1.0)]",429
BACH2,transfac_pro__M08941,0.20282982196999144,3.4274052544589217,0.000483,0.075525,motif similar to transfac_pro__M07677 ('I$CNC_03: Cnc'; q-value = 0.000483) which is annotated for orthologous gene FBgn0262975 in D. melanogaster (identity = 7%),"frozenset({'top50perTarget', 'hg38__refseq-r80__10kb_up_and_down_tss.mc9nr.genes_vs_motifs.rankings', 'activating'})","[('DUSP2', 0.0012791103844027), ('JUN', 0.1104115625268849), ('BACH2', 1.0), ('FOXP1', 0.1757018140064599), ('CD247', 0.0031057641239502), ('CCND2', 0.0540412950399486), ('ARL4C', 0.0074630932358539), ('CBLB', 0.0091713371360044)]",2351
BACH2,hocomoco__ATF7_HUMAN.H11MO.0.D,0.22914561144367565,4.078614614591886,0.000475,0.075525,motif similar to transfac_pro__M07677 ('I$CNC_03: Cnc'; q-value = 0.000475) which is annotated for orthologous gene FBgn0262975 in D. melanogaster (identity = 7%),"frozenset({'top50perTarget', 'hg38__refseq-r80__10kb_up_and_down_tss.mc9nr.genes_vs_motifs.rankings', 'activating'})","[('JUNB', 0.0113053327209633), ('CCND2', 0.0540412950399486), ('FOXP1', 0.1757018140064599), ('BACH2', 1.0)]",267
BACH2,taipale_cyt_meth__BATF3_NRTGAYGTCAYN_eDBD,0.21281971546295578,3.6746147161342133,0.000421,1.0,motif similar to taipale_cyt_meth__BACH2_NWWNNATGACGTCAYNNWWN_eDBD ('BACH2 [bZIP]'; q-value = 0.000421) which is directly annotated,"frozenset({'top50perTarget', 'hg38__refseq-r80__10kb_up_and_down_tss.mc9nr.genes_vs_motifs.rankings', 'activating'})","[('CCND2', 0.0540412950399486), ('BACH2', 1.0), ('FOXP1', 0.1757018140064599), ('ARL4C', 0.0074630932358539)]",394
BACH2,taipale_cyt_meth__BATF3_NRTGAYGTCAYN_FL,0.20508435046256707,3.4831957166268865,0.000411,1.0,motif similar to taipale_cyt_meth__BACH2_NWWNNATGACGTCAYNNWWN_eDBD ('BACH2 [bZIP]'; q-value = 0.000411) which is directly annotated,"frozenset({'top50perTarget', 'hg38__refseq-r80__10kb_up_and_down_tss.mc9nr.genes_vs_motifs.rankings', 'activating'})","[('CCND2', 0.0540412950399486), ('BACH2', 1.0), ('ARL4C', 0.0074630932358539), ('FOXP1', 0.1757018140064599), ('JUN', 0.1104115625268849), ('DUSP2', 0.0012791103844027)]",1028
BACH2,transfac_pro__M07572,0.1988649615175309,3.329290993404916,0.000382,1.0,motif similar to taipale_cyt_meth__BACH2_NWWNNATGACGTCAYNNWWN_eDBD ('BACH2 [bZIP]'; q-value = 0.000382) which is directly annotated,"frozenset({'top50perTarget', 'hg38__refseq-r80__10kb_up_and_down_tss.mc9nr.genes_vs_motifs.rankings', 'activating'})","[('FOXP1', 0.1757018140064599), ('CNOT2', 0.0590786295802273), ('CCND2', 0.0540412950399486), ('BACH2', 1.0)]",286
BACH2,stark__TGACGTCAT,0.20380160149265333,3.451452867462355,0.000369,1.0,gene is annotated for similar motif taipale_cyt_meth__BACH2_NWWNNATGACGTCAYNNWWN_eDBD ('BACH2 [bZIP]'; q-value = 0.000369),"frozenset({'top50perTarget', 'hg38__refseq-r80__10kb_up_and_down_tss.mc9nr.genes_vs_motifs.rankings', 'activating'})","[('JUNB', 0.0113053327209633), ('FOXP1', 0.1757018140064599), ('CCND2', 0.0540412950399486), ('JUN', 0.1104115625268849), ('BACH2', 1.0)]",772
BACH2,transfac_pro__M07682,0.21437456269921482,3.713090896939706,0.000355,1.0,motif similar to taipale_cyt_meth__BACH2_NWWNNATGACGTCAYNNWWN_eDBD ('BACH2 [bZIP]'; q-value = 0.000355) which is directly annotated,"frozenset({'top50perTarget', 'hg38__refseq-r80__10kb_up_and_down_tss.mc9nr.genes_vs_motifs.rankings', 'activating'})","[('IL7R', 0.1615479805333774), ('BIN2', 0.0138144163030619), ('CCND2', 0.0540412950399486), ('FOXP1', 0.1757018140064599), ('JUNB', 0.0113053327209633)]",538
BACH2,hocomoco__JDP2_HUMAN.H11MO.0.D,0.21511311513643785,3.731367082822315,0.000303,1.0,motif similar to taipale_cyt_meth__BACH2_NWWNNATGACGTCAYNNWWN_eDBD ('BACH2 [bZIP]'; q-value = 0.000303) which is directly annotated,"frozenset({'top50perTarget', 'hg38__refseq-r80__10kb_up_and_down_tss.mc9nr.genes_vs_motifs.rankings', 'activating'})","[('DUSP2', 0.0012791103844027), ('CD69', 0.0323701802850059), ('FOXP1', 0.1757018140064599), ('BACH2', 1.0), ('JUNB', 0.0113053327209633)]",808
BACH2,taipale_cyt_meth__ATF2_NRTGAYGTMAYN_FL,0.22685221177019357,4.021862247903784,0.000293,1.0,motif similar to taipale_cyt_meth__BACH2_NWWNNATGACGTCAYNNWWN_eDBD ('BACH2 [bZIP]'; q-value = 0.000293) which is directly annotated,"frozenset({'top50perTarget', 'hg38__refseq-r80__10kb_up_and_down_tss.mc9nr.genes_vs_motifs.rankings', 'activating'})","[('BACH2', 1.0), ('ARL4C', 0.0074630932358539), ('FOXP1', 0.1757018140064599), ('JUN', 0.1104115625268849), ('CCND2', 0.0540412950399486)]",520
BACH2,transfac_pro__M08927,0.206794682422452,3.525519515512929,0.000247,1.0,motif similar to taipale_cyt_meth__BACH2_NWWNNATGACGTCAYNNWWN_eDBD ('BACH2 [bZIP]'; q-value = 0.000247) which is directly annotated,"frozenset({'top50perTarget', 'hg38__refseq-r80__10kb_up_and_down_tss.mc9nr.genes_vs_motifs.rankings', 'activating'})","[('CCND2', 0.0540412950399486), ('JUN', 0.1104115625268849), ('ARL4C', 0.0074630932358539), ('FOXP1', 0.1757018140064599)]",199
BACH2,jaspar__MA0967.1,0.18650392598927154,3.023405356001249,0.00019,0.128419,gene is orthologous to FBgn0262975 in D. melanogaster (identity = 12%) which is annotated for similar motif transfac_pro__M07677 ('I$CNC_03: Cnc'; q-value = 0.00019),"frozenset({'top50perTarget', 'hg38__refseq-r80__10kb_up_and_down_tss.mc9nr.genes_vs_motifs.rankings', 'activating'})","[('FOXP1', 0.1757018140064599), ('BACH2', 1.0), ('CCND2', 0.0540412950399486), ('ARL4C', 0.0074630932358539), ('DUSP2', 0.0012791103844027), ('JUN', 0.1104115625268849)]",738
BACH2,transfac_pro__M08915,0.2030630490554303,3.433176681579746,0.000163,1.0,motif similar to taipale_cyt_meth__BACH2_NWWNNATGACGTCAYNNWWN_eDBD ('BACH2 [bZIP]'; q-value = 0.000163) which is directly annotated,"frozenset({'top50perTarget', 'hg38__refseq-r80__10kb_up_and_down_tss.mc9nr.genes_vs_motifs.rankings', 'activating'})","[('JUN', 0.1104115625268849), ('ARL4C', 0.0074630932358539), ('BACH2', 1.0), ('FOXP1', 0.1757018140064599), ('CCND2', 0.0540412950399486)]",552
BACH2,transfac_pro__M09524,0.2004586799346964,3.3687290787305453,0.000149,0.075525,motif similar to transfac_pro__M07677 ('I$CNC_03: Cnc'; q-value = 0.000149) which is annotated for orthologous gene FBgn0262975 in D. melanogaster (identity = 7%),"frozenset({'top50perTarget', 'hg38__refseq-r80__10kb_up_and_down_tss.mc9nr.genes_vs_motifs.rankings', 'activating'})","[('FOXP1', 0.1757018140064599), ('BACH2', 1.0), ('CCND2', 0.0540412950399486), ('ARL4C', 0.0074630932358539), ('PASK', 0.0074279648062531)]",768
BACH2,taipale_cyt_meth__CREM_NRTGACGTCAYN_eDBD,0.22389800202130142,3.9487575043733485,0.000115,1.0,motif similar to taipale_cyt_meth__BACH2_NWWNNATGACGTCAYNNWWN_eDBD ('BACH2 [bZIP]'; q-value = 0.000115) which is directly annotated,"frozenset({'top50perTarget', 'hg38__refseq-r80__10kb_up_and_down_tss.mc9nr.genes_vs_motifs.rankings', 'activating'})","[('ARL4C', 0.0074630932358539), ('JUN', 0.1104115625268849), ('BACH2', 1.0), ('CCND2', 0.0540412950399486), ('FOXP1', 0.1757018140064599)]",287
BACH2,taipale_cyt_meth__ATF2_NRTGAYGTCAYN_eDBD,0.22836818782554613,4.059376524189139,0.000115,1.0,motif similar to taipale_cyt_meth__BACH2_NWWNNATGACGTCAYNNWWN_eDBD ('BACH2 [bZIP]'; q-value = 0.000115) which is directly annotated,"frozenset({'top50perTarget', 'hg38__refseq-r80__10kb_up_and_down_tss.mc9nr.genes_vs_motifs.rankings', 'activating'})","[('CCND2', 0.0540412950399486), ('BACH2', 1.0), ('JUN', 0.1104115625268849), ('FOXP1', 0.1757018140064599), ('ARL4C', 0.0074630932358539)]",448
BACH2,taipale_cyt_meth__JDP2_NRTGAYGTCAYN_eDBD,0.197893181994869,3.3052433804014822,7.8e-05,1.0,motif similar to taipale_cyt_meth__BACH2_NWWNNATGACGTCAYNNWWN_eDBD ('BACH2 [bZIP]'; q-value = 7.79e-05) which is directly annotated,"frozenset({'top50perTarget', 'hg38__refseq-r80__10kb_up_and_down_tss.mc9nr.genes_vs_motifs.rankings', 'activating'})","[('ARL4C', 0.0074630932358539), ('CCND2', 0.0540412950399486), ('BACH2', 1.0), ('FOXP1', 0.1757018140064599), ('JUN', 0.1104115625268849)]",469
BACH2,swissregulon__sacCer__GCN4,0.19311202674337247,3.1869291244245925,7.7e-05,1.0,"motif similar to cisbp__M2980 ('BACH2[gene ID: ""ENSG00000112182"" species: ""Homo sapiens"" TF status: ""direct"" TF family: ""bZIP"" DBDs: ""bZIP_1""]; Bach1[gene ID: ""ENSMUSG00000025612"" species: ""Mus musculus"" TF status: ""inferred"" TF family: ""bZIP"" DBDs: ""bZIP_1""]; Bach2[gene ID: ""ENSMUSG00000040270"" species: ""Mus musculus"" TF status: ""inferred"" TF family: ""bZIP"" DBDs: ""bZIP_1""]'; q-value = 7.71e-05) which is directly annotated","frozenset({'top50perTarget', 'hg38__refseq-r80__10kb_up_and_down_tss.mc9nr.genes_vs_motifs.rankings', 'activating'})","[('FOXP1', 0.1757018140064599), ('CBLB', 0.0091713371360044), ('JUNB', 0.0113053327209633), ('CNOT2', 0.0590786295802273), ('BACH2', 1.0), ('JUN', 0.1104115625268849), ('CCND2', 0.0540412950399486)]",1414
BACH2,taipale_cyt_meth__JUND_NRTGACGTCATN_eDBD,0.21818393842804945,3.807357539913162,6.6e-05,1.0,motif similar to taipale_cyt_meth__BACH2_NWWNNATGACGTCAYNNWWN_eDBD ('BACH2 [bZIP]'; q-value = 6.55e-05) which is directly annotated,"frozenset({'top50perTarget', 'hg38__refseq-r80__10kb_up_and_down_tss.mc9nr.genes_vs_motifs.rankings', 'activating'})","[('BACH2', 1.0), ('CCND2', 0.0540412950399486), ('ARL4C', 0.0074630932358539), ('FOXP1', 0.1757018140064599), ('JUN', 0.1104115625268849), ('DUSP2', 0.0012791103844027)]",906
BACH2,taipale_cyt_meth__XBP1_NRTGACGTCAYN_FL,0.22591930342843816,3.9987765394204886,6.3e-05,1.0,motif similar to taipale_cyt_meth__BACH2_NWWNNATGACGTCAYNNWWN_eDBD ('BACH2 [bZIP]'; q-value = 6.33e-05) which is directly annotated,"frozenset({'top50perTarget', 'hg38__refseq-r80__10kb_up_and_down_tss.mc9nr.genes_vs_motifs.rankings', 'activating'})","[('JUNB', 0.0113053327209633), ('JUN', 0.1104115625268849), ('FOXP1', 0.1757018140064599)]",151
BACH2,taipale_cyt_meth__JDP2_NRTGAYGTCAYN_FL,0.2146855321464666,3.7207861331008036,4.2e-05,1.0,motif similar to taipale_cyt_meth__BACH2_NWWNNATGACGTCAYNNWWN_eDBD ('BACH2 [bZIP]'; q-value = 4.2e-05) which is directly annotated,"frozenset({'top50perTarget', 'hg38__refseq-r80__10kb_up_and_down_tss.mc9nr.genes_vs_motifs.rankings', 'activating'})","[('DUSP2', 0.0012791103844027), ('ARL4C', 0.0074630932358539), ('FOXP1', 0.1757018140064599), ('JUNB', 0.0113053327209633), ('CBLB', 0.0091713371360044), ('IL7R', 0.1615479805333774)]",1434
BACH2,taipale_cyt_meth__CREB5_NRTGAYGTCAYN_eDBD,0.23423773614242402,4.204624106729875,3.5e-05,1.0,motif similar to taipale_cyt_meth__BACH2_NWWNNATGACGTCAYNNWWN_eDBD ('BACH2 [bZIP]'; q-value = 3.49e-05) which is directly annotated,"frozenset({'top50perTarget', 'hg38__refseq-r80__10kb_up_and_down_tss.mc9nr.genes_vs_motifs.rankings', 'activating'})","[('BACH2', 1.0), ('CCND2', 0.0540412950399486), ('ARL4C', 0.0074630932358539), ('FOXP1', 0.1757018140064599)]",400
BCL6,cisbp__M1955,0.10172208812191519,3.027073749831026,0.000417,0.946252,"motif similar to cisbp__M2265 ('Bcl6[gene ID: ""ENSMUSG00000022508"" species: ""Mus musculus"" TF status: ""direct"" TF family: ""C2H2 ZF"" DBDs: ""zf-C2H2""]'; q-value = 0.000417) which is annotated for orthologous gene ENSMUSG00000022508 in M. musculus (identity = 94%)","frozenset({'top50perTarget', 'hg38__refseq-r80__10kb_up_and_down_tss.mc9nr.genes_vs_motifs.rankings', 'activating'})","[('FYN', 0.102487350496526), ('AQP9', 1.4747119061941765), ('CD44', 0.0476712947552064), ('BCL6', 1.0), ('CD8A', 0.043723401762373), ('IL1B', 0.0145613367543412), ('RORA', 0.0509527297337692), ('MYC', 0.0262516884707862), ('LYN', 0.0130527737209544), ('THBS1', 0.0468190449093275)]",1385
EGR1,transfac_pro__M08806,0.08917727603104265,3.086084780119912,0.000925,1.0,"gene is annotated for similar motif taipale_cyt_meth__EGR1_NMCGCCCACGCMN_eDBD_meth ('EGR1 [Znf_C2H2, CpG-meth]'; q-value = 0.000925)","frozenset({'top50perTarget', 'hg38__refseq-r80__10kb_up_and_down_tss.mc9nr.genes_vs_motifs.rankings', 'activating'})","[('PCNA', 0.8379554444647237), ('MCM4', 1.3175119857718676), ('TYMS', 0.097049715835775), ('MYC', 2.9881827857725174), ('LEF1', 1.0975754021831252), ('PAX5', 0.1897375298091553), ('EGR1', 1.0)]",369
FOSB,transfac_pro__M00916,0.08200667432572897,3.2140647206750432,0.000881,1.0,motif similar to taipale_cyt_meth__FOSB_NRTGACGTCAYN_eDBD ('FOSB [bZIP]'; q-value = 0.000881) which is directly annotated,"frozenset({'top50perTarget', 'hg38__refseq-r80__10kb_up_and_down_tss.mc9nr.genes_vs_motifs.rankings', 'activating'})","[('CCL2', 5.6957685359424), ('ICAM1', 9.400180041862368), ('CD86', 3.229040663884038), ('JUNB', 7.262425913075174), ('TIAF1', 5.388393845593567), ('CCL5', 1.6434175927426438), ('STAT5A', 1.7470127476794994), ('STAT1', 0.9996283687412004), ('S100A12', 9.945981249902886), ('IRF8', 2.5626108549906648), ('DUSP2', 8.291331558558932), ('CD69', 9.004603954855249), ('POU2AF1', 1.3937040280998232), ('CD4', 3.3067720573230344), ('IER3', 10.222137171542794), ('LAT2', 5.012636520097989), ('CD63', 6.0767644802776), ('CTLA4', 2.057210168000688), ('ITGA4', 2.916430200143413), ('FYN', 2.837428222824081), ('HLA-DRA', 6.040937837947307), ('CD74', 3.4585979116769776), ('LYN', 5.410831017612816), ('LGALS1', 3.0356563550818567), ('TLR2', 6.994248116872449), ('CXCL16', 7.162713069685784), ('TRAT1', 2.595436308434953), ('CSF2', 1.9637245815437012)]",3171
FOSB,transfac_pro__M00917,0.07866951146123967,3.012684816193196,0.000852,1.0,motif similar to transfac_pro__M08937 ('V$JUNFOSB_02: C-JUN:FOSB'; q-value = 0.000852) which is directly annotated,"frozenset({'top50perTarget', 'hg38__refseq-r80__10kb_up_and_down_tss.mc9nr.genes_vs_motifs.rankings', 'activating'})","[('CCND2', 2.982011422157035), ('LEF1', 6.313594303887207), ('FOSB', 1.0), ('EGR3', 7.797866617347223), ('DUSP2', 8.291331558558932), ('MYC', 1.9209507625456768), ('LGALS1', 3.0356563550818567), ('STAT5A', 1.7470127476794994), ('CD4', 3.3067720573230344), ('CXCR4', 26.262316827299703), ('JUNB', 7.262425913075174), ('GAPDH', 5.4259366538276375)]",1140
FOSB,cisbp__M0341,0.08065722048981527,3.1326324095730946,0.000788,1.0,gene is annotated for similar motif transfac_pro__M08937 ('V$JUNFOSB_02: C-JUN:FOSB'; q-value = 0.000788),"frozenset({'top50perTarget', 'hg38__refseq-r80__10kb_up_and_down_tss.mc9nr.genes_vs_motifs.rankings', 'activating'})","[('DUSP1', 6.838265272388113), ('BTG1', 31.793865306776624), ('JUN', 4.887521420388917), ('CCND2', 2.982011422157035), ('FOSB', 1.0), ('EGR3', 7.797866617347223), ('CXCL16', 7.162713069685784), ('FYN', 2.837428222824081)]",443
FOSB,taipale_cyt_meth__CREB1_NRTGACGTCAYN_FL,0.08536207305286576,3.416545061793404,0.000632,1.0,motif similar to taipale_cyt_meth__FOSB_NRTGACGTCAYN_eDBD ('FOSB [bZIP]'; q-value = 0.000632) which is directly annotated,"frozenset({'top50perTarget', 'hg38__refseq-r80__10kb_up_and_down_tss.mc9nr.genes_vs_motifs.rankings', 'activating'})","[('CCL2', 5.6957685359424), ('CSF2', 1.9637245815437012), ('JUNB', 7.262425913075174), ('S100A12', 9.945981249902886), ('ICAM1', 9.400180041862368), ('DUSP2', 8.291331558558932), ('CD4', 3.3067720573230344)]",261
FOSB,transfac_pro__M07312,0.08767802760909604,3.5563005146305326,0.000574,1.0,gene is annotated for similar motif taipale_cyt_meth__FOSB_NRTGACGTCAYN_eDBD ('FOSB [bZIP]'; q-value = 0.000574),"frozenset({'top50perTarget', 'hg38__refseq-r80__10kb_up_and_down_tss.mc9nr.genes_vs_motifs.rankings', 'activating'})","[('JUNB', 7.262425913075174), ('ANXA5', 9.639873542898442), ('POU2AF1', 1.3937040280998232), ('IL18', 7.555072051771537), ('FOSB', 1.0), ('DUSP1', 6.838265272388113), ('DUSP2', 8.291331558558932), ('IL23R', 10.513994671780292)]",508
FOSB,cisbp__M0269,0.09427940988748473,3.954658577048177,0.000456,1.0,gene is annotated for similar motif transfac_pro__M08937 ('V$JUNFOSB_02: C-JUN:FOSB'; q-value = 0.000456),"frozenset({'top50perTarget', 'hg38__refseq-r80__10kb_up_and_down_tss.mc9nr.genes_vs_motifs.rankings', 'activating'})","[('MYC', 1.9209507625456768), ('CCND2', 2.982011422157035), ('LEF1', 6.313594303887207), ('EGR3', 7.797866617347223), ('LIPA', 2.1351212686012806), ('EGR1', 10.462417157673617), ('JUN', 4.887521420388917), ('FYN', 2.837428222824081), ('PIK3IP1', 6.120108812702725)]",602
FOSB,transfac_pro__M08930,0.0852161861516859,3.407741568701301,0.000393,1.0,gene is annotated for similar motif transfac_pro__M08937 ('V$JUNFOSB_02: C-JUN:FOSB'; q-value = 0.000393),"frozenset({'top50perTarget', 'hg38__refseq-r80__10kb_up_and_down_tss.mc9nr.genes_vs_motifs.rankings', 'activating'})","[('FYN', 2.837428222824081), ('DUSP1', 6.838265272388113), ('JUN', 4.887521420388917), ('FOSB', 1.0), ('CCND2', 2.982011422157035), ('BTG1', 31.793865306776624), ('TIAF1', 5.388393845593567), ('EGR3', 7.797866617347223), ('KIT', 2.8562745844940998), ('NAMPT', 12.122625536821214), ('CD4', 3.3067720573230344)]",1234
FOSB,dbcorrdb__RCOR1__ENCSR000ECM_1__m1,0.07857833214800226,3.007182633010632,0.000312,1.0,motif similar to hocomoco__FOSB_HUMAN.H11MO.0.A ('FOSB_HUMAN'; q-value = 0.000312) which is directly annotated,"frozenset({'top50perTarget', 'hg38__refseq-r80__10kb_up_and_down_tss.mc9nr.genes_vs_motifs.rankings', 'activating'})","[('CCL2', 5.6957685359424), ('CD86', 3.229040663884038), ('TIAF1', 5.388393845593567), ('STAT1', 0.9996283687412004), ('STAT5A', 1.7470127476794994), ('ICAM1', 9.400180041862368), ('CD69', 9.004603954855249), ('CCL5', 1.6434175927426438), ('IER3', 10.222137171542794), ('CD63', 6.0767644802776), ('S100A12', 9.945981249902886), ('CD4', 3.3067720573230344), ('IRF8', 2.5626108549906648), ('FYN', 2.837428222824081), ('LAT2', 5.012636520097989), ('ITGA4', 2.916430200143413), ('LYN', 5.410831017612816), ('POU2AF1', 1.3937040280998232), ('JUNB', 7.262425913075174), ('DUSP2', 8.291331558558932), ('CD74', 3.4585979116769776)]",1562
FOSB,transfac_pro__M01186,0.08007367288509583,3.097418437204684,0.000161,1.0,motif similar to taipale_cyt_meth__FOSB_NRTGACGTCAYN_eDBD ('FOSB [bZIP]'; q-value = 0.000161) which is directly annotated,"frozenset({'top50perTarget', 'hg38__refseq-r80__10kb_up_and_down_tss.mc9nr.genes_vs_motifs.rankings', 'activating'})","[('DUSP2', 8.291331558558932), ('ICAM1', 9.400180041862368), ('S100A12', 9.945981249902886), ('CCL2', 5.6957685359424), ('CD86', 3.229040663884038), ('JUN', 4.887521420388917), ('IER3', 10.222137171542794), ('STAT5A', 1.7470127476794994), ('CD4', 3.3067720573230344), ('LYN', 5.410831017612816), ('CD69', 9.004603954855249), ('CLEC4E', 11.441883047908911), ('FTH1', 11.851478800579727), ('FYN', 2.837428222824081), ('CSF2', 1.9637245815437012), ('CD63', 6.0767644802776), ('ITGAX', 5.7108571408860165), ('STAT1', 0.9996283687412004), ('TRAT1', 2.595436308434953), ('CTLA4', 2.057210168000688), ('CCL5', 1.6434175927426438), ('TGFBI', 2.182359912302477), ('TLR2', 6.994248116872449), ('PDIA6', 3.370532073499744), ('POU2AF1', 1.3937040280998232), ('EGR1', 10.462417157673617), ('KIT', 2.8562745844940998), ('EGR3', 7.797866617347223), ('IRF8', 2.5626108549906648), ('LAT2', 5.012636520097989), ('JUNB', 7.262425913075174)]",4857
FOSB,taipale_cyt_meth__ATF2_NRTGAYGTMAYN_FL,0.09167168152889472,3.797296138026842,0.000158,1.0,motif similar to taipale_cyt_meth__FOSB_NRTGACGTCAYN_eDBD ('FOSB [bZIP]'; q-value = 0.000158) which is directly annotated,"frozenset({'top50perTarget', 'hg38__refseq-r80__10kb_up_and_down_tss.mc9nr.genes_vs_motifs.rankings', 'activating'})","[('DUSP1', 6.838265272388113), ('JUN', 4.887521420388917), ('FYN', 2.837428222824081), ('EGR3', 7.797866617347223), ('FOSB', 1.0), ('CCND2', 2.982011422157035), ('BTG1', 31.793865306776624)]",209
FOSB,cisbp__M0362,0.08460528475299524,3.370876941378121,0.000148,1.0,motif similar to taipale_cyt_meth__FOSB_NRTGACGTCAYN_eDBD ('FOSB [bZIP]'; q-value = 0.000148) which is directly annotated,"frozenset({'top50perTarget', 'hg38__refseq-r80__10kb_up_and_down_tss.mc9nr.genes_vs_motifs.rankings', 'activating'})","[('DUSP1', 6.838265272388113), ('CCND2', 2.982011422157035), ('BTG1', 31.793865306776624), ('DUSP2', 8.291331558558932), ('FOSB', 1.0), ('EGR3', 7.797866617347223), ('IRF4', 1.3591359979464186), ('EGR1', 10.462417157673617), ('CXCL16', 7.162713069685784), ('JUN', 4.887521420388917), ('NAMPT', 12.122625536821214), ('FYN', 2.837428222824081), ('CD4', 3.3067720573230344), ('JUNB', 7.262425913075174), ('LYN', 5.410831017612816), ('ANXA5', 9.639873542898442)]",1810
FOSB,cisbp__M0275,0.08250816054853474,3.244326728179146,0.000121,1.0,gene is annotated for similar motif transfac_pro__M08937 ('V$JUNFOSB_02: C-JUN:FOSB'; q-value = 0.000121),"frozenset({'top50perTarget', 'hg38__refseq-r80__10kb_up_and_down_tss.mc9nr.genes_vs_motifs.rankings', 'activating'})","[('STAT5A', 1.7470127476794994), ('DUSP2', 8.291331558558932), ('ICAM1', 9.400180041862368), ('CCL2', 5.6957685359424), ('S100A12', 9.945981249902886), ('CD86', 3.229040663884038), ('LAT2', 5.012636520097989), ('CD4', 3.3067720573230344), ('JUNB', 7.262425913075174), ('CD69', 9.004603954855249), ('TRAT1', 2.595436308434953), ('CCL5', 1.6434175927426438), ('CD74', 3.4585979116769776), ('STAT1', 0.9996283687412004), ('IER3', 10.222137171542794), ('FYN', 2.837428222824081), ('LYN', 5.410831017612816), ('ITGA4', 2.916430200143413), ('EGR3', 7.797866617347223), ('HLA-A', 30.27134725382337), ('EGR1', 10.462417157673617)]",2019
FOSB,taipale_cyt_meth__CREM_NRTGACGTCAYN_eDBD,0.08857158487882269,3.6102219098196615,0.000115,1.0,motif similar to taipale_cyt_meth__FOSB_NRTGACGTCAYN_eDBD ('FOSB [bZIP]'; q-value = 0.000115) which is directly annotated,"frozenset({'top50perTarget', 'hg38__refseq-r80__10kb_up_and_down_tss.mc9nr.genes_vs_motifs.rankings', 'activating'})","[('FOSB', 1.0), ('FYN', 2.837428222824081), ('RGS1', 27.632088686800262), ('FOSL1', 2.5504416928043647), ('BTG1', 31.793865306776624), ('CD4', 3.3067720573230344), ('ICAM1', 9.400180041862368), ('STAT5A', 1.7470127476794994)]",576
FOSB,jaspar__MA1070.1,0.08760508415850612,3.5518987680844822,0.000105,1.0,motif similar to taipale_cyt_meth__FOSB_NRTGACGTCAYN_eDBD ('FOSB [bZIP]'; q-value = 0.000105) which is directly annotated,"frozenset({'top50perTarget', 'hg38__refseq-r80__10kb_up_and_down_tss.mc9nr.genes_vs_motifs.rankings', 'activating'})","[('ICAM1', 9.400180041862368), ('DUSP2', 8.291331558558932), ('S100A12', 9.945981249902886), ('CSF2', 1.9637245815437012), ('CCL2', 5.6957685359424), ('STAT5A', 1.7470127476794994), ('CD86', 3.229040663884038), ('CD69', 9.004603954855249), ('IER3', 10.222137171542794)]",565
FOSB,cisbp__M0361,0.07875157284315334,3.0176367810575035,9.7e-05,1.0,motif similar to transfac_pro__M08937 ('V$JUNFOSB_02: C-JUN:FOSB'; q-value = 9.69e-05) which is directly annotated,"frozenset({'top50perTarget', 'hg38__refseq-r80__10kb_up_and_down_tss.mc9nr.genes_vs_motifs.rankings', 'activating'})","[('BTG1', 31.793865306776624), ('EGR3', 7.797866617347223), ('DUSP1', 6.838265272388113), ('FOSB', 1.0), ('CCND2', 2.982011422157035)]",71
FOSB,cisbp__M0259,0.08782391451027591,3.5651040077226357,8.5e-05,1.0,motif similar to taipale_cyt_meth__FOSB_NRTGACGTCAYN_eDBD ('FOSB [bZIP]'; q-value = 8.51e-05) which is directly annotated,"frozenset({'top50perTarget', 'hg38__refseq-r80__10kb_up_and_down_tss.mc9nr.genes_vs_motifs.rankings', 'activating'})","[('CCND2', 2.982011422157035), ('FYN', 2.837428222824081), ('DUSP1', 6.838265272388113), ('FOSB', 1.0), ('BTG1', 31.793865306776624), ('EGR3', 7.797866617347223), ('NAMPT', 12.122625536821214), ('DUSP2', 8.291331558558932), ('JUN', 4.887521420388917)]",741
FOSB,dbcorrdb__JUN__ENCSR000EEK_1__m1,0.1089228075934132,4.838309196167978,7.6e-05,1.0,motif similar to taipale_cyt_meth__FOSB_NRTGACGTCAYN_eDBD ('FOSB [bZIP]'; q-value = 7.57e-05) which is directly annotated,"frozenset({'top50perTarget', 'hg38__refseq-r80__10kb_up_and_down_tss.mc9nr.genes_vs_motifs.rankings', 'activating'})","[('MYC', 1.9209507625456768), ('JUNB', 7.262425913075174), ('CXCR4', 26.262316827299703), ('ICAM1', 9.400180041862368), ('BTG1', 31.793865306776624), ('EGR3', 7.797866617347223), ('CCL5', 1.6434175927426438), ('GAPDH', 5.4259366538276375), ('S100A9', 11.461342559543429), ('CCND2', 2.982011422157035), ('THBS1', 7.298722317894112), ('EGR1', 10.462417157673617), ('IRF4', 1.3591359979464186)]",1210
FOSB,transfac_pro__M01187,0.07877892663712457,3.0192874360122732,6.9e-05,1.0,gene is annotated for similar motif taipale_cyt_meth__FOSB_NRTGACGTCAYN_eDBD ('FOSB [bZIP]'; q-value = 6.94e-05),"frozenset({'top50perTarget', 'hg38__refseq-r80__10kb_up_and_down_tss.mc9nr.genes_vs_motifs.rankings', 'activating'})","[('TIAF1', 5.388393845593567), ('BTG1', 31.793865306776624), ('FYN', 2.837428222824081), ('LEF1', 6.313594303887207), ('RGS1', 27.632088686800262), ('CCL2', 5.6957685359424), ('CD63', 6.0767644802776)]",477
FOSB,transfac_pro__M09521,0.08162372121013184,3.190955551308274,6.7e-05,1.0,gene is annotated for similar motif transfac_pro__M08937 ('V$JUNFOSB_02: C-JUN:FOSB'; q-value = 6.72e-05),"frozenset({'top50perTarget', 'hg38__refseq-r80__10kb_up_and_down_tss.mc9nr.genes_vs_motifs.rankings', 'activating'})","[('DUSP1', 6.838265272388113), ('EGR3', 7.797866617347223), ('CCND2', 2.982011422157035), ('EGR1', 10.462417157673617), ('CXCL16', 7.162713069685784), ('BTG1', 31.793865306776624), ('FYN', 2.837428222824081), ('DUSP2', 8.291331558558932), ('FOSB', 1.0), ('IRF4', 1.3591359979464186)]",844
FOSB,transfac_pro__M07246,0.08811568831263562,3.5827109939068404,6.6e-05,1.0,"motif similar to taipale_cyt_meth__FOSB_NRTGAYGTCAYN_eDBD_meth ('FOSB [bZIP, CpG-meth]'; q-value = 6.64e-05) which is directly annotated","frozenset({'top50perTarget', 'hg38__refseq-r80__10kb_up_and_down_tss.mc9nr.genes_vs_motifs.rankings', 'activating'})","[('ICAM1', 9.400180041862368), ('MYC', 1.9209507625456768), ('EGR3', 7.797866617347223), ('CCND2', 2.982011422157035), ('IRF8', 2.5626108549906648), ('EGR1', 10.462417157673617), ('FYN', 2.837428222824081), ('LEF1', 6.313594303887207), ('CD63', 6.0767644802776), ('STAT5A', 1.7470127476794994), ('JUNB', 7.262425913075174), ('FOSB', 1.0)]",994
FOSB,cisbp__M4571,0.08969309043164286,3.6778987629652002,3.8e-05,1.0,motif similar to taipale_cyt_meth__FOSB_NRTGACGTCAYN_eDBD ('FOSB [bZIP]'; q-value = 3.78e-05) which is directly annotated,"frozenset({'top50perTarget', 'hg38__refseq-r80__10kb_up_and_down_tss.mc9nr.genes_vs_motifs.rankings', 'activating'})","[('CCND2', 2.982011422157035), ('JUNB', 7.262425913075174), ('EGR3', 7.797866617347223), ('LEF1', 6.313594303887207), ('FOSB', 1.0), ('GAPDH', 5.4259366538276375), ('CXCR4', 26.262316827299703), ('LGALS1', 3.0356563550818567), ('STAT5A', 1.7470127476794994)]",848
FOSB,taipale_cyt_meth__CREB5_NRTGAYGTCAYN_eDBD,0.08477852544814632,3.381331089424993,5e-06,1.0,motif similar to taipale_cyt_meth__FOSB_NRTGACGTCAYN_eDBD ('FOSB [bZIP]'; q-value = 5.42e-06) which is directly annotated,"frozenset({'top50perTarget', 'hg38__refseq-r80__10kb_up_and_down_tss.mc9nr.genes_vs_motifs.rankings', 'activating'})","[('STAT5A', 1.7470127476794994), ('ICAM1', 9.400180041862368), ('CCL2', 5.6957685359424), ('DUSP2', 8.291331558558932), ('CD86', 3.229040663884038), ('CCL5', 1.6434175927426438), ('IER3', 10.222137171542794), ('CD69', 9.004603954855249), ('S100A12', 9.945981249902886), ('TRAT1', 2.595436308434953)]",536
FOSB,cisbp__M0309,0.0793168845852253,3.0517503167894016,2e-06,1.0,motif similar to transfac_pro__M08937 ('V$JUNFOSB_02: C-JUN:FOSB'; q-value = 2.3e-06) which is directly annotated,"frozenset({'top50perTarget', 'hg38__refseq-r80__10kb_up_and_down_tss.mc9nr.genes_vs_motifs.rankings', 'activating'})","[('DUSP2', 8.291331558558932), ('EGR3', 7.797866617347223), ('CD86', 3.229040663884038), ('CD63', 6.0767644802776), ('CD4', 3.3067720573230344), ('ICAM1', 9.400180041862368), ('S100A12', 9.945981249902886), ('IER3', 10.222137171542794), ('EGR1', 10.462417157673617), ('LYN', 5.410831017612816), ('STAT5A', 1.7470127476794994), ('PIK3IP1', 6.120108812702725), ('RGS1', 27.632088686800262), ('JUNB', 7.262425913075174), ('IRF8', 2.5626108549906648), ('LAT2', 5.012636520097989), ('TRAT1', 2.595436308434953), ('JUN', 4.887521420388917), ('CCL5', 1.6434175927426438), ('CD69', 9.004603954855249), ('CSF2', 1.9637245815437012), ('LGALS1', 3.0356563550818567), ('GAPDH', 5.4259366538276375)]",3536
FOSB,dbcorrdb__ATF1__ENCSR000DNZ_1__m1,0.08774185312836223,3.5601520428583275,1e-06,1.0,motif similar to taipale_cyt_meth__FOSB_NRTGACGTCAYN_eDBD ('FOSB [bZIP]'; q-value = 7.13e-07) which is directly annotated,"frozenset({'top50perTarget', 'hg38__refseq-r80__10kb_up_and_down_tss.mc9nr.genes_vs_motifs.rankings', 'activating'})","[('EGR1', 10.462417157673617), ('EGR3', 7.797866617347223), ('DUSP2', 8.291331558558932), ('FOSB', 1.0), ('POU2AF1', 1.3937040280998232), ('TLR2', 6.994248116872449), ('TRAT1', 2.595436308434953), ('IER3', 10.222137171542794), ('JUNB', 7.262425913075174), ('THBS1', 7.298722317894112), ('LEF1', 6.313594303887207)]",1154
FOSB,transfac_pro__M08947,0.09659536444371501,4.094414029885306,1e-06,1.0,motif similar to transfac_pro__M08937 ('V$JUNFOSB_02: C-JUN:FOSB'; q-value = 1.18e-06) which is directly annotated,"frozenset({'top50perTarget', 'hg38__refseq-r80__10kb_up_and_down_tss.mc9nr.genes_vs_motifs.rankings', 'activating'})","[('DUSP1', 6.838265272388113), ('JUN', 4.887521420388917), ('CCND2', 2.982011422157035), ('NAMPT', 12.122625536821214), ('AQP9', 5.403789888920939), ('FOSB', 1.0), ('CD4', 3.3067720573230344), ('FYN', 2.837428222824081), ('DUSP2', 8.291331558558932), ('STAT5A', 1.7470127476794994)]",611
FOSB,hocomoco__CREB5_HUMAN.H11MO.0.D,0.08054780531393038,3.1260297897540177,1e-06,1.0,motif similar to transfac_pro__M08937 ('V$JUNFOSB_02: C-JUN:FOSB'; q-value = 7.54e-07) which is directly annotated,"frozenset({'top50perTarget', 'hg38__refseq-r80__10kb_up_and_down_tss.mc9nr.genes_vs_motifs.rankings', 'activating'})","[('EGR1', 10.462417157673617), ('EGR3', 7.797866617347223), ('FOSB', 1.0), ('JUNB', 7.262425913075174), ('TLR2', 6.994248116872449), ('LEF1', 6.313594303887207), ('KIT', 2.8562745844940998), ('DUSP2', 8.291331558558932), ('THBS1', 7.298722317894112), ('TRAT1', 2.595436308434953)]",899
FOSB,dbcorrdb__ATF2__ENCSR000BQU_1__m1,0.08995751044003136,3.693855094194636,1e-06,1.0,motif similar to taipale_cyt_meth__FOSB_NRTGACGTCAYN_eDBD ('FOSB [bZIP]'; q-value = 7.21e-07) which is directly annotated,"frozenset({'top50perTarget', 'hg38__refseq-r80__10kb_up_and_down_tss.mc9nr.genes_vs_motifs.rankings', 'activating'})","[('CD69', 9.004603954855249), ('CCL2', 5.6957685359424), ('STAT5A', 1.7470127476794994), ('CD86', 3.229040663884038), ('IL23R', 10.513994671780292), ('TNFSF13B', 4.825174314420416), ('STAT1', 0.9996283687412004), ('FTH1', 11.851478800579727), ('S100A12', 9.945981249902886), ('PTPRC', 11.47446315455502), ('IER3', 10.222137171542794)]",918
FOSB,taipale_cyt_meth__ATF2_NRTGAYGTCAYN_eDBD,0.08775097105968598,3.560702261176584,1e-06,1.0,motif similar to taipale_cyt_meth__FOSB_NRTGACGTCAYN_eDBD ('FOSB [bZIP]'; q-value = 1.1e-06) which is directly annotated,"frozenset({'top50perTarget', 'hg38__refseq-r80__10kb_up_and_down_tss.mc9nr.genes_vs_motifs.rankings', 'activating'})","[('CD69', 9.004603954855249), ('DUSP2', 8.291331558558932), ('CD4', 3.3067720573230344), ('JUNB', 7.262425913075174), ('S100A12', 9.945981249902886), ('CCL5', 1.6434175927426438), ('FYN', 2.837428222824081), ('STAT1', 0.9996283687412004), ('TRAT1', 2.595436308434953)]",472
FOSB,taipale_cyt_meth__XBP1_NRTGACGTCAYN_FL,0.08169666466072177,3.195357297854325,0.0,1.0,motif similar to taipale_cyt_meth__FOSB_NRTGACGTCAYN_eDBD ('FOSB [bZIP]'; q-value = 4.1e-07) which is directly annotated,"frozenset({'top50perTarget', 'hg38__refseq-r80__10kb_up_and_down_tss.mc9nr.genes_vs_motifs.rankings', 'activating'})","[('EGR1', 10.462417157673617), ('EGR3', 7.797866617347223), ('FOSL1', 2.5504416928043647), ('DUSP2', 8.291331558558932), ('FOSB', 1.0), ('JUNB', 7.262425913075174), ('ITGA4', 2.916430200143413), ('CD4', 3.3067720573230344), ('CD63', 6.0767644802776), ('FYN', 2.837428222824081), ('LYN', 5.410831017612816), ('POU2AF1', 1.3937040280998232)]",1255
FOSB,dbcorrdb__BCL3__ENCSR000BQH_1__m2,0.07863303973594471,3.0104839429201706,0.0,1.0,motif similar to hocomoco__FOSB_HUMAN.H11MO.0.A ('FOSB_HUMAN'; q-value = 4.24e-07) which is directly annotated,"frozenset({'top50perTarget', 'hg38__refseq-r80__10kb_up_and_down_tss.mc9nr.genes_vs_motifs.rankings', 'activating'})","[('EGR1', 10.462417157673617), ('EGR3', 7.797866617347223), ('FOSB', 1.0), ('THBS1', 7.298722317894112), ('JUNB', 7.262425913075174), ('POU2AF1', 1.3937040280998232), ('IL18RAP', 1.745873154046814), ('DUSP2', 8.291331558558932), ('CLEC4E', 11.441883047908911)]",630
FOSB,transfac_pro__M08915,0.08489705855535497,3.3884839275623273,0.0,1.0,motif similar to taipale_cyt_meth__FOSB_NRTGACGTCAYN_eDBD ('FOSB [bZIP]'; q-value = 1.25e-07) which is directly annotated,"frozenset({'top50perTarget', 'hg38__refseq-r80__10kb_up_and_down_tss.mc9nr.genes_vs_motifs.rankings', 'activating'})","[('CCND2', 2.982011422157035), ('EGR1', 10.462417157673617), ('MYC', 1.9209507625456768), ('CD1C', 1.5723169616936896), ('CXCR4', 26.262316827299703), ('DUSP2', 8.291331558558932), ('PDIA6', 3.370532073499744), ('CXCL16', 7.162713069685784), ('FYN', 2.837428222824081), ('LGALS1', 3.0356563550818567), ('ITGA4', 2.916430200143413), ('ITGAX', 5.7108571408860165), ('FCER1G', 7.001469306136787), ('BTG1', 31.793865306776624)]",1309
FOSB,hocomoco__FOSB_HUMAN.H11MO.0.A,0.07862392180462097,3.0099337246019138,0.0,1.0,gene is directly annotated,"frozenset({'top50perTarget', 'hg38__refseq-r80__10kb_up_and_down_tss.mc9nr.genes_vs_motifs.rankings', 'activating'})","[('CCND2', 2.982011422157035), ('JUNB', 7.262425913075174), ('FOSB', 1.0), ('LEF1', 6.313594303887207), ('CXCR4', 26.262316827299703), ('STAT5A', 1.7470127476794994), ('EGR3', 7.797866617347223), ('CD63', 6.0767644802776), ('EGR1', 10.462417157673617), ('LGALS1', 3.0356563550818567), ('GAPDH', 5.4259366538276375), ('CD4', 3.3067720573230344)]",1271
FOXO1,cisbp__M0742,0.1491414327917282,3.8034861378191023,0.000617,0.926718,"gene is orthologous to ENSMUSG00000044167 in M. musculus (identity = 92%) which is annotated for similar motif cisbp__M0731 ('Foxo1[gene ID: ""ENSMUSG00000044167"" species: ""Mus musculus"" TF status: ""direct"" TF family: ""Forkhead"" DBDs: ""Fork_head""]'; q-value = 0.000617)","frozenset({'top50perTarget', 'hg38__refseq-r80__10kb_up_and_down_tss.mc9nr.genes_vs_motifs.rankings', 'activating'})","[('BCL11B', 0.7284584121785607), ('CD247', 0.4865688829055764), ('FAM65B', 0.3860277714010084), ('TRIB2', 0.8114243000447136), ('BTG1', 2.2545378433637118)]",411
FOXO1,cisbp__M0729,0.12742337518463812,3.065018586615129,0.000575,1.0,gene is annotated for similar motif taipale__FOXO1_DBD_GTAAACAA ('FOXO1 monomeric forkhead DBD'; q-value = 0.000575),"frozenset({'top50perTarget', 'hg38__refseq-r80__10kb_up_and_down_tss.mc9nr.genes_vs_motifs.rankings', 'activating'})","[('BCL11B', 0.7284584121785607), ('BCL2', 0.4747080303950965), ('TRIB2', 0.8114243000447136), ('MYC', 0.4215774001590802), ('BTG1', 2.2545378433637118), ('EGR1', 0.3206268811826425), ('CNOT2', 0.3714733171727705)]",458
FOXO1,transfac_pro__M01137,0.12624630723781388,3.0249953718314915,0.00054,0.926718,"gene is orthologous to ENSMUSG00000044167 in M. musculus (identity = 92%) which is annotated for similar motif cisbp__M0731 ('Foxo1[gene ID: ""ENSMUSG00000044167"" species: ""Mus musculus"" TF status: ""direct"" TF family: ""Forkhead"" DBDs: ""Fork_head""]'; q-value = 0.00054)","frozenset({'top50perTarget', 'hg38__refseq-r80__10kb_up_and_down_tss.mc9nr.genes_vs_motifs.rankings', 'activating'})","[('BCL11B', 0.7284584121785607), ('BCL2', 0.4747080303950965), ('TRIB2', 0.8114243000447136), ('BTG1', 2.2545378433637118), ('MYC', 0.4215774001590802), ('EGR1', 0.3206268811826425), ('CNOT2', 0.3714733171727705), ('SELL', 0.8169172396958736), ('IRF8', 0.0796507042986346)]",1129
FOXO1,taipale__FOXI1_full_GTAAACA,0.1276541728212703,3.072866275788391,0.000297,1.0,gene is annotated for similar motif taipale__FOXO1_DBD_GTAAACAA ('FOXO1 monomeric forkhead DBD'; q-value = 0.000297),"frozenset({'top50perTarget', 'hg38__refseq-r80__10kb_up_and_down_tss.mc9nr.genes_vs_motifs.rankings', 'activating'})","[('SELL', 0.8169172396958736), ('TRIB2', 0.8114243000447136), ('BTG1', 2.2545378433637118), ('CCL3', 0.1060488892071591), ('FOXO1', 1.0), ('BCL2', 0.4747080303950965), ('BCL11B', 0.7284584121785607)]",944
FOXO1,homer__NYYTGTTTACHN_FOXP1,0.145240952732644,3.6708601907909713,0.000211,0.930982,"motif similar to cisbp__M2282 ('Foxo1[gene ID: ""ENSMUSG00000044167"" species: ""Mus musculus"" TF status: ""direct"" TF family: ""Forkhead"" DBDs: ""Fork_head""]'; q-value = 0.000211) which is annotated for orthologous gene ENSMUSG00000044167 in M. musculus (identity = 93%)","frozenset({'top50perTarget', 'hg38__refseq-r80__10kb_up_and_down_tss.mc9nr.genes_vs_motifs.rankings', 'activating'})","[('BCL11B', 0.7284584121785607), ('BTG1', 2.2545378433637118), ('SELL', 0.8169172396958736), ('BCL2', 0.4747080303950965), ('TRIB2', 0.8114243000447136)]",241
FOXO1,hocomoco__FOXO6_HUMAN.H11MO.0.D,0.1301698670605613,3.158406087776949,0.000145,1.0,gene is annotated for similar motif taipale__FOXO1_DBD_GTAAACAA ('FOXO1 monomeric forkhead DBD'; q-value = 0.000145),"frozenset({'top50perTarget', 'hg38__refseq-r80__10kb_up_and_down_tss.mc9nr.genes_vs_motifs.rankings', 'activating'})","[('TRIB2', 0.8114243000447136), ('EGR1', 0.3206268811826425), ('BCL11B', 0.7284584121785607), ('BCL2', 0.4747080303950965), ('BTG1', 2.2545378433637118), ('SELL', 0.8169172396958736), ('MYC', 0.4215774001590802)]",1211
FOXO1,swissregulon__hs__FOX_D1_D2_.p2,0.13259324224519942,3.240806824096203,0.000128,1.0,gene is annotated for similar motif taipale__FOXO1_DBD_GTAAACAA ('FOXO1 monomeric forkhead DBD'; q-value = 0.000128),"frozenset({'top50perTarget', 'hg38__refseq-r80__10kb_up_and_down_tss.mc9nr.genes_vs_motifs.rankings', 'activating'})","[('FAM65B', 0.3860277714010084), ('BTG1', 2.2545378433637118), ('BCL11B', 0.7284584121785607), ('DUSP2', 0.165047564365838), ('BCL2', 0.4747080303950965), ('CD247', 0.4865688829055764), ('CCL3', 0.1060488892071591)]",619
FOXO1,cisbp__M0752,0.1432560930576071,3.6033700639009165,0.00011,1.0,"motif similar to cisbp__M5462 ('FOXO1[gene ID: ""ENSG00000150907"" species: ""Homo sapiens"" TF status: ""direct"" TF family: ""Forkhead"" DBDs: ""Fork_head""]'; q-value = 0.00011) which is directly annotated","frozenset({'top50perTarget', 'hg38__refseq-r80__10kb_up_and_down_tss.mc9nr.genes_vs_motifs.rankings', 'activating'})","[('BCL11B', 0.7284584121785607), ('BTG1', 2.2545378433637118), ('PIK3IP1', 0.9524540717705616), ('EGR1', 0.3206268811826425), ('DOCK8', 0.8678510305542605), ('BCL2', 0.4747080303950965), ('SELL', 0.8169172396958736), ('TNFSF8', 0.3382812613595588), ('TRAT1', 0.9370351113457042), ('FAM65B', 0.3860277714010084), ('CST7', 0.0296025515299682), ('FOXO1', 1.0), ('LY86', 0.0683069568678884), ('MYC', 0.4215774001590802), ('CD8A', 0.2403708488711401), ('DUSP2', 0.165047564365838), ('CNOT2', 0.3714733171727705)]",4880
FOXO1,taipale__FOXO3_full_GTAAACAW,0.13284711964549484,3.249439282186791,9.4e-05,1.0,gene is annotated for similar motif taipale__FOXO1_DBD_GTAAACAA ('FOXO1 monomeric forkhead DBD'; q-value = 9.43e-05),"frozenset({'top50perTarget', 'hg38__refseq-r80__10kb_up_and_down_tss.mc9nr.genes_vs_motifs.rankings', 'activating'})","[('BCL11B', 0.7284584121785607), ('TRIB2', 0.8114243000447136), ('BTG1', 2.2545378433637118), ('EGR1', 0.3206268811826425), ('BCL2', 0.4747080303950965), ('IRF8', 0.0796507042986346), ('TRAT1', 0.9370351113457042), ('FAM65B', 0.3860277714010084), ('FOXO1', 1.0)]",2124
FOXO1,cisbp__M5466,0.13411650664697194,3.2926015726397333,9.4e-05,1.0,gene is annotated for similar motif taipale__FOXO1_DBD_GTAAACAA ('FOXO1 monomeric forkhead DBD'; q-value = 9.43e-05),"frozenset({'top50perTarget', 'hg38__refseq-r80__10kb_up_and_down_tss.mc9nr.genes_vs_motifs.rankings', 'activating'})","[('EGR1', 0.3206268811826425), ('FAM65B', 0.3860277714010084), ('BCL11B', 0.7284584121785607), ('MYC', 0.4215774001590802), ('SELL', 0.8169172396958736)]",401
FOXO1,cisbp__M2595,0.1285542836041359,3.103472263564114,3.8e-05,1.0,"motif similar to cisbp__M3276 ('FOXO1[gene ID: ""ENSG00000150907"" species: ""Homo sapiens"" TF status: ""direct"" TF family: ""Forkhead"" DBDs: ""Fork_head""]'; q-value = 3.82e-05) which is directly annotated","frozenset({'top50perTarget', 'hg38__refseq-r80__10kb_up_and_down_tss.mc9nr.genes_vs_motifs.rankings', 'activating'})","[('EGR1', 0.3206268811826425), ('BTG1', 2.2545378433637118), ('BCL2', 0.4747080303950965), ('TRIB2', 0.8114243000447136), ('SELL', 0.8169172396958736), ('BCL11B', 0.7284584121785607)]",303
FOXO1,cisbp__M0723,0.13928637370753325,3.4683898101208066,1.9e-05,1.0,"motif similar to cisbp__M5462 ('FOXO1[gene ID: ""ENSG00000150907"" species: ""Homo sapiens"" TF status: ""direct"" TF family: ""Forkhead"" DBDs: ""Fork_head""]'; q-value = 1.88e-05) which is directly annotated","frozenset({'top50perTarget', 'hg38__refseq-r80__10kb_up_and_down_tss.mc9nr.genes_vs_motifs.rankings', 'activating'})","[('BCL11B', 0.7284584121785607), ('BCL2', 0.4747080303950965), ('BTG1', 2.2545378433637118), ('TRIB2', 0.8114243000447136), ('SELL', 0.8169172396958736), ('MYC', 0.4215774001590802), ('EGR1', 0.3206268811826425), ('FOXO1', 1.0)]",1184
FOXO1,cisbp__M0750,0.14184822747415066,3.555499159944017,7e-06,1.0,"motif similar to cisbp__M5462 ('FOXO1[gene ID: ""ENSG00000150907"" species: ""Homo sapiens"" TF status: ""direct"" TF family: ""Forkhead"" DBDs: ""Fork_head""]'; q-value = 7.48e-06) which is directly annotated","frozenset({'top50perTarget', 'hg38__refseq-r80__10kb_up_and_down_tss.mc9nr.genes_vs_motifs.rankings', 'activating'})","[('BCL2', 0.4747080303950965), ('IRF8', 0.0796507042986346), ('TRIB2', 0.8114243000447136), ('CNOT2', 0.3714733171727705), ('DOCK8', 0.8678510305542605), ('EGR1', 0.3206268811826425), ('FAM65B', 0.3860277714010084), ('CD6', 0.9923454476338772), ('CD8A', 0.2403708488711401), ('FOXO1', 1.0), ('BTG1', 2.2545378433637118), ('MYC', 0.4215774001590802), ('CST7', 0.0296025515299682), ('BCL11B', 0.7284584121785607), ('TNFSF8', 0.3382812613595588), ('LY86', 0.0683069568678884)]",4901
FOXO1,transfac_public__M00474,0.12617706794682423,3.0226410650795135,0.0,1.0,gene is directly annotated,"frozenset({'top50perTarget', 'hg38__refseq-r80__10kb_up_and_down_tss.mc9nr.genes_vs_motifs.rankings', 'activating'})","[('PIK3IP1', 0.9524540717705616), ('TRIB2', 0.8114243000447136), ('FOXO1', 1.0), ('BCL11B', 0.7284584121785607), ('BTG1', 2.2545378433637118)]",339
FOXO1,cisbp__M3276,0.13801698670605614,3.4252275196678648,0.0,1.0,gene is directly annotated,"frozenset({'top50perTarget', 'hg38__refseq-r80__10kb_up_and_down_tss.mc9nr.genes_vs_motifs.rankings', 'activating'})","[('SELL', 0.8169172396958736), ('DOCK8', 0.8678510305542605), ('FAM65B', 0.3860277714010084), ('BCL2', 0.4747080303950965), ('TRIB2', 0.8114243000447136)]",443
IRF4,homer__AAAGRGGAAGTG_SpiB,0.06900396790917253,3.052185196126348,1e-06,1.0,motif similar to factorbook__PU1 ('PU1'; q-value = 8.03e-07) which is directly annotated,"frozenset({'top50perTarget', 'hg38__refseq-r80__10kb_up_and_down_tss.mc9nr.genes_vs_motifs.rankings', 'activating'})","[('ICAM1', 0.6338167953671242), ('IL7R', 0.0096408813682698), ('BCL2A1', 0.0436478961180722), ('CCL5', 0.0890410325335519), ('IRF8', 8.58730197970342), ('CD4', 7.796239954439715), ('CD63', 0.0175474459974537), ('IL2RB', 0.0378639219633385), ('HLA-DRA', 1.1373712538839622), ('CD74', 1.0527512071173144), ('PRF1', 0.2385631091397126), ('TRIB2', 0.104644344207262), ('GZMA', 0.0450140750948232), ('FTH1', 0.0346156759546044)]",4188
IRF8,tfdimers__MD00302,0.10737801366947901,4.6453323160642,0.0,1.0,gene is directly annotated,"frozenset({'top50perTarget', 'hg38__refseq-r80__10kb_up_and_down_tss.mc9nr.genes_vs_motifs.rankings', 'activating'})","[('ICAM1', 6.787572232731317), ('CD69', 1.0587245878591551), ('CCR7', 0.0542511175135931), ('RGS1', 0.297169803964077), ('STAT3', 0.1149569338169958), ('TCF4', 15.254893808136444), ('CD4', 2.228887856191343)]",571
JUN,taipale_cyt_meth__CREM_NRTGACGTCAYN_eDBD,0.1037382115668674,3.070382670832806,0.000181,1.0,motif similar to swissregulon__hs__JUN.p2 ('hs__JUN.p2'; q-value = 0.000181) which is directly annotated,"frozenset({'top50perTarget', 'hg38__refseq-r80__10kb_up_and_down_tss.mc9nr.genes_vs_motifs.rankings', 'activating'})","[('ICAM1', 0.8388920080971131), ('JUNB', 2.531311345467063), ('BIRC3', 2.222933757885588), ('TIAF1', 5.13427026469697), ('CCL5', 1.2778005711814258), ('STAT5A', 4.500617518447674), ('CXCL5', 1.1589340254167226), ('CD69', 5.097395061742794), ('LAT2', 1.37706515645048), ('CD63', 1.03839629944796), ('ITGA4', 2.5964953063011924), ('CD36', 0.691997333129158), ('FAM65B', 2.134133583847081), ('CST7', 1.407338651794651), ('TLR2', 0.6986953238473539), ('ADA', 2.249671779355988), ('BACH2', 2.49749157664123), ('TRAT1', 0.4109462951719186), ('STAT4', 3.3361796947075737)]",3309
JUNB,cisbp__M6180,0.1158249062606522,3.1891686391223364,0.000701,1.0,gene is annotated for similar motif transfac_pro__M08945 ('V$JUNBFOS_03: JUNB:C-FOS'; q-value = 0.000701),"frozenset({'top50perTarget', 'hg38__refseq-r80__10kb_up_and_down_tss.mc9nr.genes_vs_motifs.rankings', 'activating'})","[('DUSP1', 5.755738647487208), ('CD44', 1.7126481502622188), ('BIN2', 1.9511275972216424), ('BACH2', 1.35258088044004), ('FOXP1', 2.3297113780042955), ('KIAA0101', 0.0269401125099336), ('RORA', 1.2533028283065089), ('FYB', 2.4832112727526567), ('FAM65B', 0.9266004602327332), ('MYC', 3.55401118482114), ('ZBTB16', 0.5149459329456282)]",1243
JUNB,cisbp__M0269,0.11417736620838541,3.116090875549735,0.000316,1.0,motif similar to transfac_pro__M08945 ('V$JUNBFOS_03: JUNB:C-FOS'; q-value = 0.000316) which is directly annotated,"frozenset({'top50perTarget', 'hg38__refseq-r80__10kb_up_and_down_tss.mc9nr.genes_vs_motifs.rankings', 'activating'})","[('DUSP1', 5.755738647487208), ('BAX', 3.667085245346851), ('MYC', 3.55401118482114), ('ANXA5', 0.6473136981882223), ('LAMP1', 2.665818093261493), ('FOXP1', 2.3297113780042955), ('EGR3', 0.5820185140038524), ('MCM2', 0.1025121103754181), ('DUSP2', 2.578312594950048)]",756
JUNB,cisbp__M0341,0.11312634927849108,3.0694723022361794,0.00016,1.0,motif similar to transfac_pro__M08927 ('V$JUNB_03: JUNB'; q-value = 0.00016) which is directly annotated,"frozenset({'top50perTarget', 'hg38__refseq-r80__10kb_up_and_down_tss.mc9nr.genes_vs_motifs.rankings', 'activating'})","[('LEF1', 5.944317802560026), ('FOSB', 26.95182739384448), ('RORA', 1.2533028283065089), ('FOXP1', 2.3297113780042955), ('EGR3', 0.5820185140038524), ('DUSP2', 2.578312594950048), ('MYC', 3.55401118482114), ('FAM65B', 0.9266004602327332)]",811
JUNB,taipale_cyt_meth__CREM_NRTGACGTCAYN_eDBD,0.11845244858538802,3.3057150724062256,4.8e-05,1.0,motif similar to transfac_pro__M08921 ('V$JUNBFOSB_02: JUNB:FOSB'; q-value = 4.84e-05) which is directly annotated,"frozenset({'top50perTarget', 'hg38__refseq-r80__10kb_up_and_down_tss.mc9nr.genes_vs_motifs.rankings', 'activating'})","[('DOCK8', 1.543522033176968), ('JUNB', 1.0), ('LEF1', 5.944317802560026), ('STAT4', 0.6127586910266275), ('EGR3', 0.5820185140038524), ('GZMK', 0.1582335199301822), ('FOXP1', 2.3297113780042955), ('FAM65B', 0.9266004602327332), ('C10orf54', 2.5099541233413225), ('PTPRC', 4.198650078593467), ('FYB', 2.4832112727526567), ('MYC', 3.55401118482114), ('ZBTB16', 0.5149459329456282)]",1374
JUNB,transfac_pro__M08934,0.11671969094421089,3.2288574245109043,2.8e-05,1.0,gene is annotated for similar motif transfac_pro__M08925 ('V$JUNBFOS_01: JUNB:C-FOS'; q-value = 2.83e-05),"frozenset({'top50perTarget', 'hg38__refseq-r80__10kb_up_and_down_tss.mc9nr.genes_vs_motifs.rankings', 'activating'})","[('RORA', 1.2533028283065089), ('EGR3', 0.5820185140038524), ('FOXP1', 2.3297113780042955), ('JUN', 4.172183500914485), ('BACH2', 1.35258088044004), ('ZBTB16', 0.5149459329456282), ('FAM65B', 0.9266004602327332)]",294
JUNB,cisbp__M0361,0.11402113396204977,3.1091610876247477,1.3e-05,1.0,motif similar to transfac_pro__M08927 ('V$JUNB_03: JUNB'; q-value = 1.3e-05) which is directly annotated,"frozenset({'top50perTarget', 'hg38__refseq-r80__10kb_up_and_down_tss.mc9nr.genes_vs_motifs.rankings', 'activating'})","[('BACH2', 1.35258088044004), ('EGR1', 5.241951660171043), ('FOXP1', 2.3297113780042955), ('FAM65B', 0.9266004602327332), ('MYC', 3.55401118482114), ('SELL', 2.402324136922572), ('RORA', 1.2533028283065089), ('FOSB', 26.95182739384448), ('IFNGR1', 1.132903126120285)]",797
JUNB,cisbp__M6038,0.1192478127485513,3.3409939927516192,5e-06,1.0,gene is annotated for similar motif transfac_pro__M08925 ('V$JUNBFOS_01: JUNB:C-FOS'; q-value = 5.25e-06),"frozenset({'top50perTarget', 'hg38__refseq-r80__10kb_up_and_down_tss.mc9nr.genes_vs_motifs.rankings', 'activating'})","[('FOXP1', 2.3297113780042955), ('MCM4', 0.1606733096782483), ('TYMS', 0.144304360655724), ('KIAA0101', 0.0269401125099336), ('MYC', 3.55401118482114), ('LEF1', 5.944317802560026), ('EGR1', 5.241951660171043), ('BACH2', 1.35258088044004)]",534
MYC,dbcorrdb__POLR2A__ENCSR000EZQ_1__m3,0.11315455510017268,3.3034869709107912,0.001,1.0,"gene is annotated for similar motif dbcorrdb__MYC__ENCSR000DMQ_1__m1 ('MYC (ENCSR000DMQ-1, motif 1)'; q-value = 0.001)","frozenset({'top50perTarget', 'hg38__refseq-r80__10kb_up_and_down_tss.mc9nr.genes_vs_motifs.rankings', 'activating'})","[('DUSP1', 0.2741448179017302), ('BAX', 3.492843346559636), ('MYC', 1.0), ('BCL6', 0.8732363115737566), ('GNAI2', 1.2928835070727476), ('LAMP1', 1.4801370160061735), ('FOXP1', 0.980678339291446), ('EGR3', 1.8973272801947028), ('TRIB2', 1.9922205978293897), ('MCM2', 4.633717932922991), ('DUSP2', 1.0676204542792618), ('SELPLG', 0.5222245545577839), ('CNOT2', 0.5833356534128584), ('ARL4C', 0.672851631872843), ('CCND2', 0.8891218358965267), ('CD63', 0.3307959413807357), ('KCNE3', 8.599047188233671), ('IRF8', 0.1805584941651169), ('RPN2', 2.244596954156155), ('IL6', 0.176242586687851), ('NINJ2', 0.6425787026680441), ('PCNA', 3.055969126768958), ('CD36', 4.249563436566201)]",2849
MYC,transfac_pro__M07414,0.1258867830320178,3.9118296543334967,0.000878,1.0,"gene is annotated for similar motif dbcorrdb__MYC__ENCSR000DOM_1__m3 ('MYC (ENCSR000DOM-1, motif 3)'; q-value = 0.000878)","frozenset({'top50perTarget', 'hg38__refseq-r80__10kb_up_and_down_tss.mc9nr.genes_vs_motifs.rankings', 'activating'})","[('CCND2', 0.8891218358965267), ('FOXO1', 2.81380342063384), ('EGR3', 1.8973272801947028), ('IRF8', 0.1805584941651169), ('IKZF1', 0.6035256518215218), ('LEF1', 3.848866209634302), ('CD9', 17.668216475170944), ('BCL6', 0.8732363115737566), ('FOXP1', 0.980678339291446), ('LIPA', 0.7479240073627941)]",625
MYC,dbcorrdb__E2F6__ENCSR000BLI_1__m1,0.12182994570079264,3.717994975791948,0.000489,1.0,"gene is annotated for similar motif dbcorrdb__MYC__ENCSR000DLR_1__m1 ('MYC (ENCSR000DLR-1, motif 1)'; q-value = 0.000489)","frozenset({'top50perTarget', 'hg38__refseq-r80__10kb_up_and_down_tss.mc9nr.genes_vs_motifs.rankings', 'activating'})","[('CCND2', 0.8891218358965267), ('EGR3', 1.8973272801947028), ('BCL6', 0.8732363115737566), ('MYC', 1.0), ('FOSB', 7.802748850498327), ('FOXP1', 0.980678339291446), ('EGR1', 2.5041282228257256), ('IKZF1', 0.6035256518215218), ('GAPDH', 2.670793533039198), ('VEGFA', 0.4662203181696948)]",665
MYC,dbcorrdb__ESRRA__ENCSR000DYQ_1__m5,0.1072877441904009,3.0231722050199363,5e-06,1.0,"motif similar to dbcorrdb__MYC__ENCSR000DMM_1__m1 ('MYC (ENCSR000DMM-1, motif 1)'; q-value = 5.08e-06) which is directly annotated","frozenset({'top50perTarget', 'hg38__refseq-r80__10kb_up_and_down_tss.mc9nr.genes_vs_motifs.rankings', 'activating'})","[('PCNA', 3.055969126768958), ('FOXP1', 0.980678339291446), ('TYMS', 5.019859988925316), ('IKZF1', 0.6035256518215218), ('MYC', 1.0), ('LEF1', 3.848866209634302), ('EGR1', 2.5041282228257256), ('CCND2', 0.8891218358965267), ('BCL6', 0.8732363115737566)]",551
MYC,dbcorrdb__ATF3__ENCSR000BKE_1__m1,0.13468699939667547,4.332301803169779,1e-06,1.0,"gene is annotated for similar motif dbcorrdb__MYC__ENCSR000DLZ_1__m1 ('MYC (ENCSR000DLZ-1, motif 1)'; q-value = 5.61e-07)","frozenset({'top50perTarget', 'hg38__refseq-r80__10kb_up_and_down_tss.mc9nr.genes_vs_motifs.rankings', 'activating'})","[('FOXP1', 0.980678339291446), ('EGR1', 2.5041282228257256), ('EGR3', 1.8973272801947028), ('TRIB2', 1.9922205978293897), ('SELL', 2.0408028628720523), ('CCND2', 0.8891218358965267), ('MYC', 1.0), ('VEGFA', 0.4662203181696948), ('IKZF1', 0.6035256518215218), ('FOSB', 7.802748850498327), ('ARL4C', 0.672851631872843), ('BCL6', 0.8732363115737566), ('CD63', 0.3307959413807357), ('JUNB', 2.1258968142070107)]",1349
PAX5,dbcorrdb__EGR1__ENCSR000BJA_1__m1,0.13971674341819446,3.807964573788234,0.000984,1.0,motif similar to swissregulon__hs__PAX5.p2 ('hs__PAX5.p2'; q-value = 0.000984) which is directly annotated,"frozenset({'top50perTarget', 'hg38__refseq-r80__10kb_up_and_down_tss.mc9nr.genes_vs_motifs.rankings', 'activating'})","[('EGR1', 0.0048050389163295), ('POU2AF1', 15.678023312639828)]",150
PAX5,flyfactorsurvey__ey_SOLEXA_5_FBgn0005558,0.12133982100964463,3.1944160786878375,0.000425,0.455243,gene is orthologous to FBgn0005561 in D. melanogaster (identity = 45%) which is annotated for similar motif flyfactorsurvey__sv_SOLEXA_5_FBgn0005561 ('sv_SOLEXA_5_FBgn0005561'; q-value = 0.000425),"frozenset({'top50perTarget', 'hg38__refseq-r80__10kb_up_and_down_tss.mc9nr.genes_vs_motifs.rankings', 'activating'})","[('EGR1', 0.0048050389163295), ('POU2AF1', 15.678023312639828), ('PAX5', 1.0)]",742
PAX5,transfac_pro__M00329,0.12842123555478321,3.4308425673435456,1.2e-05,1.0,"gene is annotated for similar motif cisbp__M3720 ('PAX5[gene ID: ""ENSG00000196092"" species: ""Homo sapiens"" TF status: ""direct"" TF family: ""Paired box"" DBDs: ""PAX""]; Pax1[gene ID: ""ENSMUSG00000037034"" species: ""Mus musculus"" TF status: ""inferred"" TF family: ""Paired box"" DBDs: ""PAX""]; Pax5[gene ID: ""ENSMUSG00000014030"" species: ""Mus musculus"" TF status: ""inferred"" TF family: ""Paired box"" DBDs: ""PAX""]; Pax8[gene ID: ""ENSMUSG00000026976"" species: ""Mus musculus"" TF status: ""inferred"" TF family: ""Paired box"" DBDs: ""PAX""]; Pax9[gene ID: ""ENSMUSG00000001497"" species: ""Mus musculus"" TF status: ""inferred"" TF family: ""Paired box"" DBDs: ""PAX""]'; q-value = 1.19e-05)","frozenset({'top50perTarget', 'hg38__refseq-r80__10kb_up_and_down_tss.mc9nr.genes_vs_motifs.rankings', 'activating'})","[('CD22', 8.564556011911867), ('LYN', 3.008382352156067), ('EGR1', 0.0048050389163295)]",438
PAX5,taipale_tf_pairs__ETV2_PAX5_ACCGGANNTACGCNNNNNYR_CAP,0.1189069423929099,3.1131898003766736,0.0,1.0,gene is directly annotated,"frozenset({'top50perTarget', 'hg38__refseq-r80__10kb_up_and_down_tss.mc9nr.genes_vs_motifs.rankings', 'activating'})","[('PAX5', 1.0), ('EGR1', 0.0048050389163295), ('POU2AF1', 15.678023312639828)]",463
PAX5,swissregulon__hs__PAX5.p2,0.14944825788513338,4.132869687032889,0.0,1.0,gene is directly annotated,"frozenset({'top50perTarget', 'hg38__refseq-r80__10kb_up_and_down_tss.mc9nr.genes_vs_motifs.rankings', 'activating'})","[('PTPRC', 0.0093030578980687), ('POU2AF1', 15.678023312639828), ('IL23R', 0.00388597231923)]",502
PRDM1,stark__RAGTGAAAGT,0.09069992046358369,3.912485433652106,0.000852,1.0,"gene is annotated for similar motif cisbp__M6435 ('PRDM1[gene ID: ""ENSG00000057657"" species: ""Homo sapiens"" TF status: ""direct"" TF family: ""C2H2 ZF"" DBDs: ""zf-C2H2""]'; q-value = 0.000852)","frozenset({'top50perTarget', 'hg38__refseq-r80__10kb_up_and_down_tss.mc9nr.genes_vs_motifs.rankings', 'activating'})","[('S100A10', 4.14922953043063), ('FYN', 0.0425044521895956), ('PRDM1', 1.0), ('PIK3AP1', 0.5515858494521948), ('LAP3', 0.0109303580809562), ('IL1B', 2.822658684291884), ('LIPA', 0.39649162363851), ('CD14', 4.163542048767112), ('BCL2A1', 5.9094048004141015), ('CD86', 10.26189586019786), ('ITGAX', 2.8876350355319023), ('NAMPT', 3.3657381249226), ('HLA-DRA', 1.8501431942990492), ('FAM65B', 0.0369740690267168), ('CTSW', 0.060797304404252)]",3026
PRDM1,transfac_pro__M07045,0.07554539256902625,3.0343850475811682,3.6e-05,1.0,motif similar to homer__ACTTTCACTTTC_PRDM1 ('PRDM1(Zf)/Hela-PRDM1-ChIP-Seq(GSE31477)/Homer'; q-value = 3.55e-05) which is directly annotated,"frozenset({'top50perTarget', 'hg38__refseq-r80__10kb_up_and_down_tss.mc9nr.genes_vs_motifs.rankings', 'activating'})","[('FYN', 0.0425044521895956), ('AQP9', 8.075275439496279), ('CD44', 0.0047851515071663), ('CCL5', 0.2330388359654135), ('IL1B', 2.822658684291884), ('PRDM1', 1.0), ('FAM65B', 0.0369740690267168)]",906
PRDM1,homer__GAAAGTGAAAGT_IRF1,0.07825815248267243,3.1915707774214206,1.8e-05,1.0,motif similar to homer__ACTTTCACTTTC_PRDM1 ('PRDM1(Zf)/Hela-PRDM1-ChIP-Seq(GSE31477)/Homer'; q-value = 1.78e-05) which is directly annotated,"frozenset({'top50perTarget', 'hg38__refseq-r80__10kb_up_and_down_tss.mc9nr.genes_vs_motifs.rankings', 'activating'})","[('S100A12', 5.461367431352686), ('FYN', 0.0425044521895956), ('S100A10', 4.14922953043063), ('CD86', 10.26189586019786), ('ITGAX', 2.8876350355319023), ('FAM65B', 0.0369740690267168), ('PRDM1', 1.0), ('HLA-DPA1', 2.0884913174351465), ('FCER1A', 3.884808463027784)]",1505
RUNX3,transfac_pro__M01854,0.10360344886812545,3.108199473660329,0.0,1.0,gene is directly annotated,"frozenset({'top50perTarget', 'hg38__refseq-r80__10kb_up_and_down_tss.mc9nr.genes_vs_motifs.rankings', 'activating'})","[('CD38', 0.5109123838072221), ('CXCR4', 17.94826753228145), ('FYN', 7.761294264397453), ('TCF4', 0.7361647144361116), ('RUNX3', 1.0), ('LAP3', 4.532596436083233), ('IL18RAP', 9.72676848163027), ('LIPA', 3.649547075315748), ('SELPLG', 6.917814815958706), ('CNOT2', 8.164733423771606)]",1729
STAT1,transfac_pro__M00933,0.14025462474502357,3.9181569411207224,0.000557,1.0,"gene is annotated for similar motif dbcorrdb__STAT1__ENCSR000DZM_1__m3 ('STAT1 (ENCSR000DZM-1, motif 3)'; q-value = 0.000557)","frozenset({'top50perTarget', 'hg38__refseq-r80__10kb_up_and_down_tss.mc9nr.genes_vs_motifs.rankings', 'activating'})","[('CD63', 0.103099942282985), ('LAMP1', 0.005701918093414), ('GAPDH', 0.1018439656197485), ('MCM2', 5.2177845238022815)]",616
STAT1,cisbp__M0402,0.11841457410142787,3.16823004472655,0.000454,1.0,"motif similar to dbcorrdb__STAT1__ENCSR000DZM_1__m3 ('STAT1 (ENCSR000DZM-1, motif 3)'; q-value = 0.000454) which is directly annotated","frozenset({'top50perTarget', 'hg38__refseq-r80__10kb_up_and_down_tss.mc9nr.genes_vs_motifs.rankings', 'activating'})","[('TRIB2', 0.1086469548303374), ('PCNA', 0.2388460194593581), ('LEF1', 0.0514511925850609), ('KIAA0101', 5.104685997509026), ('CXCR4', 0.0100710131640867)]",1280
STAT1,transfac_pro__M03814,0.12238868959696138,3.304690172411801,0.000361,1.0,"gene is annotated for similar motif dbcorrdb__STAT1__ENCSR000DZM_1__m3 ('STAT1 (ENCSR000DZM-1, motif 3)'; q-value = 0.000361)","frozenset({'top50perTarget', 'hg38__refseq-r80__10kb_up_and_down_tss.mc9nr.genes_vs_motifs.rankings', 'activating'})","[('FOSB', 0.0045190795093189), ('LEF1', 0.0514511925850609), ('CXCR4', 0.0100710131640867), ('CD63', 0.103099942282985), ('LYN', 0.0029491682423917), ('TRIB2', 0.1086469548303374)]",2015
STAT1,cisbp__M1882,0.11521418020679468,3.0583373755286916,0.000184,1.0,gene is annotated for similar motif hocomoco__STAT1_HUMAN.H11MO.1.A ('STAT1_HUMAN'; q-value = 0.000184),"frozenset({'top50perTarget', 'hg38__refseq-r80__10kb_up_and_down_tss.mc9nr.genes_vs_motifs.rankings', 'activating'})","[('FOSB', 0.0045190795093189), ('CXCR4', 0.0100710131640867), ('GAPDH', 0.1018439656197485), ('CD8A', 0.0733770291991929), ('CD63', 0.103099942282985), ('LEF1', 0.0514511925850609), ('YBX3', 0.0396655778705878)]",2083
STAT1,jaspar__MA0050.2,0.11742983751846381,3.134416915742593,0.000184,1.0,gene is annotated for similar motif hocomoco__STAT1_HUMAN.H11MO.1.A ('STAT1_HUMAN'; q-value = 0.000184),"frozenset({'top50perTarget', 'hg38__refseq-r80__10kb_up_and_down_tss.mc9nr.genes_vs_motifs.rankings', 'activating'})","[('LEF1', 0.0514511925850609), ('YBX3', 0.0396655778705878), ('CXCR4', 0.0100710131640867)]",343
STAT1,dbcorrdb__IRF1__ENCSR000EGU_1__m1,0.11612857846240417,3.089735281013794,2.9e-05,1.0,gene is annotated for similar motif hocomoco__STAT1_HUMAN.H11MO.1.A ('STAT1_HUMAN'; q-value = 2.93e-05),"frozenset({'top50perTarget', 'hg38__refseq-r80__10kb_up_and_down_tss.mc9nr.genes_vs_motifs.rankings', 'activating'})","[('LEF1', 0.0514511925850609), ('YBX3', 0.0396655778705878), ('CXCR4', 0.0100710131640867), ('CD8A', 0.0733770291991929)]",979
STAT1,dbcorrdb__MAX__ENCSR000EDS_1__m1,0.15196595624956039,4.3202916536799165,2.5e-05,1.0,"motif similar to dbcorrdb__STAT1__ENCSR000DZM_1__m6 ('STAT1 (ENCSR000DZM-1, motif 6)'; q-value = 2.54e-05) which is directly annotated","frozenset({'top50perTarget', 'hg38__refseq-r80__10kb_up_and_down_tss.mc9nr.genes_vs_motifs.rankings', 'activating'})","[('PCNA', 0.2388460194593581), ('TYMS', 4.1647888520032605), ('KIAA0101', 5.104685997509026), ('LEF1', 0.0514511925850609), ('CXCR4', 0.0100710131640867)]",501
STAT1,hocomoco__IRF2_HUMAN.H11MO.0.A,0.1841105718506014,5.424048792656204,1.7e-05,1.0,motif similar to hocomoco__STAT1_HUMAN.H11MO.1.A ('STAT1_HUMAN'; q-value = 1.74e-05) which is directly annotated,"frozenset({'top50perTarget', 'hg38__refseq-r80__10kb_up_and_down_tss.mc9nr.genes_vs_motifs.rankings', 'activating'})","[('CD63', 0.103099942282985), ('LAMP1', 0.005701918093414), ('MCM2', 5.2177845238022815)]",504
STAT1,hocomoco__IRF1_MOUSE.H11MO.0.A,0.12903566153196877,3.5329287930535065,7e-06,1.0,motif similar to hocomoco__STAT1_HUMAN.H11MO.1.A ('STAT1_HUMAN'; q-value = 6.93e-06) which is directly annotated,"frozenset({'top50perTarget', 'hg38__refseq-r80__10kb_up_and_down_tss.mc9nr.genes_vs_motifs.rankings', 'activating'})","[('PCNA', 0.2388460194593581), ('LEF1', 0.0514511925850609)]",34
STAT3,cisbp__M6492,0.08739537173806007,3.051585967736257,0.000598,1.0,"gene is annotated for similar motif cisbp__M4641 ('STAT3[gene ID: ""ENSG00000168610"" species: ""Homo sapiens"" TF status: ""direct"" TF family: ""STAT"" DBDs: ""STAT_bind""]'; q-value = 0.000598)","frozenset({'top50perTarget', 'hg38__refseq-r80__10kb_up_and_down_tss.mc9nr.genes_vs_motifs.rankings', 'activating'})","[('BCL11B', 0.640998298277306), ('BTG1', 1.1265148406004373), ('CD63', 0.0327379461152008), ('BIRC3', 1.119099858772114)]",660
STAT3,cisbp__M1882,0.09925697148739984,3.6146370138128496,0.000427,1.0,"gene is annotated for similar motif dbcorrdb__STAT3__ENCSR000DZV_1__m1 ('STAT3 (ENCSR000DZV-1, motif 1)'; q-value = 0.000427)","frozenset({'top50perTarget', 'hg38__refseq-r80__10kb_up_and_down_tss.mc9nr.genes_vs_motifs.rankings', 'activating'})","[('IRF8', 0.0232500958465889), ('BIRC3', 1.119099858772114), ('RGS1', 1.6240024966187665), ('GAPDH', 0.2493785264953708), ('CD8A', 0.162349820669487), ('BCL11B', 0.640998298277306), ('THBS1', 0.0138737523274867)]",1206
STAT3,jaspar__MA0050.2,0.1029721140504006,3.790988850885896,0.000403,1.0,"gene is annotated for similar motif dbcorrdb__STAT3__ENCSR000DZV_1__m1 ('STAT3 (ENCSR000DZV-1, motif 1)'; q-value = 0.000403)","frozenset({'top50perTarget', 'hg38__refseq-r80__10kb_up_and_down_tss.mc9nr.genes_vs_motifs.rankings', 'activating'})","[('CXCR4', 0.7150406819121359), ('GAPDH', 0.2493785264953708), ('BCL11B', 0.640998298277306), ('CD79A', 0.0007126132751802), ('CD8A', 0.162349820669487), ('CD63', 0.0327379461152008), ('THBS1', 0.0138737523274867)]",1584
STAT3,dbcorrdb__IRF1__ENCSR000EGU_1__m1,0.08786535965265654,3.0738955374864614,0.000288,1.0,"gene is annotated for similar motif dbcorrdb__STAT3__ENCSR000DZV_1__m1 ('STAT3 (ENCSR000DZV-1, motif 1)'; q-value = 0.000288)","frozenset({'top50perTarget', 'hg38__refseq-r80__10kb_up_and_down_tss.mc9nr.genes_vs_motifs.rankings', 'activating'})","[('BCL11B', 0.640998298277306), ('LYN', 0.0107642414744374), ('CD63', 0.0327379461152008), ('BIRC3', 1.119099858772114), ('BTG1', 1.1265148406004373), ('TNF', 0.1419730201318257), ('BIN2', 0.1635635317386871), ('STAT3', 1.0), ('CD8A', 0.162349820669487)]",1437
STAT3,hocomoco__IRF1_MOUSE.H11MO.0.A,0.12324873550870596,4.7534874315375815,0.000164,1.0,"gene is annotated for similar motif dbcorrdb__STAT3__ENCSR000DZV_1__m1 ('STAT3 (ENCSR000DZV-1, motif 1)'; q-value = 0.000164)","frozenset({'top50perTarget', 'hg38__refseq-r80__10kb_up_and_down_tss.mc9nr.genes_vs_motifs.rankings', 'activating'})","[('CXCR4', 0.7150406819121359), ('BCL11B', 0.640998298277306), ('IRF8', 0.0232500958465889), ('GZMB', 0.0002432071055674)]",617
STAT3,hocomoco__IRF2_HUMAN.H11MO.0.A,0.11669128508124077,4.442215815499012,0.000155,1.0,"gene is annotated for similar motif dbcorrdb__STAT3__ENCSR000DZV_1__m1 ('STAT3 (ENCSR000DZV-1, motif 1)'; q-value = 0.000155)","frozenset({'top50perTarget', 'hg38__refseq-r80__10kb_up_and_down_tss.mc9nr.genes_vs_motifs.rankings', 'activating'})","[('MS4A1', 0.0424726988980261), ('IL7R', 0.4948551418046265), ('IRF8', 0.0232500958465889), ('HLA-DRA', 0.0228470044603184)]",585
STAT3,hocomoco__IRF1_HUMAN.H11MO.0.A,0.10294973367351506,3.789926490421601,0.000111,1.0,"gene is annotated for similar motif dbcorrdb__STAT3__ENCSR000DZV_1__m1 ('STAT3 (ENCSR000DZV-1, motif 1)'; q-value = 0.000111)","frozenset({'top50perTarget', 'hg38__refseq-r80__10kb_up_and_down_tss.mc9nr.genes_vs_motifs.rankings', 'activating'})","[('BCL11B', 0.640998298277306), ('TNF', 0.1419730201318257), ('RGS1', 1.6240024966187665), ('BTG1', 1.1265148406004373), ('STAT3', 1.0), ('BIRC3', 1.119099858772114)]",1452
STAT3,jaspar__MA0532.1,0.09771272548229712,3.5413341417764634,0.0,0.220779,gene is orthologous to FBgn0016917 in D. melanogaster (identity = 22%) which is directly annotated for motif,"frozenset({'top50perTarget', 'hg38__refseq-r80__10kb_up_and_down_tss.mc9nr.genes_vs_motifs.rankings', 'activating'})","[('BTG1', 1.1265148406004373), ('BCL11B', 0.640998298277306), ('STAT3', 1.0), ('BIN2', 0.1635635317386871)]",552
STAT3,cisbp__M2327,0.10053265296987601,3.6751915602776912,0.0,0.220779,gene is orthologous to FBgn0016917 in D. melanogaster (identity = 22%) which is directly annotated for motif,"frozenset({'top50perTarget', 'hg38__refseq-r80__10kb_up_and_down_tss.mc9nr.genes_vs_motifs.rankings', 'activating'})","[('BCL11B', 0.640998298277306), ('TNF', 0.1419730201318257), ('BTG1', 1.1265148406004373), ('MS4A1', 0.0424726988980261), ('BIRC3', 1.119099858772114)]",929
STAT3,dbcorrdb__STAT3__ENCSR000DOX_1__m3,0.08878295510496396,3.1174523165225754,0.0,1.0,gene is directly annotated,"frozenset({'top50perTarget', 'hg38__refseq-r80__10kb_up_and_down_tss.mc9nr.genes_vs_motifs.rankings', 'activating'})","[('BTG1', 1.1265148406004373), ('CD8A', 0.162349820669487), ('CD5', 0.6391394522722404), ('THBS1', 0.0138737523274867), ('BCL11B', 0.640998298277306), ('RGS1', 1.6240024966187665), ('CXCR4', 0.7150406819121359), ('BIRC3', 1.119099858772114), ('IRF8', 0.0232500958465889), ('CD3E', 0.6916645962861001), ('IL23R', 0.8262534665459152)]",3439
STAT5A,cisbp__M3974,0.14446613209537879,3.264540510696536,1.4e-05,0.301956,motif similar to stark__TTCCSGGAA ('Stat92E'; q-value = 1.4e-05) which is annotated for orthologous gene FBgn0016917 in D. melanogaster (identity = 30%),"frozenset({'top50perTarget', 'hg38__refseq-r80__10kb_up_and_down_tss.mc9nr.genes_vs_motifs.rankings', 'activating'})","[('FOXP1', 0.0397279348535657), ('TRIB2', 0.3923256956719908), ('CCND2', 1.1949954420805804), ('FOSB', 0.1794013511731389), ('YBX3', 0.0081917792881852), ('CD63', 0.6648511227618884), ('LAP3', 0.5697059377360912), ('STAT5A', 1.0), ('GAPDH', 1.435545406454701)]",2576
STAT5A,transfac_public__M00225,0.14417598649504115,3.2548933067163124,1.4e-05,0.301956,motif similar to stark__TTCCSGGAA ('Stat92E'; q-value = 1.4e-05) which is annotated for orthologous gene FBgn0016917 in D. melanogaster (identity = 30%),"frozenset({'top50perTarget', 'hg38__refseq-r80__10kb_up_and_down_tss.mc9nr.genes_vs_motifs.rankings', 'activating'})","[('CD63', 0.6648511227618884), ('LAMP1', 0.1533358097592043), ('IL18', 1.5906959368832387), ('DUSP1', 0.0144346973976969), ('GAPDH', 1.435545406454701), ('FOXP1', 0.0397279348535657), ('ANXA5', 0.1669353129918785)]",1198
TBX21,hocomoco__BRAC_HUMAN.H11MO.1.B,0.12126462901942961,3.086188993766695,0.000695,0.879245,motif similar to homer__AGGTGTGAAM_Tbet ('Tbet(T-box)/CD8-Tbet-ChIP-Seq(GSE33802)/Homer'; q-value = 0.000695) which is annotated for orthologous gene ENSMUSG00000001444 in M. musculus (identity = 87%),"frozenset({'top50perTarget', 'hg38__refseq-r80__10kb_up_and_down_tss.mc9nr.genes_vs_motifs.rankings', 'activating'})","[('TBX21', 1.0), ('RUNX3', 1.5755203247689071), ('KLRB1', 0.7017989023951927), ('CD247', 0.2722326362965514), ('FYN', 0.0460938667496796)]",696
TBX21,transfac_pro__M07900,0.12731507783206453,3.2979642098398085,5e-06,1.0,"motif similar to cisbp__M5890 ('TBX21[gene ID: ""ENSG00000073861"" species: ""Homo sapiens"" TF status: ""direct"" TF family: ""T-box"" DBDs: ""T-box""]; Tbx21[gene ID: ""ENSMUSG00000001444"" species: ""Mus musculus"" TF status: ""inferred"" TF family: ""T-box"" DBDs: ""T-box""]'; q-value = 5.49e-06) which is directly annotated","frozenset({'top50perTarget', 'hg38__refseq-r80__10kb_up_and_down_tss.mc9nr.genes_vs_motifs.rankings', 'activating'})","[('JUN', 0.0042071133263945), ('FYN', 0.0460938667496796), ('RUNX3', 1.5755203247689071), ('DUSP1', 0.0487462724987365)]",334
TBX21,hocomoco__TBX21_MOUSE.H11MO.0.A,0.12106578797863879,3.079229244881663,0.0,0.879245,motif is annotated for orthologous gene ENSMUSG00000001444 in M. musculus (identity = 87%),"frozenset({'top50perTarget', 'hg38__refseq-r80__10kb_up_and_down_tss.mc9nr.genes_vs_motifs.rankings', 'activating'})","[('DUSP1', 0.0487462724987365), ('BTG1', 0.1584111416490202), ('JUN', 0.0042071133263945), ('FYN', 0.0460938667496796), ('RUNX3', 1.5755203247689071)]",843
EGR1,dbcorrdb__EZH2__ENCSR000ARD_1__m6,0.18428404288340774,3.873234019711505,1.2e-05,1.0,"motif similar to dbcorrdb__EGR1__ENCSR000BJA_1__m1 ('EGR1 (ENCSR000BJA-1, motif 1)'; q-value = 1.22e-05) which is directly annotated","frozenset({'hg38__refseq-r80__500bp_up_and_100bp_down_tss.mc9nr.genes_vs_motifs.rankings', 'activating', 'weight>75.0%'})","[('FOSB', 18.90606244903381), ('S100A9', 0.8956803587021809), ('CCL3', 2.17878812734854), ('JUN', 5.808435732629597), ('IL1B', 1.881580420838589), ('GAPDH', 0.8306613012347563), ('S100A12', 3.361553386438753), ('CXCL2', 3.8430154438589743)]",1028
EGR1,dbcorrdb__ESRRA__ENCSR000DYQ_1__m5,0.1614574628112987,3.2164815277076464,1e-06,1.0,"motif similar to dbcorrdb__EGR1__ENCSR000BRG_1__m1 ('EGR1 (ENCSR000BRG-1, motif 1)'; q-value = 1.5e-06) which is directly annotated","frozenset({'hg38__refseq-r80__500bp_up_and_100bp_down_tss.mc9nr.genes_vs_motifs.rankings', 'activating', 'weight>75.0%'})","[('CXCL2', 3.8430154438589743), ('CD69', 1.3979563929987362), ('HLA-A', 2.7897656279112915), ('S100A9', 0.8956803587021809), ('CASP5', 0.8807766310946458), ('IL23R', 1.2314048189956697)]",394
EGR1,dbcorrdb__SMARCA4__ENCSR000EZC_1__m10,0.15835342995630478,3.1271741804686277,1e-06,1.0,"motif similar to dbcorrdb__EGR1__ENCSR000BRG_1__m1 ('EGR1 (ENCSR000BRG-1, motif 1)'; q-value = 6.34e-07) which is directly annotated","frozenset({'hg38__refseq-r80__500bp_up_and_100bp_down_tss.mc9nr.genes_vs_motifs.rankings', 'activating', 'weight>75.0%'})","[('EGR1', 1.0), ('FOSB', 18.90606244903381), ('EGR3', 8.730324747826867), ('MYC', 2.9881827857725174), ('CBLB', 1.2950753777777932), ('GAPDH', 0.8306613012347563), ('LEF1', 1.0975754021831252), ('TNF', 8.823503964494856), ('S100A9', 0.8956803587021809), ('FTH1', 1.521930067999667), ('DUSP1', 2.1073129301721534), ('CCL3', 2.17878812734854), ('JUNB', 2.173308663675324)]",1121
EGR1,dbcorrdb__BRF1__ENCSR000DOJ_1__m2,0.18008165994126216,3.752325611141757,0.0,1.0,"motif similar to dbcorrdb__EGR1__ENCSR000BJA_1__m1 ('EGR1 (ENCSR000BJA-1, motif 1)'; q-value = 1.94e-07) which is directly annotated","frozenset({'hg38__refseq-r80__500bp_up_and_100bp_down_tss.mc9nr.genes_vs_motifs.rankings', 'activating', 'weight>75.0%'})","[('CXCL2', 3.8430154438589743), ('CD69', 1.3979563929987362), ('CASP5', 0.8807766310946458), ('TNF', 8.823503964494856), ('EGR1', 1.0), ('HLA-A', 2.7897656279112915), ('S100A9', 0.8956803587021809), ('IL23R', 1.2314048189956697)]",1052
FOXP1,jaspar__MA0929.1,0.15704416481618555,3.0788752211264154,0.00064,0.113997,gene is orthologous to YIL131C in S. cerevisiae (identity = 11%) which is annotated for similar motif swissregulon__sacCer__FKH1 ('sacCer__FKH1'; q-value = 0.00064),"frozenset({'hg38__refseq-r80__500bp_up_and_100bp_down_tss.mc9nr.genes_vs_motifs.rankings', 'activating', 'weight>75.0%'})","[('FOXP1', 1.0), ('MYC', 1.90420393178302), ('BCL11B', 4.441389382260832), ('LEF1', 3.1880430455265096), ('STAT5A', 0.8843627283071335), ('PIK3IP1', 2.6477128735859363), ('CASP5', 0.8963376782509798), ('CXCR4', 8.747677155199435)]",679
FOXP1,taipale__Foxj3_DBD_RTAAACAATAAACA,0.15533761000082244,3.0259630262066834,0.000594,0.12877,"motif similar to cisbp__M2102 ('CG11152[gene ID: ""FBgn0039937"" species: ""Drosophila melanogaster"" TF status: ""inferred"" TF family: ""Forkhead"" DBDs: ""Fork_head""]; FKH2[gene ID: ""YNL068C"" species: ""Saccharomyces cerevisiae"" TF status: ""direct"" TF family: ""Forkhead"" DBDs: ""Fork_head""]; FOXD4L1[gene ID: ""ENSG00000184492"" species: ""Homo sapiens"" TF status: ""inferred"" TF family: ""Forkhead"" DBDs: ""Fork_head""]; FOXD4[gene ID: ""ENSG00000170122"" species: ""Homo sapiens"" TF status: ""inferred"" TF family: ""Forkhead"" DBDs: ""Fork_head""]; FOXK2[gene ID: ""ENSG00000141568"" species: ""Homo sapiens"" TF status: ""inferred"" TF family: ""Forkhead"" DBDs: ""Fork_head""]; Foxd4[gene ID: ""ENSMUSG00000051490"" species: ""Mus musculus"" TF status: ""inferred"" TF family: ""Forkhead"" DBDs: ""Fork_head""]; Foxk2[gene ID: ""ENSMUSG00000039275"" species: ""Mus musculus"" TF status: ""inferred"" TF family: ""Forkhead"" DBDs: ""Fork_head""]; KIAA0415[gene ID: ""ENSG00000242802"" species: ""Homo sapiens"" TF status: ""inferred"" TF family: ""Forkhead"" DBDs: ""Fork_head""]; Mnf[gene ID: ""FBgn0036134"" species: ""Drosophila melanogaster"" TF status: ""inferred"" TF family: ""Forkhead"" DBDs: ""Fork_head""]; fd96Ca[gene ID: ""FBgn0004897"" species: ""Drosophila melanogaster"" TF status: ""inferred"" TF family: ""Forkhead"" DBDs: ""Fork_head""]'; q-value = 0.000594) which is annotated for orthologous gene YNL068C in S. cerevisiae (identity = 12%)","frozenset({'hg38__refseq-r80__500bp_up_and_100bp_down_tss.mc9nr.genes_vs_motifs.rankings', 'activating', 'weight>75.0%'})","[('CXCR4', 8.747677155199435), ('FAM65B', 1.7873748126758828), ('FOXP1', 1.0), ('CCND2', 0.9291474465788708), ('PIK3IP1', 2.6477128735859363), ('LEF1', 3.1880430455265096), ('STAT5A', 0.8843627283071335), ('JUNB', 1.6571259449657316), ('CBLB', 3.5788945042277467), ('CD8A', 0.9645704281346976), ('RPN2', 2.009891314902256), ('LCK', 1.7834922460052134), ('HLA-A', 6.319706319099686)]",2121
FOXP1,elemento__TTGTTTAC,0.16434328480960606,3.3051864162650273,0.000544,1.0,"gene is annotated for similar motif cisbp__M0717 ('FOXP1[gene ID: ""ENSG00000114861"" species: ""Homo sapiens"" TF status: ""direct"" TF family: ""Forkhead"" DBDs: ""Fork_head""]; FOXP4[gene ID: ""ENSG00000137166"" species: ""Homo sapiens"" TF status: ""inferred"" TF family: ""Forkhead"" DBDs: ""Fork_head""]; Foxp3[gene ID: ""ENSMUSG00000039521"" species: ""Mus musculus"" TF status: ""inferred"" TF family: ""Forkhead"" DBDs: ""Fork_head""]; Foxp4[gene ID: ""ENSMUSG00000023991"" species: ""Mus musculus"" TF status: ""inferred"" TF family: ""Forkhead"" DBDs: ""Fork_head""]'; q-value = 0.000544)","frozenset({'hg38__refseq-r80__500bp_up_and_100bp_down_tss.mc9nr.genes_vs_motifs.rankings', 'activating', 'weight>75.0%'})","[('FOXP1', 1.0), ('BACH2', 5.7034759084405335), ('JUNB', 1.6571259449657316), ('MYC', 1.90420393178302), ('PIK3IP1', 2.6477128735859363), ('CCND2', 0.9291474465788708), ('CD2', 2.5774827093575183), ('FAM65B', 1.7873748126758828), ('CXCR4', 8.747677155199435)]",1007
FOXP1,swissregulon__hs__FOXO1_3_4.p2,0.18825561312607944,4.046594641465607,1.8e-05,0.113997,"gene is orthologous to YIL131C in S. cerevisiae (identity = 11%) which is annotated for similar motif cisbp__M0750 ('FKH1[gene ID: ""YIL131C"" species: ""Saccharomyces cerevisiae"" TF status: ""direct"" TF family: ""Forkhead"" DBDs: ""Fork_head""]'; q-value = 1.77e-05)","frozenset({'hg38__refseq-r80__500bp_up_and_100bp_down_tss.mc9nr.genes_vs_motifs.rankings', 'activating', 'weight>75.0%'})","[('FOXP1', 1.0), ('MYC', 1.90420393178302), ('CD2', 2.5774827093575183), ('CXCR4', 8.747677155199435), ('CBLB', 3.5788945042277467), ('TRAT1', 2.205750787066077), ('CASP5', 0.8963376782509798), ('PIK3IP1', 2.6477128735859363), ('STAT5A', 0.8843627283071335)]",847
IRF8,transfac_pro__M07224,0.13970603785555674,3.5543043098834866,3.8e-05,1.0,motif similar to hocomoco__IRF8_HUMAN.H11MO.0.B ('IRF8_HUMAN'; q-value = 3.82e-05) which is directly annotated,"frozenset({'hg38__refseq-r80__500bp_up_and_100bp_down_tss.mc9nr.genes_vs_motifs.rankings', 'activating', 'weight>75.0%'})","[('IFNG', 3.4360099113039304), ('ITGAX', 3.147918254423523), ('FCER1G', 1.7437501722358624), ('CCL3', 1.455803302462535), ('KLRB1', 0.8514295468458268), ('CD69', 1.0587245878591551), ('TCF4', 15.254893808136444), ('TNF', 0.8252060642263412), ('GZMB', 4.643493485131802), ('IFNGR1', 3.1723854969774763), ('CD4', 2.228887856191343), ('FOSB', 3.726041499325771), ('RNASE2', 4.061894605636832), ('CCL20', 1.5467354300087754), ('TCL1A', 1.7686373114551217), ('CXCR4', 0.8944342100765471), ('FCGR3A', 1.6177806490061135)]",3462
IRF8,cisbp__M1907,0.13594163053822567,3.4141934969728975,3.5e-05,1.0,motif similar to hocomoco__IRF8_HUMAN.H11MO.0.B ('IRF8_HUMAN'; q-value = 3.54e-05) which is directly annotated,"frozenset({'hg38__refseq-r80__500bp_up_and_100bp_down_tss.mc9nr.genes_vs_motifs.rankings', 'activating', 'weight>75.0%'})","[('GZMB', 4.643493485131802), ('CCL3', 1.455803302462535), ('IFNG', 3.4360099113039304), ('FCER1G', 1.7437501722358624), ('ITGAX', 3.147918254423523), ('RNASE2', 4.061894605636832), ('KLRB1', 0.8514295468458268), ('CCL20', 1.5467354300087754), ('TCF4', 15.254893808136444), ('CD69', 1.0587245878591551), ('IFNGR1', 3.1723854969774763), ('CD4', 2.228887856191343), ('HLA-DRA', 1.9735119835113235)]",2124
IRF8,hocomoco__SPIB_MOUSE.H11MO.0.A,0.128074442212118,3.121377640777732,0.0,1.0,gene is annotated for similar motif hocomoco__IRF8_HUMAN.H11MO.0.B ('IRF8_HUMAN'; q-value = 2.31e-10),"frozenset({'hg38__refseq-r80__500bp_up_and_100bp_down_tss.mc9nr.genes_vs_motifs.rankings', 'activating', 'weight>75.0%'})","[('ICAM1', 6.787572232731317), ('TCF4', 15.254893808136444), ('JCHAIN', 10.980927161531069), ('IRF4', 15.496124760851568), ('RNASE6', 5.906682115352259), ('IL1RN', 0.9805374092009196), ('HAVCR2', 1.3946842313386092), ('PIK3AP1', 4.159828177366874), ('IFNGR1', 3.1723854969774763), ('CCL20', 1.5467354300087754), ('FCER1G', 1.7437501722358624), ('HLA-DMA', 7.890425991629717), ('CD4', 2.228887856191343), ('STAT4', 1.7728088232762562)]",2448
JUN,dbcorrdb__STAT3__ENCSR000DOQ_1__m2,0.13874496257915947,3.163007847270744,0.000759,1.0,gene is annotated for similar motif jaspar__MA0489.1 ('JUN(var.2)'; q-value = 0.000759),"frozenset({'hg38__refseq-r80__500bp_up_and_100bp_down_tss.mc9nr.genes_vs_motifs.rankings', 'activating', 'weight>75.0%'})","[('BIRC3', 2.222933757885588), ('CXCL5', 1.1589340254167226), ('CD69', 5.097395061742794), ('CCL5', 1.2778005711814258), ('FAM65B', 2.134133583847081), ('ADA', 2.249671779355988), ('CASP5', 1.8471258084875135), ('RGS1', 10.22198253660172), ('CD63', 1.03839629944796), ('EGR1', 4.716845546349888), ('STAT5A', 4.500617518447674), ('IL18', 1.1184482803239402), ('IL32', 1.2004819140063077)]",1723
JUN,cisbp__M0269,0.13723168023686158,3.109501371961332,0.000316,1.0,motif similar to taipale_cyt_meth__JUN_NATGACGTCAYN_FL ('JUN [bZIP]'; q-value = 0.000316) which is directly annotated,"frozenset({'hg38__refseq-r80__500bp_up_and_100bp_down_tss.mc9nr.genes_vs_motifs.rankings', 'activating', 'weight>75.0%'})","[('BIRC3', 2.222933757885588), ('CXCL5', 1.1589340254167226), ('CCL5', 1.2778005711814258), ('CD69', 5.097395061742794), ('CD63', 1.03839629944796), ('RGS1', 10.22198253660172), ('FAM65B', 2.134133583847081), ('CASP5', 1.8471258084875135)]",342
JUN,cisbp__M0346,0.14942018258080433,3.5404611350512702,5.4e-05,1.0,"motif similar to cisbp__M4557 ('JUN[gene ID: ""ENSG00000177606"" species: ""Homo sapiens"" TF status: ""direct"" TF family: ""bZIP"" DBDs: ""bZIP_1""]'; q-value = 5.41e-05) which is directly annotated","frozenset({'hg38__refseq-r80__500bp_up_and_100bp_down_tss.mc9nr.genes_vs_motifs.rankings', 'activating', 'weight>75.0%'})","[('DUSP1', 4.496651575044924), ('BACH2', 2.49749157664123), ('BAX', 1.8003214020601916), ('LAMP1', 2.289344100246005), ('FOSB', 25.19522169227828), ('EGR1', 4.716845546349888), ('IFNGR1', 4.032493652646585), ('JUN', 1.0)]",639
JUNB,taipale_cyt_meth__CREB1_NRTGACGTCAYN_eDBD,0.17874590250608016,3.1090781164065286,0.000404,1.0,gene is annotated for similar motif transfac_pro__M08921 ('V$JUNBFOSB_02: JUNB:FOSB'; q-value = 0.000404),"frozenset({'hg38__refseq-r80__500bp_up_and_100bp_down_tss.mc9nr.genes_vs_motifs.rankings', 'activating', 'weight>75.0%'})","[('BACH2', 1.35258088044004), ('JUNB', 1.0), ('RORA', 1.2533028283065089), ('FAM65B', 0.9266004602327332), ('SELL', 2.402324136922572), ('FOXP1', 2.3297113780042955), ('PTPRC', 4.198650078593467), ('JUN', 4.172183500914485), ('DUSP1', 5.755738647487208), ('MYC', 3.55401118482114), ('CBLB', 1.580444215039983), ('IFNGR1', 1.132903126120285), ('LEF1', 5.944317802560026), ('FYB', 2.4832112727526567), ('CD69', 7.846848653541875), ('CD3E', 3.1845688869756303), ('IL23R', 4.239612406320919), ('KLRK1', 1.3156254105836154)]",4038
JUNB,cisbp__M0269,0.20090937929575975,3.6991355535395893,0.000316,1.0,motif similar to transfac_pro__M08945 ('V$JUNBFOS_03: JUNB:C-FOS'; q-value = 0.000316) which is directly annotated,"frozenset({'hg38__refseq-r80__500bp_up_and_100bp_down_tss.mc9nr.genes_vs_motifs.rankings', 'activating', 'weight>75.0%'})","[('JUN', 4.172183500914485), ('FOXP1', 2.3297113780042955), ('EGR1', 5.241951660171043), ('SELL', 2.402324136922572), ('FOSB', 26.95182739384448), ('BACH2', 1.35258088044004), ('RORA', 1.2533028283065089), ('DUSP1', 5.755738647487208), ('MYC', 3.55401118482114)]",1046
JUNB,jaspar__MA0018.2,0.17654647351168445,3.050522798217751,0.000195,1.0,gene is annotated for similar motif transfac_pro__M08921 ('V$JUNBFOSB_02: JUNB:FOSB'; q-value = 0.000195),"frozenset({'hg38__refseq-r80__500bp_up_and_100bp_down_tss.mc9nr.genes_vs_motifs.rankings', 'activating', 'weight>75.0%'})","[('DUSP1', 5.755738647487208), ('BACH2', 1.35258088044004), ('BAX', 3.667085245346851), ('LAMP1', 2.665818093261493), ('FOSB', 26.95182739384448), ('FOXP1', 2.3297113780042955), ('EGR1', 5.241951660171043), ('IFNGR1', 1.132903126120285), ('JUN', 4.172183500914485)]",639
JUNB,taipale_cyt_meth__ATF2_NRTGAYGTMAYN_FL,0.17487575341017236,3.0060432776705075,5.5e-05,1.0,motif similar to transfac_pro__M08921 ('V$JUNBFOSB_02: JUNB:FOSB'; q-value = 5.48e-05) which is directly annotated,"frozenset({'hg38__refseq-r80__500bp_up_and_100bp_down_tss.mc9nr.genes_vs_motifs.rankings', 'activating', 'weight>75.0%'})","[('EGR1', 5.241951660171043), ('SELL', 2.402324136922572), ('FOXP1', 2.3297113780042955), ('FOSB', 26.95182739384448), ('MYC', 3.55401118482114), ('RORA', 1.2533028283065089), ('BACH2', 1.35258088044004), ('LEF1', 5.944317802560026), ('CBLB', 1.580444215039983), ('DUSP2', 2.578312594950048)]",1010
JUNB,cisbp__M0346,0.20668288040604843,3.852843263785129,5.4e-05,1.0,motif similar to factorbook__v-JUN ('v-JUN'; q-value = 5.41e-05) which is directly annotated,"frozenset({'hg38__refseq-r80__500bp_up_and_100bp_down_tss.mc9nr.genes_vs_motifs.rankings', 'activating', 'weight>75.0%'})","[('DUSP1', 5.755738647487208), ('LAMP1', 2.665818093261493), ('BAX', 3.667085245346851), ('JUN', 4.172183500914485), ('FOSB', 26.95182739384448), ('FOXP1', 2.3297113780042955), ('EGR1', 5.241951660171043), ('BACH2', 1.35258088044004), ('IFNGR1', 1.132903126120285)]",612
JUNB,taipale_cyt_meth__CREM_NRTGACGTCAYN_eDBD,0.19316908110394418,3.493065876067548,4.8e-05,1.0,motif similar to transfac_pro__M08921 ('V$JUNBFOSB_02: JUNB:FOSB'; q-value = 4.84e-05) which is directly annotated,"frozenset({'hg38__refseq-r80__500bp_up_and_100bp_down_tss.mc9nr.genes_vs_motifs.rankings', 'activating', 'weight>75.0%'})","[('DUSP1', 5.755738647487208), ('JUN', 4.172183500914485), ('FOSB', 26.95182739384448), ('FOXP1', 2.3297113780042955), ('BACH2', 1.35258088044004), ('BAX', 3.667085245346851), ('LAMP1', 2.665818093261493), ('EGR1', 5.241951660171043), ('RORA', 1.2533028283065089), ('IFNGR1', 1.132903126120285), ('PTPRC', 4.198650078593467)]",1692
JUNB,taipale_cyt_meth__ATF4_GGATGATGTCATCC_eDBD_meth,0.17612350639737762,3.0392621601045255,2.4e-05,1.0,gene is annotated for similar motif factorbook__v-JUN ('v-JUN'; q-value = 2.4e-05),"frozenset({'hg38__refseq-r80__500bp_up_and_100bp_down_tss.mc9nr.genes_vs_motifs.rankings', 'activating', 'weight>75.0%'})","[('RORA', 1.2533028283065089), ('JUNB', 1.0), ('FOXP1', 2.3297113780042955), ('SELL', 2.402324136922572), ('BACH2', 1.35258088044004), ('MYC', 3.55401118482114), ('FOSB', 26.95182739384448), ('EGR1', 5.241951660171043), ('FAM65B', 0.9266004602327332), ('IL23R', 4.239612406320919), ('DUSP1', 5.755738647487208)]",1051
JUNB,taipale_cyt_meth__CREB3L4_NRTGACGTCAYN_eDBD,0.18134715025906736,3.178331040802871,1.6e-05,1.0,gene is annotated for similar motif transfac_pro__M08924 ('V$JUNBFRA2_02: JUNB:FRA-2'; q-value = 1.57e-05),"frozenset({'hg38__refseq-r80__500bp_up_and_100bp_down_tss.mc9nr.genes_vs_motifs.rankings', 'activating', 'weight>75.0%'})","[('EGR1', 5.241951660171043), ('RORA', 1.2533028283065089), ('FOSB', 26.95182739384448), ('FOXP1', 2.3297113780042955), ('JUN', 4.172183500914485), ('LEF1', 5.944317802560026), ('SELL', 2.402324136922572), ('BAX', 3.667085245346851)]",530
JUNB,cisbp__M0361,0.2166226075922597,4.117468259445949,1.3e-05,1.0,motif similar to transfac_pro__M08927 ('V$JUNB_03: JUNB'; q-value = 1.3e-05) which is directly annotated,"frozenset({'hg38__refseq-r80__500bp_up_and_100bp_down_tss.mc9nr.genes_vs_motifs.rankings', 'activating', 'weight>75.0%'})","[('SELL', 2.402324136922572), ('FOXP1', 2.3297113780042955), ('BACH2', 1.35258088044004), ('RORA', 1.2533028283065089), ('JUNB', 1.0), ('FOSB', 26.95182739384448), ('CBLB', 1.580444215039983), ('DUSP2', 2.578312594950048), ('EGR1', 5.241951660171043)]",755
MYC,dbcorrdb__ATF3__ENCSR000BKE_1__m1,0.18818981824163172,3.7874126407791877,1e-06,1.0,"gene is annotated for similar motif dbcorrdb__MYC__ENCSR000DLZ_1__m1 ('MYC (ENCSR000DLZ-1, motif 1)'; q-value = 5.61e-07)","frozenset({'hg38__refseq-r80__500bp_up_and_100bp_down_tss.mc9nr.genes_vs_motifs.rankings', 'activating', 'weight>75.0%'})","[('FOXP1', 0.980678339291446), ('EGR1', 2.5041282228257256), ('TRIB2', 1.9922205978293897), ('FOSB', 7.802748850498327), ('MYC', 1.0), ('SELL', 2.0408028628720523), ('ADA', 1.843451049601472), ('EGR3', 1.8973272801947028), ('LEF1', 3.848866209634302), ('GAPDH', 2.670793533039198), ('CD9', 17.668216475170944), ('CCND2', 0.8891218358965267), ('PDIA6', 2.89308750344521), ('DUSP2', 1.0676204542792618), ('XBP1', 1.4487249709636056), ('RPN2', 2.244596954156155), ('KIT', 1.688932207373536)]",2548
MYC,dbcorrdb__ATF3__ENCSR000BKC_1__m1,0.18039312443457522,3.5566648558278873,0.0,1.0,"gene is annotated for similar motif dbcorrdb__MYC__ENCSR000EGS_1__m1 ('MYC (ENCSR000EGS-1, motif 1)'; q-value = 1.08e-07)","frozenset({'hg38__refseq-r80__500bp_up_and_100bp_down_tss.mc9nr.genes_vs_motifs.rankings', 'activating', 'weight>75.0%'})","[('EGR3', 1.8973272801947028), ('JUN', 2.0092581749730782), ('FOXP1', 0.980678339291446), ('EGR1', 2.5041282228257256), ('SELL', 2.0408028628720523), ('TRIB2', 1.9922205978293897), ('FOSB', 7.802748850498327)]",232
PRDM1,cisbp__M4489,0.11594586020936873,3.0290665662916982,0.000341,1.0,gene is annotated for similar motif transfac_pro__M01066 ('V$BLIMP1_Q6: Blimp-1'; q-value = 0.000341),"frozenset({'hg38__refseq-r80__500bp_up_and_100bp_down_tss.mc9nr.genes_vs_motifs.rankings', 'activating', 'weight>75.0%'})","[('AQP9', 8.075275439496279), ('HAVCR2', 0.912493224158276), ('CD163', 7.128015059759325), ('BCL2A1', 5.9094048004141015), ('FCER1A', 3.884808463027784), ('S100A12', 5.461367431352686), ('HLA-DRA', 1.8501431942990492), ('S100A9', 6.980199366144781)]",1198
RUNX3,dbcorrdb__BCL11A__ENCSR000BHA_1__m2,0.1500390101426371,4.32666411210684,0.000684,1.0,"gene is annotated for similar motif dbcorrdb__RUNX3__ENCSR000BRI_1__m1 ('RUNX3 (ENCSR000BRI-1, motif 1)'; q-value = 0.000684)","frozenset({'hg38__refseq-r80__500bp_up_and_100bp_down_tss.mc9nr.genes_vs_motifs.rankings', 'activating', 'weight>75.0%'})","[('IFITM3', 8.501027037321089), ('CCL5', 14.558459636518611), ('CCL4', 7.532410443440303), ('RUNX3', 1.0), ('IFITM2', 10.24070128696414)]",322
RUNX3,dbcorrdb__IKZF1__ENCSR000EUJ_1__m2,0.15161942104947287,4.386721507951361,0.000552,1.0,gene is annotated for similar motif hocomoco__RUNX3_HUMAN.H11MO.0.A ('RUNX3_HUMAN'; q-value = 0.000552),"frozenset({'hg38__refseq-r80__500bp_up_and_100bp_down_tss.mc9nr.genes_vs_motifs.rankings', 'activating', 'weight>75.0%'})","[('RUNX3', 1.0), ('AQP9', 1.1692925391474482), ('IL18RAP', 9.72676848163027), ('ITGB2', 8.330941450216926), ('KLRB1', 15.90656227314716), ('TBX21', 14.812415285894456), ('NKG7', 17.284351225940124), ('GNLY', 14.386837038281854), ('GZMH', 11.142501120298592), ('TNF', 1.4203832628281816), ('CD247', 7.670817219471713), ('SELPLG', 6.917814815958706), ('IFNGR1', 6.648123456102952), ('CNOT2', 8.164733423771606)]",1427
RUNX3,dbcorrdb__STAT3__ENCSR000DZV_1__m3,0.14703822993978435,4.212631082022308,0.000552,1.0,gene is annotated for similar motif hocomoco__RUNX3_HUMAN.H11MO.0.A ('RUNX3_HUMAN'; q-value = 0.000552),"frozenset({'hg38__refseq-r80__500bp_up_and_100bp_down_tss.mc9nr.genes_vs_motifs.rankings', 'activating', 'weight>75.0%'})","[('SELPLG', 6.917814815958706), ('RUNX3', 1.0), ('AQP9', 1.1692925391474482), ('ITGB2', 8.330941450216926), ('IL18RAP', 9.72676848163027), ('GNLY', 14.386837038281854), ('TBX21', 14.812415285894456), ('GZMH', 11.142501120298592), ('KLRB1', 15.90656227314716), ('NKG7', 17.284351225940124), ('CST7', 11.38729295156492)]",1230
RUNX3,dbcorrdb__EP300__ENCSR000DZD_1__m2,0.17324504371136495,5.20851954476056,0.00041,1.0,gene is annotated for similar motif transfac_pro__M08866 ('V$AML_Q4: AML'; q-value = 0.00041),"frozenset({'hg38__refseq-r80__500bp_up_and_100bp_down_tss.mc9nr.genes_vs_motifs.rankings', 'activating', 'weight>75.0%'})","[('IL18RAP', 9.72676848163027), ('AQP9', 1.1692925391474482), ('ITGB2', 8.330941450216926), ('CCL4', 7.532410443440303), ('GNLY', 14.386837038281854), ('DUSP2', 6.95470434715281), ('RUNX3', 1.0), ('GZMH', 11.142501120298592), ('TNF', 1.4203832628281816), ('KLRB1', 15.90656227314716), ('CNOT2', 8.164733423771606)]",1576
RUNX3,transfac_pro__M01658,0.1491187708804289,4.291693982880917,0.000387,1.0,gene is annotated for similar motif transfac_pro__M08866 ('V$AML_Q4: AML'; q-value = 0.000387),"frozenset({'hg38__refseq-r80__500bp_up_and_100bp_down_tss.mc9nr.genes_vs_motifs.rankings', 'activating', 'weight>75.0%'})","[('AQP9', 1.1692925391474482), ('RUNX3', 1.0), ('GZMH', 11.142501120298592), ('NKG7', 17.284351225940124), ('IL18RAP', 9.72676848163027), ('CST7', 11.38729295156492), ('TIAF1', 1.096394612222511), ('SELPLG', 6.917814815958706), ('TBX21', 14.812415285894456), ('CXCR4', 17.94826753228145), ('CNOT2', 8.164733423771606)]",1968
RUNX3,cisbp__M6458,0.21189509272410828,6.6772649722493425,0.000387,1.0,gene is annotated for similar motif transfac_pro__M08866 ('V$AML_Q4: AML'; q-value = 0.000387),"frozenset({'hg38__refseq-r80__500bp_up_and_100bp_down_tss.mc9nr.genes_vs_motifs.rankings', 'activating', 'weight>75.0%'})","[('RUNX3', 1.0), ('IFNGR1', 6.648123456102952), ('TBX21', 14.812415285894456), ('CST7', 11.38729295156492), ('ITGAM', 16.92086703861454), ('GZMH', 11.142501120298592), ('SELPLG', 6.917814815958706), ('GNLY', 14.386837038281854), ('CD247', 7.670817219471713), ('CD27', 4.936857426283583)]",1295
RUNX3,transfac_pro__M08865,0.1645027707203873,4.876303317114288,0.000355,1.0,gene is annotated for similar motif transfac_pro__M08866 ('V$AML_Q4: AML'; q-value = 0.000355),"frozenset({'hg38__refseq-r80__500bp_up_and_100bp_down_tss.mc9nr.genes_vs_motifs.rankings', 'activating', 'weight>75.0%'})","[('RUNX3', 1.0), ('AQP9', 1.1692925391474482), ('SELPLG', 6.917814815958706), ('NKG7', 17.284351225940124), ('GZMH', 11.142501120298592), ('IL18RAP', 9.72676848163027), ('GNLY', 14.386837038281854), ('CST7', 11.38729295156492), ('KLRB1', 15.90656227314716), ('ITGB2', 8.330941450216926)]",1157
RUNX3,homer__CAAACCACAG_RUNX,0.1197711404965291,3.176450948654186,0.000285,1.0,motif similar to transfac_pro__M00769 ('V$AML_Q6: AML'; q-value = 0.000285) which is directly annotated,"frozenset({'hg38__refseq-r80__500bp_up_and_100bp_down_tss.mc9nr.genes_vs_motifs.rankings', 'activating', 'weight>75.0%'})","[('RUNX3', 1.0), ('FCGR3A', 16.067981960827332), ('HLA-A', 19.34919455565949), ('TNF', 1.4203832628281816), ('NKG7', 17.284351225940124), ('AQP9', 1.1692925391474482), ('IL32', 1.3741137526110294), ('IL2RB', 15.587399841423366)]",751
RUNX3,dbcorrdb__NFATC1__ENCSR000BQL_1__m3,0.13059395442815133,3.587730077159068,0.000246,1.0,gene is annotated for similar motif hocomoco__RUNX3_HUMAN.H11MO.0.A ('RUNX3_HUMAN'; q-value = 0.000246),"frozenset({'hg38__refseq-r80__500bp_up_and_100bp_down_tss.mc9nr.genes_vs_motifs.rankings', 'activating', 'weight>75.0%'})","[('SELPLG', 6.917814815958706), ('RUNX3', 1.0), ('AQP9', 1.1692925391474482), ('IL18RAP', 9.72676848163027), ('GZMH', 11.142501120298592), ('KLRB1', 15.90656227314716), ('GNLY', 14.386837038281854), ('CD27', 4.936857426283583), ('NKG7', 17.284351225940124), ('KLRF1', 15.510739356634836), ('CST7', 11.38729295156492), ('DUSP2', 6.95470434715281)]",1512
RUNX3,dbcorrdb__TBL1XR1__ENCSR000DYZ_1__m2,0.15676075779702722,4.582098099496193,0.000232,1.0,motif similar to hocomoco__RUNX3_HUMAN.H11MO.0.A ('RUNX3_HUMAN'; q-value = 0.000232) which is directly annotated,"frozenset({'hg38__refseq-r80__500bp_up_and_100bp_down_tss.mc9nr.genes_vs_motifs.rankings', 'activating', 'weight>75.0%'})","[('IFITM2', 10.24070128696414), ('IFITM3', 8.501027037321089), ('GZMH', 11.142501120298592)]",144
RUNX3,transfac_pro__M00722,0.1261327945265769,3.4182009724333957,0.000184,1.0,"motif similar to dbcorrdb__RUNX3__ENCSR000BRI_1__m1 ('RUNX3 (ENCSR000BRI-1, motif 1)'; q-value = 0.000184) which is directly annotated","frozenset({'hg38__refseq-r80__500bp_up_and_100bp_down_tss.mc9nr.genes_vs_motifs.rankings', 'activating', 'weight>75.0%'})","[('AQP9', 1.1692925391474482), ('NKG7', 17.284351225940124), ('ITGB2', 8.330941450216926), ('SELPLG', 6.917814815958706), ('IFITM3', 8.501027037321089), ('RUNX3', 1.0), ('IFITM2', 10.24070128696414), ('CST7', 11.38729295156492), ('CXCR4', 17.94826753228145), ('GZMH', 11.142501120298592), ('IFNGR1', 6.648123456102952), ('GNLY', 14.386837038281854), ('BTG1', 20.91471765839055), ('CNOT2', 8.164733423771606), ('FYN', 7.761294264397453), ('CPA3', 0.8325644425823276), ('TBX21', 14.812415285894456), ('FCGR3A', 16.067981960827332), ('TIAF1', 1.096394612222511)]",4782
RUNX3,cisbp__M6457,0.14311721047472342,4.063627922711851,0.000107,1.0,"gene is annotated for similar motif dbcorrdb__RUNX3__ENCSR000BRI_1__m1 ('RUNX3 (ENCSR000BRI-1, motif 1)'; q-value = 0.000107)","frozenset({'hg38__refseq-r80__500bp_up_and_100bp_down_tss.mc9nr.genes_vs_motifs.rankings', 'activating', 'weight>75.0%'})","[('IFITM3', 8.501027037321089), ('CCL5', 14.558459636518611), ('CCL4', 7.532410443440303), ('IFITM2', 10.24070128696414), ('TNF', 1.4203832628281816), ('HLA-A', 19.34919455565949)]",557
RUNX3,transfac_pro__M07242,0.16250225058515214,4.800281297057933,0.0001,1.0,gene is annotated for similar motif transfac_pro__M08866 ('V$AML_Q4: AML'; q-value = 9.99e-05),"frozenset({'hg38__refseq-r80__500bp_up_and_100bp_down_tss.mc9nr.genes_vs_motifs.rankings', 'activating', 'weight>75.0%'})","[('CXCR4', 17.94826753228145), ('CST7', 11.38729295156492), ('AQP9', 1.1692925391474482), ('RUNX3', 1.0), ('DUSP1', 3.754650860891072), ('SELPLG', 6.917814815958706), ('CD247', 7.670817219471713), ('CD27', 4.936857426283583), ('GNLY', 14.386837038281854), ('CNOT2', 8.164733423771606), ('GZMH', 11.142501120298592), ('NKG7', 17.284351225940124), ('IL18RAP', 9.72676848163027), ('TNF', 1.4203832628281816)]",1697
RUNX3,transfac_pro__M07276,0.20137235681277132,6.277389146752914,0.0001,1.0,gene is annotated for similar motif transfac_pro__M08866 ('V$AML_Q4: AML'; q-value = 9.99e-05),"frozenset({'hg38__refseq-r80__500bp_up_and_100bp_down_tss.mc9nr.genes_vs_motifs.rankings', 'activating', 'weight>75.0%'})","[('CXCR4', 17.94826753228145), ('CST7', 11.38729295156492), ('DUSP1', 3.754650860891072), ('RUNX3', 1.0), ('SELPLG', 6.917814815958706), ('CD247', 7.670817219471713), ('CNOT2', 8.164733423771606), ('AQP9', 1.1692925391474482), ('CD27', 4.936857426283583), ('GZMH', 11.142501120298592), ('IFNGR1', 6.648123456102952), ('IL18RAP', 9.72676848163027), ('IL32', 1.3741137526110294), ('FCGR3A', 16.067981960827332), ('GNLY', 14.386837038281854)]",1974
RUNX3,dbcorrdb__CEBPB__ENCSR000BRX_1__m2,0.1707043831396163,5.111971579288989,8.3e-05,1.0,"gene is annotated for similar motif dbcorrdb__RUNX3__ENCSR000BRI_1__m1 ('RUNX3 (ENCSR000BRI-1, motif 1)'; q-value = 8.27e-05)","frozenset({'hg38__refseq-r80__500bp_up_and_100bp_down_tss.mc9nr.genes_vs_motifs.rankings', 'activating', 'weight>75.0%'})","[('RUNX3', 1.0), ('AQP9', 1.1692925391474482), ('IL18RAP', 9.72676848163027), ('SELPLG', 6.917814815958706), ('GZMH', 11.142501120298592), ('NKG7', 17.284351225940124), ('GNLY', 14.386837038281854), ('CCL4', 7.532410443440303), ('TBX21', 14.812415285894456), ('IFNGR1', 6.648123456102952), ('CNOT2', 8.164733423771606), ('CST7', 11.38729295156492), ('KLRB1', 15.90656227314716), ('FCGR3A', 16.067981960827332), ('TNF', 1.4203832628281816), ('CD27', 4.936857426283583)]",2937
RUNX3,factorbook__RUNX1,0.15738091903895013,4.605664925713664,7e-05,1.0,gene is annotated for similar motif hocomoco__RUNX3_HUMAN.H11MO.0.A ('RUNX3_HUMAN'; q-value = 6.99e-05),"frozenset({'hg38__refseq-r80__500bp_up_and_100bp_down_tss.mc9nr.genes_vs_motifs.rankings', 'activating', 'weight>75.0%'})","[('KLRB1', 15.90656227314716), ('IL18RAP', 9.72676848163027), ('CCL4', 7.532410443440303), ('AQP9', 1.1692925391474482), ('NKG7', 17.284351225940124), ('CD247', 7.670817219471713), ('DUSP1', 3.754650860891072), ('GZMH', 11.142501120298592), ('FYN', 7.761294264397453), ('RUNX3', 1.0), ('CD27', 4.936857426283583)]",1572
RUNX3,dbcorrdb__NFIC__ENCSR000BRN_1__m2,0.1483785784303919,4.263565835460065,6.9e-05,1.0,"gene is annotated for similar motif dbcorrdb__RUNX3__ENCSR000BRI_1__m1 ('RUNX3 (ENCSR000BRI-1, motif 1)'; q-value = 6.94e-05)","frozenset({'hg38__refseq-r80__500bp_up_and_100bp_down_tss.mc9nr.genes_vs_motifs.rankings', 'activating', 'weight>75.0%'})","[('AQP9', 1.1692925391474482), ('ARL4C', 9.543605372824654), ('CNOT2', 8.164733423771606), ('CXCR4', 17.94826753228145), ('RUNX3', 1.0)]",450
RUNX3,hocomoco__RUNX2_MOUSE.H11MO.0.A,0.1949706923800188,6.0341186825725766,6.4e-05,1.0,gene is annotated for similar motif hocomoco__RUNX3_HUMAN.H11MO.0.A ('RUNX3_HUMAN'; q-value = 6.41e-05),"frozenset({'hg38__refseq-r80__500bp_up_and_100bp_down_tss.mc9nr.genes_vs_motifs.rankings', 'activating', 'weight>75.0%'})","[('IL18RAP', 9.72676848163027), ('GNLY', 14.386837038281854), ('CXCR4', 17.94826753228145), ('NKG7', 17.284351225940124), ('GZMH', 11.142501120298592), ('KLRB1', 15.90656227314716), ('SELPLG', 6.917814815958706), ('FYN', 7.761294264397453), ('CD247', 7.670817219471713), ('FCGR3A', 16.067981960827332), ('CST7', 11.38729295156492)]",1225
RUNX3,dbcorrdb__STAT5A__ENCSR000BQZ_1__m2,0.14757837037629784,4.233157027437524,3.1e-05,1.0,gene is annotated for similar motif hocomoco__RUNX3_HUMAN.H11MO.0.A ('RUNX3_HUMAN'; q-value = 3.1e-05),"frozenset({'hg38__refseq-r80__500bp_up_and_100bp_down_tss.mc9nr.genes_vs_motifs.rankings', 'activating', 'weight>75.0%'})","[('NKG7', 17.284351225940124), ('RUNX3', 1.0), ('ITGAM', 16.92086703861454), ('TBX21', 14.812415285894456), ('SELPLG', 6.917814815958706), ('GZMH', 11.142501120298592), ('TIAF1', 1.096394612222511)]",861
RUNX3,dbcorrdb__MTA3__ENCSR000BRH_1__m2,0.15912137155660472,4.671804083162693,2.7e-05,1.0,"motif similar to dbcorrdb__RUNX3__ENCSR000BRI_1__m1 ('RUNX3 (ENCSR000BRI-1, motif 1)'; q-value = 2.67e-05) which is directly annotated","frozenset({'hg38__refseq-r80__500bp_up_and_100bp_down_tss.mc9nr.genes_vs_motifs.rankings', 'activating', 'weight>75.0%'})","[('NKG7', 17.284351225940124), ('RUNX3', 1.0), ('FYN', 7.761294264397453), ('IFITM2', 10.24070128696414), ('CD247', 7.670817219471713), ('IFITM3', 8.501027037321089), ('IFNGR1', 6.648123456102952), ('GZMH', 11.142501120298592), ('FCGR3A', 16.067981960827332), ('ITGAM', 16.92086703861454), ('GNLY', 14.386837038281854), ('SELPLG', 6.917814815958706), ('TIAF1', 1.096394612222511), ('HLA-A', 19.34919455565949), ('CCL5', 14.558459636518611), ('ITGB2', 8.330941450216926)]",3838
RUNX3,cisbp__M6416,0.11763058395182747,3.0951073871938855,1.4e-05,1.0,"motif similar to dbcorrdb__RUNX3__ENCSR000BRI_1__m1 ('RUNX3 (ENCSR000BRI-1, motif 1)'; q-value = 1.36e-05) which is directly annotated","frozenset({'hg38__refseq-r80__500bp_up_and_100bp_down_tss.mc9nr.genes_vs_motifs.rankings', 'activating', 'weight>75.0%'})","[('DUSP1', 3.754650860891072), ('CCL4', 7.532410443440303), ('TNF', 1.4203832628281816), ('RUNX3', 1.0), ('CCL5', 14.558459636518611), ('BTG1', 20.91471765839055), ('HLA-A', 19.34919455565949), ('TIAF1', 1.096394612222511), ('FYN', 7.761294264397453), ('SELPLG', 6.917814815958706), ('CD27', 4.936857426283583), ('GZMH', 11.142501120298592), ('AQP9', 1.1692925391474482)]",3106
RUNX3,hocomoco__PEBB_HUMAN.H11MO.0.C,0.14273711164902875,4.049183738901144,1e-05,1.0,"motif similar to dbcorrdb__RUNX3__ENCSR000BRI_1__m1 ('RUNX3 (ENCSR000BRI-1, motif 1)'; q-value = 1.02e-05) which is directly annotated","frozenset({'hg38__refseq-r80__500bp_up_and_100bp_down_tss.mc9nr.genes_vs_motifs.rankings', 'activating', 'weight>75.0%'})","[('BTG1', 20.91471765839055), ('CCL4', 7.532410443440303), ('GZMH', 11.142501120298592), ('CXCR4', 17.94826753228145), ('TNF', 1.4203832628281816), ('FYN', 7.761294264397453), ('RUNX3', 1.0)]",882
RUNX3,hocomoco__RUNX1_MOUSE.H11MO.0.A,0.1651229319623102,4.899870143331758,4e-06,1.0,motif similar to hocomoco__RUNX3_HUMAN.H11MO.0.A ('RUNX3_HUMAN'; q-value = 4.31e-06) which is directly annotated,"frozenset({'hg38__refseq-r80__500bp_up_and_100bp_down_tss.mc9nr.genes_vs_motifs.rankings', 'activating', 'weight>75.0%'})","[('FYN', 7.761294264397453), ('DUSP2', 6.95470434715281), ('IFITM3', 8.501027037321089), ('CD247', 7.670817219471713), ('CCL4', 7.532410443440303), ('CNOT2', 8.164733423771606), ('IFITM2', 10.24070128696414)]",924
RUNX3,hocomoco__RUNX2_HUMAN.H11MO.0.A,0.18604837257686999,5.6950604731212335,3e-06,1.0,"gene is annotated for similar motif dbcorrdb__RUNX3__ENCSR000BRI_1__m1 ('RUNX3 (ENCSR000BRI-1, motif 1)'; q-value = 2.93e-06)","frozenset({'hg38__refseq-r80__500bp_up_and_100bp_down_tss.mc9nr.genes_vs_motifs.rankings', 'activating', 'weight>75.0%'})","[('RUNX3', 1.0), ('AQP9', 1.1692925391474482), ('IL18RAP', 9.72676848163027), ('SELPLG', 6.917814815958706), ('NKG7', 17.284351225940124), ('KLRB1', 15.90656227314716), ('TBX21', 14.812415285894456), ('CNOT2', 8.164733423771606), ('TNF', 1.4203832628281816), ('GZMH', 11.142501120298592), ('CXCR4', 17.94826753228145), ('CD247', 7.670817219471713), ('IFNGR1', 6.648123456102952), ('GNLY', 14.386837038281854), ('CST7', 11.38729295156492), ('FCGR3A', 16.067981960827332)]",2153
RUNX3,transfac_pro__M07124,0.1866685338187929,5.718627299338704,1e-06,1.0,gene is annotated for similar motif hocomoco__RUNX3_HUMAN.H11MO.0.A ('RUNX3_HUMAN'; q-value = 7.6e-07),"frozenset({'hg38__refseq-r80__500bp_up_and_100bp_down_tss.mc9nr.genes_vs_motifs.rankings', 'activating', 'weight>75.0%'})","[('IL32', 1.3741137526110294), ('CXCR4', 17.94826753228145), ('ITGB2', 8.330941450216926), ('LAMP1', 6.0523169010772015), ('TNF', 1.4203832628281816), ('GZMH', 11.142501120298592)]",689
RUNX3,cisbp__M1837,0.18548822693900413,5.673774307505453,1e-06,1.0,gene is annotated for similar motif hocomoco__RUNX3_HUMAN.H11MO.0.A ('RUNX3_HUMAN'; q-value = 1.29e-06),"frozenset({'hg38__refseq-r80__500bp_up_and_100bp_down_tss.mc9nr.genes_vs_motifs.rankings', 'activating', 'weight>75.0%'})","[('CCL4', 7.532410443440303), ('FYN', 7.761294264397453), ('CD247', 7.670817219471713), ('IFITM3', 8.501027037321089), ('CCL5', 14.558459636518611), ('GZMH', 11.142501120298592), ('TNF', 1.4203832628281816)]",987
RUNX3,jaspar__MA0002.2,0.18162722307800028,5.5270518087966884,1e-06,1.0,gene is annotated for similar motif hocomoco__RUNX3_HUMAN.H11MO.0.A ('RUNX3_HUMAN'; q-value = 1.29e-06),"frozenset({'hg38__refseq-r80__500bp_up_and_100bp_down_tss.mc9nr.genes_vs_motifs.rankings', 'activating', 'weight>75.0%'})","[('RUNX3', 1.0), ('IL18RAP', 9.72676848163027), ('AQP9', 1.1692925391474482), ('CD27', 4.936857426283583), ('SELPLG', 6.917814815958706), ('CST7', 11.38729295156492), ('KLRB1', 15.90656227314716), ('GNLY', 14.386837038281854), ('CXCR4', 17.94826753228145), ('CCL4', 7.532410443440303), ('GZMH', 11.142501120298592), ('NKG7', 17.284351225940124)]",1690
RUNX3,cisbp__M2310,0.18140716586312441,5.51868938659049,1e-06,1.0,gene is annotated for similar motif hocomoco__RUNX3_HUMAN.H11MO.0.A ('RUNX3_HUMAN'; q-value = 7.6e-07),"frozenset({'hg38__refseq-r80__500bp_up_and_100bp_down_tss.mc9nr.genes_vs_motifs.rankings', 'activating', 'weight>75.0%'})","[('TNF', 1.4203832628281816), ('CNOT2', 8.164733423771606), ('ITGB2', 8.330941450216926), ('CXCR4', 17.94826753228145), ('IFNGR1', 6.648123456102952), ('DUSP2', 6.95470434715281)]",541
RUNX3,hocomoco__RUNX3_MOUSE.H11MO.0.A,0.18472802928761478,5.6448859398840385,0.0,0.92435,motif is annotated for orthologous gene ENSMUSG00000070691 in M. musculus (identity = 92%),"frozenset({'hg38__refseq-r80__500bp_up_and_100bp_down_tss.mc9nr.genes_vs_motifs.rankings', 'activating', 'weight>75.0%'})","[('IL18RAP', 9.72676848163027), ('LAMP1', 6.0523169010772015), ('RUNX3', 1.0), ('TNF', 1.4203832628281816), ('CXCR4', 17.94826753228145), ('HLA-A', 19.34919455565949), ('TIAF1', 1.096394612222511)]",639
RUNX3,transfac_pro__M00984,0.15083921819673116,4.357072920129382,0.0,1.0,gene is directly annotated,"frozenset({'hg38__refseq-r80__500bp_up_and_100bp_down_tss.mc9nr.genes_vs_motifs.rankings', 'activating', 'weight>75.0%'})","[('CD247', 7.670817219471713), ('FCGR3A', 16.067981960827332), ('CNOT2', 8.164733423771606), ('CST7', 11.38729295156492), ('IL2RB', 15.587399841423366), ('ITGB2', 8.330941450216926), ('CCL4', 7.532410443440303), ('DUSP2', 6.95470434715281), ('LAMP1', 6.0523169010772015), ('CD27', 4.936857426283583)]",1440
RUNX3,transfac_pro__M07372,0.1661632024326325,4.939401593761064,0.0,1.0,gene is directly annotated,"frozenset({'hg38__refseq-r80__500bp_up_and_100bp_down_tss.mc9nr.genes_vs_motifs.rankings', 'activating', 'weight>75.0%'})","[('CXCR4', 17.94826753228145), ('CNOT2', 8.164733423771606), ('AQP9', 1.1692925391474482), ('ARL4C', 9.543605372824654), ('RUNX3', 1.0), ('HLA-A', 19.34919455565949), ('CCL4', 7.532410443440303)]",812
RUNX3,transfac_pro__M01854,0.15652069538079902,4.572975457089432,0.0,1.0,gene is directly annotated,"frozenset({'hg38__refseq-r80__500bp_up_and_100bp_down_tss.mc9nr.genes_vs_motifs.rankings', 'activating', 'weight>75.0%'})","[('CCL4', 7.532410443440303), ('NKG7', 17.284351225940124), ('DUSP2', 6.95470434715281), ('CD247', 7.670817219471713), ('CD27', 4.936857426283583), ('BTG1', 20.91471765839055), ('SELPLG', 6.917814815958706), ('IL32', 1.3741137526110294), ('FYN', 7.761294264397453), ('ITGAM', 16.92086703861454), ('GZMH', 11.142501120298592), ('FCGR3A', 16.067981960827332), ('CXCR4', 17.94826753228145)]",1637
RUNX3,transfac_pro__M01759,0.1279532678496409,3.4873810106846785,0.0,1.0,gene is directly annotated,"frozenset({'hg38__refseq-r80__500bp_up_and_100bp_down_tss.mc9nr.genes_vs_motifs.rankings', 'activating', 'weight>75.0%'})","[('CCL5', 14.558459636518611), ('CCL4', 7.532410443440303), ('TBX21', 14.812415285894456), ('HLA-A', 19.34919455565949), ('IL18RAP', 9.72676848163027), ('IL32', 1.3741137526110294)]",687
RUNX3,dbcorrdb__FOXM1__ENCSR000BRU_1__m2,0.17324504371136495,5.20851954476056,0.0,1.0,"gene is annotated for similar motif dbcorrdb__RUNX3__ENCSR000BRI_1__m1 ('RUNX3 (ENCSR000BRI-1, motif 1)'; q-value = 7.82e-10)","frozenset({'hg38__refseq-r80__500bp_up_and_100bp_down_tss.mc9nr.genes_vs_motifs.rankings', 'activating', 'weight>75.0%'})","[('TNF', 1.4203832628281816), ('IL2RB', 15.587399841423366), ('GNLY', 14.386837038281854), ('ITGB2', 8.330941450216926), ('LIPA', 3.649547075315748), ('NKG7', 17.284351225940124), ('CNOT2', 8.164733423771606)]",776
RUNX3,transfac_pro__M00769,0.15141936903594935,4.379119305945725,0.0,1.0,gene is directly annotated,"frozenset({'hg38__refseq-r80__500bp_up_and_100bp_down_tss.mc9nr.genes_vs_motifs.rankings', 'activating', 'weight>75.0%'})","[('SELPLG', 6.917814815958706), ('GZMH', 11.142501120298592), ('NKG7', 17.284351225940124), ('CXCR4', 17.94826753228145), ('CCL4', 7.532410443440303), ('CD27', 4.936857426283583), ('FYN', 7.761294264397453)]",787
RUNX3,homer__NWAACCACADNN_RUNX2,0.14369736131394162,4.085674308528194,0.0,1.0,"gene is annotated for similar motif dbcorrdb__RUNX3__ENCSR000BRI_1__m1 ('RUNX3 (ENCSR000BRI-1, motif 1)'; q-value = 4.74e-07)","frozenset({'hg38__refseq-r80__500bp_up_and_100bp_down_tss.mc9nr.genes_vs_motifs.rankings', 'activating', 'weight>75.0%'})","[('RUNX3', 1.0), ('SELPLG', 6.917814815958706), ('GNLY', 14.386837038281854), ('AQP9', 1.1692925391474482), ('GZMH', 11.142501120298592), ('CD27', 4.936857426283583), ('KLRB1', 15.90656227314716), ('IL18RAP', 9.72676848163027), ('ITGB2', 8.330941450216926), ('KLRF1', 15.510739356634836), ('IFNGR1', 6.648123456102952), ('TIAF1', 1.096394612222511), ('DUSP2', 6.95470434715281), ('IL2RB', 15.587399841423366), ('ITGAM', 16.92086703861454), ('NKG7', 17.284351225940124), ('HLA-A', 19.34919455565949)]",3976
RUNX3,dbcorrdb__RUNX3__ENCSR000BRI_1__m1,0.15782103346870185,4.622389770126062,0.0,1.0,gene is directly annotated,"frozenset({'hg38__refseq-r80__500bp_up_and_100bp_down_tss.mc9nr.genes_vs_motifs.rankings', 'activating', 'weight>75.0%'})","[('RUNX3', 1.0), ('AQP9', 1.1692925391474482), ('SELPLG', 6.917814815958706), ('IL18RAP', 9.72676848163027), ('GNLY', 14.386837038281854), ('GZMH', 11.142501120298592), ('NKG7', 17.284351225940124), ('ITGAM', 16.92086703861454), ('IL2RB', 15.587399841423366), ('DUSP2', 6.95470434715281), ('KLRF1', 15.510739356634836), ('IFNGR1', 6.648123456102952), ('CD27', 4.936857426283583), ('CXCR4', 17.94826753228145), ('CST7', 11.38729295156492)]",3912
RUNX3,transfac_pro__M08866,0.1453177826234821,4.147252144773842,0.0,1.0,gene is directly annotated,"frozenset({'hg38__refseq-r80__500bp_up_and_100bp_down_tss.mc9nr.genes_vs_motifs.rankings', 'activating', 'weight>75.0%'})","[('CD27', 4.936857426283583), ('IL32', 1.3741137526110294), ('CPA3', 0.8325644425823276), ('BTG1', 20.91471765839055), ('GZMH', 11.142501120298592), ('ITGB2', 8.330941450216926)]",509
RUNX3,hocomoco__RUNX1_HUMAN.H11MO.0.A,0.16532298397583373,4.907472345337394,0.0,1.0,gene is annotated for similar motif hocomoco__RUNX3_HUMAN.H11MO.0.A ('RUNX3_HUMAN'; q-value = 4e-08),"frozenset({'hg38__refseq-r80__500bp_up_and_100bp_down_tss.mc9nr.genes_vs_motifs.rankings', 'activating', 'weight>75.0%'})","[('RUNX3', 1.0), ('CST7', 11.38729295156492), ('IFNGR1', 6.648123456102952), ('GZMH', 11.142501120298592), ('SELPLG', 6.917814815958706), ('GNLY', 14.386837038281854), ('TIAF1', 1.096394612222511), ('AQP9', 1.1692925391474482), ('CD247', 7.670817219471713), ('CD27', 4.936857426283583), ('TBX21', 14.812415285894456), ('FYN', 7.761294264397453), ('CPA3', 0.8325644425823276), ('CXCR4', 17.94826753228145), ('BTG1', 20.91471765839055), ('CNOT2', 8.164733423771606), ('ITGB2', 8.330941450216926), ('NKG7', 17.284351225940124)]",4089
RUNX3,homer__AAACCACAAA_RUNX1,0.17382519455058315,5.230565930576903,0.0,1.0,gene is annotated for similar motif hocomoco__RUNX3_HUMAN.H11MO.0.A ('RUNX3_HUMAN'; q-value = 6.16e-08),"frozenset({'hg38__refseq-r80__500bp_up_and_100bp_down_tss.mc9nr.genes_vs_motifs.rankings', 'activating', 'weight>75.0%'})","[('NKG7', 17.284351225940124), ('CXCR4', 17.94826753228145), ('SELPLG', 6.917814815958706), ('CCL4', 7.532410443440303), ('GZMH', 11.142501120298592), ('CD247', 7.670817219471713), ('IL2RB', 15.587399841423366), ('TNF', 1.4203832628281816)]",860
RUNX3,hocomoco__RUNX3_HUMAN.H11MO.0.A,0.15185948346570108,4.395844150358123,0.0,1.0,gene is directly annotated,"frozenset({'hg38__refseq-r80__500bp_up_and_100bp_down_tss.mc9nr.genes_vs_motifs.rankings', 'activating', 'weight>75.0%'})","[('AQP9', 1.1692925391474482), ('TBX21', 14.812415285894456), ('GZMH', 11.142501120298592), ('IL18RAP', 9.72676848163027), ('RUNX3', 1.0), ('NKG7', 17.284351225940124), ('SELPLG', 6.917814815958706), ('CST7', 11.38729295156492), ('TIAF1', 1.096394612222511), ('FCGR3A', 16.067981960827332), ('CCL4', 7.532410443440303), ('KLRB1', 15.90656227314716), ('CXCR4', 17.94826753228145), ('CNOT2', 8.164733423771606), ('KLRF1', 15.510739356634836)]",2456
FOSB,transfac_pro__M00916,0.12274432731820618,3.331722146568395,0.000881,1.0,motif similar to taipale_cyt_meth__FOSB_NRTGACGTCAYN_eDBD ('FOSB [bZIP]'; q-value = 0.000881) which is directly annotated,"frozenset({'hg38__refseq-r80__500bp_up_and_100bp_down_tss.mc9nr.genes_vs_motifs.rankings', 'activating', 'weight>90.0%'})","[('JUN', 4.887521420388917), ('CCND2', 2.982011422157035), ('BTG1', 31.793865306776624), ('FOSB', 1.0), ('LEF1', 6.313594303887207), ('GAPDH', 5.4259366538276375), ('S100A9', 11.461342559543429), ('CXCL8', 4.796728889972895), ('FYN', 2.837428222824081), ('FCN1', 10.067653977871482)]",679
FOSB,transfac_pro__M07312,0.11760126598432834,3.1124773422657364,0.000574,1.0,gene is annotated for similar motif taipale_cyt_meth__FOSB_NRTGACGTCAYN_eDBD ('FOSB [bZIP]'; q-value = 0.000574),"frozenset({'hg38__refseq-r80__500bp_up_and_100bp_down_tss.mc9nr.genes_vs_motifs.rankings', 'activating', 'weight>90.0%'})","[('AQP9', 5.403789888920939), ('FOSB', 1.0), ('FYN', 2.837428222824081), ('CCND2', 2.982011422157035), ('S100A9', 11.461342559543429), ('TNFSF13B', 4.825174314420416), ('BTG1', 31.793865306776624), ('CD63', 6.0767644802776), ('JUN', 4.887521420388917)]",308
FOSB,cisbp__M0269,0.11927307996630848,3.183745504458412,0.000456,1.0,gene is annotated for similar motif transfac_pro__M08937 ('V$JUNFOSB_02: C-JUN:FOSB'; q-value = 0.000456),"frozenset({'hg38__refseq-r80__500bp_up_and_100bp_down_tss.mc9nr.genes_vs_motifs.rankings', 'activating', 'weight>90.0%'})","[('S100A9', 11.461342559543429), ('S100A12', 9.945981249902886), ('CCND2', 2.982011422157035), ('CD4', 3.3067720573230344), ('BTG1', 31.793865306776624), ('CD69', 9.004603954855249), ('JUN', 4.887521420388917), ('FOSB', 1.0)]",456
FOSB,cisbp__M0362,0.11543173638939228,3.019991940946997,0.000148,1.0,motif similar to taipale_cyt_meth__FOSB_NRTGACGTCAYN_eDBD ('FOSB [bZIP]'; q-value = 0.000148) which is directly annotated,"frozenset({'hg38__refseq-r80__500bp_up_and_100bp_down_tss.mc9nr.genes_vs_motifs.rankings', 'activating', 'weight>90.0%'})","[('AQP9', 5.403789888920939), ('FYN', 2.837428222824081), ('FOSB', 1.0), ('TNFSF13B', 4.825174314420416), ('CCND2', 2.982011422157035), ('S100A9', 11.461342559543429), ('BTG1', 31.793865306776624), ('CD63', 6.0767644802776), ('JUN', 4.887521420388917)]",492
FOSB,dbcorrdb__JUN__ENCSR000EGH_1__m1,0.1280660557951964,3.5585833956855373,0.000142,1.0,gene is annotated for similar motif hocomoco__FOSB_HUMAN.H11MO.0.A ('FOSB_HUMAN'; q-value = 0.000142),"frozenset({'hg38__refseq-r80__500bp_up_and_100bp_down_tss.mc9nr.genes_vs_motifs.rankings', 'activating', 'weight>90.0%'})","[('EGR3', 7.797866617347223), ('FOSB', 1.0), ('CXCR4', 26.262316827299703), ('KIT', 2.8562745844940998), ('LGALS1', 3.0356563550818567), ('CD63', 6.0767644802776), ('CD69', 9.004603954855249), ('RGS1', 27.632088686800262), ('CCND2', 2.982011422157035)]",744
PRDM1,dbcorrdb__SPI1__ENCSR000BGQ_1__m1,0.1400373620950971,3.2419217291189986,0.000418,1.0,"motif similar to dbcorrdb__PRDM1__ENCSR000ECY_1__m1 ('PRDM1 (ENCSR000ECY-1, motif 1)'; q-value = 0.000418) which is directly annotated","frozenset({'hg38__refseq-r80__500bp_up_and_100bp_down_tss.mc9nr.genes_vs_motifs.rankings', 'activating', 'weight>90.0%'})","[('CD86', 10.26189586019786), ('BCL2A1', 5.9094048004141015), ('IL1B', 2.822658684291884), ('PRDM1', 1.0), ('CD14', 4.163542048767112), ('S100A9', 6.980199366144781)]",1038
PRDM1,cisbp__M4687,0.13619541080680977,3.1295626181029865,0.0,1.0,gene is directly annotated,"frozenset({'hg38__refseq-r80__500bp_up_and_100bp_down_tss.mc9nr.genes_vs_motifs.rankings', 'activating', 'weight>90.0%'})","[('AQP9', 8.075275439496279), ('S100A9', 6.980199366144781), ('IL1B', 2.822658684291884), ('S100A12', 5.461367431352686), ('FCN1', 8.078429514361677)]",1050
RUNX3,dbcorrdb__BCL11A__ENCSR000BHA_1__m2,0.1426720947446336,3.746537545727558,0.000684,1.0,"gene is annotated for similar motif dbcorrdb__RUNX3__ENCSR000BRI_1__m1 ('RUNX3 (ENCSR000BRI-1, motif 1)'; q-value = 0.000684)","frozenset({'hg38__refseq-r80__500bp_up_and_100bp_down_tss.mc9nr.genes_vs_motifs.rankings', 'activating', 'weight>90.0%'})","[('RUNX3', 1.0), ('ARL4C', 9.543605372824654), ('DUSP1', 3.754650860891072), ('CXCR4', 17.94826753228145), ('CCL4', 7.532410443440303), ('BTG1', 20.91471765839055), ('CNOT2', 8.164733423771606)]",846
RUNX3,dbcorrdb__IKZF1__ENCSR000EUJ_1__m2,0.14445318282753516,3.8097958155824405,0.000552,1.0,gene is annotated for similar motif hocomoco__RUNX3_HUMAN.H11MO.0.A ('RUNX3_HUMAN'; q-value = 0.000552),"frozenset({'hg38__refseq-r80__500bp_up_and_100bp_down_tss.mc9nr.genes_vs_motifs.rankings', 'activating', 'weight>90.0%'})","[('BTG1', 20.91471765839055), ('CD27', 4.936857426283583), ('CCL4', 7.532410443440303), ('CCL5', 14.558459636518611), ('CNOT2', 8.164733423771606)]",589
RUNX3,dbcorrdb__STAT3__ENCSR000DZV_1__m3,0.1389017394522576,3.61262718226852,0.000552,1.0,gene is annotated for similar motif hocomoco__RUNX3_HUMAN.H11MO.0.A ('RUNX3_HUMAN'; q-value = 0.000552),"frozenset({'hg38__refseq-r80__500bp_up_and_100bp_down_tss.mc9nr.genes_vs_motifs.rankings', 'activating', 'weight>90.0%'})","[('IFITM3', 8.501027037321089), ('CCL5', 14.558459636518611), ('CCL4', 7.532410443440303), ('RUNX3', 1.0), ('IFITM2', 10.24070128696414)]",322
RUNX3,dbcorrdb__EP300__ENCSR000DZD_1__m2,0.16975851221317542,4.70855616910506,0.00041,1.0,gene is annotated for similar motif transfac_pro__M08866 ('V$AML_Q4: AML'; q-value = 0.00041),"frozenset({'hg38__refseq-r80__500bp_up_and_100bp_down_tss.mc9nr.genes_vs_motifs.rankings', 'activating', 'weight>90.0%'})","[('RUNX3', 1.0), ('IL18RAP', 9.72676848163027), ('ITGB2', 8.330941450216926), ('KLRB1', 15.90656227314716), ('TBX21', 14.812415285894456), ('NKG7', 17.284351225940124), ('GNLY', 14.386837038281854), ('GZMH', 11.142501120298592), ('CD247', 7.670817219471713), ('SELPLG', 6.917814815958706), ('IFNGR1', 6.648123456102952), ('CNOT2', 8.164733423771606), ('CD27', 4.936857426283583), ('CST7', 11.38729295156492), ('CCL4', 7.532410443440303), ('CXCR4', 17.94826753228145), ('FCGR3A', 16.067981960827332)]",3462
RUNX3,transfac_pro__M01658,0.14364359733530718,3.781042056557494,0.000387,1.0,gene is annotated for similar motif transfac_pro__M08866 ('V$AML_Q4: AML'; q-value = 0.000387),"frozenset({'hg38__refseq-r80__500bp_up_and_100bp_down_tss.mc9nr.genes_vs_motifs.rankings', 'activating', 'weight>90.0%'})","[('SELPLG', 6.917814815958706), ('RUNX3', 1.0), ('ITGB2', 8.330941450216926), ('IL18RAP', 9.72676848163027), ('GNLY', 14.386837038281854), ('TBX21', 14.812415285894456), ('GZMH', 11.142501120298592), ('KLRB1', 15.90656227314716), ('NKG7', 17.284351225940124), ('CST7', 11.38729295156492)]",1230
RUNX3,cisbp__M6458,0.19393042190969653,5.567061259992755,0.000387,1.0,gene is annotated for similar motif transfac_pro__M08866 ('V$AML_Q4: AML'; q-value = 0.000387),"frozenset({'hg38__refseq-r80__500bp_up_and_100bp_down_tss.mc9nr.genes_vs_motifs.rankings', 'activating', 'weight>90.0%'})","[('IL18RAP', 9.72676848163027), ('ITGB2', 8.330941450216926), ('CCL4', 7.532410443440303), ('GNLY', 14.386837038281854), ('DUSP2', 6.95470434715281), ('RUNX3', 1.0), ('GZMH', 11.142501120298592), ('KLRB1', 15.90656227314716), ('CNOT2', 8.164733423771606), ('KLRF1', 15.510739356634836), ('CXCR4', 17.94826753228145), ('SELPLG', 6.917814815958706)]",2676
RUNX3,transfac_pro__M08865,0.1596039970392302,4.347901877335015,0.000355,1.0,gene is annotated for similar motif transfac_pro__M08866 ('V$AML_Q4: AML'; q-value = 0.000355),"frozenset({'hg38__refseq-r80__500bp_up_and_100bp_down_tss.mc9nr.genes_vs_motifs.rankings', 'activating', 'weight>90.0%'})","[('RUNX3', 1.0), ('IFNGR1', 6.648123456102952), ('TBX21', 14.812415285894456), ('CST7', 11.38729295156492), ('ITGAM', 16.92086703861454), ('GZMH', 11.142501120298592), ('SELPLG', 6.917814815958706), ('GNLY', 14.386837038281854), ('CD247', 7.670817219471713), ('CD27', 4.936857426283583)]",1295
RUNX3,dbcorrdb__TBL1XR1__ENCSR000DYZ_1__m2,0.15129996299037748,4.052970463336275,0.000232,1.0,motif similar to hocomoco__RUNX3_HUMAN.H11MO.0.A ('RUNX3_HUMAN'; q-value = 0.000232) which is directly annotated,"frozenset({'hg38__refseq-r80__500bp_up_and_100bp_down_tss.mc9nr.genes_vs_motifs.rankings', 'activating', 'weight>90.0%'})","[('RUNX3', 1.0), ('SELPLG', 6.917814815958706), ('NKG7', 17.284351225940124), ('GZMH', 11.142501120298592), ('IL18RAP', 9.72676848163027), ('GNLY', 14.386837038281854), ('CST7', 11.38729295156492), ('KLRB1', 15.90656227314716), ('ITGB2', 8.330941450216926)]",1157
RUNX3,cisbp__M6457,0.13471502590673576,3.463929171310939,0.000107,1.0,"gene is annotated for similar motif dbcorrdb__RUNX3__ENCSR000BRI_1__m1 ('RUNX3 (ENCSR000BRI-1, motif 1)'; q-value = 0.000107)","frozenset({'hg38__refseq-r80__500bp_up_and_100bp_down_tss.mc9nr.genes_vs_motifs.rankings', 'activating', 'weight>90.0%'})","[('DUSP1', 3.754650860891072), ('BTG1', 20.91471765839055), ('CXCR4', 17.94826753228145), ('RUNX3', 1.0), ('ARL4C', 9.543605372824654), ('FYN', 7.761294264397453), ('LIPA', 3.649547075315748), ('CNOT2', 8.164733423771606)]",1396
RUNX3,transfac_pro__M07242,0.15766099185788304,4.278892855675142,0.0001,1.0,gene is annotated for similar motif transfac_pro__M08866 ('V$AML_Q4: AML'; q-value = 9.99e-05),"frozenset({'hg38__refseq-r80__500bp_up_and_100bp_down_tss.mc9nr.genes_vs_motifs.rankings', 'activating', 'weight>90.0%'})","[('LAMP1', 6.0523169010772015), ('RUNX3', 1.0), ('DUSP2', 6.95470434715281), ('CNOT2', 8.164733423771606)]",279
RUNX3,transfac_pro__M07276,0.19217246484085862,5.504624526110013,0.0001,1.0,gene is annotated for similar motif transfac_pro__M08866 ('V$AML_Q4: AML'; q-value = 9.99e-05),"frozenset({'hg38__refseq-r80__500bp_up_and_100bp_down_tss.mc9nr.genes_vs_motifs.rankings', 'activating', 'weight>90.0%'})","[('SELPLG', 6.917814815958706), ('RUNX3', 1.0), ('IL18RAP', 9.72676848163027), ('GZMH', 11.142501120298592), ('KLRB1', 15.90656227314716), ('GNLY', 14.386837038281854), ('CD27', 4.936857426283583), ('NKG7', 17.284351225940124), ('KLRF1', 15.510739356634836), ('CST7', 11.38729295156492), ('DUSP2', 6.95470434715281)]",1512
RUNX3,dbcorrdb__CEBPB__ENCSR000BRX_1__m2,0.16665895632864544,4.598470348838122,8.3e-05,1.0,"gene is annotated for similar motif dbcorrdb__RUNX3__ENCSR000BRI_1__m1 ('RUNX3 (ENCSR000BRI-1, motif 1)'; q-value = 8.27e-05)","frozenset({'hg38__refseq-r80__500bp_up_and_100bp_down_tss.mc9nr.genes_vs_motifs.rankings', 'activating', 'weight>90.0%'})","[('LAMP1', 6.0523169010772015), ('DUSP1', 3.754650860891072), ('RUNX3', 1.0), ('FYN', 7.761294264397453)]",320
RUNX3,factorbook__RUNX1,0.155509807549963,4.202490010265998,7e-05,1.0,gene is annotated for similar motif hocomoco__RUNX3_HUMAN.H11MO.0.A ('RUNX3_HUMAN'; q-value = 6.99e-05),"frozenset({'hg38__refseq-r80__500bp_up_and_100bp_down_tss.mc9nr.genes_vs_motifs.rankings', 'activating', 'weight>90.0%'})","[('CCL5', 14.558459636518611), ('GZMH', 11.142501120298592), ('CXCR4', 17.94826753228145), ('IL18RAP', 9.72676848163027), ('CCL4', 7.532410443440303), ('CD247', 7.670817219471713)]",843
RUNX3,dbcorrdb__NFIC__ENCSR000BRN_1__m2,0.14072908956328645,3.6775285240676854,6.9e-05,1.0,"gene is annotated for similar motif dbcorrdb__RUNX3__ENCSR000BRI_1__m1 ('RUNX3 (ENCSR000BRI-1, motif 1)'; q-value = 6.94e-05)","frozenset({'hg38__refseq-r80__500bp_up_and_100bp_down_tss.mc9nr.genes_vs_motifs.rankings', 'activating', 'weight>90.0%'})","[('IFITM2', 10.24070128696414), ('IFITM3', 8.501027037321089), ('GZMH', 11.142501120298592), ('FCGR3A', 16.067981960827332), ('ITGAM', 16.92086703861454), ('BTG1', 20.91471765839055), ('IL18RAP', 9.72676848163027)]",1213
RUNX3,hocomoco__RUNX2_MOUSE.H11MO.0.A,0.19446243523316062,5.585956587352006,6.4e-05,1.0,gene is annotated for similar motif hocomoco__RUNX3_HUMAN.H11MO.0.A ('RUNX3_HUMAN'; q-value = 6.41e-05),"frozenset({'hg38__refseq-r80__500bp_up_and_100bp_down_tss.mc9nr.genes_vs_motifs.rankings', 'activating', 'weight>90.0%'})","[('NKG7', 17.284351225940124), ('ITGB2', 8.330941450216926), ('SELPLG', 6.917814815958706), ('IFITM3', 8.501027037321089), ('RUNX3', 1.0), ('IFITM2', 10.24070128696414), ('CST7', 11.38729295156492), ('CXCR4', 17.94826753228145), ('GZMH', 11.142501120298592), ('IFNGR1', 6.648123456102952), ('GNLY', 14.386837038281854), ('BTG1', 20.91471765839055), ('CNOT2', 8.164733423771606)]",3000
RUNX3,dbcorrdb__STAT5A__ENCSR000BQZ_1__m2,0.1401276831976314,3.6561685887920112,3.1e-05,1.0,gene is annotated for similar motif hocomoco__RUNX3_HUMAN.H11MO.0.A ('RUNX3_HUMAN'; q-value = 3.1e-05),"frozenset({'hg38__refseq-r80__500bp_up_and_100bp_down_tss.mc9nr.genes_vs_motifs.rankings', 'activating', 'weight>90.0%'})","[('IFITM3', 8.501027037321089), ('CCL5', 14.558459636518611), ('CCL4', 7.532410443440303), ('IFITM2', 10.24070128696414)]",274
RUNX3,dbcorrdb__MTA3__ENCSR000BRH_1__m2,0.1533817542561066,4.126908700828995,2.7e-05,1.0,"motif similar to dbcorrdb__RUNX3__ENCSR000BRI_1__m1 ('RUNX3 (ENCSR000BRI-1, motif 1)'; q-value = 2.67e-05) which is directly annotated","frozenset({'hg38__refseq-r80__500bp_up_and_100bp_down_tss.mc9nr.genes_vs_motifs.rankings', 'activating', 'weight>90.0%'})","[('CCL4', 7.532410443440303), ('CXCR4', 17.94826753228145), ('GNLY', 14.386837038281854), ('RUNX3', 1.0), ('CD27', 4.936857426283583), ('ITGAM', 16.92086703861454), ('ITGB2', 8.330941450216926), ('FCGR3A', 16.067981960827332), ('ARL4C', 9.543605372824654)]",1192
RUNX3,hocomoco__PEBB_HUMAN.H11MO.0.C,0.13411361954108067,3.4425692360352635,1e-05,1.0,"motif similar to dbcorrdb__RUNX3__ENCSR000BRI_1__m1 ('RUNX3 (ENCSR000BRI-1, motif 1)'; q-value = 1.02e-05) which is directly annotated","frozenset({'hg38__refseq-r80__500bp_up_and_100bp_down_tss.mc9nr.genes_vs_motifs.rankings', 'activating', 'weight>90.0%'})","[('CCL4', 7.532410443440303), ('GZMH', 11.142501120298592), ('FYN', 7.761294264397453), ('CXCR4', 17.94826753228145)]",115
RUNX3,hocomoco__RUNX1_MOUSE.H11MO.0.A,0.15932642487046633,4.338043445669319,4e-06,1.0,motif similar to hocomoco__RUNX3_HUMAN.H11MO.0.A ('RUNX3_HUMAN'; q-value = 4.31e-06) which is directly annotated,"frozenset({'hg38__refseq-r80__500bp_up_and_100bp_down_tss.mc9nr.genes_vs_motifs.rankings', 'activating', 'weight>90.0%'})","[('CXCR4', 17.94826753228145), ('CST7', 11.38729295156492), ('RUNX3', 1.0), ('DUSP1', 3.754650860891072), ('SELPLG', 6.917814815958706), ('CD247', 7.670817219471713), ('CD27', 4.936857426283583), ('GNLY', 14.386837038281854), ('CNOT2', 8.164733423771606), ('GZMH', 11.142501120298592), ('NKG7', 17.284351225940124), ('IL18RAP', 9.72676848163027)]",1514
RUNX3,hocomoco__RUNX2_HUMAN.H11MO.0.A,0.17658216136195412,4.950909280886755,3e-06,1.0,"gene is annotated for similar motif dbcorrdb__RUNX3__ENCSR000BRI_1__m1 ('RUNX3 (ENCSR000BRI-1, motif 1)'; q-value = 2.93e-06)","frozenset({'hg38__refseq-r80__500bp_up_and_100bp_down_tss.mc9nr.genes_vs_motifs.rankings', 'activating', 'weight>90.0%'})","[('CXCR4', 17.94826753228145), ('CST7', 11.38729295156492), ('DUSP1', 3.754650860891072), ('RUNX3', 1.0), ('SELPLG', 6.917814815958706), ('CD247', 7.670817219471713), ('CNOT2', 8.164733423771606), ('CD27', 4.936857426283583), ('GZMH', 11.142501120298592), ('IFNGR1', 6.648123456102952), ('IL18RAP', 9.72676848163027), ('FCGR3A', 16.067981960827332), ('GNLY', 14.386837038281854)]",1974
RUNX3,transfac_pro__M07124,0.17787749814951886,4.996915295326668,1e-06,1.0,gene is annotated for similar motif hocomoco__RUNX3_HUMAN.H11MO.0.A ('RUNX3_HUMAN'; q-value = 7.6e-07),"frozenset({'hg38__refseq-r80__500bp_up_and_100bp_down_tss.mc9nr.genes_vs_motifs.rankings', 'activating', 'weight>90.0%'})","[('CCL4', 7.532410443440303), ('FYN', 7.761294264397453), ('CXCR4', 17.94826753228145), ('GZMH', 11.142501120298592)]",171
RUNX3,cisbp__M1837,0.18368338267949666,5.203120824334143,1e-06,1.0,gene is annotated for similar motif hocomoco__RUNX3_HUMAN.H11MO.0.A ('RUNX3_HUMAN'; q-value = 1.29e-06),"frozenset({'hg38__refseq-r80__500bp_up_and_100bp_down_tss.mc9nr.genes_vs_motifs.rankings', 'activating', 'weight>90.0%'})","[('RUNX3', 1.0), ('IL18RAP', 9.72676848163027), ('SELPLG', 6.917814815958706), ('GZMH', 11.142501120298592), ('NKG7', 17.284351225940124), ('GNLY', 14.386837038281854), ('CCL4', 7.532410443440303), ('TBX21', 14.812415285894456), ('IFNGR1', 6.648123456102952), ('CNOT2', 8.164733423771606), ('CST7', 11.38729295156492), ('KLRB1', 15.90656227314716), ('FCGR3A', 16.067981960827332), ('CD27', 4.936857426283583)]",2937
RUNX3,jaspar__MA0002.2,0.17921909696521096,5.044564381710867,1e-06,1.0,gene is annotated for similar motif hocomoco__RUNX3_HUMAN.H11MO.0.A ('RUNX3_HUMAN'; q-value = 1.29e-06),"frozenset({'hg38__refseq-r80__500bp_up_and_100bp_down_tss.mc9nr.genes_vs_motifs.rankings', 'activating', 'weight>90.0%'})","[('KLRB1', 15.90656227314716), ('IL18RAP', 9.72676848163027), ('CCL4', 7.532410443440303), ('NKG7', 17.284351225940124), ('CD247', 7.670817219471713), ('DUSP1', 3.754650860891072), ('GZMH', 11.142501120298592), ('FYN', 7.761294264397453), ('RUNX3', 1.0), ('CD27', 4.936857426283583), ('CST7', 11.38729295156492), ('CXCR4', 17.94826753228145), ('SELPLG', 6.917814815958706)]",2689
RUNX3,cisbp__M2310,0.17288119911176905,4.8194635253441405,1e-06,1.0,gene is annotated for similar motif hocomoco__RUNX3_HUMAN.H11MO.0.A ('RUNX3_HUMAN'; q-value = 7.6e-07),"frozenset({'hg38__refseq-r80__500bp_up_and_100bp_down_tss.mc9nr.genes_vs_motifs.rankings', 'activating', 'weight>90.0%'})","[('IL18RAP', 9.72676848163027), ('GNLY', 14.386837038281854), ('CXCR4', 17.94826753228145), ('NKG7', 17.284351225940124), ('GZMH', 11.142501120298592), ('KLRB1', 15.90656227314716), ('SELPLG', 6.917814815958706), ('FYN', 7.761294264397453), ('CD247', 7.670817219471713), ('FCGR3A', 16.067981960827332), ('CST7', 11.38729295156492)]",1225
RUNX3,hocomoco__RUNX3_MOUSE.H11MO.0.A,0.18282753515914138,5.172723993364914,0.0,0.92435,motif is annotated for orthologous gene ENSMUSG00000070691 in M. musculus (identity = 92%),"frozenset({'hg38__refseq-r80__500bp_up_and_100bp_down_tss.mc9nr.genes_vs_motifs.rankings', 'activating', 'weight>90.0%'})","[('CCL4', 7.532410443440303), ('NKG7', 17.284351225940124), ('SELPLG', 6.917814815958706), ('GZMH', 11.142501120298592), ('CD247', 7.670817219471713), ('FYN', 7.761294264397453), ('RUNX3', 1.0), ('CXCR4', 17.94826753228145), ('GNLY', 14.386837038281854), ('CD27', 4.936857426283583), ('DUSP2', 6.95470434715281), ('IL2RB', 15.587399841423366), ('FCGR3A', 16.067981960827332)]",2579
RUNX3,transfac_pro__M00984,0.14345854922279794,3.774469768780363,0.0,1.0,gene is directly annotated,"frozenset({'hg38__refseq-r80__500bp_up_and_100bp_down_tss.mc9nr.genes_vs_motifs.rankings', 'activating', 'weight>90.0%'})","[('NKG7', 17.284351225940124), ('RUNX3', 1.0), ('ITGAM', 16.92086703861454), ('TBX21', 14.812415285894456), ('SELPLG', 6.917814815958706)]",403
RUNX3,transfac_pro__M07372,0.16365192450037008,4.491670672459747,0.0,1.0,gene is directly annotated,"frozenset({'hg38__refseq-r80__500bp_up_and_100bp_down_tss.mc9nr.genes_vs_motifs.rankings', 'activating', 'weight>90.0%'})","[('NKG7', 17.284351225940124), ('RUNX3', 1.0), ('FYN', 7.761294264397453), ('IFITM2', 10.24070128696414), ('CD247', 7.670817219471713), ('IFITM3', 8.501027037321089), ('IFNGR1', 6.648123456102952), ('GZMH', 11.142501120298592), ('FCGR3A', 16.067981960827332), ('ITGAM', 16.92086703861454), ('GNLY', 14.386837038281854), ('SELPLG', 6.917814815958706), ('HLA-A', 19.34919455565949), ('CCL5', 14.558459636518611), ('ITGB2', 8.330941450216926), ('KLRB1', 15.90656227314716)]",4258
RUNX3,transfac_pro__M01854,0.14975018504811252,3.9979275532028065,0.0,1.0,gene is directly annotated,"frozenset({'hg38__refseq-r80__500bp_up_and_100bp_down_tss.mc9nr.genes_vs_motifs.rankings', 'activating', 'weight>90.0%'})","[('BTG1', 20.91471765839055), ('CCL4', 7.532410443440303), ('GZMH', 11.142501120298592), ('CXCR4', 17.94826753228145), ('FYN', 7.761294264397453), ('RUNX3', 1.0)]",882
RUNX3,transfac_pro__M01759,0.12425980754996299,3.092594911903056,0.0,1.0,gene is directly annotated,"frozenset({'hg38__refseq-r80__500bp_up_and_100bp_down_tss.mc9nr.genes_vs_motifs.rankings', 'activating', 'weight>90.0%'})","[('FYN', 7.761294264397453), ('DUSP2', 6.95470434715281), ('IFITM3', 8.501027037321089), ('CD247', 7.670817219471713), ('CCL4', 7.532410443440303), ('CNOT2', 8.164733423771606), ('IFITM2', 10.24070128696414)]",924
RUNX3,dbcorrdb__FOXM1__ENCSR000BRU_1__m2,0.16978164322723907,4.709377705077202,0.0,1.0,"gene is annotated for similar motif dbcorrdb__RUNX3__ENCSR000BRI_1__m1 ('RUNX3 (ENCSR000BRI-1, motif 1)'; q-value = 7.82e-10)","frozenset({'hg38__refseq-r80__500bp_up_and_100bp_down_tss.mc9nr.genes_vs_motifs.rankings', 'activating', 'weight>90.0%'})","[('FYN', 7.761294264397453), ('LAP3', 4.532596436083233), ('DUSP1', 3.754650860891072), ('CXCR4', 17.94826753228145), ('CCL5', 14.558459636518611), ('IL2RB', 15.587399841423366)]",538
RUNX3,transfac_pro__M00769,0.14505458919319023,3.831155750858115,0.0,1.0,gene is directly annotated,"frozenset({'hg38__refseq-r80__500bp_up_and_100bp_down_tss.mc9nr.genes_vs_motifs.rankings', 'activating', 'weight>90.0%'})","[('RUNX3', 1.0), ('IL18RAP', 9.72676848163027), ('SELPLG', 6.917814815958706), ('NKG7', 17.284351225940124), ('KLRB1', 15.90656227314716), ('TBX21', 14.812415285894456), ('CNOT2', 8.164733423771606), ('GZMH', 11.142501120298592), ('CXCR4', 17.94826753228145), ('CD247', 7.670817219471713), ('IFNGR1', 6.648123456102952), ('GNLY', 14.386837038281854), ('CST7', 11.38729295156492), ('FCGR3A', 16.067981960827332)]",2153
RUNX3,homer__NWAACCACADNN_RUNX2,0.1367736861584012,3.5370458728315177,0.0,1.0,"gene is annotated for similar motif dbcorrdb__RUNX3__ENCSR000BRI_1__m1 ('RUNX3 (ENCSR000BRI-1, motif 1)'; q-value = 4.74e-07)","frozenset({'hg38__refseq-r80__500bp_up_and_100bp_down_tss.mc9nr.genes_vs_motifs.rankings', 'activating', 'weight>90.0%'})","[('CCL4', 7.532410443440303), ('FYN', 7.761294264397453), ('CD247', 7.670817219471713), ('IFITM3', 8.501027037321089), ('CCL5', 14.558459636518611)]",507
RUNX3,dbcorrdb__RUNX3__ENCSR000BRI_1__m1,0.15324296817172464,4.121979484996147,0.0,1.0,gene is directly annotated,"frozenset({'hg38__refseq-r80__500bp_up_and_100bp_down_tss.mc9nr.genes_vs_motifs.rankings', 'activating', 'weight>90.0%'})","[('RUNX3', 1.0), ('IL18RAP', 9.72676848163027), ('CD27', 4.936857426283583), ('SELPLG', 6.917814815958706), ('CST7', 11.38729295156492), ('KLRB1', 15.90656227314716), ('GNLY', 14.386837038281854), ('CXCR4', 17.94826753228145), ('CCL4', 7.532410443440303), ('GZMH', 11.142501120298592), ('NKG7', 17.284351225940124)]",1690
RUNX3,transfac_pro__M08866,0.13818467801628423,3.587159567132139,0.0,1.0,gene is directly annotated,"frozenset({'hg38__refseq-r80__500bp_up_and_100bp_down_tss.mc9nr.genes_vs_motifs.rankings', 'activating', 'weight>90.0%'})","[('CD247', 7.670817219471713), ('FCGR3A', 16.067981960827332), ('CNOT2', 8.164733423771606), ('CST7', 11.38729295156492), ('IL2RB', 15.587399841423366), ('ITGB2', 8.330941450216926), ('CCL4', 7.532410443440303), ('DUSP2', 6.95470434715281), ('LAMP1', 6.0523169010772015), ('CD27', 4.936857426283583)]",1440
RUNX3,hocomoco__RUNX1_HUMAN.H11MO.0.A,0.16011287934863064,4.365975668722124,0.0,1.0,gene is annotated for similar motif hocomoco__RUNX3_HUMAN.H11MO.0.A ('RUNX3_HUMAN'; q-value = 4e-08),"frozenset({'hg38__refseq-r80__500bp_up_and_100bp_down_tss.mc9nr.genes_vs_motifs.rankings', 'activating', 'weight>90.0%'})","[('CCL4', 7.532410443440303), ('NKG7', 17.284351225940124), ('DUSP2', 6.95470434715281), ('CD247', 7.670817219471713), ('CD27', 4.936857426283583), ('BTG1', 20.91471765839055), ('SELPLG', 6.917814815958706), ('FYN', 7.761294264397453), ('ITGAM', 16.92086703861454), ('GZMH', 11.142501120298592), ('FCGR3A', 16.067981960827332), ('CXCR4', 17.94826753228145), ('CNOT2', 8.164733423771606)]",2015
RUNX3,homer__AAACCACAAA_RUNX1,0.1702442635085122,4.725808424520029,0.0,1.0,gene is annotated for similar motif hocomoco__RUNX3_HUMAN.H11MO.0.A ('RUNX3_HUMAN'; q-value = 6.16e-08),"frozenset({'hg38__refseq-r80__500bp_up_and_100bp_down_tss.mc9nr.genes_vs_motifs.rankings', 'activating', 'weight>90.0%'})","[('CCL5', 14.558459636518611), ('CCL4', 7.532410443440303), ('TBX21', 14.812415285894456), ('HLA-A', 19.34919455565949), ('IL18RAP', 9.72676848163027)]",557
RUNX3,hocomoco__RUNX3_HUMAN.H11MO.0.A,0.14491580310880828,3.826226535025267,0.0,1.0,gene is directly annotated,"frozenset({'hg38__refseq-r80__500bp_up_and_100bp_down_tss.mc9nr.genes_vs_motifs.rankings', 'activating', 'weight>90.0%'})","[('RUNX3', 1.0), ('KLRF1', 15.510739356634836), ('GZMH', 11.142501120298592), ('CD27', 4.936857426283583), ('CNOT2', 8.164733423771606), ('IL2RB', 15.587399841423366), ('ITGAM', 16.92086703861454), ('CST7', 11.38729295156492), ('SELPLG', 6.917814815958706), ('NKG7', 17.284351225940124)]",1548
BCL6,taipale_cyt_meth__BCL6B_RYGTAATCTAGGAATW_eDBD_meth,0.11545196873138236,3.063686887680684,0.0,1.0,"gene is annotated for similar motif taipale_cyt_meth__BCL6_NYGTAATCTAGGAATN_eDBD_meth ('BCL6 [BTB/POZ_Znf_C2H2, CpG-meth]'; q-value = 4.24e-10)","frozenset({'hg38__refseq-r80__500bp_up_and_100bp_down_tss.mc9nr.genes_vs_motifs.rankings', 'activating', 'top50'})","[('TRIB2', 0.0782713272944075), ('RORA', 0.0509527297337692), ('IL1B', 0.0145613367543412), ('HLA-DRA', 0.0072853018095639), ('SNCA', 0.4578429347522166), ('CD63', 0.0162633185805781), ('NAMPT', 0.0602461746444766), ('ITGA4', 0.046020814931689), ('BCL2A1', 0.1546369130286334), ('FCER1G', 0.0238898763232076), ('VPS28', 0.0581114030902842), ('HLA-DPA1', 0.0056962178811101), ('BCL6', 1.0)]",2261
EGR1,dbcorrdb__EZH2__ENCSR000ARD_1__m6,0.12157283342648681,3.2381752974687967,1.2e-05,1.0,"motif similar to dbcorrdb__EGR1__ENCSR000BJA_1__m1 ('EGR1 (ENCSR000BJA-1, motif 1)'; q-value = 1.22e-05) which is directly annotated","frozenset({'hg38__refseq-r80__500bp_up_and_100bp_down_tss.mc9nr.genes_vs_motifs.rankings', 'activating', 'top50'})","[('FOSB', 18.90606244903381), ('S100A9', 0.8956803587021809), ('CCL3', 2.17878812734854), ('JUN', 5.808435732629597), ('FAM65B', 0.6576671187253511), ('IL1B', 1.881580420838589), ('GAPDH', 0.8306613012347563), ('S100A12', 3.361553386438753), ('CXCL2', 3.8430154438589743)]",1028
EGR1,dbcorrdb__ESRRA__ENCSR000DYQ_1__m5,0.11894439493043701,3.1322522734522718,1e-06,1.0,"motif similar to dbcorrdb__EGR1__ENCSR000BRG_1__m1 ('EGR1 (ENCSR000BRG-1, motif 1)'; q-value = 1.5e-06) which is directly annotated","frozenset({'hg38__refseq-r80__500bp_up_and_100bp_down_tss.mc9nr.genes_vs_motifs.rankings', 'activating', 'top50'})","[('CXCL2', 3.8430154438589743), ('CD69', 1.3979563929987362), ('FAM65B', 0.6576671187253511), ('CD74', 0.5860108001437504), ('ADA', 0.5014217930049338), ('CASP5', 0.8807766310946458), ('IL23R', 1.2314048189956697), ('S100A9', 0.8956803587021809), ('CXCL8', 0.590489266234784), ('IL1B', 1.881580420838589), ('HLA-A', 2.7897656279112915), ('EGR3', 8.730324747826867), ('EGR1', 1.0), ('CBLB', 1.2950753777777932), ('IL18', 0.776319419496825), ('TRAT1', 0.7263520244398419), ('TNF', 8.823503964494856)]",1750
EGR1,dbcorrdb__SMARCA4__ENCSR000EZC_1__m10,0.1167993474221665,3.0458093458066022,1e-06,1.0,"motif similar to dbcorrdb__EGR1__ENCSR000BRG_1__m1 ('EGR1 (ENCSR000BRG-1, motif 1)'; q-value = 6.34e-07) which is directly annotated","frozenset({'hg38__refseq-r80__500bp_up_and_100bp_down_tss.mc9nr.genes_vs_motifs.rankings', 'activating', 'top50'})","[('CXCL2', 3.8430154438589743), ('CD74', 0.5860108001437504), ('CD69', 1.3979563929987362), ('HLA-A', 2.7897656279112915), ('S100A9', 0.8956803587021809), ('FAM65B', 0.6576671187253511), ('CASP5', 0.8807766310946458), ('IL23R', 1.2314048189956697)]",394
EGR1,dbcorrdb__BRF1__ENCSR000DOJ_1__m2,0.12743394915331047,3.4743714659654144,0.0,1.0,"motif similar to dbcorrdb__EGR1__ENCSR000BJA_1__m1 ('EGR1 (ENCSR000BJA-1, motif 1)'; q-value = 1.94e-07) which is directly annotated","frozenset({'hg38__refseq-r80__500bp_up_and_100bp_down_tss.mc9nr.genes_vs_motifs.rankings', 'activating', 'top50'})","[('EGR1', 1.0), ('FOSB', 18.90606244903381), ('EGR3', 8.730324747826867), ('MYC', 2.9881827857725174), ('CBLB', 1.2950753777777932), ('GAPDH', 0.8306613012347563), ('LEF1', 1.0975754021831252), ('TNF', 8.823503964494856), ('S100A9', 0.8956803587021809), ('FTH1', 1.521930067999667), ('DUSP1', 2.1073129301721534), ('CCL3', 2.17878812734854), ('JUNB', 2.173308663675324)]",1121
FOSB,transfac_pro__M00916,0.12344929681717247,3.066171402537014,0.000881,1.0,motif similar to taipale_cyt_meth__FOSB_NRTGACGTCAYN_eDBD ('FOSB [bZIP]'; q-value = 0.000881) which is directly annotated,"frozenset({'hg38__refseq-r80__500bp_up_and_100bp_down_tss.mc9nr.genes_vs_motifs.rankings', 'activating', 'top50'})","[('AQP9', 5.403789888920939), ('FOSB', 1.0), ('S100A9', 11.461342559543429), ('TNFSF13B', 4.825174314420416), ('BTG1', 31.793865306776624), ('CD63', 6.0767644802776), ('JUN', 4.887521420388917), ('GAPDH', 5.4259366538276375), ('CLEC4E', 11.441883047908911), ('S100A12', 9.945981249902886), ('FCN1', 10.067653977871482)]",1050
FOSB,cisbp__M0269,0.12267949666913397,3.0360459798666004,0.000456,1.0,gene is annotated for similar motif transfac_pro__M08937 ('V$JUNFOSB_02: C-JUN:FOSB'; q-value = 0.000456),"frozenset({'hg38__refseq-r80__500bp_up_and_100bp_down_tss.mc9nr.genes_vs_motifs.rankings', 'activating', 'top50'})","[('AQP9', 5.403789888920939), ('FOSB', 1.0), ('TNFSF13B', 4.825174314420416), ('S100A9', 11.461342559543429), ('BTG1', 31.793865306776624), ('CD63', 6.0767644802776), ('JUN', 4.887521420388917)]",492
FOSB,dbcorrdb__JUN__ENCSR000EGH_1__m1,0.1290895632864545,3.2868980571029267,0.000142,1.0,gene is annotated for similar motif hocomoco__FOSB_HUMAN.H11MO.0.A ('FOSB_HUMAN'; q-value = 0.000142),"frozenset({'hg38__refseq-r80__500bp_up_and_100bp_down_tss.mc9nr.genes_vs_motifs.rankings', 'activating', 'top50'})","[('CD86', 3.229040663884038), ('CD69', 9.004603954855249), ('IER3', 10.222137171542794), ('CD74', 3.4585979116769776), ('IL23R', 10.513994671780292), ('S100A9', 11.461342559543429), ('RGS1', 27.632088686800262), ('CD63', 6.0767644802776), ('CXCL8', 4.796728889972895), ('HLA-A', 30.27134725382337), ('EGR3', 7.797866617347223), ('CCL2', 5.6957685359424), ('XBP1', 3.121712743986308), ('EGR1', 10.462417157673617), ('IL18', 7.555072051771537)]",1567
FOXO1,cisbp__M4712,0.17403774981495188,3.734374841948792,0.00091,0.926718,gene is orthologous to ENSMUSG00000044167 in M. musculus (identity = 92%) which is annotated for similar motif jaspar__MA0480.1 ('Foxo1'; q-value = 0.00091),"frozenset({'hg38__refseq-r80__500bp_up_and_100bp_down_tss.mc9nr.genes_vs_motifs.rankings', 'activating', 'top50'})","[('EGR1', 0.3206268811826425), ('SELL', 0.8169172396958736), ('TRIB2', 0.8114243000447136), ('CNOT2', 0.3714733171727705), ('BCL2', 0.4747080303950965)]",223
FOXO1,cisbp__M5199,0.15025906735751296,3.0392036396999593,0.000829,1.0,"gene is annotated for similar motif cisbp__M5462 ('FOXO1[gene ID: ""ENSG00000150907"" species: ""Homo sapiens"" TF status: ""direct"" TF family: ""Forkhead"" DBDs: ""Fork_head""]'; q-value = 0.000829)","frozenset({'hg38__refseq-r80__500bp_up_and_100bp_down_tss.mc9nr.genes_vs_motifs.rankings', 'activating', 'top50'})","[('BCL2', 0.4747080303950965), ('EGR1', 0.3206268811826425), ('CNOT2', 0.3714733171727705), ('TRIB2', 0.8114243000447136), ('MYC', 0.4215774001590802), ('SELL', 0.8169172396958736)]",305
FOXO1,cisbp__M5456,0.1664739082161362,3.513245480922169,0.000724,1.0,gene is annotated for similar motif taipale__FOXO1_DBD_GTAAACAA ('FOXO1 monomeric forkhead DBD'; q-value = 0.000724),"frozenset({'hg38__refseq-r80__500bp_up_and_100bp_down_tss.mc9nr.genes_vs_motifs.rankings', 'activating', 'top50'})","[('EGR1', 0.3206268811826425), ('TRIB2', 0.8114243000447136), ('BCL2', 0.4747080303950965), ('SELL', 0.8169172396958736), ('MYC', 0.4215774001590802), ('CNOT2', 0.3714733171727705)]",298
FOXO1,taipale__FOXJ3_DBD_RTAAACAA,0.16726036269430053,3.536237524576314,0.000724,1.0,gene is annotated for similar motif taipale__FOXO1_DBD_GTAAACAA ('FOXO1 monomeric forkhead DBD'; q-value = 0.000724),"frozenset({'hg38__refseq-r80__500bp_up_and_100bp_down_tss.mc9nr.genes_vs_motifs.rankings', 'activating', 'top50'})","[('EGR1', 0.3206268811826425), ('SELL', 0.8169172396958736), ('TRIB2', 0.8114243000447136), ('MYC', 0.4215774001590802), ('BCL2', 0.4747080303950965), ('CNOT2', 0.3714733171727705), ('IRF8', 0.0796507042986346), ('DUSP2', 0.165047564365838), ('BCL11B', 0.7284584121785607)]",1124
FOXO1,cisbp__M0729,0.15712897853441896,3.2400459033846905,0.000575,1.0,gene is annotated for similar motif taipale__FOXO1_DBD_GTAAACAA ('FOXO1 monomeric forkhead DBD'; q-value = 0.000575),"frozenset({'hg38__refseq-r80__500bp_up_and_100bp_down_tss.mc9nr.genes_vs_motifs.rankings', 'activating', 'top50'})","[('MYC', 0.4215774001590802), ('FOXO1', 1.0), ('TRIB2', 0.8114243000447136), ('BTG1', 2.2545378433637118)]",123
FOXO1,jaspar__MA0851.1,0.15030532938564026,3.040556112856085,0.000572,1.0,gene is annotated for similar motif taipale__FOXO1_DBD_GTAAACAA ('FOXO1 monomeric forkhead DBD'; q-value = 0.000572),"frozenset({'hg38__refseq-r80__500bp_up_and_100bp_down_tss.mc9nr.genes_vs_motifs.rankings', 'activating', 'top50'})","[('EGR1', 0.3206268811826425), ('TRIB2', 0.8114243000447136), ('SELL', 0.8169172396958736), ('BCL2', 0.4747080303950965), ('IRF8', 0.0796507042986346), ('CNOT2', 0.3714733171727705), ('DUSP2', 0.165047564365838), ('MYC', 0.4215774001590802), ('BTG1', 2.2545378433637118)]",1361
FOXO1,transfac_pro__M04653,0.15000462620281274,3.0317650373412657,0.000572,1.0,gene is annotated for similar motif taipale__FOXO1_DBD_GTAAACAA ('FOXO1 monomeric forkhead DBD'; q-value = 0.000572),"frozenset({'hg38__refseq-r80__500bp_up_and_100bp_down_tss.mc9nr.genes_vs_motifs.rankings', 'activating', 'top50'})","[('PIK3IP1', 0.9524540717705616), ('TRIB2', 0.8114243000447136), ('TRAT1', 0.9370351113457042), ('BTG1', 2.2545378433637118), ('MYC', 0.4215774001590802), ('FOXO1', 1.0), ('SELL', 0.8169172396958736)]",764
FOXO1,hocomoco__FOXO3_HUMAN.H11MO.0.B,0.15807735011102886,3.2677716030852757,0.000547,1.0,motif similar to hocomoco__FOXO1_HUMAN.H11MO.0.A ('FOXO1_HUMAN'; q-value = 0.000547) which is directly annotated,"frozenset({'hg38__refseq-r80__500bp_up_and_100bp_down_tss.mc9nr.genes_vs_motifs.rankings', 'activating', 'top50'})","[('SELL', 0.8169172396958736), ('BTG1', 2.2545378433637118), ('TRIB2', 0.8114243000447136), ('MYC', 0.4215774001590802), ('CD6', 0.9923454476338772), ('BCL2', 0.4747080303950965), ('CD247', 0.4865688829055764)]",496
FOXO1,cisbp__M0746,0.15793856402664694,3.263714183616898,0.000508,1.0,"motif similar to swissregulon__hs__FOXO1_3_4.p2 ('hs__FOXO1,3,4.p2'; q-value = 0.000508) which is directly annotated","frozenset({'hg38__refseq-r80__500bp_up_and_100bp_down_tss.mc9nr.genes_vs_motifs.rankings', 'activating', 'top50'})","[('SELL', 0.8169172396958736), ('TRIB2', 0.8114243000447136), ('CCL3', 0.1060488892071591), ('CD247', 0.4865688829055764), ('FAM65B', 0.3860277714010084), ('DOCK8', 0.8678510305542605), ('BTG1', 2.2545378433637118), ('TRAT1', 0.9370351113457042), ('HAVCR2', 0.0358267257566751), ('BCL11B', 0.7284584121785607), ('TNFSF8', 0.3382812613595588), ('IL23R', 0.7692610575404886), ('LY86', 0.0683069568678884), ('BCL2', 0.4747080303950965)]",2297
FOXO1,transfac_public__M00477,0.15527849740932642,3.1859469771396447,0.000348,1.0,"gene is annotated for similar motif swissregulon__hs__FOXO1_3_4.p2 ('hs__FOXO1,3,4.p2'; q-value = 0.000348)","frozenset({'hg38__refseq-r80__500bp_up_and_100bp_down_tss.mc9nr.genes_vs_motifs.rankings', 'activating', 'top50'})","[('TRIB2', 0.8114243000447136), ('SELL', 0.8169172396958736), ('BTG1', 2.2545378433637118), ('MYC', 0.4215774001590802), ('FOXO1', 1.0), ('EGR1', 0.3206268811826425), ('FAM65B', 0.3860277714010084), ('CCL3', 0.1060488892071591), ('IL23R', 0.7692610575404886)]",1000
FOXO1,swissregulon__sacCer__FKH1,0.15509344929681718,3.1805370845151404,0.000293,1.0,gene is annotated for similar motif taipale__FOXO1_DBD_GTAAACAA ('FOXO1 monomeric forkhead DBD'; q-value = 0.000293),"frozenset({'hg38__refseq-r80__500bp_up_and_100bp_down_tss.mc9nr.genes_vs_motifs.rankings', 'activating', 'top50'})","[('BTG1', 2.2545378433637118), ('FOXO1', 1.0), ('TRIB2', 0.8114243000447136), ('MYC', 0.4215774001590802), ('SELL', 0.8169172396958736), ('PIK3IP1', 0.9524540717705616)]",522
FOXO1,transfac_public__M00290,0.15229459659511474,3.0987124585695094,0.00025,1.0,gene is annotated for similar motif taipale__FOXO1_DBD_GTAAACAA ('FOXO1 monomeric forkhead DBD'; q-value = 0.00025),"frozenset({'hg38__refseq-r80__500bp_up_and_100bp_down_tss.mc9nr.genes_vs_motifs.rankings', 'activating', 'top50'})","[('BCL2', 0.4747080303950965), ('IRF8', 0.0796507042986346), ('BCL11B', 0.7284584121785607), ('SELL', 0.8169172396958736), ('CNOT2', 0.3714733171727705), ('EGR1', 0.3206268811826425), ('IL4R', 0.4873355169347016), ('BTG1', 2.2545378433637118), ('TRIB2', 0.8114243000447136)]",1176
FOXO1,homer__NYYTGTTTACHN_FOXP1,0.15261843079200593,3.1081797706623924,0.000211,0.930982,"motif similar to cisbp__M2282 ('Foxo1[gene ID: ""ENSMUSG00000044167"" species: ""Mus musculus"" TF status: ""direct"" TF family: ""Forkhead"" DBDs: ""Fork_head""]'; q-value = 0.000211) which is annotated for orthologous gene ENSMUSG00000044167 in M. musculus (identity = 93%)","frozenset({'hg38__refseq-r80__500bp_up_and_100bp_down_tss.mc9nr.genes_vs_motifs.rankings', 'activating', 'top50'})","[('EGR1', 0.3206268811826425), ('TRIB2', 0.8114243000447136), ('SELL', 0.8169172396958736), ('MYC', 0.4215774001590802), ('BCL2', 0.4747080303950965), ('IRF8', 0.0796507042986346), ('DUSP2', 0.165047564365838), ('CNOT2', 0.3714733171727705), ('BTG1', 2.2545378433637118), ('BCL11B', 0.7284584121785607)]",1809
FOXO1,jaspar__MA0852.1,0.15016654330125834,3.036498693387707,0.000173,1.0,"motif similar to swissregulon__hs__FOXO1_3_4.p2 ('hs__FOXO1,3,4.p2'; q-value = 0.000173) which is directly annotated","frozenset({'hg38__refseq-r80__500bp_up_and_100bp_down_tss.mc9nr.genes_vs_motifs.rankings', 'activating', 'top50'})","[('SELL', 0.8169172396958736), ('CCL3', 0.1060488892071591), ('TRIB2', 0.8114243000447136), ('BCL2', 0.4747080303950965), ('FOXO1', 1.0), ('MYC', 0.4215774001590802)]",334
FOXO1,cisbp__M0725,0.15766099185788304,3.2555993446801406,0.000148,1.0,"motif similar to cisbp__M5462 ('FOXO1[gene ID: ""ENSG00000150907"" species: ""Homo sapiens"" TF status: ""direct"" TF family: ""Forkhead"" DBDs: ""Fork_head""]'; q-value = 0.000148) which is directly annotated","frozenset({'hg38__refseq-r80__500bp_up_and_100bp_down_tss.mc9nr.genes_vs_motifs.rankings', 'activating', 'top50'})","[('SELL', 0.8169172396958736), ('BCL2', 0.4747080303950965), ('TRAT1', 0.9370351113457042), ('PIK3IP1', 0.9524540717705616), ('KLRC1', 0.0404595815872625), ('MYC', 0.4215774001590802), ('CD48', 0.6225381810629274), ('CCL3', 0.1060488892071591)]",849
FOXO1,cisbp__M0748,0.14931069578090303,3.011477939999373,4.5e-05,1.0,"motif similar to cisbp__M5462 ('FOXO1[gene ID: ""ENSG00000150907"" species: ""Homo sapiens"" TF status: ""direct"" TF family: ""Forkhead"" DBDs: ""Fork_head""]'; q-value = 4.55e-05) which is directly annotated","frozenset({'hg38__refseq-r80__500bp_up_and_100bp_down_tss.mc9nr.genes_vs_motifs.rankings', 'activating', 'top50'})","[('EGR1', 0.3206268811826425), ('TRIB2', 0.8114243000447136), ('SELL', 0.8169172396958736), ('CNOT2', 0.3714733171727705), ('BCL2', 0.4747080303950965), ('MYC', 0.4215774001590802), ('DUSP2', 0.165047564365838), ('BTG1', 2.2545378433637118), ('IRF8', 0.0796507042986346), ('FAM65B', 0.3860277714010084)]",1456
FOXO1,dbcorrdb__FOXP2__ENCSR000BGB_1__m1,0.16175518134715025,3.3752932189973035,9e-06,0.930982,motif similar to hocomoco__FOXO1_MOUSE.H11MO.0.A ('FOXO1_MOUSE'; q-value = 9.27e-06) which is annotated for orthologous gene ENSMUSG00000044167 in M. musculus (identity = 93%),"frozenset({'hg38__refseq-r80__500bp_up_and_100bp_down_tss.mc9nr.genes_vs_motifs.rankings', 'activating', 'top50'})","[('TRIB2', 0.8114243000447136), ('BTG1', 2.2545378433637118), ('SELL', 0.8169172396958736), ('FOXO1', 1.0), ('MYC', 0.4215774001590802), ('PIK3IP1', 0.9524540717705616)]",466
FOXO1,hocomoco__FOXP2_HUMAN.H11MO.0.C,0.1708919319022946,3.642406667332215,5e-06,0.930982,"motif similar to cisbp__M2282 ('Foxo1[gene ID: ""ENSMUSG00000044167"" species: ""Mus musculus"" TF status: ""direct"" TF family: ""Forkhead"" DBDs: ""Fork_head""]'; q-value = 4.71e-06) which is annotated for orthologous gene ENSMUSG00000044167 in M. musculus (identity = 93%)","frozenset({'hg38__refseq-r80__500bp_up_and_100bp_down_tss.mc9nr.genes_vs_motifs.rankings', 'activating', 'top50'})","[('PIK3IP1', 0.9524540717705616), ('BTG1', 2.2545378433637118), ('MYC', 0.4215774001590802), ('TRIB2', 0.8114243000447136), ('FOXO1', 1.0), ('SELL', 0.8169172396958736)]",495
FOXO1,hocomoco__FOXO1_MOUSE.H11MO.0.A,0.1622178016284234,3.3888179505585647,0.0,0.930982,motif is annotated for orthologous gene ENSMUSG00000044167 in M. musculus (identity = 93%),"frozenset({'hg38__refseq-r80__500bp_up_and_100bp_down_tss.mc9nr.genes_vs_motifs.rankings', 'activating', 'top50'})","[('EGR1', 0.3206268811826425), ('CNOT2', 0.3714733171727705), ('SELL', 0.8169172396958736), ('FAM65B', 0.3860277714010084), ('TRIB2', 0.8114243000447136), ('IRF8', 0.0796507042986346)]",499
FOXO1,cisbp__M2282,0.16460029607698,3.4584703180990606,0.0,0.930982,motif is annotated for orthologous gene ENSMUSG00000044167 in M. musculus (identity = 93%),"frozenset({'hg38__refseq-r80__500bp_up_and_100bp_down_tss.mc9nr.genes_vs_motifs.rankings', 'activating', 'top50'})","[('BCL2', 0.4747080303950965), ('TRIB2', 0.8114243000447136), ('MYC', 0.4215774001590802), ('EGR1', 0.3206268811826425), ('SELL', 0.8169172396958736), ('CNOT2', 0.3714733171727705)]",327
FOXO1,hocomoco__FOXO3_MOUSE.H11MO.0.B,0.16036732050333086,3.3347190243135194,0.0,0.930982,"motif similar to cisbp__M2282 ('Foxo1[gene ID: ""ENSMUSG00000044167"" species: ""Mus musculus"" TF status: ""direct"" TF family: ""Forkhead"" DBDs: ""Fork_head""]'; q-value = 5.86e-09) which is annotated for orthologous gene ENSMUSG00000044167 in M. musculus (identity = 93%)","frozenset({'hg38__refseq-r80__500bp_up_and_100bp_down_tss.mc9nr.genes_vs_motifs.rankings', 'activating', 'top50'})","[('DOCK8', 0.8678510305542605), ('LY86', 0.0683069568678884), ('IL23R', 0.7692610575404886), ('CCL3', 0.1060488892071591), ('PIK3IP1', 0.9524540717705616), ('SELL', 0.8169172396958736), ('CD247', 0.4865688829055764), ('CST7', 0.0296025515299682), ('HLA-A', 1.822436698518744), ('CD6', 0.9923454476338772), ('MYC', 0.4215774001590802), ('CD8A', 0.2403708488711401), ('IFNGR1', 0.1271969428091991), ('CD37', 0.4104603968245982), ('CNOT2', 0.3714733171727705)]",3692
FOXO1,taipale_tf_pairs__ERF_FOXO1_RTMAACAGGAARNN_CAP,0.18347520355292377,4.010279365798524,0.0,1.0,gene is directly annotated,"frozenset({'hg38__refseq-r80__500bp_up_and_100bp_down_tss.mc9nr.genes_vs_motifs.rankings', 'activating', 'top50'})","[('SELL', 0.8169172396958736), ('EGR1', 0.3206268811826425), ('BCL2', 0.4747080303950965), ('TRIB2', 0.8114243000447136), ('MYC', 0.4215774001590802), ('IRF8', 0.0796507042986346), ('BTG1', 2.2545378433637118), ('CNOT2', 0.3714733171727705), ('BCL11B', 0.7284584121785607), ('FAM65B', 0.3860277714010084)]",1662
FOXO1,transfac_public__M00474,0.16506291635825315,3.4719950496603222,0.0,1.0,gene is directly annotated,"frozenset({'hg38__refseq-r80__500bp_up_and_100bp_down_tss.mc9nr.genes_vs_motifs.rankings', 'activating', 'top50'})","[('TRIB2', 0.8114243000447136), ('BCL11B', 0.7284584121785607), ('FOXO1', 1.0), ('MYC', 0.4215774001590802), ('PIK3IP1', 0.9524540717705616), ('BTG1', 2.2545378433637118), ('SELL', 0.8169172396958736)]",422
FOXO1,hocomoco__FOXO1_HUMAN.H11MO.0.A,0.18065321983715765,3.927778503274829,0.0,1.0,gene is directly annotated,"frozenset({'hg38__refseq-r80__500bp_up_and_100bp_down_tss.mc9nr.genes_vs_motifs.rankings', 'activating', 'top50'})","[('BTG1', 2.2545378433637118), ('TRIB2', 0.8114243000447136), ('FOXO1', 1.0), ('PIK3IP1', 0.9524540717705616), ('SELL', 0.8169172396958736), ('CNOT2', 0.3714733171727705), ('MYC', 0.4215774001590802)]",732
FOXO1,taipale_tf_pairs__FOXO1_ELK3_RTMAACAGGAAGTN_CAP,0.16036732050333086,3.3347190243135194,0.0,1.0,gene is directly annotated,"frozenset({'hg38__refseq-r80__500bp_up_and_100bp_down_tss.mc9nr.genes_vs_motifs.rankings', 'activating', 'top50'})","[('SELL', 0.8169172396958736), ('BCL2', 0.4747080303950965), ('TRIB2', 0.8114243000447136), ('MYC', 0.4215774001590802), ('CNOT2', 0.3714733171727705), ('FAM65B', 0.3860277714010084), ('IL23R', 0.7692610575404886)]",754
FOXO1,cisbp__M3276,0.16839378238341968,3.5693731169014034,0.0,1.0,gene is directly annotated,"frozenset({'hg38__refseq-r80__500bp_up_and_100bp_down_tss.mc9nr.genes_vs_motifs.rankings', 'activating', 'top50'})","[('TRIB2', 0.8114243000447136), ('PIK3IP1', 0.9524540717705616), ('BTG1', 2.2545378433637118), ('MYC', 0.4215774001590802), ('FOXO1', 1.0), ('SELL', 0.8169172396958736), ('FAM65B', 0.3860277714010084), ('BCL2', 0.4747080303950965)]",1092
FOXO1,swissregulon__hs__FOXO1_3_4.p2,0.17984363434492967,3.9041102230426215,0.0,1.0,gene is directly annotated,"frozenset({'hg38__refseq-r80__500bp_up_and_100bp_down_tss.mc9nr.genes_vs_motifs.rankings', 'activating', 'top50'})","[('TRIB2', 0.8114243000447136), ('EGR1', 0.3206268811826425), ('SELL', 0.8169172396958736), ('BCL2', 0.4747080303950965), ('MYC', 0.4215774001590802), ('CNOT2', 0.3714733171727705), ('FAM65B', 0.3860277714010084), ('IRF8', 0.0796507042986346), ('DUSP2', 0.165047564365838), ('BTG1', 2.2545378433637118), ('FOXO1', 1.0)]",1562
FOXP1,elemento__TTGTTTAC,0.13243145345449392,3.0081692418773236,0.000544,1.0,"gene is annotated for similar motif cisbp__M0717 ('FOXP1[gene ID: ""ENSG00000114861"" species: ""Homo sapiens"" TF status: ""direct"" TF family: ""Forkhead"" DBDs: ""Fork_head""]; FOXP4[gene ID: ""ENSG00000137166"" species: ""Homo sapiens"" TF status: ""inferred"" TF family: ""Forkhead"" DBDs: ""Fork_head""]; Foxp3[gene ID: ""ENSMUSG00000039521"" species: ""Mus musculus"" TF status: ""inferred"" TF family: ""Forkhead"" DBDs: ""Fork_head""]; Foxp4[gene ID: ""ENSMUSG00000023991"" species: ""Mus musculus"" TF status: ""inferred"" TF family: ""Forkhead"" DBDs: ""Fork_head""]'; q-value = 0.000544)","frozenset({'hg38__refseq-r80__500bp_up_and_100bp_down_tss.mc9nr.genes_vs_motifs.rankings', 'activating', 'top50'})","[('ITGAE', 2.0696282405756152), ('CCR7', 4.015491235782142), ('KLRK1', 0.2900283299640886), ('PRF1', 0.2364149527141811), ('FOXP1', 1.0), ('FYB', 4.277338118494845), ('TXK', 1.384439346193655), ('CD2', 2.5774827093575183), ('STAT5A', 0.8843627283071335), ('LEF1', 3.1880430455265096), ('TRAT1', 2.205750787066077)]",1029
FOXP1,homer__CTTGTTTACATA_Foxa2,0.13687260815471597,3.1724479992412022,0.00028,0.163223,motif similar to scertf__foat.FKH1 ('foat.FKH1'; q-value = 0.00028) which is annotated for orthologous gene YIL131C in S. cerevisiae (identity = 16%),"frozenset({'hg38__refseq-r80__500bp_up_and_100bp_down_tss.mc9nr.genes_vs_motifs.rankings', 'activating', 'top50'})","[('KLRK1', 0.2900283299640886), ('TXK', 1.384439346193655), ('CCR7', 4.015491235782142), ('ITGAE', 2.0696282405756152), ('PRF1', 0.2364149527141811), ('FOXP1', 1.0), ('LEF1', 3.1880430455265096), ('STAT5A', 0.8843627283071335)]",656
FOXP1,swissregulon__hs__FOXO1_3_4.p2,0.14432177898168416,3.4479935745359342,1.8e-05,0.113997,"gene is orthologous to YIL131C in S. cerevisiae (identity = 11%) which is annotated for similar motif cisbp__M0750 ('FKH1[gene ID: ""YIL131C"" species: ""Saccharomyces cerevisiae"" TF status: ""direct"" TF family: ""Forkhead"" DBDs: ""Fork_head""]'; q-value = 1.77e-05)","frozenset({'hg38__refseq-r80__500bp_up_and_100bp_down_tss.mc9nr.genes_vs_motifs.rankings', 'activating', 'top50'})","[('FOXP1', 1.0), ('MYC', 1.90420393178302), ('CD2', 2.5774827093575183), ('CXCR4', 8.747677155199435), ('CBLB', 3.5788945042277467), ('TRAT1', 2.205750787066077), ('PRDM1', 0.5401966848204214), ('CASP5', 0.8963376782509798), ('PIK3IP1', 2.6477128735859363), ('STAT5A', 0.8843627283071335)]",847
IKZF1,taipale_cyt_meth__SPIB_RWWGRGGAAGTN_eDBD_meth,0.14482449647434648,3.048039354328281,0.000263,1.0,"gene is annotated for similar motif dbcorrdb__IKZF1__ENCSR000EUJ_1__m1 ('IKZF1 (ENCSR000EUJ-1, motif 1)'; q-value = 0.000263)","frozenset({'hg38__refseq-r80__500bp_up_and_100bp_down_tss.mc9nr.genes_vs_motifs.rankings', 'activating', 'top50'})","[('TRIB2', 0.7921686171686732), ('MYC', 0.233630678174907), ('VEGFA', 5.952712461272852), ('ARL4C', 0.7585882773114947), ('ADA', 1.0023503433307706), ('IKZF1', 1.0), ('GAPDH', 0.1571130758639544), ('CBLB', 0.4933043377083785)]",716
IKZF1,taipale_cyt_meth__SPIB_RAWWGRGGAAGTN_FL_meth,0.14875920370875376,3.1795945037012454,0.000118,1.0,"gene is annotated for similar motif dbcorrdb__IKZF1__ENCSR000EUJ_1__m1 ('IKZF1 (ENCSR000EUJ-1, motif 1)'; q-value = 0.000118)","frozenset({'hg38__refseq-r80__500bp_up_and_100bp_down_tss.mc9nr.genes_vs_motifs.rankings', 'activating', 'top50'})","[('TRIB2', 0.7921686171686732), ('CCND2', 1.7839249372666643), ('IKZF1', 1.0), ('VEGFA', 5.952712461272852), ('ARL4C', 0.7585882773114947), ('CBLB', 0.4933043377083785), ('ADA', 1.0023503433307706), ('MYC', 0.233630678174907), ('GAPDH', 0.1571130758639544), ('IRF4', 0.0305748706137056), ('BAX', 0.4183157111708447), ('BCL11B', 1.2213270236661358), ('FTH1', 0.0390018618583528), ('CCL4', 0.0637734671727248), ('FYN', 0.6345760472619876), ('JUN', 0.1622520444898701)]",3255
IKZF1,cisbp__M6119,0.14735673380342046,3.1327035593702877,0.000108,1.0,"gene is annotated for similar motif dbcorrdb__IKZF1__ENCSR000EUJ_1__m1 ('IKZF1 (ENCSR000EUJ-1, motif 1)'; q-value = 0.000108)","frozenset({'hg38__refseq-r80__500bp_up_and_100bp_down_tss.mc9nr.genes_vs_motifs.rankings', 'activating', 'top50'})","[('TRIB2', 0.7921686171686732), ('BCL11B', 1.2213270236661358), ('JUN', 0.1622520444898701), ('CD36', 8.5603377774803), ('IL23R', 1.5884881398533184), ('ARL4C', 0.7585882773114947), ('CCL4', 0.0637734671727248), ('VEGFA', 5.952712461272852), ('FYN', 0.6345760472619876), ('IL18', 0.1118767821926949), ('CCND2', 1.7839249372666643), ('CCR7', 0.6342295953523994)]",1548
IKZF1,cisbp__M1907,0.14387003778877244,3.016127461658602,5e-06,1.0,"gene is annotated for similar motif dbcorrdb__IKZF1__ENCSR000EUJ_1__m1 ('IKZF1 (ENCSR000EUJ-1, motif 1)'; q-value = 4.72e-06)","frozenset({'hg38__refseq-r80__500bp_up_and_100bp_down_tss.mc9nr.genes_vs_motifs.rankings', 'activating', 'top50'})","[('CCL4', 0.0637734671727248), ('IKZF1', 1.0), ('VEGFA', 5.952712461272852), ('IL23R', 1.5884881398533184), ('JUN', 0.1622520444898701), ('ANXA5', 0.1532057028085283), ('PIK3IP1', 0.5656369713194885), ('MYC', 0.233630678174907)]",724
IKZF1,homer__AAAGRGGAAGTG_SpiB,0.17112080719934553,3.9272445605337323,4e-06,1.0,"gene is annotated for similar motif dbcorrdb__IKZF1__ENCSR000EUJ_1__m1 ('IKZF1 (ENCSR000EUJ-1, motif 1)'; q-value = 4.1e-06)","frozenset({'hg38__refseq-r80__500bp_up_and_100bp_down_tss.mc9nr.genes_vs_motifs.rankings', 'activating', 'top50'})","[('TRIB2', 0.7921686171686732), ('VEGFA', 5.952712461272852), ('IKZF1', 1.0), ('CCND2', 1.7839249372666643), ('MYC', 0.233630678174907), ('ARL4C', 0.7585882773114947), ('ADA', 1.0023503433307706), ('CBLB', 0.4933043377083785), ('BCL11B', 1.2213270236661358), ('GAPDH', 0.1571130758639544)]",1237
IKZF1,cisbp__M4489,0.16833534613736414,3.8341139349875255,0.0,1.0,"gene is annotated for similar motif dbcorrdb__IKZF1__ENCSR000EUJ_1__m1 ('IKZF1 (ENCSR000EUJ-1, motif 1)'; q-value = 6.85e-08)","frozenset({'hg38__refseq-r80__500bp_up_and_100bp_down_tss.mc9nr.genes_vs_motifs.rankings', 'activating', 'top50'})","[('CCND2', 1.7839249372666643), ('MYC', 0.233630678174907), ('JUN', 0.1622520444898701), ('IKZF1', 1.0), ('TRIB2', 0.7921686171686732), ('CD36', 8.5603377774803), ('BCL11B', 1.2213270236661358)]",616
IKZF1,hocomoco__SPI1_HUMAN.H11MO.0.A,0.14836962873505005,3.1665692413870903,0.0,1.0,"gene is annotated for similar motif dbcorrdb__IKZF1__ENCSR000EUJ_1__m1 ('IKZF1 (ENCSR000EUJ-1, motif 1)'; q-value = 2.08e-07)","frozenset({'hg38__refseq-r80__500bp_up_and_100bp_down_tss.mc9nr.genes_vs_motifs.rankings', 'activating', 'top50'})","[('BCL11B', 1.2213270236661358), ('MYC', 0.233630678174907), ('VEGFA', 5.952712461272852), ('CD36', 8.5603377774803), ('GAPDH', 0.1571130758639544), ('ARL4C', 0.7585882773114947), ('CD48', 0.547397777943535)]",535
IKZF1,dbcorrdb__PAX5__ENCSR000BHJ_1__m2,0.19967665277182595,4.881996288161281,0.0,1.0,"gene is annotated for similar motif dbcorrdb__IKZF1__ENCSR000EUJ_1__m1 ('IKZF1 (ENCSR000EUJ-1, motif 1)'; q-value = 4.88e-08)","frozenset({'hg38__refseq-r80__500bp_up_and_100bp_down_tss.mc9nr.genes_vs_motifs.rankings', 'activating', 'top50'})","[('GAPDH', 0.1571130758639544), ('CCND2', 1.7839249372666643), ('IKZF1', 1.0), ('BAX', 0.4183157111708447), ('CBLB', 0.4933043377083785), ('ADA', 1.0023503433307706), ('PCNA', 1.1349660100165824), ('LAP3', 0.1659185525519668)]",792
IRF4,dbcorrdb__RELA__ENCSR000EAQ_1__m2,0.11227239082161362,3.2175664298290942,0.000561,1.0,motif similar to factorbook__PU1 ('PU1'; q-value = 0.000561) which is directly annotated,"frozenset({'hg38__refseq-r80__500bp_up_and_100bp_down_tss.mc9nr.genes_vs_motifs.rankings', 'activating', 'top50'})","[('CCL5', 0.0890410325335519), ('CD63', 0.0175474459974537), ('TXK', 0.0332963688409211), ('CD37', 0.4776483477191633), ('IKZF1', 0.1292254202104535), ('CD3G', 0.0115266087310999), ('IL32', 0.0196771364299329), ('MS4A1', 1.7065838178070547), ('IL2RB', 0.0378639219633385), ('IRF8', 8.58730197970342), ('CD3D', 0.0133299284944766), ('SELPLG', 0.2728919975583357), ('CD4', 7.796239954439715), ('HLA-DRA', 1.1373712538839622), ('BCL2A1', 0.0436478961180722)]",2875
IRF4,transfac_pro__M04711,0.14042931162102146,4.451464249036487,0.000507,1.0,motif similar to factorbook__PU1 ('PU1'; q-value = 0.000507) which is directly annotated,"frozenset({'hg38__refseq-r80__500bp_up_and_100bp_down_tss.mc9nr.genes_vs_motifs.rankings', 'activating', 'top50'})","[('IFNG', 0.0542626926717957), ('RGS1', 0.6128354644518212), ('FCER1G', 0.6669796786042658), ('IL7R', 0.0096408813682698), ('GNLY', 0.0683615966455161), ('GZMA', 0.0450140750948232), ('CD63', 0.0175474459974537), ('CD247', 0.0510189204201258), ('GZMB', 3.3312372634739176), ('SELPLG', 0.2728919975583357), ('IFNGR1', 0.1086627956683654)]",1120
IRF4,dbcorrdb__RELA__ENCSR000EBA_1__m2,0.11498149518874907,3.336285305178701,0.000305,1.0,motif similar to transfac_pro__M00972 ('V$IRF_Q6_01: IRF'; q-value = 0.000305) which is directly annotated,"frozenset({'hg38__refseq-r80__500bp_up_and_100bp_down_tss.mc9nr.genes_vs_motifs.rankings', 'activating', 'top50'})","[('GZMB', 3.3312372634739176), ('RGS1', 0.6128354644518212), ('GZMA', 0.0450140750948232), ('SELPLG', 0.2728919975583357), ('IL7R', 0.0096408813682698), ('IFNG', 0.0542626926717957), ('FCER1G', 0.6669796786042658), ('PRF1', 0.2385631091397126), ('GNLY', 0.0683615966455161), ('CD63', 0.0175474459974537), ('TXK', 0.0332963688409211)]",635
IRF4,cisbp__M4631,0.1598963730569948,5.304553435291861,0.000166,1.0,gene is annotated for similar motif hocomoco__IRF4_HUMAN.H11MO.0.A ('IRF4_HUMAN'; q-value = 0.000166),"frozenset({'hg38__refseq-r80__500bp_up_and_100bp_down_tss.mc9nr.genes_vs_motifs.rankings', 'activating', 'top50'})","[('IL7R', 0.0096408813682698), ('SELL', 0.1074355730599874), ('FCER1G', 0.6669796786042658), ('GNLY', 0.0683615966455161), ('RGS1', 0.6128354644518212), ('GZMA', 0.0450140750948232), ('PRF1', 0.2385631091397126), ('IKZF1', 0.1292254202104535), ('TXK', 0.0332963688409211)]",616
IRF4,cisbp__M6119,0.15810510732790525,5.226056255415892,0.000124,1.0,gene is annotated for similar motif hocomoco__IRF4_HUMAN.H11MO.0.A ('IRF4_HUMAN'; q-value = 0.000124),"frozenset({'hg38__refseq-r80__500bp_up_and_100bp_down_tss.mc9nr.genes_vs_motifs.rankings', 'activating', 'top50'})","[('GZMA', 0.0450140750948232), ('TRIB2', 0.104644344207262), ('IKZF1', 0.1292254202104535), ('CD247', 0.0510189204201258), ('CD63', 0.0175474459974537), ('FOSB', 1.1824312050006116), ('HLA-DRA', 1.1373712538839622), ('GNLY', 0.0683615966455161)]",787
IRF4,dbcorrdb__EP300__ENCSR000DZD_1__m1,0.12330125832716507,3.7008755125365123,8.6e-05,1.0,gene is annotated for similar motif transfac_pro__M00772 ('V$IRF_Q6: IRF'; q-value = 8.58e-05),"frozenset({'hg38__refseq-r80__500bp_up_and_100bp_down_tss.mc9nr.genes_vs_motifs.rankings', 'activating', 'top50'})","[('ICAM1', 0.6338167953671242), ('BCL2A1', 0.0436478961180722), ('IKZF1', 0.1292254202104535), ('JCHAIN', 11.50644613648733), ('CD37', 0.4776483477191633), ('IL7R', 0.0096408813682698), ('IRF4', 1.0), ('CD63', 0.0175474459974537), ('LAMP1', 0.1378302113151548), ('PIK3AP1', 0.563578220577112), ('IFNGR1', 0.1086627956683654), ('RPN2', 0.2200451127774072), ('SELL', 0.1074355730599874), ('FCER1G', 0.6669796786042658), ('HLA-DMA', 0.8768078648102325), ('TXK', 0.0332963688409211), ('CD4', 7.796239954439715), ('LAIR2', 0.2936227479943946), ('RGS1', 0.6128354644518212), ('CCL5', 0.0890410325335519), ('SELPLG', 0.2728919975583357)]",2564
IRF4,taipale_cyt_meth__SPIB_RAWWGMGGAAGTN_FL,0.11780903034789045,3.4601940767184556,6e-05,1.0,motif similar to hocomoco__IRF4_HUMAN.H11MO.0.A ('IRF4_HUMAN'; q-value = 6.04e-05) which is directly annotated,"frozenset({'hg38__refseq-r80__500bp_up_and_100bp_down_tss.mc9nr.genes_vs_motifs.rankings', 'activating', 'top50'})","[('GZMB', 3.3312372634739176), ('RGS1', 0.6128354644518212), ('SELPLG', 0.2728919975583357), ('IL7R', 0.0096408813682698), ('FCER1G', 0.6669796786042658), ('TXK', 0.0332963688409211), ('JCHAIN', 11.50644613648733), ('PRF1', 0.2385631091397126), ('IFNG', 0.0542626926717957), ('CD63', 0.0175474459974537), ('GZMA', 0.0450140750948232), ('GNLY', 0.0683615966455161), ('SELL', 0.1074355730599874), ('CD37', 0.4776483477191633), ('ITGAM', 0.0607183588466763), ('IFNGR1', 0.1086627956683654), ('FTH1', 0.0346156759546044), ('PDIA6', 0.4634578764904513), ('CD4', 7.796239954439715), ('CD3G', 0.0115266087310999)]",3138
IRF4,transfac_pro__M07224,0.12623242042931163,3.8293254432426447,2.8e-05,1.0,motif similar to hocomoco__IRF4_HUMAN.H11MO.0.A ('IRF4_HUMAN'; q-value = 2.83e-05) which is directly annotated,"frozenset({'hg38__refseq-r80__500bp_up_and_100bp_down_tss.mc9nr.genes_vs_motifs.rankings', 'activating', 'top50'})","[('IL7R', 0.0096408813682698), ('SELPLG', 0.2728919975583357), ('IFNG', 0.0542626926717957), ('TXK', 0.0332963688409211), ('RGS1', 0.6128354644518212), ('GZMB', 3.3312372634739176), ('FCER1G', 0.6669796786042658), ('CD63', 0.0175474459974537)]",874
IRF4,cisbp__M1907,0.12481125092524056,3.767046688960883,2.6e-05,1.0,motif similar to hocomoco__IRF4_HUMAN.H11MO.0.A ('IRF4_HUMAN'; q-value = 2.62e-05) which is directly annotated,"frozenset({'hg38__refseq-r80__500bp_up_and_100bp_down_tss.mc9nr.genes_vs_motifs.rankings', 'activating', 'top50'})","[('GZMB', 3.3312372634739176), ('RGS1', 0.6128354644518212), ('IFNG', 0.0542626926717957), ('SELPLG', 0.2728919975583357), ('IL7R', 0.0096408813682698), ('FCER1G', 0.6669796786042658), ('GZMA', 0.0450140750948232), ('PRF1', 0.2385631091397126), ('GNLY', 0.0683615966455161), ('CD63', 0.0175474459974537), ('KLRF1', 0.0039333658458187), ('CD37', 0.4776483477191633), ('CD4', 7.796239954439715), ('SELL', 0.1074355730599874), ('JCHAIN', 11.50644613648733), ('IKZF1', 0.1292254202104535), ('IFNGR1', 0.1086627956683654), ('TXK', 0.0332963688409211), ('HLA-DRA', 1.1373712538839622), ('IL2RB', 0.0378639219633385)]",3349
IRF4,cisbp__M6313,0.11335307179866766,3.264924232564184,1.9e-05,1.0,motif similar to transfac_pro__M08887 ('V$IRF_Q4: IRF'; q-value = 1.9e-05) which is directly annotated,"frozenset({'hg38__refseq-r80__500bp_up_and_100bp_down_tss.mc9nr.genes_vs_motifs.rankings', 'activating', 'top50'})","[('PDIA6', 0.4634578764904513), ('IKZF1', 0.1292254202104535), ('PIK3AP1', 0.563578220577112), ('RGS1', 0.6128354644518212), ('SELL', 0.1074355730599874), ('CD63', 0.0175474459974537), ('CD4', 7.796239954439715)]",526
IRF4,dbcorrdb__SPI1__ENCSR000BGW_1__m1,0.16167283493708365,5.382401878144063,1.4e-05,1.0,motif similar to factorbook__PU1 ('PU1'; q-value = 1.43e-05) which is directly annotated,"frozenset({'hg38__refseq-r80__500bp_up_and_100bp_down_tss.mc9nr.genes_vs_motifs.rankings', 'activating', 'top50'})","[('MS4A1', 1.7065838178070547), ('IKZF1', 0.1292254202104535), ('CD247', 0.0510189204201258), ('ICAM1', 0.6338167953671242), ('FCER1G', 0.6669796786042658), ('CD3E', 0.0236370261706532), ('CD79A', 1.3417475089942614), ('CD4', 7.796239954439715), ('CD63', 0.0175474459974537), ('PDIA6', 0.4634578764904513), ('ITGAM', 0.0607183588466763), ('SELPLG', 0.2728919975583357), ('FTH1', 0.0346156759546044), ('GZMB', 3.3312372634739176), ('FOSB', 1.1824312050006116), ('SELL', 0.1074355730599874), ('TXK', 0.0332963688409211), ('CD3D', 0.0133299284944766), ('IL32', 0.0196771364299329), ('PIK3AP1', 0.563578220577112), ('IFNG', 0.0542626926717957), ('CD74', 1.0527512071173144)]",3595
IRF4,transfac_pro__M01882,0.10897113249444855,3.0728980735287528,8e-06,1.0,gene is annotated for similar motif transfac_pro__M00772 ('V$IRF_Q6: IRF'; q-value = 8.23e-06),"frozenset({'hg38__refseq-r80__500bp_up_and_100bp_down_tss.mc9nr.genes_vs_motifs.rankings', 'activating', 'top50'})","[('GZMA', 0.0450140750948232), ('RGS1', 0.6128354644518212), ('TXK', 0.0332963688409211), ('SELPLG', 0.2728919975583357), ('IL7R', 0.0096408813682698), ('GZMB', 3.3312372634739176), ('IFNG', 0.0542626926717957), ('GNLY', 0.0683615966455161), ('FCER1G', 0.6669796786042658), ('SELL', 0.1074355730599874)]",836
IRF4,dbcorrdb__FOXM1__ENCSR000BRU_1__m3,0.11989637305699481,3.5516659970697915,8e-06,1.0,gene is annotated for similar motif transfac_pro__M00772 ('V$IRF_Q6: IRF'; q-value = 8.23e-06),"frozenset({'hg38__refseq-r80__500bp_up_and_100bp_down_tss.mc9nr.genes_vs_motifs.rankings', 'activating', 'top50'})","[('LAMP1', 0.1378302113151548), ('RGS1', 0.6128354644518212), ('IKZF1', 0.1292254202104535), ('CD63', 0.0175474459974537), ('BCL2A1', 0.0436478961180722), ('FOSB', 1.1824312050006116), ('BAX', 0.2169157686466808)]",361
IRF4,taipale_cyt_meth__SPIB_RAWWGRGGAAGTN_FL_meth,0.1275943745373797,3.8890092494293316,4e-06,1.0,motif similar to hocomoco__IRF4_HUMAN.H11MO.0.A ('IRF4_HUMAN'; q-value = 3.78e-06) which is directly annotated,"frozenset({'hg38__refseq-r80__500bp_up_and_100bp_down_tss.mc9nr.genes_vs_motifs.rankings', 'activating', 'top50'})","[('IKZF1', 0.1292254202104535), ('ICAM1', 0.6338167953671242), ('IRF4', 1.0), ('CD37', 0.4776483477191633), ('IL7R', 0.0096408813682698), ('BCL2A1', 0.0436478961180722), ('RGS1', 0.6128354644518212), ('JCHAIN', 11.50644613648733), ('CD63', 0.0175474459974537), ('SELL', 0.1074355730599874), ('CD247', 0.0510189204201258), ('LAIR2', 0.2936227479943946), ('HLA-DMA', 0.8768078648102325), ('IFNGR1', 0.1086627956683654), ('TXK', 0.0332963688409211), ('CCL5', 0.0890410325335519), ('PIK3AP1', 0.563578220577112), ('RPN2', 0.2200451127774072), ('FOSB', 1.1824312050006116)]",3268
IRF4,hocomoco__IRF4_MOUSE.H11MO.0.A,0.12521095484826056,3.784562588602629,0.0,0.924444,motif is annotated for orthologous gene ENSMUSG00000021356 in M. musculus (identity = 92%),"frozenset({'hg38__refseq-r80__500bp_up_and_100bp_down_tss.mc9nr.genes_vs_motifs.rankings', 'activating', 'top50'})","[('PIK3AP1', 0.563578220577112), ('MS4A1', 1.7065838178070547), ('BCL2A1', 0.0436478961180722), ('SELPLG', 0.2728919975583357), ('IRF4', 1.0), ('SELL', 0.1074355730599874), ('CD74', 1.0527512071173144), ('CD247', 0.0510189204201258), ('GZMA', 0.0450140750948232), ('IL7R', 0.0096408813682698), ('CD4', 7.796239954439715), ('CCL5', 0.0890410325335519), ('TXK', 0.0332963688409211), ('IKZF1', 0.1292254202104535), ('CD63', 0.0175474459974537), ('PDIA6', 0.4634578764904513), ('ICAM1', 0.6338167953671242), ('LAIR2', 0.2936227479943946), ('PRF1', 0.2385631091397126), ('IFNGR1', 0.1086627956683654), ('CD37', 0.4776483477191633)]",3647
IRF4,cisbp__M4489,0.11000740192450037,3.118309665192538,0.0,1.0,gene is annotated for similar motif factorbook__PU1 ('PU1'; q-value = 2.94e-17),"frozenset({'hg38__refseq-r80__500bp_up_and_100bp_down_tss.mc9nr.genes_vs_motifs.rankings', 'activating', 'top50'})","[('SELL', 0.1074355730599874), ('FOSB', 1.1824312050006116), ('IKZF1', 0.1292254202104535), ('TRIB2', 0.104644344207262), ('RGS1', 0.6128354644518212), ('BAX', 0.2169157686466808), ('ARL4C', 0.2718428846537779), ('LAMP1', 0.1378302113151548)]",688
IRF4,hocomoco__SPI1_HUMAN.H11MO.0.A,0.12572908956328646,3.8072683844345208,0.0,1.0,motif similar to factorbook__PU1 ('PU1'; q-value = 5.79e-09) which is directly annotated,"frozenset({'hg38__refseq-r80__500bp_up_and_100bp_down_tss.mc9nr.genes_vs_motifs.rankings', 'activating', 'top50'})","[('CD247', 0.0510189204201258), ('CD74', 1.0527512071173144), ('PRF1', 0.2385631091397126), ('ICAM1', 0.6338167953671242), ('IKZF1', 0.1292254202104535), ('CD63', 0.0175474459974537)]",345
IRF4,dbcorrdb__TBL1XR1__ENCSR000DYZ_1__m1,0.13545521835677277,4.233488609050323,0.0,1.0,motif similar to hocomoco__IRF4_HUMAN.H11MO.0.A ('IRF4_HUMAN'; q-value = 6.91e-08) which is directly annotated,"frozenset({'hg38__refseq-r80__500bp_up_and_100bp_down_tss.mc9nr.genes_vs_motifs.rankings', 'activating', 'top50'})","[('RGS1', 0.6128354644518212), ('ICAM1', 0.6338167953671242), ('SELL', 0.1074355730599874), ('CD3D', 0.0133299284944766), ('CD4', 7.796239954439715)]",255
IRF4,transfac_pro__M04722,0.10820133234641006,3.039163748292799,0.0,1.0,gene is annotated for similar motif factorbook__PU1 ('PU1'; q-value = 4.78e-07),"frozenset({'hg38__refseq-r80__500bp_up_and_100bp_down_tss.mc9nr.genes_vs_motifs.rankings', 'activating', 'top50'})","[('CCL5', 0.0890410325335519), ('FOSB', 1.1824312050006116), ('IKZF1', 0.1292254202104535), ('TRIB2', 0.104644344207262), ('SELL', 0.1074355730599874), ('PDIA6', 0.4634578764904513), ('HLA-DRA', 1.1373712538839622), ('CD247', 0.0510189204201258)]",780
IRF4,hocomoco__SPIB_MOUSE.H11MO.0.A,0.10941524796447076,3.0923601842418034,0.0,1.0,gene is annotated for similar motif hocomoco__IRF4_HUMAN.H11MO.0.A ('IRF4_HUMAN'; q-value = 1.07e-11),"frozenset({'hg38__refseq-r80__500bp_up_and_100bp_down_tss.mc9nr.genes_vs_motifs.rankings', 'activating', 'top50'})","[('CD4', 7.796239954439715), ('CD3G', 0.0115266087310999), ('TRIB2', 0.104644344207262), ('BCL2A1', 0.0436478961180722), ('PIK3AP1', 0.563578220577112), ('IRF8', 8.58730197970342), ('MS4A1', 1.7065838178070547), ('CCL5', 0.0890410325335519), ('HLA-DRA', 1.1373712538839622), ('CD63', 0.0175474459974537)]",1044
IRF4,hocomoco__SPIB_HUMAN.H11MO.0.A,0.11369356032568467,3.279845184110856,0.0,1.0,motif similar to factorbook__PU1 ('PU1'; q-value = 3.54e-12) which is directly annotated,"frozenset({'hg38__refseq-r80__500bp_up_and_100bp_down_tss.mc9nr.genes_vs_motifs.rankings', 'activating', 'top50'})","[('BCL2A1', 0.0436478961180722), ('PIK3AP1', 0.563578220577112), ('ICAM1', 0.6338167953671242), ('RGS1', 0.6128354644518212), ('IKZF1', 0.1292254202104535), ('IL7R', 0.0096408813682698), ('IL2RB', 0.0378639219633385), ('CD37', 0.4776483477191633), ('IRF4', 1.0), ('CD247', 0.0510189204201258), ('CD4', 7.796239954439715), ('SELPLG', 0.2728919975583357), ('TXK', 0.0332963688409211), ('SELL', 0.1074355730599874), ('CD3G', 0.0115266087310999), ('MS4A1', 1.7065838178070547), ('CD74', 1.0527512071173144), ('FTH1', 0.0346156759546044), ('CD63', 0.0175474459974537), ('CCL5', 0.0890410325335519), ('IFNGR1', 0.1086627956683654)]",3815
IRF4,dbcorrdb__MTA3__ENCSR000BRH_1__m1,0.11504071058475203,3.3388802532737745,0.0,1.0,"gene is annotated for similar motif dbcorrdb__IRF4__ENCSR000BGY_1__m1 ('IRF4 (ENCSR000BGY-1, motif 1)'; q-value = 6.41e-10)","frozenset({'hg38__refseq-r80__500bp_up_and_100bp_down_tss.mc9nr.genes_vs_motifs.rankings', 'activating', 'top50'})","[('ICAM1', 0.6338167953671242), ('CD37', 0.4776483477191633), ('IRF4', 1.0), ('BCL2A1', 0.0436478961180722), ('IKZF1', 0.1292254202104535), ('IL7R', 0.0096408813682698), ('RGS1', 0.6128354644518212), ('JCHAIN', 11.50644613648733), ('SELL', 0.1074355730599874), ('CD63', 0.0175474459974537), ('CD247', 0.0510189204201258), ('ITGAM', 0.0607183588466763), ('IFNGR1', 0.1086627956683654), ('LAIR2', 0.2936227479943946), ('PIK3AP1', 0.563578220577112), ('SELPLG', 0.2728919975583357), ('LAMP1', 0.1378302113151548), ('PDIA6', 0.4634578764904513), ('HLA-DMA', 0.8768078648102325), ('CCL5', 0.0890410325335519)]",3303
IRF4,transfac_pro__M00772,0.1125980754996299,3.2318386443519973,0.0,1.0,gene is directly annotated,"frozenset({'hg38__refseq-r80__500bp_up_and_100bp_down_tss.mc9nr.genes_vs_motifs.rankings', 'activating', 'top50'})","[('RGS1', 0.6128354644518212), ('IFNG', 0.0542626926717957), ('GZMB', 3.3312372634739176), ('JCHAIN', 11.50644613648733), ('IL7R', 0.0096408813682698), ('SELPLG', 0.2728919975583357), ('FOSB', 1.1824312050006116), ('CD3G', 0.0115266087310999), ('GNLY', 0.0683615966455161), ('SELL', 0.1074355730599874), ('FTH1', 0.0346156759546044), ('TXK', 0.0332963688409211), ('HLA-DRA', 1.1373712538839622), ('ITGAM', 0.0607183588466763)]",2517
IRF4,dbcorrdb__PAX5__ENCSR000BHJ_1__m2,0.115099925980755,3.3414752013688487,0.0,1.0,motif similar to factorbook__PU1 ('PU1'; q-value = 6.12e-08) which is directly annotated,"frozenset({'hg38__refseq-r80__500bp_up_and_100bp_down_tss.mc9nr.genes_vs_motifs.rankings', 'activating', 'top50'})","[('IKZF1', 0.1292254202104535), ('IL7R', 0.0096408813682698), ('IL2RB', 0.0378639219633385), ('CD4', 7.796239954439715), ('CD247', 0.0510189204201258), ('ICAM1', 0.6338167953671242), ('LAIR2', 0.2936227479943946), ('GZMA', 0.0450140750948232), ('SELL', 0.1074355730599874), ('MS4A1', 1.7065838178070547), ('FTH1', 0.0346156759546044), ('BCL2A1', 0.0436478961180722), ('CD37', 0.4776483477191633), ('CD63', 0.0175474459974537), ('TXK', 0.0332963688409211), ('CD74', 1.0527512071173144), ('HLA-DRA', 1.1373712538839622), ('SELPLG', 0.2728919975583357), ('RPN2', 0.2200451127774072)]",3899
IRF4,transfac_pro__M01172,0.11912657290895633,3.517931671833838,0.0,1.0,motif similar to factorbook__PU1 ('PU1'; q-value = 4.4e-07) which is directly annotated,"frozenset({'hg38__refseq-r80__500bp_up_and_100bp_down_tss.mc9nr.genes_vs_motifs.rankings', 'activating', 'top50'})","[('MS4A1', 1.7065838178070547), ('GZMA', 0.0450140750948232), ('CD74', 1.0527512071173144), ('TXK', 0.0332963688409211), ('TRIB2', 0.104644344207262), ('FOSB', 1.1824312050006116), ('SELL', 0.1074355730599874), ('CD247', 0.0510189204201258), ('BCL2A1', 0.0436478961180722), ('PDIA6', 0.4634578764904513), ('CD4', 7.796239954439715), ('SELPLG', 0.2728919975583357), ('IKZF1', 0.1292254202104535), ('TCL1A', 0.4833377508277595), ('IRF4', 1.0), ('PIK3AP1', 0.563578220577112), ('RGS1', 0.6128354644518212), ('IFNG', 0.0542626926717957), ('CD3G', 0.0115266087310999)]",3729
IRF4,cisbp__M6484,0.11014063656550703,3.1241482984064524,0.0,1.0,gene is annotated for similar motif factorbook__PU1 ('PU1'; q-value = 1.03e-10),"frozenset({'hg38__refseq-r80__500bp_up_and_100bp_down_tss.mc9nr.genes_vs_motifs.rankings', 'activating', 'top50'})","[('IKZF1', 0.1292254202104535), ('BCL2A1', 0.0436478961180722), ('IL2RB', 0.0378639219633385), ('FCER1G', 0.6669796786042658), ('CD247', 0.0510189204201258), ('PIK3AP1', 0.563578220577112), ('PRF1', 0.2385631091397126), ('GZMB', 3.3312372634739176), ('ICAM1', 0.6338167953671242), ('CD63', 0.0175474459974537), ('CD37', 0.4776483477191633), ('IL7R', 0.0096408813682698), ('MS4A1', 1.7065838178070547), ('ITGAM', 0.0607183588466763), ('CD4', 7.796239954439715), ('CD3E', 0.0236370261706532)]",2044
IRF4,hocomoco__IRF8_HUMAN.H11MO.0.B,0.11946706143597335,3.5328526233805104,0.0,1.0,gene is annotated for similar motif hocomoco__IRF4_HUMAN.H11MO.0.A ('IRF4_HUMAN'; q-value = 7.93e-17),"frozenset({'hg38__refseq-r80__500bp_up_and_100bp_down_tss.mc9nr.genes_vs_motifs.rankings', 'activating', 'top50'})","[('RGS1', 0.6128354644518212), ('GZMB', 3.3312372634739176), ('SELPLG', 0.2728919975583357), ('PRF1', 0.2385631091397126), ('IFNG', 0.0542626926717957), ('GNLY', 0.0683615966455161), ('GZMA', 0.0450140750948232), ('IL7R', 0.0096408813682698), ('FCER1G', 0.6669796786042658)]",353
IRF4,dbcorrdb__EP300__ENCSR000DZG_1__m1,0.11481865284974094,3.3291491979172503,0.0,1.0,motif similar to hocomoco__IRF4_HUMAN.H11MO.0.A ('IRF4_HUMAN'; q-value = 1.02e-14) which is directly annotated,"frozenset({'hg38__refseq-r80__500bp_up_and_100bp_down_tss.mc9nr.genes_vs_motifs.rankings', 'activating', 'top50'})","[('RGS1', 0.6128354644518212), ('GZMB', 3.3312372634739176), ('IFNG', 0.0542626926717957), ('PRF1', 0.2385631091397126), ('SELPLG', 0.2728919975583357), ('IL7R', 0.0096408813682698), ('FCER1G', 0.6669796786042658), ('CD63', 0.0175474459974537), ('GNLY', 0.0683615966455161), ('GZMA', 0.0450140750948232), ('SELL', 0.1074355730599874), ('JCHAIN', 11.50644613648733)]",1169
IRF4,dbcorrdb__STAT3__ENCSR000DZV_1__m1,0.13202072538860105,4.082981619536068,0.0,1.0,motif similar to hocomoco__IRF4_HUMAN.H11MO.0.A ('IRF4_HUMAN'; q-value = 8.31e-09) which is directly annotated,"frozenset({'hg38__refseq-r80__500bp_up_and_100bp_down_tss.mc9nr.genes_vs_motifs.rankings', 'activating', 'top50'})","[('SELL', 0.1074355730599874), ('IKZF1', 0.1292254202104535), ('CD247', 0.0510189204201258), ('IFNG', 0.0542626926717957), ('TRIB2', 0.104644344207262), ('ICAM1', 0.6338167953671242), ('CD63', 0.0175474459974537), ('CD74', 1.0527512071173144), ('CD3G', 0.0115266087310999), ('ARL4C', 0.2718428846537779), ('RGS1', 0.6128354644518212)]",1282
IRF4,hocomoco__IRF4_HUMAN.H11MO.0.A,0.11829755736491487,3.4816023985028113,0.0,1.0,gene is directly annotated,"frozenset({'hg38__refseq-r80__500bp_up_and_100bp_down_tss.mc9nr.genes_vs_motifs.rankings', 'activating', 'top50'})","[('IL7R', 0.0096408813682698), ('GZMA', 0.0450140750948232), ('RGS1', 0.6128354644518212), ('FCER1G', 0.6669796786042658), ('TXK', 0.0332963688409211), ('IFNG', 0.0542626926717957), ('SELPLG', 0.2728919975583357), ('CD63', 0.0175474459974537), ('GZMB', 3.3312372634739176), ('SELL', 0.1074355730599874), ('JCHAIN', 11.50644613648733), ('IKZF1', 0.1292254202104535), ('FTH1', 0.0346156759546044), ('KLRF1', 0.0039333658458187), ('CD37', 0.4776483477191633), ('FOSB', 1.1824312050006116), ('BAX', 0.2169157686466808), ('PDIA6', 0.4634578764904513), ('IFNGR1', 0.1086627956683654), ('TRIB2', 0.104644344207262)]",3686
IRF8,dbcorrdb__SPI1__ENCSR000BGW_1__m1,0.1079623559268267,3.24515694303297,0.000126,1.0,motif similar to hocomoco__IRF8_HUMAN.H11MO.0.B ('IRF8_HUMAN'; q-value = 0.000126) which is directly annotated,"frozenset({'hg38__refseq-r80__500bp_up_and_100bp_down_tss.mc9nr.genes_vs_motifs.rankings', 'activating', 'top50'})","[('CCL20', 1.5467354300087754), ('CD74', 2.7877147261704454), ('CD69', 1.0587245878591551), ('RGS1', 0.297169803964077), ('CASP5', 0.3558690508990266), ('TCF4', 15.254893808136444)]",509
IRF8,transfac_pro__M07224,0.1060438979440777,3.1546914309326493,3.8e-05,1.0,motif similar to hocomoco__IRF8_HUMAN.H11MO.0.B ('IRF8_HUMAN'; q-value = 3.82e-05) which is directly annotated,"frozenset({'hg38__refseq-r80__500bp_up_and_100bp_down_tss.mc9nr.genes_vs_motifs.rankings', 'activating', 'top50'})","[('IFNG', 3.4360099113039304), ('RGS1', 0.297169803964077), ('ITGAX', 3.147918254423523), ('FCER1G', 1.7437501722358624), ('CCL3', 1.455803302462535), ('KLRB1', 0.8514295468458268), ('CD69', 1.0587245878591551), ('TCF4', 15.254893808136444), ('TNF', 0.8252060642263412), ('GZMB', 4.643493485131802), ('SELPLG', 0.4335327825880979), ('IFNGR1', 3.1723854969774763), ('CD4', 2.228887856191343), ('FOSB', 3.726041499325771), ('CASP5', 0.3558690508990266), ('RNASE2', 4.061894605636832), ('CCL20', 1.5467354300087754), ('TCL1A', 1.7686373114551217), ('CXCR4', 0.8944342100765471), ('FCGR3A', 1.6177806490061135)]",3462
IRF8,hocomoco__SPIB_MOUSE.H11MO.0.A,0.10651218296348887,3.1767735638075303,0.0,1.0,gene is annotated for similar motif hocomoco__IRF8_HUMAN.H11MO.0.B ('IRF8_HUMAN'; q-value = 2.31e-10),"frozenset({'hg38__refseq-r80__500bp_up_and_100bp_down_tss.mc9nr.genes_vs_motifs.rankings', 'activating', 'top50'})","[('GZMB', 4.643493485131802), ('RGS1', 0.297169803964077), ('SELPLG', 0.4335327825880979), ('CCL3', 1.455803302462535), ('IFNG', 3.4360099113039304), ('FCER1G', 1.7437501722358624), ('ITGAX', 3.147918254423523), ('RNASE2', 4.061894605636832), ('KLRB1', 0.8514295468458268), ('CCL20', 1.5467354300087754), ('TCF4', 15.254893808136444), ('CD69', 1.0587245878591551), ('IFNGR1', 3.1723854969774763), ('CD4', 2.228887856191343), ('HLA-DRA', 1.9735119835113235)]",2124
JUN,dbcorrdb__ATF1__ENCSR000DNZ_1__m2,0.1378978534418949,3.13483568477032,0.00035,1.0,"gene is annotated for similar motif dbcorrdb__JUN__ENCSR000EFS_1__m1 ('JUN (ENCSR000EFS-1, motif 1)'; q-value = 0.00035)","frozenset({'hg38__refseq-r80__500bp_up_and_100bp_down_tss.mc9nr.genes_vs_motifs.rankings', 'activating', 'top50'})","[('BIRC3', 2.222933757885588), ('CXCL5', 1.1589340254167226), ('CD69', 5.097395061742794), ('CCL5', 1.2778005711814258), ('FAM65B', 2.134133583847081), ('ADA', 2.249671779355988), ('CASP5', 1.8471258084875135), ('TBX21', 0.7507872947400774), ('RGS1', 10.22198253660172), ('CD63', 1.03839629944796), ('EGR3', 0.6262683178493476), ('EGR1', 4.716845546349888), ('STAT5A', 4.500617518447674), ('IL18', 1.1184482803239402), ('IL32', 1.2004819140063077)]",1723
JUN,cisbp__M0269,0.1409918578830496,3.247303278267315,0.000316,1.0,motif similar to taipale_cyt_meth__JUN_NATGACGTCAYN_FL ('JUN [bZIP]'; q-value = 0.000316) which is directly annotated,"frozenset({'hg38__refseq-r80__500bp_up_and_100bp_down_tss.mc9nr.genes_vs_motifs.rankings', 'activating', 'top50'})","[('BIRC3', 2.222933757885588), ('CXCL5', 1.1589340254167226), ('CCL5', 1.2778005711814258), ('CD69', 5.097395061742794), ('CD63', 1.03839629944796), ('RGS1', 10.22198253660172), ('FAM65B', 2.134133583847081), ('CASP5', 1.8471258084875135)]",342
JUN,taipale_cyt_meth__CREM_NRTGACGTCAYN_eDBD,0.13891931902294596,3.1719661342980356,0.000181,1.0,motif similar to swissregulon__hs__JUN.p2 ('hs__JUN.p2'; q-value = 0.000181) which is directly annotated,"frozenset({'hg38__refseq-r80__500bp_up_and_100bp_down_tss.mc9nr.genes_vs_motifs.rankings', 'activating', 'top50'})","[('DUSP1', 4.496651575044924), ('BACH2', 2.49749157664123), ('BAX', 1.8003214020601916), ('LAMP1', 2.289344100246005), ('FOSB', 25.19522169227828)]",149
JUN,cisbp__M0346,0.14156920799407846,3.268290054087328,5.4e-05,1.0,"motif similar to cisbp__M4557 ('JUN[gene ID: ""ENSG00000177606"" species: ""Homo sapiens"" TF status: ""direct"" TF family: ""bZIP"" DBDs: ""bZIP_1""]'; q-value = 5.41e-05) which is directly annotated","frozenset({'hg38__refseq-r80__500bp_up_and_100bp_down_tss.mc9nr.genes_vs_motifs.rankings', 'activating', 'top50'})","[('CD36', 0.691997333129158), ('CD28', 1.35669317651925), ('RGS1', 10.22198253660172), ('FCER1G', 0.5495483085973939), ('BIRC3', 2.222933757885588), ('TBX21', 0.7507872947400774), ('CD69', 5.097395061742794), ('GZMA', 1.8354270653343576), ('CD63', 1.03839629944796), ('JUN', 1.0), ('IFNGR1', 4.032493652646585), ('LEF1', 3.0475529569970115)]",1131
JUNB,taipale_cyt_meth__CREB1_NRTGACGTCAYN_eDBD,0.14761552289309507,3.136691937743572,0.000404,1.0,gene is annotated for similar motif transfac_pro__M08921 ('V$JUNBFOSB_02: JUNB:FOSB'; q-value = 0.000404),"frozenset({'hg38__refseq-r80__500bp_up_and_100bp_down_tss.mc9nr.genes_vs_motifs.rankings', 'activating', 'top50'})","[('EGR3', 0.5820185140038524), ('JUN', 4.172183500914485), ('FOXP1', 2.3297113780042955), ('EGR1', 5.241951660171043), ('SELL', 2.402324136922572), ('FOSB', 26.95182739384448), ('BACH2', 1.35258088044004), ('RORA', 1.2533028283065089), ('DUSP1', 5.755738647487208), ('MYC', 3.55401118482114), ('IL18RAP', 0.107857226457727), ('CBLB', 1.580444215039983)]",1390
JUNB,cisbp__M0269,0.1613468481397,3.5929661156390718,0.000316,1.0,motif similar to transfac_pro__M08945 ('V$JUNBFOS_03: JUNB:C-FOS'; q-value = 0.000316) which is directly annotated,"frozenset({'hg38__refseq-r80__500bp_up_and_100bp_down_tss.mc9nr.genes_vs_motifs.rankings', 'activating', 'top50'})","[('DUSP1', 5.755738647487208), ('BACH2', 1.35258088044004), ('BAX', 3.667085245346851), ('LAMP1', 2.665818093261493), ('FOSB', 26.95182739384448), ('FOXP1', 2.3297113780042955), ('EGR1', 5.241951660171043), ('IFNGR1', 1.132903126120285), ('JUN', 4.172183500914485), ('EGR3', 0.5820185140038524)]",793
JUNB,taipale_cyt_meth__ATF2_NRTGAYGTMAYN_FL,0.14460943518784272,3.0368035313616084,5.5e-05,1.0,motif similar to transfac_pro__M08921 ('V$JUNBFOSB_02: JUNB:FOSB'; q-value = 5.48e-05) which is directly annotated,"frozenset({'hg38__refseq-r80__500bp_up_and_100bp_down_tss.mc9nr.genes_vs_motifs.rankings', 'activating', 'top50'})","[('EGR1', 5.241951660171043), ('SELL', 2.402324136922572), ('FOXP1', 2.3297113780042955), ('FOSB', 26.95182739384448), ('EGR3', 0.5820185140038524), ('MYC', 3.55401118482114), ('RORA', 1.2533028283065089), ('BACH2', 1.35258088044004), ('LEF1', 5.944317802560026), ('CBLB', 1.580444215039983), ('DUSP2', 2.578312594950048)]",1010
JUNB,cisbp__M0346,0.15486638770978414,3.3776287973583576,5.4e-05,1.0,motif similar to factorbook__v-JUN ('v-JUN'; q-value = 5.41e-05) which is directly annotated,"frozenset({'hg38__refseq-r80__500bp_up_and_100bp_down_tss.mc9nr.genes_vs_motifs.rankings', 'activating', 'top50'})","[('EGR3', 0.5820185140038524), ('DUSP1', 5.755738647487208), ('LAMP1', 2.665818093261493), ('BAX', 3.667085245346851), ('JUN', 4.172183500914485), ('FOSB', 26.95182739384448), ('FOXP1', 2.3297113780042955), ('EGR1', 5.241951660171043), ('BACH2', 1.35258088044004), ('IFNGR1', 1.132903126120285)]",612
JUNB,taipale_cyt_meth__CREM_NRTGACGTCAYN_eDBD,0.15770630976298736,3.471995734040815,4.8e-05,1.0,motif similar to transfac_pro__M08921 ('V$JUNBFOSB_02: JUNB:FOSB'; q-value = 4.84e-05) which is directly annotated,"frozenset({'hg38__refseq-r80__500bp_up_and_100bp_down_tss.mc9nr.genes_vs_motifs.rankings', 'activating', 'top50'})","[('DUSP1', 5.755738647487208), ('JUN', 4.172183500914485), ('FOSB', 26.95182739384448), ('EGR3', 0.5820185140038524), ('FOXP1', 2.3297113780042955)]",127
JUNB,taipale_cyt_meth__CREB3L4_NRTGACGTCAYN_eDBD,0.1471925557787882,3.122637287599376,1.6e-05,1.0,gene is annotated for similar motif transfac_pro__M08924 ('V$JUNBFRA2_02: JUNB:FRA-2'; q-value = 1.57e-05),"frozenset({'hg38__refseq-r80__500bp_up_and_100bp_down_tss.mc9nr.genes_vs_motifs.rankings', 'activating', 'top50'})","[('RORA', 1.2533028283065089), ('ZBTB16', 0.5149459329456282), ('JUNB', 1.0), ('FOXP1', 2.3297113780042955), ('SELL', 2.402324136922572), ('BACH2', 1.35258088044004), ('MYC', 3.55401118482114), ('EGR3', 0.5820185140038524), ('FOSB', 26.95182739384448), ('EGR1', 5.241951660171043), ('FAM65B', 0.9266004602327332), ('IL23R', 4.239612406320919), ('DUSP1', 5.755738647487208)]",1051
JUNB,cisbp__M0361,0.17104487983202163,3.915219165373848,1.3e-05,1.0,motif similar to transfac_pro__M08927 ('V$JUNB_03: JUNB'; q-value = 1.3e-05) which is directly annotated,"frozenset({'hg38__refseq-r80__500bp_up_and_100bp_down_tss.mc9nr.genes_vs_motifs.rankings', 'activating', 'top50'})","[('FOXP1', 2.3297113780042955), ('BACH2', 1.35258088044004), ('JUNB', 1.0), ('RORA', 1.2533028283065089), ('ZBTB16', 0.5149459329456282), ('MYC', 3.55401118482114), ('SELL', 2.402324136922572), ('EGR3', 0.5820185140038524), ('CD2', 1.349962091566316), ('FAM65B', 0.9266004602327332)]",921
MYC,dbcorrdb__ATF3__ENCSR000BKE_1__m1,0.16937083641746853,3.5895984879454614,1e-06,1.0,"gene is annotated for similar motif dbcorrdb__MYC__ENCSR000DLZ_1__m1 ('MYC (ENCSR000DLZ-1, motif 1)'; q-value = 5.61e-07)","frozenset({'hg38__refseq-r80__500bp_up_and_100bp_down_tss.mc9nr.genes_vs_motifs.rankings', 'activating', 'top50'})","[('SELL', 2.0408028628720523), ('FOXP1', 0.980678339291446), ('CCND2', 0.8891218358965267), ('FOSB', 7.802748850498327), ('EGR3', 1.8973272801947028), ('TRIB2', 1.9922205978293897), ('ARL4C', 0.672851631872843), ('JUN', 2.0092581749730782), ('CD9', 17.668216475170944), ('JUNB', 2.1258968142070107), ('ADA', 1.843451049601472), ('EGR1', 2.5041282228257256), ('PDIA6', 2.89308750344521), ('LEF1', 3.848866209634302), ('FOXO1', 2.81380342063384), ('KIT', 1.688932207373536), ('GAPDH', 2.670793533039198), ('BCL6', 0.8732363115737566), ('MYC', 1.0)]",2629
MYC,dbcorrdb__ATF3__ENCSR000BKC_1__m1,0.1623538119911177,3.367181524994525,0.0,1.0,"gene is annotated for similar motif dbcorrdb__MYC__ENCSR000EGS_1__m1 ('MYC (ENCSR000EGS-1, motif 1)'; q-value = 1.08e-07)","frozenset({'hg38__refseq-r80__500bp_up_and_100bp_down_tss.mc9nr.genes_vs_motifs.rankings', 'activating', 'top50'})","[('FOXP1', 0.980678339291446), ('EGR1', 2.5041282228257256), ('TRIB2', 1.9922205978293897), ('FOSB', 7.802748850498327), ('MYC', 1.0), ('ARL4C', 0.672851631872843), ('SELL', 2.0408028628720523), ('ADA', 1.843451049601472), ('EGR3', 1.8973272801947028), ('LEF1', 3.848866209634302), ('GAPDH', 2.670793533039198), ('CD9', 17.668216475170944), ('CCND2', 0.8891218358965267), ('PDIA6', 2.89308750344521), ('DUSP2', 1.0676204542792618), ('XBP1', 1.4487249709636056), ('RPN2', 2.244596954156155), ('KIT', 1.688932207373536), ('BCL6', 0.8732363115737566), ('CXCL1', 0.6861078396459808)]",3156
PAX5,homer__AGAGGAAGTG_PU.1,0.14599207558671137,3.3457668765132684,0.000207,1.0,"gene is annotated for similar motif dbcorrdb__PAX5__ENCSR000BHJ_1__m2 ('PAX5 (ENCSR000BHJ-1, motif 2)'; q-value = 0.000207)","frozenset({'hg38__refseq-r80__500bp_up_and_100bp_down_tss.mc9nr.genes_vs_motifs.rankings', 'activating', 'top50'})","[('HLA-DQB1', 4.5401943251978), ('CD74', 7.316501843352915), ('HLA-DPA1', 4.483759717617293)]",469
PAX5,dbcorrdb__STAT3__ENCSR000DZV_1__m1,0.24186876823268166,6.170592886701524,7.9e-05,1.0,"motif similar to dbcorrdb__PAX5__ENCSR000BHJ_1__m2 ('PAX5 (ENCSR000BHJ-1, motif 2)'; q-value = 7.9e-05) which is directly annotated","frozenset({'hg38__refseq-r80__500bp_up_and_100bp_down_tss.mc9nr.genes_vs_motifs.rankings', 'activating', 'top50'})","[('POU2AF1', 15.678023312639828), ('LYN', 3.008382352156067), ('EGR1', 0.0048050389163295)]",190
PAX5,dbcorrdb__TBL1XR1__ENCSR000DYZ_1__m1,0.18034571341489963,4.35793205455075,2.4e-05,1.0,"gene is annotated for similar motif dbcorrdb__PAX5__ENCSR000BHJ_1__m2 ('PAX5 (ENCSR000BHJ-1, motif 2)'; q-value = 2.41e-05)","frozenset({'hg38__refseq-r80__500bp_up_and_100bp_down_tss.mc9nr.genes_vs_motifs.rankings', 'activating', 'top50'})","[('CCR7', 0.0089044991298462), ('HLA-DQB1', 4.5401943251978), ('CD22', 8.564556011911867)]",338
PAX5,cisbp__M4489,0.18038925414725476,4.35921490015029,2e-06,1.0,"gene is annotated for similar motif dbcorrdb__PAX5__ENCSR000BHJ_1__m2 ('PAX5 (ENCSR000BHJ-1, motif 2)'; q-value = 1.72e-06)","frozenset({'hg38__refseq-r80__500bp_up_and_100bp_down_tss.mc9nr.genes_vs_motifs.rankings', 'activating', 'top50'})","[('IL23R', 0.00388597231923), ('CD48', 0.0450368269964571), ('POU2AF1', 15.678023312639828), ('CCR7', 0.0089044991298462)]",1093
PAX5,factorbook__PU1,0.1991117690599556,4.91083850795272,0.0,1.0,"gene is annotated for similar motif dbcorrdb__PAX5__ENCSR000BHJ_1__m2 ('PAX5 (ENCSR000BHJ-1, motif 2)'; q-value = 6.12e-08)","frozenset({'hg38__refseq-r80__500bp_up_and_100bp_down_tss.mc9nr.genes_vs_motifs.rankings', 'activating', 'top50'})","[('CD74', 7.316501843352915), ('HLA-DQB1', 4.5401943251978), ('EGR1', 0.0048050389163295), ('PTPRC', 0.0093030578980687), ('DUSP2', 0.0059353845027215), ('LYN', 3.008382352156067), ('CCR7', 0.0089044991298462), ('MS4A1', 12.932971432259638)]",3770
PAX5,dbcorrdb__PAX5__ENCSR000BHJ_1__m2,0.21073714459877216,5.2533582830300425,0.0,1.0,gene is directly annotated,"frozenset({'hg38__refseq-r80__500bp_up_and_100bp_down_tss.mc9nr.genes_vs_motifs.rankings', 'activating', 'top50'})","[('EGR1', 0.0048050389163295), ('PAX5', 1.0), ('MS4A1', 12.932971432259638)]",483
PAX5,dbcorrdb__EP300__ENCSR000DZG_1__m1,0.16131841337571298,3.797328527551536,0.0,1.0,"motif similar to dbcorrdb__PAX5__ENCSR000BHJ_1__m2 ('PAX5 (ENCSR000BHJ-1, motif 2)'; q-value = 1.09e-07) which is directly annotated","frozenset({'hg38__refseq-r80__500bp_up_and_100bp_down_tss.mc9nr.genes_vs_motifs.rankings', 'activating', 'top50'})","[('PTPRC', 0.0093030578980687), ('MS4A1', 12.932971432259638), ('EGR1', 0.0048050389163295), ('CCR7', 0.0089044991298462), ('LYN', 3.008382352156067)]",923
PAX5,hocomoco__IRF4_HUMAN.H11MO.0.A,0.144381068489572,3.2983015893302685,0.0,1.0,"gene is annotated for similar motif dbcorrdb__PAX5__ENCSR000BHJ_1__m2 ('PAX5 (ENCSR000BHJ-1, motif 2)'; q-value = 9.33e-08)","frozenset({'hg38__refseq-r80__500bp_up_and_100bp_down_tss.mc9nr.genes_vs_motifs.rankings', 'activating', 'top50'})","[('MS4A1', 12.932971432259638), ('PAX5', 1.0)]",109
PRDM1,hocomoco__IRF4_HUMAN.H11MO.0.A,0.10492605628483814,3.328046570989909,0.000889,1.0,motif similar to transfac_pro__M07314 ('V$BLIMP1_Q4: Blimp-1'; q-value = 0.000889) which is directly annotated,"frozenset({'hg38__refseq-r80__500bp_up_and_100bp_down_tss.mc9nr.genes_vs_motifs.rankings', 'activating', 'top50'})","[('PIK3AP1', 0.5515858494521948), ('CD86', 10.26189586019786), ('BCL2A1', 5.9094048004141015), ('CD2', 0.0332217801024872), ('CD74', 0.999913464516904), ('IL1B', 2.822658684291884), ('PRDM1', 1.0), ('CD14', 4.163542048767112), ('S100A9', 6.980199366144781), ('IL23R', 0.008025022451211), ('IL7R', 0.0062303558404869), ('ICOS', 0.066153070203476)]",1261
PRDM1,dbcorrdb__FOXM1__ENCSR000BRU_1__m3,0.1161800027190743,3.8164439209724916,0.000625,1.0,motif similar to hocomoco__PRDM1_HUMAN.H11MO.0.A ('PRDM1_HUMAN'; q-value = 0.000625) which is directly annotated,"frozenset({'hg38__refseq-r80__500bp_up_and_100bp_down_tss.mc9nr.genes_vs_motifs.rankings', 'activating', 'top50'})","[('AQP9', 8.075275439496279), ('FYN', 0.0425044521895956), ('S100A9', 6.980199366144781), ('FAM65B', 0.0369740690267168), ('IL1B', 2.822658684291884), ('GAPDH', 0.7568925992769153), ('KLRC1', 0.080359518098578), ('S100A12', 5.461367431352686), ('FCN1', 8.078429514361677)]",1050
PRDM1,dbcorrdb__SPI1__ENCSR000BGQ_1__m1,0.10879318418707232,3.4958717006483537,0.000418,1.0,"motif similar to dbcorrdb__PRDM1__ENCSR000ECY_1__m1 ('PRDM1 (ENCSR000ECY-1, motif 1)'; q-value = 0.000418) which is directly annotated","frozenset({'hg38__refseq-r80__500bp_up_and_100bp_down_tss.mc9nr.genes_vs_motifs.rankings', 'activating', 'top50'})","[('AQP9', 8.075275439496279), ('FYN', 0.0425044521895956), ('S100A9', 6.980199366144781), ('IL1B', 2.822658684291884), ('KLRC1', 0.080359518098578), ('GAPDH', 0.7568925992769153), ('FAM65B', 0.0369740690267168), ('S100A12', 5.461367431352686), ('PRDM1', 1.0), ('FCN1', 8.078429514361677)]",1546
PRDM1,cisbp__M6310,0.103279505732715,3.256589777502524,0.000361,1.0,"motif similar to dbcorrdb__PRDM1__ENCSR000ECY_1__m1 ('PRDM1 (ENCSR000ECY-1, motif 1)'; q-value = 0.000361) which is directly annotated","frozenset({'hg38__refseq-r80__500bp_up_and_100bp_down_tss.mc9nr.genes_vs_motifs.rankings', 'activating', 'top50'})","[('CD86', 10.26189586019786), ('CCL5', 0.2330388359654135), ('FAM65B', 0.0369740690267168), ('CD74', 0.999913464516904), ('IL23R', 0.008025022451211), ('S100A9', 6.980199366144781), ('CXCL8', 6.704933325213734), ('IL1B', 2.822658684291884)]",981
PRDM1,cisbp__M4489,0.12657290895632864,4.267473956929561,0.000341,1.0,gene is annotated for similar motif transfac_pro__M01066 ('V$BLIMP1_Q6: Blimp-1'; q-value = 0.000341),"frozenset({'hg38__refseq-r80__500bp_up_and_100bp_down_tss.mc9nr.genes_vs_motifs.rankings', 'activating', 'top50'})","[('CD86', 10.26189586019786), ('CCL5', 0.2330388359654135), ('CD74', 0.999913464516904), ('S100A9', 6.980199366144781), ('FAM65B', 0.0369740690267168), ('IL23R', 0.008025022451211)]",394
RUNX3,dbcorrdb__BCL11A__ENCSR000BHA_1__m2,0.1355585010242198,3.8248166495641085,0.000684,1.0,"gene is annotated for similar motif dbcorrdb__RUNX3__ENCSR000BRI_1__m1 ('RUNX3 (ENCSR000BRI-1, motif 1)'; q-value = 0.000684)","frozenset({'hg38__refseq-r80__500bp_up_and_100bp_down_tss.mc9nr.genes_vs_motifs.rankings', 'activating', 'top50'})","[('BTG1', 20.91471765839055), ('CD27', 4.936857426283583), ('TCF4', 0.7361647144361116), ('CCL4', 7.532410443440303), ('CCL5', 14.558459636518611), ('CNOT2', 8.164733423771606), ('GNLY', 14.386837038281854), ('KIT', 0.6679094565619422), ('CD38', 0.5109123838072221), ('TNF', 1.4203832628281816), ('IGBP1', 0.6955126605134446), ('ARL4C', 9.543605372824654)]",2084
RUNX3,dbcorrdb__IKZF1__ENCSR000EUJ_1__m2,0.1458695539910144,4.2520072896235215,0.000552,1.0,gene is annotated for similar motif hocomoco__RUNX3_HUMAN.H11MO.0.A ('RUNX3_HUMAN'; q-value = 0.000552),"frozenset({'hg38__refseq-r80__500bp_up_and_100bp_down_tss.mc9nr.genes_vs_motifs.rankings', 'activating', 'top50'})","[('TCF4', 0.7361647144361116), ('IFITM3', 8.501027037321089), ('CCL5', 14.558459636518611), ('CCL4', 7.532410443440303), ('RUNX3', 1.0), ('IFITM2', 10.24070128696414)]",322
RUNX3,dbcorrdb__STAT3__ENCSR000DZV_1__m3,0.12652126762260513,3.4504008131180446,0.000552,1.0,gene is annotated for similar motif hocomoco__RUNX3_HUMAN.H11MO.0.A ('RUNX3_HUMAN'; q-value = 0.000552),"frozenset({'hg38__refseq-r80__500bp_up_and_100bp_down_tss.mc9nr.genes_vs_motifs.rankings', 'activating', 'top50'})","[('RUNX3', 1.0), ('AQP9', 1.1692925391474482), ('IL18RAP', 9.72676848163027), ('ITGB2', 8.330941450216926), ('KLRB1', 15.90656227314716), ('TBX21', 14.812415285894456), ('NKG7', 17.284351225940124), ('GNLY', 14.386837038281854), ('GZMH', 11.142501120298592), ('TCF4', 0.7361647144361116), ('TNF', 1.4203832628281816), ('CD247', 7.670817219471713), ('SELPLG', 6.917814815958706), ('IFNGR1', 6.648123456102952)]",1120
RUNX3,dbcorrdb__EP300__ENCSR000DZD_1__m2,0.15549205584149553,4.650671008810853,0.00041,1.0,gene is annotated for similar motif transfac_pro__M08866 ('V$AML_Q4: AML'; q-value = 0.00041),"frozenset({'hg38__refseq-r80__500bp_up_and_100bp_down_tss.mc9nr.genes_vs_motifs.rankings', 'activating', 'top50'})","[('SELPLG', 6.917814815958706), ('RUNX3', 1.0), ('AQP9', 1.1692925391474482), ('ITGB2', 8.330941450216926), ('IL18RAP', 9.72676848163027), ('GNLY', 14.386837038281854), ('TBX21', 14.812415285894456), ('GZMH', 11.142501120298592), ('KLRB1', 15.90656227314716), ('NKG7', 17.284351225940124), ('CST7', 11.38729295156492), ('TCF4', 0.7361647144361116), ('IFNGR1', 6.648123456102952)]",1629
RUNX3,transfac_pro__M01658,0.12831150052502022,3.524570807385455,0.000387,1.0,gene is annotated for similar motif transfac_pro__M08866 ('V$AML_Q4: AML'; q-value = 0.000387),"frozenset({'hg38__refseq-r80__500bp_up_and_100bp_down_tss.mc9nr.genes_vs_motifs.rankings', 'activating', 'top50'})","[('IL18RAP', 9.72676848163027), ('AQP9', 1.1692925391474482), ('ITGB2', 8.330941450216926), ('CCL4', 7.532410443440303), ('GNLY', 14.386837038281854), ('DUSP2', 6.95470434715281), ('RUNX3', 1.0), ('GZMH', 11.142501120298592), ('TNF', 1.4203832628281816), ('KLRB1', 15.90656227314716), ('CNOT2', 8.164733423771606)]",1576
RUNX3,cisbp__M6458,0.1823283355998141,5.762507749800212,0.000387,1.0,gene is annotated for similar motif transfac_pro__M08866 ('V$AML_Q4: AML'; q-value = 0.000387),"frozenset({'hg38__refseq-r80__500bp_up_and_100bp_down_tss.mc9nr.genes_vs_motifs.rankings', 'activating', 'top50'})","[('AQP9', 1.1692925391474482), ('RUNX3', 1.0), ('GZMH', 11.142501120298592), ('NKG7', 17.284351225940124), ('TCF4', 0.7361647144361116), ('IL18RAP', 9.72676848163027), ('CST7', 11.38729295156492), ('TIAF1', 1.096394612222511), ('SELPLG', 6.917814815958706)]",1022
RUNX3,transfac_pro__M08865,0.1415488957361472,4.073000861151213,0.000355,1.0,gene is annotated for similar motif transfac_pro__M08866 ('V$AML_Q4: AML'; q-value = 0.000355),"frozenset({'hg38__refseq-r80__500bp_up_and_100bp_down_tss.mc9nr.genes_vs_motifs.rankings', 'activating', 'top50'})","[('RUNX3', 1.0), ('IFNGR1', 6.648123456102952), ('TBX21', 14.812415285894456), ('CST7', 11.38729295156492), ('ITGAM', 16.92086703861454), ('TCF4', 0.7361647144361116), ('GZMH', 11.142501120298592), ('SELPLG', 6.917814815958706), ('GNLY', 14.386837038281854), ('CD247', 7.670817219471713), ('CD27', 4.936857426283583)]",1295
RUNX3,dbcorrdb__NFATC1__ENCSR000BQL_1__m3,0.12653848140051296,3.4511139861398465,0.000246,1.0,gene is annotated for similar motif hocomoco__RUNX3_HUMAN.H11MO.0.A ('RUNX3_HUMAN'; q-value = 0.000246),"frozenset({'hg38__refseq-r80__500bp_up_and_100bp_down_tss.mc9nr.genes_vs_motifs.rankings', 'activating', 'top50'})","[('RUNX3', 1.0), ('AQP9', 1.1692925391474482), ('SELPLG', 6.917814815958706), ('NKG7', 17.284351225940124), ('GZMH', 11.142501120298592), ('IL18RAP', 9.72676848163027), ('GNLY', 14.386837038281854), ('CST7', 11.38729295156492), ('KLRB1', 15.90656227314716), ('ITGB2', 8.330941450216926)]",1157
RUNX3,dbcorrdb__TBL1XR1__ENCSR000DYZ_1__m2,0.14893360645860948,4.378952087504283,0.000232,1.0,motif similar to hocomoco__RUNX3_HUMAN.H11MO.0.A ('RUNX3_HUMAN'; q-value = 0.000232) which is directly annotated,"frozenset({'hg38__refseq-r80__500bp_up_and_100bp_down_tss.mc9nr.genes_vs_motifs.rankings', 'activating', 'top50'})","[('LAMP1', 6.0523169010772015), ('RUNX3', 1.0), ('TCF4', 0.7361647144361116), ('DUSP2', 6.95470434715281), ('CNOT2', 8.164733423771606)]",279
RUNX3,cisbp__M6457,0.123147367152669,3.310618900844848,0.000107,1.0,"gene is annotated for similar motif dbcorrdb__RUNX3__ENCSR000BRI_1__m1 ('RUNX3 (ENCSR000BRI-1, motif 1)'; q-value = 0.000107)","frozenset({'hg38__refseq-r80__500bp_up_and_100bp_down_tss.mc9nr.genes_vs_motifs.rankings', 'activating', 'top50'})","[('RUNX3', 1.0), ('FCGR3A', 16.067981960827332), ('HLA-A', 19.34919455565949), ('TNF', 1.4203832628281816), ('NKG7', 17.284351225940124), ('AQP9', 1.1692925391474482), ('IL32', 1.3741137526110294), ('TCF4', 0.7361647144361116), ('IL2RB', 15.587399841423366)]",751
RUNX3,transfac_pro__M07242,0.13982751794536347,4.001683558971011,0.0001,1.0,gene is annotated for similar motif transfac_pro__M08866 ('V$AML_Q4: AML'; q-value = 9.99e-05),"frozenset({'hg38__refseq-r80__500bp_up_and_100bp_down_tss.mc9nr.genes_vs_motifs.rankings', 'activating', 'top50'})","[('TNF', 1.4203832628281816), ('CCL4', 7.532410443440303), ('RUNX3', 1.0), ('TCF4', 0.7361647144361116)]",217
RUNX3,transfac_pro__M07276,0.1732738884202916,5.387378740332346,0.0001,1.0,gene is annotated for similar motif transfac_pro__M08866 ('V$AML_Q4: AML'; q-value = 9.99e-05),"frozenset({'hg38__refseq-r80__500bp_up_and_100bp_down_tss.mc9nr.genes_vs_motifs.rankings', 'activating', 'top50'})","[('SELPLG', 6.917814815958706), ('RUNX3', 1.0), ('AQP9', 1.1692925391474482), ('IL18RAP', 9.72676848163027), ('GZMH', 11.142501120298592), ('KLRB1', 15.90656227314716), ('GNLY', 14.386837038281854), ('CD27', 4.936857426283583), ('NKG7', 17.284351225940124), ('KLRF1', 15.510739356634836), ('CST7', 11.38729295156492), ('DUSP2', 6.95470434715281)]",1512
RUNX3,dbcorrdb__CEBPB__ENCSR000BRX_1__m2,0.14688516688757683,4.294084497909842,8.3e-05,1.0,"gene is annotated for similar motif dbcorrdb__RUNX3__ENCSR000BRI_1__m1 ('RUNX3 (ENCSR000BRI-1, motif 1)'; q-value = 8.27e-05)","frozenset({'hg38__refseq-r80__500bp_up_and_100bp_down_tss.mc9nr.genes_vs_motifs.rankings', 'activating', 'top50'})","[('LAMP1', 6.0523169010772015), ('TCF4', 0.7361647144361116), ('DUSP1', 3.754650860891072), ('RUNX3', 1.0), ('FYN', 7.761294264397453)]",320
RUNX3,factorbook__RUNX1,0.1354207908009571,3.8191112653896924,7e-05,1.0,gene is annotated for similar motif hocomoco__RUNX3_HUMAN.H11MO.0.A ('RUNX3_HUMAN'; q-value = 6.99e-05),"frozenset({'hg38__refseq-r80__500bp_up_and_100bp_down_tss.mc9nr.genes_vs_motifs.rankings', 'activating', 'top50'})","[('IFITM2', 10.24070128696414), ('IFITM3', 8.501027037321089), ('GZMH', 11.142501120298592), ('TCF4', 0.7361647144361116)]",171
RUNX3,dbcorrdb__NFIC__ENCSR000BRN_1__m2,0.13230509699963852,3.690026948443526,6.9e-05,1.0,"gene is annotated for similar motif dbcorrdb__RUNX3__ENCSR000BRI_1__m1 ('RUNX3 (ENCSR000BRI-1, motif 1)'; q-value = 6.94e-05)","frozenset({'hg38__refseq-r80__500bp_up_and_100bp_down_tss.mc9nr.genes_vs_motifs.rankings', 'activating', 'top50'})","[('AQP9', 1.1692925391474482), ('NKG7', 17.284351225940124), ('ITGB2', 8.330941450216926), ('SELPLG', 6.917814815958706), ('IFITM3', 8.501027037321089), ('TCF4', 0.7361647144361116), ('RUNX3', 1.0), ('IFITM2', 10.24070128696414), ('CST7', 11.38729295156492), ('KIT', 0.6679094565619422)]",915
RUNX3,hocomoco__RUNX2_MOUSE.H11MO.0.A,0.16902208527705576,5.211225003947246,6.4e-05,1.0,gene is annotated for similar motif hocomoco__RUNX3_HUMAN.H11MO.0.A ('RUNX3_HUMAN'; q-value = 6.41e-05),"frozenset({'hg38__refseq-r80__500bp_up_and_100bp_down_tss.mc9nr.genes_vs_motifs.rankings', 'activating', 'top50'})","[('IFITM3', 8.501027037321089), ('TCF4', 0.7361647144361116), ('CCL5', 14.558459636518611), ('CCL4', 7.532410443440303), ('IFITM2', 10.24070128696414), ('TNF', 1.4203832628281816), ('HLA-A', 19.34919455565949)]",557
RUNX3,dbcorrdb__STAT5A__ENCSR000BQZ_1__m2,0.13053207787513124,3.616570127197916,3.1e-05,1.0,gene is annotated for similar motif hocomoco__RUNX3_HUMAN.H11MO.0.A ('RUNX3_HUMAN'; q-value = 3.1e-05),"frozenset({'hg38__refseq-r80__500bp_up_and_100bp_down_tss.mc9nr.genes_vs_motifs.rankings', 'activating', 'top50'})","[('CXCR4', 17.94826753228145), ('TCF4', 0.7361647144361116), ('CST7', 11.38729295156492), ('AQP9', 1.1692925391474482), ('RUNX3', 1.0), ('DUSP1', 3.754650860891072), ('SELPLG', 6.917814815958706), ('CD247', 7.670817219471713), ('CD27', 4.936857426283583), ('GNLY', 14.386837038281854), ('CNOT2', 8.164733423771606), ('GZMH', 11.142501120298592), ('NKG7', 17.284351225940124), ('IL18RAP', 9.72676848163027), ('TNF', 1.4203832628281816)]",1697
RUNX3,dbcorrdb__MTA3__ENCSR000BRH_1__m2,0.15036235002495998,4.4381454483138505,2.7e-05,1.0,"motif similar to dbcorrdb__RUNX3__ENCSR000BRI_1__m1 ('RUNX3 (ENCSR000BRI-1, motif 1)'; q-value = 2.67e-05) which is directly annotated","frozenset({'hg38__refseq-r80__500bp_up_and_100bp_down_tss.mc9nr.genes_vs_motifs.rankings', 'activating', 'top50'})","[('CXCR4', 17.94826753228145), ('TCF4', 0.7361647144361116), ('CST7', 11.38729295156492), ('DUSP1', 3.754650860891072), ('RUNX3', 1.0), ('SELPLG', 6.917814815958706), ('CD247', 7.670817219471713), ('CNOT2', 8.164733423771606), ('AQP9', 1.1692925391474482), ('CD27', 4.936857426283583), ('GZMH', 11.142501120298592), ('IFNGR1', 6.648123456102952), ('IL18RAP', 9.72676848163027), ('IL32', 1.3741137526110294), ('FCGR3A', 16.067981960827332), ('GNLY', 14.386837038281854)]",1974
RUNX3,hocomoco__PEBB_HUMAN.H11MO.0.C,0.12282030537242009,3.2970686134306093,1e-05,1.0,"motif similar to dbcorrdb__RUNX3__ENCSR000BRI_1__m1 ('RUNX3 (ENCSR000BRI-1, motif 1)'; q-value = 1.02e-05) which is directly annotated","frozenset({'hg38__refseq-r80__500bp_up_and_100bp_down_tss.mc9nr.genes_vs_motifs.rankings', 'activating', 'top50'})","[('RUNX3', 1.0), ('AQP9', 1.1692925391474482), ('IL18RAP', 9.72676848163027), ('SELPLG', 6.917814815958706), ('GZMH', 11.142501120298592), ('NKG7', 17.284351225940124), ('TCF4', 0.7361647144361116), ('GNLY', 14.386837038281854), ('CCL4', 7.532410443440303), ('TBX21', 14.812415285894456), ('IFNGR1', 6.648123456102952), ('CNOT2', 8.164733423771606), ('CST7', 11.38729295156492), ('KLRB1', 15.90656227314716), ('FCGR3A', 16.067981960827332), ('TNF', 1.4203832628281816), ('CD27', 4.936857426283583)]",2937
RUNX3,hocomoco__RUNX1_MOUSE.H11MO.0.A,0.14208252285129017,4.095109224827076,4e-06,1.0,motif similar to hocomoco__RUNX3_HUMAN.H11MO.0.A ('RUNX3_HUMAN'; q-value = 4.31e-06) which is directly annotated,"frozenset({'hg38__refseq-r80__500bp_up_and_100bp_down_tss.mc9nr.genes_vs_motifs.rankings', 'activating', 'top50'})","[('KLRB1', 15.90656227314716), ('IL18RAP', 9.72676848163027), ('CCL4', 7.532410443440303), ('TCF4', 0.7361647144361116), ('AQP9', 1.1692925391474482), ('NKG7', 17.284351225940124), ('CD247', 7.670817219471713), ('DUSP1', 3.754650860891072), ('GZMH', 11.142501120298592), ('FYN', 7.761294264397453), ('RUNX3', 1.0), ('CD27', 4.936857426283583)]",1572
RUNX3,hocomoco__RUNX2_HUMAN.H11MO.0.A,0.17301568175167403,5.376681145005316,3e-06,1.0,"gene is annotated for similar motif dbcorrdb__RUNX3__ENCSR000BRI_1__m1 ('RUNX3 (ENCSR000BRI-1, motif 1)'; q-value = 2.93e-06)","frozenset({'hg38__refseq-r80__500bp_up_and_100bp_down_tss.mc9nr.genes_vs_motifs.rankings', 'activating', 'top50'})","[('NKG7', 17.284351225940124), ('RUNX3', 1.0), ('ITGAM', 16.92086703861454), ('TBX21', 14.812415285894456), ('SELPLG', 6.917814815958706), ('GZMH', 11.142501120298592), ('TIAF1', 1.096394612222511), ('TCF4', 0.7361647144361116)]",888
RUNX3,transfac_pro__M07124,0.16817861015957172,5.176279525878947,1e-06,1.0,gene is annotated for similar motif hocomoco__RUNX3_HUMAN.H11MO.0.A ('RUNX3_HUMAN'; q-value = 7.6e-07),"frozenset({'hg38__refseq-r80__500bp_up_and_100bp_down_tss.mc9nr.genes_vs_motifs.rankings', 'activating', 'top50'})","[('NKG7', 17.284351225940124), ('RUNX3', 1.0), ('FYN', 7.761294264397453), ('IFITM2', 10.24070128696414), ('CD247', 7.670817219471713), ('IFITM3', 8.501027037321089), ('IFNGR1', 6.648123456102952), ('GZMH', 11.142501120298592), ('TCF4', 0.7361647144361116)]",1216
RUNX3,cisbp__M1837,0.16805811371421686,5.1712873147263325,1e-06,1.0,gene is annotated for similar motif hocomoco__RUNX3_HUMAN.H11MO.0.A ('RUNX3_HUMAN'; q-value = 1.29e-06),"frozenset({'hg38__refseq-r80__500bp_up_and_100bp_down_tss.mc9nr.genes_vs_motifs.rankings', 'activating', 'top50'})","[('CCL5', 14.558459636518611), ('CCL4', 7.532410443440303), ('TCF4', 0.7361647144361116), ('HLA-A', 19.34919455565949), ('IL18RAP', 9.72676848163027), ('TBX21', 14.812415285894456)]",439
RUNX3,jaspar__MA0002.2,0.16606131547690772,5.088559244197298,1e-06,1.0,gene is annotated for similar motif hocomoco__RUNX3_HUMAN.H11MO.0.A ('RUNX3_HUMAN'; q-value = 1.29e-06),"frozenset({'hg38__refseq-r80__500bp_up_and_100bp_down_tss.mc9nr.genes_vs_motifs.rankings', 'activating', 'top50'})","[('TCF4', 0.7361647144361116), ('TNF', 1.4203832628281816), ('RUNX3', 1.0), ('BTG1', 20.91471765839055), ('CNOT2', 8.164733423771606), ('CST7', 11.38729295156492), ('KLRB1', 15.90656227314716), ('AQP9', 1.1692925391474482), ('KLRF1', 15.510739356634836), ('IL2RB', 15.587399841423366), ('IFITM3', 8.501027037321089), ('CD38', 0.5109123838072221), ('CPA3', 0.8325644425823276), ('IL18RAP', 9.72676848163027), ('CD247', 7.670817219471713), ('GZMH', 11.142501120298592), ('FYN', 7.761294264397453), ('LAMP1', 6.0523169010772015), ('CXCR4', 17.94826753228145), ('CCL4', 7.532410443440303), ('FCGR3A', 16.067981960827332), ('KIT', 0.6679094565619422)]",4312
RUNX3,cisbp__M2310,0.16124145766271322,4.8888707980927295,1e-06,1.0,gene is annotated for similar motif hocomoco__RUNX3_HUMAN.H11MO.0.A ('RUNX3_HUMAN'; q-value = 7.6e-07),"frozenset({'hg38__refseq-r80__500bp_up_and_100bp_down_tss.mc9nr.genes_vs_motifs.rankings', 'activating', 'top50'})","[('FYN', 7.761294264397453), ('DUSP2', 6.95470434715281), ('TCF4', 0.7361647144361116), ('IFITM3', 8.501027037321089), ('CD247', 7.670817219471713), ('CCL4', 7.532410443440303), ('CNOT2', 8.164733423771606), ('IFITM2', 10.24070128696414), ('CD38', 0.5109123838072221)]",955
RUNX3,hocomoco__RUNX3_MOUSE.H11MO.0.A,0.16953849861429088,5.2326201946013065,0.0,0.92435,motif is annotated for orthologous gene ENSMUSG00000070691 in M. musculus (identity = 92%),"frozenset({'hg38__refseq-r80__500bp_up_and_100bp_down_tss.mc9nr.genes_vs_motifs.rankings', 'activating', 'top50'})","[('TBX21', 14.812415285894456), ('CCL4', 7.532410443440303), ('IL2RB', 15.587399841423366), ('CXCR4', 17.94826753228145), ('AQP9', 1.1692925391474482), ('KIT', 0.6679094565619422), ('CD38', 0.5109123838072221), ('TCF4', 0.7361647144361116)]",831
RUNX3,transfac_pro__M00984,0.12979188542509423,3.585903687260429,0.0,1.0,gene is directly annotated,"frozenset({'hg38__refseq-r80__500bp_up_and_100bp_down_tss.mc9nr.genes_vs_motifs.rankings', 'activating', 'top50'})","[('TCF4', 0.7361647144361116), ('TNF', 1.4203832628281816), ('CD38', 0.5109123838072221), ('CCL5', 14.558459636518611), ('AQP9', 1.1692925391474482), ('HLA-A', 19.34919455565949), ('CXCR4', 17.94826753228145)]",747
RUNX3,transfac_pro__M07372,0.1429776393024977,4.132194221960781,0.0,1.0,gene is directly annotated,"frozenset({'hg38__refseq-r80__500bp_up_and_100bp_down_tss.mc9nr.genes_vs_motifs.rankings', 'activating', 'top50'})","[('RUNX3', 1.0), ('AQP9', 1.1692925391474482), ('IL18RAP', 9.72676848163027), ('SELPLG', 6.917814815958706), ('NKG7', 17.284351225940124), ('KLRB1', 15.90656227314716), ('TBX21', 14.812415285894456), ('TCF4', 0.7361647144361116), ('CNOT2', 8.164733423771606), ('TNF', 1.4203832628281816), ('GZMH', 11.142501120298592), ('CXCR4', 17.94826753228145), ('CD247', 7.670817219471713), ('IFNGR1', 6.648123456102952), ('GNLY', 14.386837038281854), ('CST7', 11.38729295156492), ('FCGR3A', 16.067981960827332)]",2153
RUNX3,transfac_pro__M01854,0.15941679720448246,4.8132744577817155,0.0,1.0,gene is directly annotated,"frozenset({'hg38__refseq-r80__500bp_up_and_100bp_down_tss.mc9nr.genes_vs_motifs.rankings', 'activating', 'top50'})","[('CCL4', 7.532410443440303), ('FYN', 7.761294264397453), ('TCF4', 0.7361647144361116), ('CD247', 7.670817219471713), ('IFITM3', 8.501027037321089), ('CCL5', 14.558459636518611), ('GZMH', 11.142501120298592), ('TNF', 1.4203832628281816)]",987
RUNX3,transfac_pro__M01759,0.11755288933262183,3.078837668759189,0.0,1.0,gene is directly annotated,"frozenset({'hg38__refseq-r80__500bp_up_and_100bp_down_tss.mc9nr.genes_vs_motifs.rankings', 'activating', 'top50'})","[('RUNX3', 1.0), ('IL18RAP', 9.72676848163027), ('AQP9', 1.1692925391474482), ('CD27', 4.936857426283583), ('SELPLG', 6.917814815958706), ('CST7', 11.38729295156492), ('KLRB1', 15.90656227314716), ('TCF4', 0.7361647144361116), ('GNLY', 14.386837038281854), ('CXCR4', 17.94826753228145), ('CCL4', 7.532410443440303), ('GZMH', 11.142501120298592), ('NKG7', 17.284351225940124)]",1690
RUNX3,dbcorrdb__FOXM1__ENCSR000BRU_1__m2,0.15048284647031485,4.443137659466465,0.0,1.0,"gene is annotated for similar motif dbcorrdb__RUNX3__ENCSR000BRI_1__m1 ('RUNX3 (ENCSR000BRI-1, motif 1)'; q-value = 7.82e-10)","frozenset({'hg38__refseq-r80__500bp_up_and_100bp_down_tss.mc9nr.genes_vs_motifs.rankings', 'activating', 'top50'})","[('CD27', 4.936857426283583), ('CCL4', 7.532410443440303), ('KIT', 0.6679094565619422), ('RUNX3', 1.0), ('CPA3', 0.8325644425823276), ('FCGR3A', 16.067981960827332), ('KLRF1', 15.510739356634836)]",792
RUNX3,transfac_pro__M00769,0.13029108498442152,3.6065857048926877,0.0,1.0,gene is directly annotated,"frozenset({'hg38__refseq-r80__500bp_up_and_100bp_down_tss.mc9nr.genes_vs_motifs.rankings', 'activating', 'top50'})","[('IL18RAP', 9.72676848163027), ('LAMP1', 6.0523169010772015), ('RUNX3', 1.0), ('TCF4', 0.7361647144361116), ('TNF', 1.4203832628281816), ('CXCR4', 17.94826753228145), ('HLA-A', 19.34919455565949), ('TIAF1', 1.096394612222511)]",639
RUNX3,homer__NWAACCACADNN_RUNX2,0.127381956517997,3.4860594642081457,0.0,1.0,"gene is annotated for similar motif dbcorrdb__RUNX3__ENCSR000BRI_1__m1 ('RUNX3 (ENCSR000BRI-1, motif 1)'; q-value = 4.74e-07)","frozenset({'hg38__refseq-r80__500bp_up_and_100bp_down_tss.mc9nr.genes_vs_motifs.rankings', 'activating', 'top50'})","[('TCF4', 0.7361647144361116), ('CD247', 7.670817219471713), ('FCGR3A', 16.067981960827332), ('CNOT2', 8.164733423771606), ('CST7', 11.38729295156492), ('IL2RB', 15.587399841423366), ('ITGB2', 8.330941450216926), ('CCL4', 7.532410443440303), ('DUSP2', 6.95470434715281), ('LAMP1', 6.0523169010772015), ('CD27', 4.936857426283583)]",1440
RUNX3,dbcorrdb__RUNX3__ENCSR000BRI_1__m1,0.14153168195823937,4.0722876881294106,0.0,1.0,gene is directly annotated,"frozenset({'hg38__refseq-r80__500bp_up_and_100bp_down_tss.mc9nr.genes_vs_motifs.rankings', 'activating', 'top50'})","[('CXCR4', 17.94826753228145), ('CNOT2', 8.164733423771606), ('TCF4', 0.7361647144361116), ('AQP9', 1.1692925391474482), ('ARL4C', 9.543605372824654), ('RUNX3', 1.0), ('HLA-A', 19.34919455565949), ('CCL4', 7.532410443440303)]",812
RUNX3,transfac_pro__M08866,0.1250408827225311,3.3890679332430707,0.0,1.0,gene is directly annotated,"frozenset({'hg38__refseq-r80__500bp_up_and_100bp_down_tss.mc9nr.genes_vs_motifs.rankings', 'activating', 'top50'})","[('CCL4', 7.532410443440303), ('TCF4', 0.7361647144361116), ('NKG7', 17.284351225940124), ('DUSP2', 6.95470434715281), ('CD247', 7.670817219471713), ('CD27', 4.936857426283583), ('BTG1', 20.91471765839055), ('KIT', 0.6679094565619422), ('SELPLG', 6.917814815958706), ('IL32', 1.3741137526110294), ('FYN', 7.761294264397453), ('ITGAM', 16.92086703861454), ('GZMH', 11.142501120298592), ('FCGR3A', 16.067981960827332), ('CXCR4', 17.94826753228145)]",1637
RUNX3,hocomoco__RUNX1_HUMAN.H11MO.0.A,0.14225466063036854,4.102240955045096,0.0,1.0,gene is annotated for similar motif hocomoco__RUNX3_HUMAN.H11MO.0.A ('RUNX3_HUMAN'; q-value = 4e-08),"frozenset({'hg38__refseq-r80__500bp_up_and_100bp_down_tss.mc9nr.genes_vs_motifs.rankings', 'activating', 'top50'})","[('CCL5', 14.558459636518611), ('CCL4', 7.532410443440303), ('TCF4', 0.7361647144361116), ('TBX21', 14.812415285894456), ('HLA-A', 19.34919455565949), ('IL18RAP', 9.72676848163027), ('IL32', 1.3741137526110294)]",687
RUNX3,homer__AAACCACAAA_RUNX1,0.14957051624119946,4.405339489310958,0.0,1.0,gene is annotated for similar motif hocomoco__RUNX3_HUMAN.H11MO.0.A ('RUNX3_HUMAN'; q-value = 6.16e-08),"frozenset({'hg38__refseq-r80__500bp_up_and_100bp_down_tss.mc9nr.genes_vs_motifs.rankings', 'activating', 'top50'})","[('TCF4', 0.7361647144361116), ('SELPLG', 6.917814815958706), ('GZMH', 11.142501120298592), ('NKG7', 17.284351225940124), ('CXCR4', 17.94826753228145), ('CCL4', 7.532410443440303), ('CD27', 4.936857426283583), ('FYN', 7.761294264397453)]",787
RUNX3,hocomoco__RUNX3_HUMAN.H11MO.0.A,0.13066978809839394,3.6222755113723326,0.0,1.0,gene is directly annotated,"frozenset({'hg38__refseq-r80__500bp_up_and_100bp_down_tss.mc9nr.genes_vs_motifs.rankings', 'activating', 'top50'})","[('RUNX3', 1.0), ('SELPLG', 6.917814815958706), ('GNLY', 14.386837038281854), ('AQP9', 1.1692925391474482), ('GZMH', 11.142501120298592), ('CD27', 4.936857426283583), ('KLRB1', 15.90656227314716), ('IL18RAP', 9.72676848163027), ('ITGB2', 8.330941450216926), ('TCF4', 0.7361647144361116), ('KLRF1', 15.510739356634836), ('IFNGR1', 6.648123456102952), ('TIAF1', 1.096394612222511), ('DUSP2', 6.95470434715281), ('IL2RB', 15.587399841423366), ('ITGAM', 16.92086703861454), ('NKG7', 17.284351225940124), ('HLA-A', 19.34919455565949)]",3976
STAT3,homer__AGAGGAAGTG_PU.1,0.15176188233183052,3.431865593564096,0.000734,1.0,"gene is annotated for similar motif dbcorrdb__STAT3__ENCSR000DZV_1__m1 ('STAT3 (ENCSR000DZV-1, motif 1)'; q-value = 0.000734)","frozenset({'hg38__refseq-r80__500bp_up_and_100bp_down_tss.mc9nr.genes_vs_motifs.rankings', 'activating', 'top50'})","[('BIRC3', 1.119099858772114), ('CD74', 0.0038758866967108), ('HLA-A', 0.5832041403546747), ('CD63', 0.0327379461152008), ('RGS1', 1.6240024966187665), ('IL23R', 0.8262534665459152), ('IRF8', 0.0232500958465889), ('LAT', 0.4717579189449594), ('IFITM3', 0.2783705830095126), ('TNF', 0.1419730201318257), ('MS4A1', 0.0424726988980261), ('HLA-DRA', 0.0228470044603184), ('IL7R', 0.4948551418046265), ('CD79A', 0.0007126132751802), ('CD8A', 0.162349820669487), ('BCL11B', 0.640998298277306), ('NKG7', 0.0207347589122968)]",3230
STAT3,dbcorrdb__NFIC__ENCSR000BRN_1__m2,0.1624385976717583,3.7750499180233255,0.000579,1.0,"gene is annotated for similar motif dbcorrdb__STAT3__ENCSR000DZV_1__m3 ('STAT3 (ENCSR000DZV-1, motif 3)'; q-value = 0.000579)","frozenset({'hg38__refseq-r80__500bp_up_and_100bp_down_tss.mc9nr.genes_vs_motifs.rankings', 'activating', 'top50'})","[('LAT', 0.4717579189449594), ('RGS1', 1.6240024966187665), ('IL7R', 0.4948551418046265), ('BIRC3', 1.119099858772114), ('CCR7', 0.6140333564129348), ('NKG7', 0.0207347589122968), ('GZMA', 0.0542041483510307), ('CD63', 0.0327379461152008), ('TNF', 0.1419730201318257), ('GZMB', 0.0002432071055674)]",1064
STAT3,hocomoco__RUNX3_HUMAN.H11MO.0.A,0.1938182715384788,4.783694602725976,0.000552,1.0,"motif similar to dbcorrdb__STAT3__ENCSR000DZV_1__m3 ('STAT3 (ENCSR000DZV-1, motif 3)'; q-value = 0.000552) which is directly annotated","frozenset({'hg38__refseq-r80__500bp_up_and_100bp_down_tss.mc9nr.genes_vs_motifs.rankings', 'activating', 'top50'})","[('GZMB', 0.0002432071055674), ('RGS1', 1.6240024966187665), ('GZMA', 0.0542041483510307), ('IL7R', 0.4948551418046265), ('LAT', 0.4717579189449594), ('BIRC3', 1.119099858772114), ('CCR7', 0.6140333564129348)]",174
STAT3,factorbook__RUNX1,0.217459569791176,5.543602749742842,0.000225,1.0,"motif similar to dbcorrdb__STAT3__ENCSR000DZV_1__m3 ('STAT3 (ENCSR000DZV-1, motif 3)'; q-value = 0.000225) which is directly annotated","frozenset({'hg38__refseq-r80__500bp_up_and_100bp_down_tss.mc9nr.genes_vs_motifs.rankings', 'activating', 'top50'})","[('IL7R', 0.4948551418046265), ('LAT', 0.4717579189449594), ('STAT3', 1.0), ('RGS1', 1.6240024966187665), ('GZMA', 0.0542041483510307)]",413
STAT3,dbcorrdb__BCL11A__ENCSR000BHA_1__m2,0.21346701657582487,5.4152691158064075,0.000153,1.0,"motif similar to dbcorrdb__STAT3__ENCSR000DZV_1__m3 ('STAT3 (ENCSR000DZV-1, motif 3)'; q-value = 0.000153) which is directly annotated","frozenset({'hg38__refseq-r80__500bp_up_and_100bp_down_tss.mc9nr.genes_vs_motifs.rankings', 'activating', 'top50'})","[('GZMA', 0.0542041483510307), ('CCR7', 0.6140333564129348), ('NKG7', 0.0207347589122968), ('BIRC3', 1.119099858772114), ('RGS1', 1.6240024966187665), ('GZMB', 0.0002432071055674), ('IL7R', 0.4948551418046265), ('CD63', 0.0327379461152008)]",1075
STAT3,cisbp__M6416,0.18264809456519301,4.424648817892581,0.000147,1.0,"motif similar to dbcorrdb__STAT3__ENCSR000DZV_1__m3 ('STAT3 (ENCSR000DZV-1, motif 3)'; q-value = 0.000147) which is directly annotated","frozenset({'hg38__refseq-r80__500bp_up_and_100bp_down_tss.mc9nr.genes_vs_motifs.rankings', 'activating', 'top50'})","[('GZMB', 0.0002432071055674), ('RGS1', 1.6240024966187665), ('LAT', 0.4717579189449594), ('IL7R', 0.4948551418046265), ('NKG7', 0.0207347589122968), ('CCR7', 0.6140333564129348), ('BIRC3', 1.119099858772114)]",259
STAT3,hocomoco__PEBB_HUMAN.H11MO.0.C,0.16259560819146313,3.7800967463241966,8.2e-05,1.0,"motif similar to dbcorrdb__STAT3__ENCSR000DZV_1__m3 ('STAT3 (ENCSR000DZV-1, motif 3)'; q-value = 8.22e-05) which is directly annotated","frozenset({'hg38__refseq-r80__500bp_up_and_100bp_down_tss.mc9nr.genes_vs_motifs.rankings', 'activating', 'top50'})","[('BIRC3', 1.119099858772114), ('CD74', 0.0038758866967108), ('TNF', 0.1419730201318257), ('CD63', 0.0327379461152008)]",134
STAT3,homer__CNCTTCCNGGAAGN_Stat3+il21,0.14139918803131238,3.098774925706608,0.0,0.998701,gene is orthologous to ENSMUSG00000004040 in M. musculus (identity = 99%) which is directly annotated for motif,"frozenset({'hg38__refseq-r80__500bp_up_and_100bp_down_tss.mc9nr.genes_vs_motifs.rankings', 'activating', 'top50'})","[('IL7R', 0.4948551418046265), ('LAT', 0.4717579189449594), ('BIRC3', 1.119099858772114), ('RGS1', 1.6240024966187665), ('CCR7', 0.6140333564129348), ('GZMB', 0.0002432071055674), ('CD63', 0.0327379461152008)]",874
STAT3,dbcorrdb__STAT3__ENCSR000DOX_1__m3,0.16526478702644506,3.8658928274390036,0.0,1.0,gene is directly annotated,"frozenset({'hg38__refseq-r80__500bp_up_and_100bp_down_tss.mc9nr.genes_vs_motifs.rankings', 'activating', 'top50'})","[('GZMB', 0.0002432071055674), ('RGS1', 1.6240024966187665), ('LAT', 0.4717579189449594), ('IL7R', 0.4948551418046265), ('GZMA', 0.0542041483510307), ('CCR7', 0.6140333564129348), ('CD63', 0.0327379461152008), ('NKG7', 0.0207347589122968), ('KLRF1', 0.0601500471204696), ('CD37', 0.2204631404575955)]",1487
STAT3,dbcorrdb__STAT3__ENCSR000EDC_1__m2,0.14752259829980038,3.295601229440578,0.0,1.0,gene is directly annotated,"frozenset({'hg38__refseq-r80__500bp_up_and_100bp_down_tss.mc9nr.genes_vs_motifs.rankings', 'activating', 'top50'})","[('LAT', 0.4717579189449594), ('MS4A1', 0.0424726988980261), ('CD5', 0.6391394522722404), ('STAT3', 1.0), ('CD3E', 0.6916645962861001), ('CD79A', 0.0007126132751802), ('CCR7', 0.6140333564129348), ('CD63', 0.0327379461152008), ('LYN', 0.0107642414744374), ('NKG7', 0.0207347589122968)]",958
STAT3,cisbp__M4478,0.16521992687795797,3.864450876495898,0.0,1.0,gene is directly annotated,"frozenset({'hg38__refseq-r80__500bp_up_and_100bp_down_tss.mc9nr.genes_vs_motifs.rankings', 'activating', 'top50'})","[('CXCR4', 0.7150406819121359), ('MS4A1', 0.0424726988980261), ('BCL11B', 0.640998298277306), ('HAVCR2', 0.0526068964788184)]",156
STAT3,dbcorrdb__STAT3__ENCSR000DOQ_1__m2,0.18119013973936254,4.377785412241636,0.0,1.0,gene is directly annotated,"frozenset({'hg38__refseq-r80__500bp_up_and_100bp_down_tss.mc9nr.genes_vs_motifs.rankings', 'activating', 'top50'})","[('BIRC3', 1.119099858772114), ('CD74', 0.0038758866967108), ('HLA-A', 0.5832041403546747), ('CD63', 0.0327379461152008), ('IL23R', 0.8262534665459152), ('RGS1', 1.6240024966187665), ('IRF8', 0.0232500958465889), ('TNF', 0.1419730201318257), ('IFITM3', 0.2783705830095126), ('HLA-DRA', 0.0228470044603184), ('LAT', 0.4717579189449594), ('MS4A1', 0.0424726988980261), ('BCL11B', 0.640998298277306)]",2643
STAT3,dbcorrdb__STAT3__ENCSR000DZV_1__m3,0.16133952403382454,3.7397221199172272,0.0,1.0,gene is directly annotated,"frozenset({'hg38__refseq-r80__500bp_up_and_100bp_down_tss.mc9nr.genes_vs_motifs.rankings', 'activating', 'top50'})","[('BIRC3', 1.119099858772114), ('HLA-A', 0.5832041403546747), ('CD74', 0.0038758866967108), ('IL23R', 0.8262534665459152), ('CD63', 0.0327379461152008), ('IRF8', 0.0232500958465889), ('RGS1', 1.6240024966187665), ('IFITM3', 0.2783705830095126)]",1055
STAT3,dbcorrdb__STAT3__ENCSR000DOU_1__m3,0.16652087118408362,3.9062674538459716,0.0,1.0,gene is directly annotated,"frozenset({'hg38__refseq-r80__500bp_up_and_100bp_down_tss.mc9nr.genes_vs_motifs.rankings', 'activating', 'top50'})","[('GZMA', 0.0542041483510307), ('RGS1', 1.6240024966187665), ('CCR7', 0.6140333564129348), ('IL7R', 0.4948551418046265), ('GZMB', 0.0002432071055674), ('NKG7', 0.0207347589122968), ('BIRC3', 1.119099858772114)]",398
STAT4,transfac_pro__M00777,0.13439780057100562,4.048697096816298,0.0,1.0,gene is directly annotated,"frozenset({'hg38__refseq-r80__500bp_up_and_100bp_down_tss.mc9nr.genes_vs_motifs.rankings', 'activating', 'top50'})","[('DUSP1', 0.4303950293920927), ('BAX', 0.4273760190730923), ('LAMP1', 0.0681997422780042), ('EGR1', 0.0439452541511857), ('IFNGR1', 1.584138757775754), ('JUN', 0.1059610910481683)]",639
FOXP1,taipale_cyt_meth__FOXD2_NYWANGTAAACAN_eDBD_repr,0.14025697963521797,3.0232508953299795,0.00084,0.12877,"motif similar to cisbp__M2102 ('CG11152[gene ID: ""FBgn0039937"" species: ""Drosophila melanogaster"" TF status: ""inferred"" TF family: ""Forkhead"" DBDs: ""Fork_head""]; FKH2[gene ID: ""YNL068C"" species: ""Saccharomyces cerevisiae"" TF status: ""direct"" TF family: ""Forkhead"" DBDs: ""Fork_head""]; FOXD4L1[gene ID: ""ENSG00000184492"" species: ""Homo sapiens"" TF status: ""inferred"" TF family: ""Forkhead"" DBDs: ""Fork_head""]; FOXD4[gene ID: ""ENSG00000170122"" species: ""Homo sapiens"" TF status: ""inferred"" TF family: ""Forkhead"" DBDs: ""Fork_head""]; FOXK2[gene ID: ""ENSG00000141568"" species: ""Homo sapiens"" TF status: ""inferred"" TF family: ""Forkhead"" DBDs: ""Fork_head""]; Foxd4[gene ID: ""ENSMUSG00000051490"" species: ""Mus musculus"" TF status: ""inferred"" TF family: ""Forkhead"" DBDs: ""Fork_head""]; Foxk2[gene ID: ""ENSMUSG00000039275"" species: ""Mus musculus"" TF status: ""inferred"" TF family: ""Forkhead"" DBDs: ""Fork_head""]; KIAA0415[gene ID: ""ENSG00000242802"" species: ""Homo sapiens"" TF status: ""inferred"" TF family: ""Forkhead"" DBDs: ""Fork_head""]; Mnf[gene ID: ""FBgn0036134"" species: ""Drosophila melanogaster"" TF status: ""inferred"" TF family: ""Forkhead"" DBDs: ""Fork_head""]; fd96Ca[gene ID: ""FBgn0004897"" species: ""Drosophila melanogaster"" TF status: ""inferred"" TF family: ""Forkhead"" DBDs: ""Fork_head""]'; q-value = 0.00084) which is annotated for orthologous gene YNL068C in S. cerevisiae (identity = 12%)","frozenset({'top5perTarget', 'hg38__refseq-r80__500bp_up_and_100bp_down_tss.mc9nr.genes_vs_motifs.rankings', 'activating'})","[('BCL11B', 4.441389382260832), ('FOXP1', 1.0), ('CBLB', 3.5788945042277467), ('CD5', 1.6329384440736057), ('CD3D', 2.477451443582938), ('LEF1', 3.1880430455265096), ('CCR7', 4.015491235782142), ('KLRK1', 0.2900283299640886), ('ICOS', 2.5398650036692376), ('CXCR4', 8.747677155199435), ('PRDM1', 0.5401966848204214), ('IL23R', 4.818135381958203)]",1338
IKZF1,taipale_cyt_meth__SPIB_RWWGRGGAAGTN_eDBD_meth,0.2064840858623242,3.7262488262908113,0.000263,1.0,"gene is annotated for similar motif dbcorrdb__IKZF1__ENCSR000EUJ_1__m1 ('IKZF1 (ENCSR000EUJ-1, motif 1)'; q-value = 0.000263)","frozenset({'top5perTarget', 'hg38__refseq-r80__500bp_up_and_100bp_down_tss.mc9nr.genes_vs_motifs.rankings', 'activating'})","[('VEGFA', 5.952712461272852), ('CCND2', 1.7839249372666643), ('TRIB2', 0.7921686171686732), ('IKZF1', 1.0), ('ARL4C', 0.7585882773114947)]",345
IKZF1,taipale_cyt_meth__SPIB_RAWWGRGGAAGTN_FL_meth,0.1846039970392302,3.1697826569396375,0.000118,1.0,"gene is annotated for similar motif dbcorrdb__IKZF1__ENCSR000EUJ_1__m1 ('IKZF1 (ENCSR000EUJ-1, motif 1)'; q-value = 0.000118)","frozenset({'top5perTarget', 'hg38__refseq-r80__500bp_up_and_100bp_down_tss.mc9nr.genes_vs_motifs.rankings', 'activating'})","[('CCL4', 0.0637734671727248), ('CCR7', 0.6342295953523994), ('IKZF1', 1.0), ('CD36', 8.5603377774803), ('LAT', 1.0325280543479107), ('GNAI2', 1.8420814169229256), ('TRIB2', 0.7921686171686732), ('LCK', 1.024895929953789)]",1194
IKZF1,homer__AAAGRGGAAGTG_SpiB,0.22966691339748335,4.315846946185222,4e-06,1.0,"gene is annotated for similar motif dbcorrdb__IKZF1__ENCSR000EUJ_1__m1 ('IKZF1 (ENCSR000EUJ-1, motif 1)'; q-value = 4.1e-06)","frozenset({'top5perTarget', 'hg38__refseq-r80__500bp_up_and_100bp_down_tss.mc9nr.genes_vs_motifs.rankings', 'activating'})","[('TRIB2', 0.7921686171686732), ('CCND2', 1.7839249372666643), ('IKZF1', 1.0), ('VEGFA', 5.952712461272852), ('ARL4C', 0.7585882773114947), ('ADA', 1.0023503433307706)]",544
IKZF1,cisbp__M4489,0.19265729089563285,3.374598351206916,0.0,1.0,"gene is annotated for similar motif dbcorrdb__IKZF1__ENCSR000EUJ_1__m1 ('IKZF1 (ENCSR000EUJ-1, motif 1)'; q-value = 6.85e-08)","frozenset({'top5perTarget', 'hg38__refseq-r80__500bp_up_and_100bp_down_tss.mc9nr.genes_vs_motifs.rankings', 'activating'})","[('LAT', 1.0325280543479107), ('GNAI2', 1.8420814169229256), ('CD36', 8.5603377774803), ('CCL4', 0.0637734671727248), ('PRF1', 0.5804213076082846), ('IKZF1', 1.0)]",507
IKZF1,hocomoco__SPI1_HUMAN.H11MO.0.A,0.18842339008142117,3.2669195119413987,0.0,1.0,"gene is annotated for similar motif dbcorrdb__IKZF1__ENCSR000EUJ_1__m1 ('IKZF1 (ENCSR000EUJ-1, motif 1)'; q-value = 2.08e-07)","frozenset({'top5perTarget', 'hg38__refseq-r80__500bp_up_and_100bp_down_tss.mc9nr.genes_vs_motifs.rankings', 'activating'})","[('LAT', 1.0325280543479107), ('GNAI2', 1.8420814169229256), ('CD36', 8.5603377774803), ('PRF1', 0.5804213076082846), ('CCR7', 0.6342295953523994), ('KLRB1', 0.1327971950063063)]",443
IKZF1,dbcorrdb__PAX5__ENCSR000BHJ_1__m2,0.23384159881569208,4.422019787698774,0.0,1.0,"gene is annotated for similar motif dbcorrdb__IKZF1__ENCSR000EUJ_1__m1 ('IKZF1 (ENCSR000EUJ-1, motif 1)'; q-value = 4.88e-08)","frozenset({'top5perTarget', 'hg38__refseq-r80__500bp_up_and_100bp_down_tss.mc9nr.genes_vs_motifs.rankings', 'activating'})","[('TRIB2', 0.7921686171686732), ('ADA', 1.0023503433307706), ('IKZF1', 1.0), ('CCND2', 1.7839249372666643), ('CCR7', 0.6342295953523994), ('PCNA', 1.1349660100165824), ('FYN', 0.6345760472619876)]",795
IKZF1,dbcorrdb__SPI1__ENCSR000BGQ_1__m1,0.18694300518134715,3.2292695681422665,0.0,1.0,"motif similar to dbcorrdb__IKZF1__ENCSR000EUJ_1__m1 ('IKZF1 (ENCSR000EUJ-1, motif 1)'; q-value = 1.42e-09) which is directly annotated","frozenset({'top5perTarget', 'hg38__refseq-r80__500bp_up_and_100bp_down_tss.mc9nr.genes_vs_motifs.rankings', 'activating'})","[('GNAI2', 1.8420814169229256), ('CCR7', 0.6342295953523994), ('LCK', 1.024895929953789), ('CD36', 8.5603377774803), ('CD5', 0.7232764501127726)]",319
IKZF1,dbcorrdb__SPI1__ENCSR000BIJ_1__m1,0.18507772020725388,3.1818306389553594,0.0,1.0,"gene is annotated for similar motif dbcorrdb__IKZF1__ENCSR000EUJ_1__m1 ('IKZF1 (ENCSR000EUJ-1, motif 1)'; q-value = 4.62e-08)","frozenset({'top5perTarget', 'hg38__refseq-r80__500bp_up_and_100bp_down_tss.mc9nr.genes_vs_motifs.rankings', 'activating'})","[('TRIB2', 0.7921686171686732), ('CCND2', 1.7839249372666643), ('IKZF1', 1.0), ('ADA', 1.0023503433307706), ('VEGFA', 5.952712461272852)]",411
IRF4,dbcorrdb__RELA__ENCSR000EAQ_1__m2,0.15192450037009622,4.0922813959669995,0.000561,1.0,motif similar to factorbook__PU1 ('PU1'; q-value = 0.000561) which is directly annotated,"frozenset({'top5perTarget', 'hg38__refseq-r80__500bp_up_and_100bp_down_tss.mc9nr.genes_vs_motifs.rankings', 'activating'})","[('PRF1', 0.2385631091397126), ('BCL2A1', 0.0436478961180722), ('ITGAM', 0.0607183588466763)]",353
IRF4,transfac_pro__M04711,0.15507031828275353,4.198995493877492,0.000507,1.0,motif similar to factorbook__PU1 ('PU1'; q-value = 0.000507) which is directly annotated,"frozenset({'top5perTarget', 'hg38__refseq-r80__500bp_up_and_100bp_down_tss.mc9nr.genes_vs_motifs.rankings', 'activating'})","[('RGS1', 0.6128354644518212), ('CD74', 1.0527512071173144), ('LAIR2', 0.2936227479943946), ('HLA-DMA', 0.8768078648102325), ('TCL1A', 0.4833377508277595), ('IKZF1', 0.1292254202104535)]",1151
IRF4,transfac_pro__M02078,0.15399087095978287,4.162377911261145,0.000368,1.0,motif similar to factorbook__PU1 ('PU1'; q-value = 0.000368) which is directly annotated,"frozenset({'top5perTarget', 'hg38__refseq-r80__500bp_up_and_100bp_down_tss.mc9nr.genes_vs_motifs.rankings', 'activating'})","[('PRF1', 0.2385631091397126), ('IKZF1', 0.1292254202104535), ('XBP1', 1.1648074887756406), ('CD3G', 0.0115266087310999), ('GNLY', 0.0683615966455161), ('TCL1A', 0.4833377508277595), ('CD247', 0.0510189204201258)]",1592
IRF4,dbcorrdb__RELA__ENCSR000EBA_1__m2,0.18853318529484334,5.334140554984193,0.000305,1.0,motif similar to transfac_pro__M00972 ('V$IRF_Q6_01: IRF'; q-value = 0.000305) which is directly annotated,"frozenset({'top5perTarget', 'hg38__refseq-r80__500bp_up_and_100bp_down_tss.mc9nr.genes_vs_motifs.rankings', 'activating'})","[('GZMB', 3.3312372634739176), ('RGS1', 0.6128354644518212), ('IFNG', 0.0542626926717957), ('PRF1', 0.2385631091397126), ('GNLY', 0.0683615966455161)]",446
IRF4,swissregulon__hs__PRDM1.p3,0.1225018504811251,3.0941907155100465,0.000228,1.0,gene is annotated for similar motif transfac_pro__M00772 ('V$IRF_Q6: IRF'; q-value = 0.000228),"frozenset({'top5perTarget', 'hg38__refseq-r80__500bp_up_and_100bp_down_tss.mc9nr.genes_vs_motifs.rankings', 'activating'})","[('IKZF1', 0.1292254202104535), ('CD74', 1.0527512071173144), ('RGS1', 0.6128354644518212), ('MS4A1', 1.7065838178070547), ('CD3G', 0.0115266087310999)]",937
IRF4,cisbp__M4631,0.15957315568714533,4.35174312421996,0.000166,1.0,gene is annotated for similar motif hocomoco__IRF4_HUMAN.H11MO.0.A ('IRF4_HUMAN'; q-value = 0.000166),"frozenset({'top5perTarget', 'hg38__refseq-r80__500bp_up_and_100bp_down_tss.mc9nr.genes_vs_motifs.rankings', 'activating'})","[('GNLY', 0.0683615966455161), ('RGS1', 0.6128354644518212), ('PRF1', 0.2385631091397126), ('IKZF1', 0.1292254202104535), ('CD4', 7.796239954439715), ('IFNG', 0.0542626926717957)]",1165
IRF4,cisbp__M6119,0.20709967924993833,5.963962975985331,0.000124,1.0,gene is annotated for similar motif hocomoco__IRF4_HUMAN.H11MO.0.A ('IRF4_HUMAN'; q-value = 0.000124),"frozenset({'top5perTarget', 'hg38__refseq-r80__500bp_up_and_100bp_down_tss.mc9nr.genes_vs_motifs.rankings', 'activating'})","[('IKZF1', 0.1292254202104535), ('PRF1', 0.2385631091397126)]",57
IRF4,flyfactorsurvey__Blimp-1_SOLEXA_FBgn0035625,0.1209906242289662,3.042926099847163,9.3e-05,1.0,gene is annotated for similar motif transfac_pro__M00972 ('V$IRF_Q6_01: IRF'; q-value = 9.27e-05),"frozenset({'top5perTarget', 'hg38__refseq-r80__500bp_up_and_100bp_down_tss.mc9nr.genes_vs_motifs.rankings', 'activating'})","[('ICAM1', 0.6338167953671242), ('BCL2A1', 0.0436478961180722), ('IKZF1', 0.1292254202104535), ('JCHAIN', 11.50644613648733), ('CD37', 0.4776483477191633), ('IRF4', 1.0), ('HLA-DMA', 0.8768078648102325), ('CD4', 7.796239954439715), ('LAIR2', 0.2936227479943946), ('RGS1', 0.6128354644518212)]",2266
IRF4,taipale_cyt_meth__IRF2_YGAAASYGAAAS_FL_meth,0.1332654823587466,3.4593203250273175,7.5e-05,1.0,"gene is annotated for similar motif taipale_cyt_meth__IRF4_NYGAAASYGAAASYN_FL_meth_repr ('IRF4 [IRF, CpG-meth]'; q-value = 7.5e-05)","frozenset({'top5perTarget', 'hg38__refseq-r80__500bp_up_and_100bp_down_tss.mc9nr.genes_vs_motifs.rankings', 'activating'})","[('GZMB', 3.3312372634739176), ('RGS1', 0.6128354644518212), ('JCHAIN', 11.50644613648733), ('PRF1', 0.2385631091397126), ('IFNG', 0.0542626926717957), ('GNLY', 0.0683615966455161), ('CD37', 0.4776483477191633), ('ITGAM', 0.0607183588466763), ('CD4', 7.796239954439715), ('CD3G', 0.0115266087310999)]",3138
IRF4,taipale_cyt_meth__SPIB_RAWWGMGGAAGTN_FL,0.23078583765112262,6.767457360252563,6e-05,1.0,motif similar to hocomoco__IRF4_HUMAN.H11MO.0.A ('IRF4_HUMAN'; q-value = 6.04e-05) which is directly annotated,"frozenset({'top5perTarget', 'hg38__refseq-r80__500bp_up_and_100bp_down_tss.mc9nr.genes_vs_motifs.rankings', 'activating'})","[('CD37', 0.4776483477191633), ('IKZF1', 0.1292254202104535), ('RGS1', 0.6128354644518212), ('IFNG', 0.0542626926717957)]",660
IRF4,cisbp__M6308,0.13813841598815693,3.624622555123962,4.9e-05,1.0,motif similar to transfac_pro__M08887 ('V$IRF_Q4: IRF'; q-value = 4.86e-05) which is directly annotated,"frozenset({'top5perTarget', 'hg38__refseq-r80__500bp_up_and_100bp_down_tss.mc9nr.genes_vs_motifs.rankings', 'activating'})","[('GZMB', 3.3312372634739176), ('RGS1', 0.6128354644518212), ('IFNG', 0.0542626926717957), ('PRF1', 0.2385631091397126), ('GNLY', 0.0683615966455161), ('CD37', 0.4776483477191633), ('CD4', 7.796239954439715), ('JCHAIN', 11.50644613648733), ('IKZF1', 0.1292254202104535)]",2536
IRF4,cisbp__M6122,0.14754502837404393,3.943718632209256,3.9e-05,1.0,gene is annotated for similar motif hocomoco__IRF4_HUMAN.H11MO.0.A ('IRF4_HUMAN'; q-value = 3.9e-05),"frozenset({'top5perTarget', 'hg38__refseq-r80__500bp_up_and_100bp_down_tss.mc9nr.genes_vs_motifs.rankings', 'activating'})","[('CD247', 0.0510189204201258), ('ICAM1', 0.6338167953671242), ('RGS1', 0.6128354644518212), ('IKZF1', 0.1292254202104535)]",262
IRF4,hocomoco__SPI1_MOUSE.H11MO.0.A,0.13779916111522328,3.6131141720159667,3.4e-05,1.0,motif similar to hocomoco__IRF4_HUMAN.H11MO.0.A ('IRF4_HUMAN'; q-value = 3.38e-05) which is directly annotated,"frozenset({'top5perTarget', 'hg38__refseq-r80__500bp_up_and_100bp_down_tss.mc9nr.genes_vs_motifs.rankings', 'activating'})","[('MS4A1', 1.7065838178070547), ('IKZF1', 0.1292254202104535), ('CD247', 0.0510189204201258), ('ICAM1', 0.6338167953671242), ('CD79A', 1.3417475089942614), ('CD4', 7.796239954439715)]",666
IRF4,transfac_pro__M07224,0.16278065630397237,4.460549655422814,2.8e-05,1.0,motif similar to hocomoco__IRF4_HUMAN.H11MO.0.A ('IRF4_HUMAN'; q-value = 2.83e-05) which is directly annotated,"frozenset({'top5perTarget', 'hg38__refseq-r80__500bp_up_and_100bp_down_tss.mc9nr.genes_vs_motifs.rankings', 'activating'})","[('IKZF1', 0.1292254202104535), ('CD247', 0.0510189204201258), ('MS4A1', 1.7065838178070547), ('PRF1', 0.2385631091397126), ('BCL2A1', 0.0436478961180722), ('CD4', 7.796239954439715)]",996
IRF4,cisbp__M1907,0.16231803602269923,4.4448564057300946,2.6e-05,1.0,motif similar to hocomoco__IRF4_HUMAN.H11MO.0.A ('IRF4_HUMAN'; q-value = 2.62e-05) which is directly annotated,"frozenset({'top5perTarget', 'hg38__refseq-r80__500bp_up_and_100bp_down_tss.mc9nr.genes_vs_motifs.rankings', 'activating'})","[('BCL2A1', 0.0436478961180722), ('CD4', 7.796239954439715), ('ICAM1', 0.6338167953671242), ('CD3G', 0.0115266087310999), ('IKZF1', 0.1292254202104535), ('CD74', 1.0527512071173144)]",1100
IRF4,taipale_cyt_meth__SPIB_RWWGRGGAAGTN_eDBD_meth,0.14069824821120158,3.711458536757009,2.6e-05,1.0,motif similar to factorbook__PU1 ('PU1'; q-value = 2.57e-05) which is directly annotated,"frozenset({'top5perTarget', 'hg38__refseq-r80__500bp_up_and_100bp_down_tss.mc9nr.genes_vs_motifs.rankings', 'activating'})","[('RGS1', 0.6128354644518212), ('GZMB', 3.3312372634739176), ('IFNG', 0.0542626926717957), ('GNLY', 0.0683615966455161)]",620
IRF4,cisbp__M6313,0.14288798420922774,3.785739918635881,1.9e-05,1.0,motif similar to transfac_pro__M08887 ('V$IRF_Q4: IRF'; q-value = 1.9e-05) which is directly annotated,"frozenset({'top5perTarget', 'hg38__refseq-r80__500bp_up_and_100bp_down_tss.mc9nr.genes_vs_motifs.rankings', 'activating'})","[('MS4A1', 1.7065838178070547), ('CD247', 0.0510189204201258), ('CD3G', 0.0115266087310999), ('CD79A', 1.3417475089942614), ('IKZF1', 0.1292254202104535)]",905
IRF4,dbcorrdb__SPI1__ENCSR000BGW_1__m1,0.1979706390328152,5.654282848715669,1.4e-05,1.0,motif similar to factorbook__PU1 ('PU1'; q-value = 1.43e-05) which is directly annotated,"frozenset({'top5perTarget', 'hg38__refseq-r80__500bp_up_and_100bp_down_tss.mc9nr.genes_vs_motifs.rankings', 'activating'})","[('ICAM1', 0.6338167953671242), ('BCL2A1', 0.0436478961180722), ('CD37', 0.4776483477191633), ('IKZF1', 0.1292254202104535)]",304
IRF4,factorbook__PRDM1,0.1197261287934863,3.00003121735373,1.3e-05,1.0,gene is annotated for similar motif transfac_pro__M00772 ('V$IRF_Q6: IRF'; q-value = 1.32e-05),"frozenset({'top5perTarget', 'hg38__refseq-r80__500bp_up_and_100bp_down_tss.mc9nr.genes_vs_motifs.rankings', 'activating'})","[('CD79A', 1.3417475089942614), ('MS4A1', 1.7065838178070547), ('CD247', 0.0510189204201258)]",318
IRF4,dbcorrdb__FOXM1__ENCSR000BRU_1__m3,0.15738341968911918,4.277461742341088,8e-06,1.0,gene is annotated for similar motif transfac_pro__M00772 ('V$IRF_Q6: IRF'; q-value = 8.23e-06),"frozenset({'top5perTarget', 'hg38__refseq-r80__500bp_up_and_100bp_down_tss.mc9nr.genes_vs_motifs.rankings', 'activating'})","[('IFNG', 0.0542626926717957), ('JCHAIN', 11.50644613648733), ('CD79A', 1.3417475089942614), ('RGS1', 0.6128354644518212)]",430
IRF4,taipale_cyt_meth__SPIB_RAWWGRGGAAGTN_FL_meth,0.22335307179866765,6.515319148522871,4e-06,1.0,motif similar to hocomoco__IRF4_HUMAN.H11MO.0.A ('IRF4_HUMAN'; q-value = 3.78e-06) which is directly annotated,"frozenset({'top5perTarget', 'hg38__refseq-r80__500bp_up_and_100bp_down_tss.mc9nr.genes_vs_motifs.rankings', 'activating'})","[('CD74', 1.0527512071173144), ('TGFBI', 7.167098447430716), ('IKZF1', 0.1292254202104535), ('GNLY', 0.0683615966455161)]",700
IRF4,dbcorrdb__IRF1__ENCSR000EGK_1__m1,0.18819393042190968,5.322632171876198,2e-06,1.0,gene is annotated for similar motif transfac_pro__M00772 ('V$IRF_Q6: IRF'; q-value = 1.88e-06),"frozenset({'top5perTarget', 'hg38__refseq-r80__500bp_up_and_100bp_down_tss.mc9nr.genes_vs_motifs.rankings', 'activating'})","[('CD37', 0.4776483477191633), ('IKZF1', 0.1292254202104535), ('CD79A', 1.3417475089942614), ('BCL2A1', 0.0436478961180722)]",426
IRF4,homer__AAAGRGGAAGTG_SpiB,0.17607327905255366,4.911469029926951,1e-06,1.0,motif similar to factorbook__PU1 ('PU1'; q-value = 8.03e-07) which is directly annotated,"frozenset({'top5perTarget', 'hg38__refseq-r80__500bp_up_and_100bp_down_tss.mc9nr.genes_vs_motifs.rankings', 'activating'})","[('IKZF1', 0.1292254202104535), ('ICAM1', 0.6338167953671242), ('IRF4', 1.0), ('CD37', 0.4776483477191633), ('BCL2A1', 0.0436478961180722), ('RGS1', 0.6128354644518212)]",204
IRF4,homer__GAAAGTGAAAGT_IRF1,0.1760424377004688,4.9104228132807695,1e-06,1.0,motif similar to transfac_pro__M08887 ('V$IRF_Q4: IRF'; q-value = 1.23e-06) which is directly annotated,"frozenset({'top5perTarget', 'hg38__refseq-r80__500bp_up_and_100bp_down_tss.mc9nr.genes_vs_motifs.rankings', 'activating'})","[('MS4A1', 1.7065838178070547), ('BCL2A1', 0.0436478961180722), ('IRF4', 1.0), ('CD74', 1.0527512071173144), ('CD247', 0.0510189204201258), ('CD4', 7.796239954439715), ('IKZF1', 0.1292254202104535), ('ICAM1', 0.6338167953671242), ('LAIR2', 0.2936227479943946), ('PRF1', 0.2385631091397126), ('CD37', 0.4776483477191633)]",3647
IRF4,cisbp__M4489,0.1375215889464594,3.6036982222003355,0.0,1.0,gene is annotated for similar motif factorbook__PU1 ('PU1'; q-value = 2.94e-17),"frozenset({'top5perTarget', 'hg38__refseq-r80__500bp_up_and_100bp_down_tss.mc9nr.genes_vs_motifs.rankings', 'activating'})","[('CD74', 1.0527512071173144), ('IRF8', 8.58730197970342), ('CD3G', 0.0115266087310999), ('TCL1A', 0.4833377508277595), ('BCL2A1', 0.0436478961180722), ('GNLY', 0.0683615966455161), ('CD4', 7.796239954439715)]",890
IRF4,hocomoco__SPI1_HUMAN.H11MO.0.A,0.17009005674808783,4.70850300056778,0.0,1.0,motif similar to factorbook__PU1 ('PU1'; q-value = 5.79e-09) which is directly annotated,"frozenset({'top5perTarget', 'hg38__refseq-r80__500bp_up_and_100bp_down_tss.mc9nr.genes_vs_motifs.rankings', 'activating'})","[('CD247', 0.0510189204201258), ('CD74', 1.0527512071173144), ('PRF1', 0.2385631091397126), ('ICAM1', 0.6338167953671242), ('IKZF1', 0.1292254202104535), ('CD4', 7.796239954439715)]",608
IRF4,dbcorrdb__TBL1XR1__ENCSR000DYZ_1__m1,0.14011226252158895,3.6915804204795646,0.0,1.0,motif similar to hocomoco__IRF4_HUMAN.H11MO.0.A ('IRF4_HUMAN'; q-value = 6.91e-08) which is directly annotated,"frozenset({'top5perTarget', 'hg38__refseq-r80__500bp_up_and_100bp_down_tss.mc9nr.genes_vs_motifs.rankings', 'activating'})","[('RGS1', 0.6128354644518212), ('ICAM1', 0.6338167953671242), ('CD4', 7.796239954439715), ('IKZF1', 0.1292254202104535)]",519
IRF4,homer__AGTTTCAGTTTC_ISRE,0.1299962990377498,3.3484213605321003,0.0,1.0,"gene is annotated for similar motif taipale_cyt_meth__IRF4_NYGAAASYGAAASYN_FL_meth_repr ('IRF4 [IRF, CpG-meth]'; q-value = 7.84e-08)","frozenset({'top5perTarget', 'hg38__refseq-r80__500bp_up_and_100bp_down_tss.mc9nr.genes_vs_motifs.rankings', 'activating'})","[('RGS1', 0.6128354644518212), ('ICAM1', 0.6338167953671242)]",49
IRF4,hocomoco__SPIB_MOUSE.H11MO.0.A,0.14483098939057487,3.851651567345302,0.0,1.0,gene is annotated for similar motif hocomoco__IRF4_HUMAN.H11MO.0.A ('IRF4_HUMAN'; q-value = 1.07e-11),"frozenset({'top5perTarget', 'hg38__refseq-r80__500bp_up_and_100bp_down_tss.mc9nr.genes_vs_motifs.rankings', 'activating'})","[('ICAM1', 0.6338167953671242), ('CD247', 0.0510189204201258), ('RGS1', 0.6128354644518212), ('IKZF1', 0.1292254202104535), ('IFNG', 0.0542626926717957), ('CD3G', 0.0115266087310999), ('CD4', 7.796239954439715)]",1386
IRF4,hocomoco__SPIB_HUMAN.H11MO.0.A,0.15186281766592646,4.090188962674636,0.0,1.0,motif similar to factorbook__PU1 ('PU1'; q-value = 3.54e-12) which is directly annotated,"frozenset({'top5perTarget', 'hg38__refseq-r80__500bp_up_and_100bp_down_tss.mc9nr.genes_vs_motifs.rankings', 'activating'})","[('CD4', 7.796239954439715), ('CD3G', 0.0115266087310999), ('BCL2A1', 0.0436478961180722), ('IRF8', 8.58730197970342), ('MS4A1', 1.7065838178070547)]",568
IRF4,dbcorrdb__IRF1__ENCSR000EGL_1__m1,0.12185418208734271,3.0722201659402395,0.0,1.0,gene is annotated for similar motif transfac_pro__M00772 ('V$IRF_Q6: IRF'; q-value = 1.3e-07),"frozenset({'top5perTarget', 'hg38__refseq-r80__500bp_up_and_100bp_down_tss.mc9nr.genes_vs_motifs.rankings', 'activating'})","[('ICAM1', 0.6338167953671242), ('BCL2A1', 0.0436478961180722), ('CD37', 0.4776483477191633), ('IKZF1', 0.1292254202104535)]",337
IRF4,transfac_pro__M00772,0.12651122625215888,3.230198879513614,0.0,1.0,gene is directly annotated,"frozenset({'top5perTarget', 'hg38__refseq-r80__500bp_up_and_100bp_down_tss.mc9nr.genes_vs_motifs.rankings', 'activating'})","[('BCL2A1', 0.0436478961180722), ('ICAM1', 0.6338167953671242), ('RGS1', 0.6128354644518212), ('IKZF1', 0.1292254202104535), ('CD37', 0.4776483477191633), ('IRF4', 1.0), ('CD247', 0.0510189204201258), ('CD4', 7.796239954439715), ('CD3G', 0.0115266087310999), ('MS4A1', 1.7065838178070547), ('CD74', 1.0527512071173144)]",2729
IRF4,cisbp__M6307,0.13141500123365407,3.3965473262564396,0.0,1.0,motif similar to transfac_pro__M08887 ('V$IRF_Q4: IRF'; q-value = 1e-09) which is directly annotated,"frozenset({'top5perTarget', 'hg38__refseq-r80__500bp_up_and_100bp_down_tss.mc9nr.genes_vs_motifs.rankings', 'activating'})","[('ICAM1', 0.6338167953671242), ('CD37', 0.4776483477191633), ('IRF4', 1.0), ('BCL2A1', 0.0436478961180722), ('IKZF1', 0.1292254202104535), ('RGS1', 0.6128354644518212), ('JCHAIN', 11.50644613648733)]",386
IRF4,dbcorrdb__PAX5__ENCSR000BHJ_1__m2,0.13181593881075745,3.4101481426567966,0.0,1.0,motif similar to factorbook__PU1 ('PU1'; q-value = 6.12e-08) which is directly annotated,"frozenset({'top5perTarget', 'hg38__refseq-r80__500bp_up_and_100bp_down_tss.mc9nr.genes_vs_motifs.rankings', 'activating'})","[('RGS1', 0.6128354644518212), ('IFNG', 0.0542626926717957), ('GZMB', 3.3312372634739176), ('JCHAIN', 11.50644613648733)]",285
IRF4,transfac_pro__M01172,0.17635085122131755,4.920884979742583,0.0,1.0,motif similar to factorbook__PU1 ('PU1'; q-value = 4.4e-07) which is directly annotated,"frozenset({'top5perTarget', 'hg38__refseq-r80__500bp_up_and_100bp_down_tss.mc9nr.genes_vs_motifs.rankings', 'activating'})","[('IKZF1', 0.1292254202104535), ('BCL2A1', 0.0436478961180722), ('ITGAM', 0.0607183588466763), ('CD247', 0.0510189204201258)]",594
IRF4,cisbp__M6484,0.15294226498889713,4.126806545290982,0.0,1.0,gene is annotated for similar motif factorbook__PU1 ('PU1'; q-value = 1.03e-10),"frozenset({'top5perTarget', 'hg38__refseq-r80__500bp_up_and_100bp_down_tss.mc9nr.genes_vs_motifs.rankings', 'activating'})","[('BCL2A1', 0.0436478961180722), ('MS4A1', 1.7065838178070547), ('CD74', 1.0527512071173144), ('CD4', 7.796239954439715), ('ICAM1', 0.6338167953671242), ('JCHAIN', 11.50644613648733), ('IRF4', 1.0), ('CD3G', 0.0115266087310999)]",1768
IRF4,hocomoco__IRF8_HUMAN.H11MO.0.B,0.12971872686898595,3.339005410716469,0.0,1.0,gene is annotated for similar motif hocomoco__IRF4_HUMAN.H11MO.0.A ('IRF4_HUMAN'; q-value = 7.93e-17),"frozenset({'top5perTarget', 'hg38__refseq-r80__500bp_up_and_100bp_down_tss.mc9nr.genes_vs_motifs.rankings', 'activating'})","[('IKZF1', 0.1292254202104535), ('CD4', 7.796239954439715), ('CD247', 0.0510189204201258), ('ICAM1', 0.6338167953671242), ('LAIR2', 0.2936227479943946)]",669
IRF4,dbcorrdb__STAT3__ENCSR000DZV_1__m1,0.12163829262274858,3.0648966494169705,0.0,1.0,motif similar to hocomoco__IRF4_HUMAN.H11MO.0.A ('IRF4_HUMAN'; q-value = 8.31e-09) which is directly annotated,"frozenset({'top5perTarget', 'hg38__refseq-r80__500bp_up_and_100bp_down_tss.mc9nr.genes_vs_motifs.rankings', 'activating'})","[('IFNG', 0.0542626926717957), ('IKZF1', 0.1292254202104535), ('CD37', 0.4776483477191633), ('ITGAM', 0.0607183588466763)]",431
IRF8,cisbp__M4631,0.11405692752843012,3.067362497410696,0.000226,1.0,gene is annotated for similar motif hocomoco__IRF8_HUMAN.H11MO.0.B ('IRF8_HUMAN'; q-value = 0.000226),"frozenset({'top5perTarget', 'hg38__refseq-r80__500bp_up_and_100bp_down_tss.mc9nr.genes_vs_motifs.rankings', 'activating'})","[('IFNG', 3.4360099113039304), ('RGS1', 0.297169803964077), ('ITGAX', 3.147918254423523), ('FCER1G', 1.7437501722358624), ('CCL3', 1.455803302462535), ('KLRB1', 0.8514295468458268), ('RORA', 0.1077085407543244), ('TCF4', 15.254893808136444), ('TNF', 0.8252060642263412), ('GZMB', 4.643493485131802), ('SELPLG', 0.4335327825880979), ('IFNGR1', 3.1723854969774763)]",1120
IRF8,cisbp__M6119,0.11794293789112442,3.232729203457574,0.00015,1.0,gene is annotated for similar motif hocomoco__IRF8_HUMAN.H11MO.0.B ('IRF8_HUMAN'; q-value = 0.00015),"frozenset({'top5perTarget', 'hg38__refseq-r80__500bp_up_and_100bp_down_tss.mc9nr.genes_vs_motifs.rankings', 'activating'})","[('GZMB', 4.643493485131802), ('RGS1', 0.297169803964077), ('SELPLG', 0.4335327825880979), ('CCL3', 1.455803302462535), ('IFNG', 3.4360099113039304), ('FCER1G', 1.7437501722358624), ('RORA', 0.1077085407543244), ('ITGAX', 3.147918254423523), ('RNASE2', 4.061894605636832), ('KLRB1', 0.8514295468458268), ('CCL20', 1.5467354300087754), ('TCF4', 15.254893808136444), ('IFNGR1', 3.1723854969774763), ('CD4', 2.228887856191343), ('HLA-DRA', 1.9735119835113235)]",2124
IRF8,dbcorrdb__SPI1__ENCSR000BGW_1__m1,0.11869995289684408,3.2649434968433293,0.000126,1.0,motif similar to hocomoco__IRF8_HUMAN.H11MO.0.B ('IRF8_HUMAN'; q-value = 0.000126) which is directly annotated,"frozenset({'top5perTarget', 'hg38__refseq-r80__500bp_up_and_100bp_down_tss.mc9nr.genes_vs_motifs.rankings', 'activating'})","[('CCL3', 1.455803302462535), ('FCER1G', 1.7437501722358624), ('STAT3', 0.1149569338169958), ('RGS1', 0.297169803964077), ('ITGAX', 3.147918254423523), ('RNASE2', 4.061894605636832), ('CD4', 2.228887856191343), ('IFNG', 3.4360099113039304), ('RORA', 0.1077085407543244), ('TNF', 0.8252060642263412), ('KLRB1', 0.8514295468458268), ('KIR2DL1', 1.2927975257092663), ('IL1RN', 0.9805374092009196), ('SELPLG', 0.4335327825880979), ('STAT4', 1.7728088232762562), ('NINJ2', 0.6970872643376612), ('HLA-DRA', 1.9735119835113235)]",2838
IRF8,transfac_pro__M07224,0.11809434089226835,3.239172062134725,3.8e-05,1.0,motif similar to hocomoco__IRF8_HUMAN.H11MO.0.B ('IRF8_HUMAN'; q-value = 3.82e-05) which is directly annotated,"frozenset({'top5perTarget', 'hg38__refseq-r80__500bp_up_and_100bp_down_tss.mc9nr.genes_vs_motifs.rankings', 'activating'})","[('ICAM1', 6.787572232731317), ('RORA', 0.1077085407543244), ('TCF4', 15.254893808136444), ('JCHAIN', 10.980927161531069), ('IRF4', 15.496124760851568), ('RNASE6', 5.906682115352259), ('IL1RN', 0.9805374092009196), ('HAVCR2', 1.3946842313386092), ('PIK3AP1', 4.159828177366874), ('IFNGR1', 3.1723854969774763), ('CCL20', 1.5467354300087754), ('FCER1G', 1.7437501722358624), ('HLA-DMA', 7.890425991629717), ('CD4', 2.228887856191343), ('RGS1', 0.297169803964077), ('STAT4', 1.7728088232762562), ('SELPLG', 0.4335327825880979)]",2564
IRF8,cisbp__M1907,0.1178251800013458,3.227718091153123,3.5e-05,1.0,motif similar to hocomoco__IRF8_HUMAN.H11MO.0.B ('IRF8_HUMAN'; q-value = 3.54e-05) which is directly annotated,"frozenset({'top5perTarget', 'hg38__refseq-r80__500bp_up_and_100bp_down_tss.mc9nr.genes_vs_motifs.rankings', 'activating'})","[('GZMB', 4.643493485131802), ('RGS1', 0.297169803964077), ('SELPLG', 0.4335327825880979), ('CCL3', 1.455803302462535), ('FCER1G', 1.7437501722358624), ('JCHAIN', 10.980927161531069), ('IFNG', 3.4360099113039304), ('KLRB1', 0.8514295468458268), ('ITGAX', 3.147918254423523), ('CCL20', 1.5467354300087754), ('RORA', 0.1077085407543244), ('RNASE2', 4.061894605636832)]",1428
IRF8,transfac_pro__M01172,0.12601776461880088,3.576348332905632,1e-06,1.0,gene is annotated for similar motif hocomoco__IRF8_HUMAN.H11MO.0.B ('IRF8_HUMAN'; q-value = 5.81e-07),"frozenset({'top5perTarget', 'hg38__refseq-r80__500bp_up_and_100bp_down_tss.mc9nr.genes_vs_motifs.rankings', 'activating'})","[('SELPLG', 0.4335327825880979), ('CCL3', 1.455803302462535), ('IFNG', 3.4360099113039304), ('TCF4', 15.254893808136444), ('RGS1', 0.297169803964077), ('GZMB', 4.643493485131802), ('FCER1G', 1.7437501722358624), ('RORA', 0.1077085407543244)]",932
IRF8,dbcorrdb__TBL1XR1__ENCSR000DYZ_1__m1,0.11378776663750757,3.055908526429094,0.0,1.0,motif similar to hocomoco__IRF8_HUMAN.H11MO.0.B ('IRF8_HUMAN'; q-value = 7.51e-08) which is directly annotated,"frozenset({'top5perTarget', 'hg38__refseq-r80__500bp_up_and_100bp_down_tss.mc9nr.genes_vs_motifs.rankings', 'activating'})","[('GZMB', 4.643493485131802), ('RGS1', 0.297169803964077), ('IFNG', 3.4360099113039304), ('SELPLG', 0.4335327825880979), ('CCL3', 1.455803302462535), ('FCER1G', 1.7437501722358624)]",111
IRF8,hocomoco__SPIB_MOUSE.H11MO.0.A,0.12362896171186327,3.4746943404439152,0.0,1.0,gene is annotated for similar motif hocomoco__IRF8_HUMAN.H11MO.0.B ('IRF8_HUMAN'; q-value = 2.31e-10),"frozenset({'top5perTarget', 'hg38__refseq-r80__500bp_up_and_100bp_down_tss.mc9nr.genes_vs_motifs.rankings', 'activating'})","[('RGS1', 0.297169803964077), ('JCHAIN', 10.980927161531069), ('CCL3', 1.455803302462535), ('ITGAX', 3.147918254423523), ('IL1RN', 0.9805374092009196), ('STAT3', 0.1149569338169958), ('CCL20', 1.5467354300087754), ('IFNG', 3.4360099113039304), ('FCER1G', 1.7437501722358624), ('TCF4', 15.254893808136444), ('RORA', 0.1077085407543244), ('CD3G', 0.0680677402055713), ('SELPLG', 0.4335327825880979)]",1673
IRF8,cisbp__M6484,0.12685889240293385,3.6121419922231386,0.0,1.0,gene is annotated for similar motif hocomoco__IRF8_HUMAN.H11MO.0.B ('IRF8_HUMAN'; q-value = 1.59e-07),"frozenset({'top5perTarget', 'hg38__refseq-r80__500bp_up_and_100bp_down_tss.mc9nr.genes_vs_motifs.rankings', 'activating'})","[('TNF', 0.8252060642263412), ('TCF4', 15.254893808136444), ('CCL20', 1.5467354300087754), ('FCGR3A', 1.6177806490061135), ('CCL3', 1.455803302462535), ('IRF8', 1.0), ('IL1RN', 0.9805374092009196)]",750
IRF8,hocomoco__IRF8_HUMAN.H11MO.0.B,0.13104770876791602,3.790394415624319,0.0,1.0,gene is directly annotated,"frozenset({'top5perTarget', 'hg38__refseq-r80__500bp_up_and_100bp_down_tss.mc9nr.genes_vs_motifs.rankings', 'activating'})","[('RGS1', 0.297169803964077), ('CCL3', 1.455803302462535), ('SELPLG', 0.4335327825880979), ('GZMB', 4.643493485131802), ('RNASE2', 4.061894605636832), ('IFNG', 3.4360099113039304), ('TCF4', 15.254893808136444), ('FCER1G', 1.7437501722358624), ('RORA', 0.1077085407543244), ('CCL20', 1.5467354300087754), ('ITGAX', 3.147918254423523), ('IFNGR1', 3.1723854969774763), ('CD4', 2.228887856191343), ('KLRB1', 0.8514295468458268), ('FCGR3A', 1.6177806490061135), ('CD3G', 0.0680677402055713), ('TNF', 0.8252060642263412)]",2842
IRF8,hocomoco__IRF4_HUMAN.H11MO.0.A,0.11769059955588453,3.221991105662322,0.0,1.0,motif similar to hocomoco__IRF8_HUMAN.H11MO.0.B ('IRF8_HUMAN'; q-value = 7.93e-17) which is directly annotated,"frozenset({'top5perTarget', 'hg38__refseq-r80__500bp_up_and_100bp_down_tss.mc9nr.genes_vs_motifs.rankings', 'activating'})","[('ICAM1', 6.787572232731317), ('IRF4', 15.496124760851568), ('RGS1', 0.297169803964077), ('TCF4', 15.254893808136444), ('RORA', 0.1077085407543244), ('HAVCR2', 1.3946842313386092), ('JCHAIN', 10.980927161531069), ('RNASE6', 5.906682115352259), ('CCL20', 1.5467354300087754)]",702
JUN,taipale_cyt_meth__CREB1_NRTGACGTCAYN_eDBD,0.13666787407279085,3.154005178068375,0.000764,1.0,motif similar to swissregulon__hs__JUN.p2 ('hs__JUN.p2'; q-value = 0.000764) which is directly annotated,"frozenset({'top5perTarget', 'hg38__refseq-r80__500bp_up_and_100bp_down_tss.mc9nr.genes_vs_motifs.rankings', 'activating'})","[('BIRC3', 2.222933757885588), ('CXCL5', 1.1589340254167226), ('CD69', 5.097395061742794), ('CCL5', 1.2778005711814258), ('FAM65B', 2.134133583847081), ('ADA', 2.249671779355988), ('CASP5', 1.8471258084875135), ('TBX21', 0.7507872947400774), ('RGS1', 10.22198253660172), ('CD63', 1.03839629944796), ('EGR3', 0.6262683178493476), ('EGR1', 4.716845546349888), ('STAT5A', 4.500617518447674), ('IL18', 1.1184482803239402), ('IL32', 1.2004819140063077)]",1723
JUN,dbcorrdb__STAT3__ENCSR000DOQ_1__m2,0.13406932610989494,3.059550660069252,0.000759,1.0,gene is annotated for similar motif jaspar__MA0489.1 ('JUN(var.2)'; q-value = 0.000759),"frozenset({'top5perTarget', 'hg38__refseq-r80__500bp_up_and_100bp_down_tss.mc9nr.genes_vs_motifs.rankings', 'activating'})","[('BIRC3', 2.222933757885588), ('CXCL5', 1.1589340254167226), ('CCL5', 1.2778005711814258), ('CD69', 5.097395061742794), ('CD63', 1.03839629944796), ('RGS1', 10.22198253660172), ('FAM65B', 2.134133583847081), ('CASP5', 1.8471258084875135)]",342
JUN,homer__CGGTGACGTCAC_CRE,0.1364158936642676,3.1448459520805807,0.000649,1.0,"gene is annotated for similar motif dbcorrdb__JUN__ENCSR000EGH_1__m2 ('JUN (ENCSR000EGH-1, motif 2)'; q-value = 0.000649)","frozenset({'top5perTarget', 'hg38__refseq-r80__500bp_up_and_100bp_down_tss.mc9nr.genes_vs_motifs.rankings', 'activating'})","[('DUSP1', 4.496651575044924), ('BACH2', 2.49749157664123), ('BAX', 1.8003214020601916), ('LAMP1', 2.289344100246005), ('FOSB', 25.19522169227828), ('EGR1', 4.716845546349888), ('IFNGR1', 4.032493652646585), ('JUN', 1.0), ('EGR3', 0.6262683178493476)]",793
JUN,taipale_cyt_meth__JUND_NRTGACGCATN_eDBD_repr,0.13721908121643542,3.174040984916673,0.000488,1.0,gene is annotated for similar motif taipale_cyt_meth__JUN_NATGACKCATN_FL ('JUN [bZIP]'; q-value = 0.000488),"frozenset({'top5perTarget', 'hg38__refseq-r80__500bp_up_and_100bp_down_tss.mc9nr.genes_vs_motifs.rankings', 'activating'})","[('LAMP1', 2.289344100246005), ('DUSP1', 4.496651575044924), ('BAX', 1.8003214020601916), ('EGR3', 0.6262683178493476), ('BACH2', 2.49749157664123), ('CNOT2', 2.4435991462777693), ('CD63', 1.03839629944796), ('FOSB', 25.19522169227828), ('EGR1', 4.716845546349888), ('GAPDH', 3.5579639804050918), ('RGS1', 10.22198253660172), ('LAP3', 2.987897084921971), ('PCNA', 3.012834411935223)]",1645
JUN,dbcorrdb__ATF1__ENCSR000DNZ_1__m2,0.14669984408712222,3.51865686270741,0.00035,1.0,"gene is annotated for similar motif dbcorrdb__JUN__ENCSR000EFS_1__m1 ('JUN (ENCSR000EFS-1, motif 1)'; q-value = 0.00035)","frozenset({'top5perTarget', 'hg38__refseq-r80__500bp_up_and_100bp_down_tss.mc9nr.genes_vs_motifs.rankings', 'activating'})","[('RGS1', 10.22198253660172), ('GZMA', 1.8354270653343576), ('CD36', 0.691997333129158), ('BIRC3', 2.222933757885588), ('CD28', 1.35669317651925), ('CD63', 1.03839629944796), ('DOCK8', 2.4116834411463843), ('STAT5A', 4.500617518447674), ('TBX21', 0.7507872947400774)]",878
JUN,cisbp__M0269,0.149991338173457,3.6382992521729642,0.000316,1.0,motif similar to taipale_cyt_meth__JUN_NATGACGTCAYN_FL ('JUN [bZIP]'; q-value = 0.000316) which is directly annotated,"frozenset({'top5perTarget', 'hg38__refseq-r80__500bp_up_and_100bp_down_tss.mc9nr.genes_vs_motifs.rankings', 'activating'})","[('JUNB', 2.531311345467063), ('CD63', 1.03839629944796), ('JUN', 1.0), ('GZMA', 1.8354270653343576), ('IL32', 1.2004819140063077), ('STAT5A', 4.500617518447674), ('IKZF1', 1.2436869870540177)]",386
JUN,cisbp__M0361,0.13747106162495865,3.183200210904466,0.000304,1.0,motif similar to taipale_cyt_meth__JUN_NATGACGTCAYN_FL ('JUN [bZIP]'; q-value = 0.000304) which is directly annotated,"frozenset({'top5perTarget', 'hg38__refseq-r80__500bp_up_and_100bp_down_tss.mc9nr.genes_vs_motifs.rankings', 'activating'})","[('ICAM1', 0.8388920080971131), ('IKZF1', 1.2436869870540177), ('CD37', 1.2563062781079046), ('CD63', 1.03839629944796), ('HAVCR2', 1.0814656611937834), ('IL18', 1.1184482803239402), ('LAMP1', 2.289344100246005), ('FAM65B', 2.134133583847081), ('PIK3AP1', 1.057962687694231), ('IFNGR1', 4.032493652646585), ('STAT5A', 4.500617518447674), ('GAPDH', 3.5579639804050918)]",1075
JUN,taipale_cyt_meth__CREM_NRTGACGTCAYN_eDBD,0.14778650959887868,3.5581560247797697,0.000181,1.0,motif similar to swissregulon__hs__JUN.p2 ('hs__JUN.p2'; q-value = 0.000181) which is directly annotated,"frozenset({'top5perTarget', 'hg38__refseq-r80__500bp_up_and_100bp_down_tss.mc9nr.genes_vs_motifs.rankings', 'activating'})","[('CD36', 0.691997333129158), ('EGR1', 4.716845546349888), ('CD63', 1.03839629944796), ('ICAM1', 0.8388920080971131), ('FOSB', 25.19522169227828), ('GAPDH', 3.5579639804050918), ('RGS1', 10.22198253660172)]",456
JUN,cisbp__M0346,0.1506055404192324,3.660624865518212,5.4e-05,1.0,"motif similar to cisbp__M4557 ('JUN[gene ID: ""ENSG00000177606"" species: ""Homo sapiens"" TF status: ""direct"" TF family: ""bZIP"" DBDs: ""bZIP_1""]'; q-value = 5.41e-05) which is directly annotated","frozenset({'top5perTarget', 'hg38__refseq-r80__500bp_up_and_100bp_down_tss.mc9nr.genes_vs_motifs.rankings', 'activating'})","[('BIRC3', 2.222933757885588), ('CD69', 5.097395061742794), ('CXCL5', 1.1589340254167226), ('CCL5', 1.2778005711814258), ('CASP5', 1.8471258084875135), ('CD63', 1.03839629944796), ('FAM65B', 2.134133583847081)]",160
JUN,taipale_cyt_meth__CREB3L4_NRTGACGTCAYN_eDBD,0.13589618407168844,3.1259550484807566,1e-05,1.0,"gene is annotated for similar motif dbcorrdb__JUN__ENCSR000EGH_1__m2 ('JUN (ENCSR000EGH-1, motif 2)'; q-value = 9.9e-06)","frozenset({'top5perTarget', 'hg38__refseq-r80__500bp_up_and_100bp_down_tss.mc9nr.genes_vs_motifs.rankings', 'activating'})","[('LAMP1', 2.289344100246005), ('DUSP1', 4.496651575044924), ('RGS1', 10.22198253660172), ('BAX', 1.8003214020601916), ('EGR3', 0.6262683178493476)]",100
JUNB,taipale_cyt_meth__CREB1_NRTGACGTCAYN_eDBD,0.1506908462867012,3.1225310475841814,0.000404,1.0,gene is annotated for similar motif transfac_pro__M08921 ('V$JUNBFOSB_02: JUNB:FOSB'; q-value = 0.000404),"frozenset({'top5perTarget', 'hg38__refseq-r80__500bp_up_and_100bp_down_tss.mc9nr.genes_vs_motifs.rankings', 'activating'})","[('EGR3', 0.5820185140038524), ('JUN', 4.172183500914485), ('FOXP1', 2.3297113780042955), ('EGR1', 5.241951660171043), ('SELL', 2.402324136922572), ('FOSB', 26.95182739384448), ('BACH2', 1.35258088044004), ('RORA', 1.2533028283065089), ('DUSP1', 5.755738647487208), ('MYC', 3.55401118482114), ('KIAA0101', 0.0269401125099336), ('IL18RAP', 0.107857226457727), ('CBLB', 1.580444215039983)]",1390
JUNB,cisbp__M0269,0.16470824080927707,3.578660300939116,0.000316,1.0,motif similar to transfac_pro__M08945 ('V$JUNBFOS_03: JUNB:C-FOS'; q-value = 0.000316) which is directly annotated,"frozenset({'top5perTarget', 'hg38__refseq-r80__500bp_up_and_100bp_down_tss.mc9nr.genes_vs_motifs.rankings', 'activating'})","[('DUSP1', 5.755738647487208), ('BACH2', 1.35258088044004), ('BAX', 3.667085245346851), ('LAMP1', 2.665818093261493), ('FOSB', 26.95182739384448), ('FOXP1', 2.3297113780042955), ('EGR1', 5.241951660171043), ('IFNGR1', 1.132903126120285), ('JUN', 4.172183500914485), ('EGR3', 0.5820185140038524)]",793
JUNB,taipale_cyt_meth__ATF2_NRTGAYGTMAYN_FL,0.14762213175425612,3.0226743683568635,5.5e-05,1.0,motif similar to transfac_pro__M08921 ('V$JUNBFOSB_02: JUNB:FOSB'; q-value = 5.48e-05) which is directly annotated,"frozenset({'top5perTarget', 'hg38__refseq-r80__500bp_up_and_100bp_down_tss.mc9nr.genes_vs_motifs.rankings', 'activating'})","[('EGR1', 5.241951660171043), ('SELL', 2.402324136922572), ('FOXP1', 2.3297113780042955), ('FOSB', 26.95182739384448), ('EGR3', 0.5820185140038524), ('MYC', 3.55401118482114), ('RORA', 1.2533028283065089), ('BACH2', 1.35258088044004), ('LEF1', 5.944317802560026), ('CBLB', 1.580444215039983), ('DUSP2', 2.578312594950048)]",1010
JUNB,cisbp__M0346,0.15809277078707132,3.363391379388768,5.4e-05,1.0,motif similar to factorbook__v-JUN ('v-JUN'; q-value = 5.41e-05) which is directly annotated,"frozenset({'top5perTarget', 'hg38__refseq-r80__500bp_up_and_100bp_down_tss.mc9nr.genes_vs_motifs.rankings', 'activating'})","[('EGR3', 0.5820185140038524), ('DUSP1', 5.755738647487208), ('LAMP1', 2.665818093261493), ('BAX', 3.667085245346851), ('JUN', 4.172183500914485), ('FOSB', 26.95182739384448), ('FOXP1', 2.3297113780042955), ('EGR1', 5.241951660171043), ('BACH2', 1.35258088044004), ('IFNGR1', 1.132903126120285)]",612
JUNB,taipale_cyt_meth__CREM_NRTGACGTCAYN_eDBD,0.1609918578830496,3.457728342678897,4.8e-05,1.0,motif similar to transfac_pro__M08921 ('V$JUNBFOSB_02: JUNB:FOSB'; q-value = 4.84e-05) which is directly annotated,"frozenset({'top5perTarget', 'hg38__refseq-r80__500bp_up_and_100bp_down_tss.mc9nr.genes_vs_motifs.rankings', 'activating'})","[('DUSP1', 5.755738647487208), ('JUN', 4.172183500914485), ('FOSB', 26.95182739384448), ('EGR3', 0.5820185140038524), ('FOXP1', 2.3297113780042955)]",127
JUNB,taipale_cyt_meth__CREB3L4_NRTGACGTCAYN_eDBD,0.15025906735751296,3.1084808615622475,1.6e-05,1.0,gene is annotated for similar motif transfac_pro__M08924 ('V$JUNBFRA2_02: JUNB:FRA-2'; q-value = 1.57e-05),"frozenset({'top5perTarget', 'hg38__refseq-r80__500bp_up_and_100bp_down_tss.mc9nr.genes_vs_motifs.rankings', 'activating'})","[('RORA', 1.2533028283065089), ('ZBTB16', 0.5149459329456282), ('JUNB', 1.0), ('FOXP1', 2.3297113780042955), ('SELL', 2.402324136922572), ('BACH2', 1.35258088044004), ('MYC', 3.55401118482114), ('EGR3', 0.5820185140038524), ('FOSB', 26.95182739384448), ('EGR1', 5.241951660171043), ('FAM65B', 0.9266004602327332), ('IL23R', 4.239612406320919), ('DUSP1', 5.755738647487208)]",1051
JUNB,cisbp__M0361,0.17460831482852207,3.9008109947277503,1.3e-05,1.0,motif similar to transfac_pro__M08927 ('V$JUNB_03: JUNB'; q-value = 1.3e-05) which is directly annotated,"frozenset({'top5perTarget', 'hg38__refseq-r80__500bp_up_and_100bp_down_tss.mc9nr.genes_vs_motifs.rankings', 'activating'})","[('FOXP1', 2.3297113780042955), ('BACH2', 1.35258088044004), ('JUNB', 1.0), ('RORA', 1.2533028283065089), ('ZBTB16', 0.5149459329456282), ('MYC', 3.55401118482114), ('SELL', 2.402324136922572), ('EGR3', 0.5820185140038524), ('CD2', 1.349962091566316), ('FAM65B', 0.9266004602327332), ('FOSB', 26.95182739384448), ('KIT', 0.0525430577736647), ('KIAA0101', 0.0269401125099336)]",1355
PRDM1,dbcorrdb__SPI1__ENCSR000BGQ_1__m1,0.10976337718774623,3.021405778515157,0.000418,1.0,"motif similar to dbcorrdb__PRDM1__ENCSR000ECY_1__m1 ('PRDM1 (ENCSR000ECY-1, motif 1)'; q-value = 0.000418) which is directly annotated","frozenset({'top5perTarget', 'hg38__refseq-r80__500bp_up_and_100bp_down_tss.mc9nr.genes_vs_motifs.rankings', 'activating'})","[('AQP9', 8.075275439496279), ('S100A9', 6.980199366144781), ('IL1B', 2.822658684291884), ('KLRC1', 0.080359518098578), ('S100A12', 5.461367431352686), ('PRDM1', 1.0), ('FCN1', 8.078429514361677)]",1546
RUNX3,dbcorrdb__BCL11A__ENCSR000BHA_1__m2,0.1355585010242198,3.8248166495641085,0.000684,1.0,"gene is annotated for similar motif dbcorrdb__RUNX3__ENCSR000BRI_1__m1 ('RUNX3 (ENCSR000BRI-1, motif 1)'; q-value = 0.000684)","frozenset({'top5perTarget', 'hg38__refseq-r80__500bp_up_and_100bp_down_tss.mc9nr.genes_vs_motifs.rankings', 'activating'})","[('BTG1', 20.91471765839055), ('CD27', 4.936857426283583), ('TCF4', 0.7361647144361116), ('CCL4', 7.532410443440303), ('CCL5', 14.558459636518611), ('CNOT2', 8.164733423771606), ('GNLY', 14.386837038281854), ('KIT', 0.6679094565619422), ('CD38', 0.5109123838072221), ('TNF', 1.4203832628281816), ('IGBP1', 0.6955126605134446), ('ARL4C', 9.543605372824654)]",2084
RUNX3,dbcorrdb__IKZF1__ENCSR000EUJ_1__m2,0.1458695539910144,4.2520072896235215,0.000552,1.0,gene is annotated for similar motif hocomoco__RUNX3_HUMAN.H11MO.0.A ('RUNX3_HUMAN'; q-value = 0.000552),"frozenset({'top5perTarget', 'hg38__refseq-r80__500bp_up_and_100bp_down_tss.mc9nr.genes_vs_motifs.rankings', 'activating'})","[('TCF4', 0.7361647144361116), ('IFITM3', 8.501027037321089), ('CCL5', 14.558459636518611), ('CCL4', 7.532410443440303), ('RUNX3', 1.0), ('IFITM2', 10.24070128696414)]",322
RUNX3,dbcorrdb__STAT3__ENCSR000DZV_1__m3,0.12652126762260513,3.4504008131180446,0.000552,1.0,gene is annotated for similar motif hocomoco__RUNX3_HUMAN.H11MO.0.A ('RUNX3_HUMAN'; q-value = 0.000552),"frozenset({'top5perTarget', 'hg38__refseq-r80__500bp_up_and_100bp_down_tss.mc9nr.genes_vs_motifs.rankings', 'activating'})","[('RUNX3', 1.0), ('AQP9', 1.1692925391474482), ('IL18RAP', 9.72676848163027), ('ITGB2', 8.330941450216926), ('KLRB1', 15.90656227314716), ('TBX21', 14.812415285894456), ('NKG7', 17.284351225940124), ('GNLY', 14.386837038281854), ('GZMH', 11.142501120298592), ('TCF4', 0.7361647144361116), ('TNF', 1.4203832628281816), ('CD247', 7.670817219471713), ('SELPLG', 6.917814815958706), ('IFNGR1', 6.648123456102952)]",1120
RUNX3,dbcorrdb__EP300__ENCSR000DZD_1__m2,0.15549205584149553,4.650671008810853,0.00041,1.0,gene is annotated for similar motif transfac_pro__M08866 ('V$AML_Q4: AML'; q-value = 0.00041),"frozenset({'top5perTarget', 'hg38__refseq-r80__500bp_up_and_100bp_down_tss.mc9nr.genes_vs_motifs.rankings', 'activating'})","[('SELPLG', 6.917814815958706), ('RUNX3', 1.0), ('AQP9', 1.1692925391474482), ('ITGB2', 8.330941450216926), ('IL18RAP', 9.72676848163027), ('GNLY', 14.386837038281854), ('TBX21', 14.812415285894456), ('GZMH', 11.142501120298592), ('KLRB1', 15.90656227314716), ('NKG7', 17.284351225940124), ('CST7', 11.38729295156492), ('TCF4', 0.7361647144361116), ('IFNGR1', 6.648123456102952)]",1629
RUNX3,transfac_pro__M01658,0.12831150052502022,3.524570807385455,0.000387,1.0,gene is annotated for similar motif transfac_pro__M08866 ('V$AML_Q4: AML'; q-value = 0.000387),"frozenset({'top5perTarget', 'hg38__refseq-r80__500bp_up_and_100bp_down_tss.mc9nr.genes_vs_motifs.rankings', 'activating'})","[('IL18RAP', 9.72676848163027), ('AQP9', 1.1692925391474482), ('ITGB2', 8.330941450216926), ('CCL4', 7.532410443440303), ('GNLY', 14.386837038281854), ('DUSP2', 6.95470434715281), ('RUNX3', 1.0), ('GZMH', 11.142501120298592), ('TNF', 1.4203832628281816), ('KLRB1', 15.90656227314716), ('CNOT2', 8.164733423771606)]",1576
RUNX3,cisbp__M6458,0.1823283355998141,5.762507749800212,0.000387,1.0,gene is annotated for similar motif transfac_pro__M08866 ('V$AML_Q4: AML'; q-value = 0.000387),"frozenset({'top5perTarget', 'hg38__refseq-r80__500bp_up_and_100bp_down_tss.mc9nr.genes_vs_motifs.rankings', 'activating'})","[('AQP9', 1.1692925391474482), ('RUNX3', 1.0), ('GZMH', 11.142501120298592), ('NKG7', 17.284351225940124), ('TCF4', 0.7361647144361116), ('IL18RAP', 9.72676848163027), ('CST7', 11.38729295156492), ('TIAF1', 1.096394612222511), ('SELPLG', 6.917814815958706)]",1022
RUNX3,transfac_pro__M08865,0.1415488957361472,4.073000861151213,0.000355,1.0,gene is annotated for similar motif transfac_pro__M08866 ('V$AML_Q4: AML'; q-value = 0.000355),"frozenset({'top5perTarget', 'hg38__refseq-r80__500bp_up_and_100bp_down_tss.mc9nr.genes_vs_motifs.rankings', 'activating'})","[('RUNX3', 1.0), ('IFNGR1', 6.648123456102952), ('TBX21', 14.812415285894456), ('CST7', 11.38729295156492), ('ITGAM', 16.92086703861454), ('TCF4', 0.7361647144361116), ('GZMH', 11.142501120298592), ('SELPLG', 6.917814815958706), ('GNLY', 14.386837038281854), ('CD247', 7.670817219471713), ('CD27', 4.936857426283583)]",1295
RUNX3,dbcorrdb__NFATC1__ENCSR000BQL_1__m3,0.12653848140051296,3.4511139861398465,0.000246,1.0,gene is annotated for similar motif hocomoco__RUNX3_HUMAN.H11MO.0.A ('RUNX3_HUMAN'; q-value = 0.000246),"frozenset({'top5perTarget', 'hg38__refseq-r80__500bp_up_and_100bp_down_tss.mc9nr.genes_vs_motifs.rankings', 'activating'})","[('RUNX3', 1.0), ('AQP9', 1.1692925391474482), ('SELPLG', 6.917814815958706), ('NKG7', 17.284351225940124), ('GZMH', 11.142501120298592), ('IL18RAP', 9.72676848163027), ('GNLY', 14.386837038281854), ('CST7', 11.38729295156492), ('KLRB1', 15.90656227314716), ('ITGB2', 8.330941450216926)]",1157
RUNX3,dbcorrdb__TBL1XR1__ENCSR000DYZ_1__m2,0.14893360645860948,4.378952087504283,0.000232,1.0,motif similar to hocomoco__RUNX3_HUMAN.H11MO.0.A ('RUNX3_HUMAN'; q-value = 0.000232) which is directly annotated,"frozenset({'top5perTarget', 'hg38__refseq-r80__500bp_up_and_100bp_down_tss.mc9nr.genes_vs_motifs.rankings', 'activating'})","[('LAMP1', 6.0523169010772015), ('RUNX3', 1.0), ('TCF4', 0.7361647144361116), ('DUSP2', 6.95470434715281), ('CNOT2', 8.164733423771606)]",279
RUNX3,cisbp__M6457,0.123147367152669,3.310618900844848,0.000107,1.0,"gene is annotated for similar motif dbcorrdb__RUNX3__ENCSR000BRI_1__m1 ('RUNX3 (ENCSR000BRI-1, motif 1)'; q-value = 0.000107)","frozenset({'top5perTarget', 'hg38__refseq-r80__500bp_up_and_100bp_down_tss.mc9nr.genes_vs_motifs.rankings', 'activating'})","[('RUNX3', 1.0), ('FCGR3A', 16.067981960827332), ('HLA-A', 19.34919455565949), ('TNF', 1.4203832628281816), ('NKG7', 17.284351225940124), ('AQP9', 1.1692925391474482), ('IL32', 1.3741137526110294), ('TCF4', 0.7361647144361116), ('IL2RB', 15.587399841423366)]",751
RUNX3,transfac_pro__M07242,0.13982751794536347,4.001683558971011,0.0001,1.0,gene is annotated for similar motif transfac_pro__M08866 ('V$AML_Q4: AML'; q-value = 9.99e-05),"frozenset({'top5perTarget', 'hg38__refseq-r80__500bp_up_and_100bp_down_tss.mc9nr.genes_vs_motifs.rankings', 'activating'})","[('TNF', 1.4203832628281816), ('CCL4', 7.532410443440303), ('RUNX3', 1.0), ('TCF4', 0.7361647144361116)]",217
RUNX3,transfac_pro__M07276,0.1732738884202916,5.387378740332346,0.0001,1.0,gene is annotated for similar motif transfac_pro__M08866 ('V$AML_Q4: AML'; q-value = 9.99e-05),"frozenset({'top5perTarget', 'hg38__refseq-r80__500bp_up_and_100bp_down_tss.mc9nr.genes_vs_motifs.rankings', 'activating'})","[('SELPLG', 6.917814815958706), ('RUNX3', 1.0), ('AQP9', 1.1692925391474482), ('IL18RAP', 9.72676848163027), ('GZMH', 11.142501120298592), ('KLRB1', 15.90656227314716), ('GNLY', 14.386837038281854), ('CD27', 4.936857426283583), ('NKG7', 17.284351225940124), ('KLRF1', 15.510739356634836), ('CST7', 11.38729295156492), ('DUSP2', 6.95470434715281)]",1512
RUNX3,dbcorrdb__CEBPB__ENCSR000BRX_1__m2,0.14688516688757683,4.294084497909842,8.3e-05,1.0,"gene is annotated for similar motif dbcorrdb__RUNX3__ENCSR000BRI_1__m1 ('RUNX3 (ENCSR000BRI-1, motif 1)'; q-value = 8.27e-05)","frozenset({'top5perTarget', 'hg38__refseq-r80__500bp_up_and_100bp_down_tss.mc9nr.genes_vs_motifs.rankings', 'activating'})","[('LAMP1', 6.0523169010772015), ('TCF4', 0.7361647144361116), ('DUSP1', 3.754650860891072), ('RUNX3', 1.0), ('FYN', 7.761294264397453)]",320
RUNX3,factorbook__RUNX1,0.1354207908009571,3.8191112653896924,7e-05,1.0,gene is annotated for similar motif hocomoco__RUNX3_HUMAN.H11MO.0.A ('RUNX3_HUMAN'; q-value = 6.99e-05),"frozenset({'top5perTarget', 'hg38__refseq-r80__500bp_up_and_100bp_down_tss.mc9nr.genes_vs_motifs.rankings', 'activating'})","[('IFITM2', 10.24070128696414), ('IFITM3', 8.501027037321089), ('GZMH', 11.142501120298592), ('TCF4', 0.7361647144361116)]",171
RUNX3,dbcorrdb__NFIC__ENCSR000BRN_1__m2,0.13230509699963852,3.690026948443526,6.9e-05,1.0,"gene is annotated for similar motif dbcorrdb__RUNX3__ENCSR000BRI_1__m1 ('RUNX3 (ENCSR000BRI-1, motif 1)'; q-value = 6.94e-05)","frozenset({'top5perTarget', 'hg38__refseq-r80__500bp_up_and_100bp_down_tss.mc9nr.genes_vs_motifs.rankings', 'activating'})","[('AQP9', 1.1692925391474482), ('NKG7', 17.284351225940124), ('ITGB2', 8.330941450216926), ('SELPLG', 6.917814815958706), ('IFITM3', 8.501027037321089), ('TCF4', 0.7361647144361116), ('RUNX3', 1.0), ('IFITM2', 10.24070128696414), ('CST7', 11.38729295156492), ('KIT', 0.6679094565619422)]",915
RUNX3,hocomoco__RUNX2_MOUSE.H11MO.0.A,0.16902208527705576,5.211225003947246,6.4e-05,1.0,gene is annotated for similar motif hocomoco__RUNX3_HUMAN.H11MO.0.A ('RUNX3_HUMAN'; q-value = 6.41e-05),"frozenset({'top5perTarget', 'hg38__refseq-r80__500bp_up_and_100bp_down_tss.mc9nr.genes_vs_motifs.rankings', 'activating'})","[('IFITM3', 8.501027037321089), ('TCF4', 0.7361647144361116), ('CCL5', 14.558459636518611), ('CCL4', 7.532410443440303), ('IFITM2', 10.24070128696414), ('TNF', 1.4203832628281816), ('HLA-A', 19.34919455565949)]",557
RUNX3,dbcorrdb__STAT5A__ENCSR000BQZ_1__m2,0.13053207787513124,3.616570127197916,3.1e-05,1.0,gene is annotated for similar motif hocomoco__RUNX3_HUMAN.H11MO.0.A ('RUNX3_HUMAN'; q-value = 3.1e-05),"frozenset({'top5perTarget', 'hg38__refseq-r80__500bp_up_and_100bp_down_tss.mc9nr.genes_vs_motifs.rankings', 'activating'})","[('CXCR4', 17.94826753228145), ('TCF4', 0.7361647144361116), ('CST7', 11.38729295156492), ('AQP9', 1.1692925391474482), ('RUNX3', 1.0), ('DUSP1', 3.754650860891072), ('SELPLG', 6.917814815958706), ('CD247', 7.670817219471713), ('CD27', 4.936857426283583), ('GNLY', 14.386837038281854), ('CNOT2', 8.164733423771606), ('GZMH', 11.142501120298592), ('NKG7', 17.284351225940124), ('IL18RAP', 9.72676848163027), ('TNF', 1.4203832628281816)]",1697
RUNX3,dbcorrdb__MTA3__ENCSR000BRH_1__m2,0.15036235002495998,4.4381454483138505,2.7e-05,1.0,"motif similar to dbcorrdb__RUNX3__ENCSR000BRI_1__m1 ('RUNX3 (ENCSR000BRI-1, motif 1)'; q-value = 2.67e-05) which is directly annotated","frozenset({'top5perTarget', 'hg38__refseq-r80__500bp_up_and_100bp_down_tss.mc9nr.genes_vs_motifs.rankings', 'activating'})","[('CXCR4', 17.94826753228145), ('TCF4', 0.7361647144361116), ('CST7', 11.38729295156492), ('DUSP1', 3.754650860891072), ('RUNX3', 1.0), ('SELPLG', 6.917814815958706), ('CD247', 7.670817219471713), ('CNOT2', 8.164733423771606), ('AQP9', 1.1692925391474482), ('CD27', 4.936857426283583), ('GZMH', 11.142501120298592), ('IFNGR1', 6.648123456102952), ('IL18RAP', 9.72676848163027), ('IL32', 1.3741137526110294), ('FCGR3A', 16.067981960827332), ('GNLY', 14.386837038281854)]",1974
RUNX3,hocomoco__PEBB_HUMAN.H11MO.0.C,0.12282030537242009,3.2970686134306093,1e-05,1.0,"motif similar to dbcorrdb__RUNX3__ENCSR000BRI_1__m1 ('RUNX3 (ENCSR000BRI-1, motif 1)'; q-value = 1.02e-05) which is directly annotated","frozenset({'top5perTarget', 'hg38__refseq-r80__500bp_up_and_100bp_down_tss.mc9nr.genes_vs_motifs.rankings', 'activating'})","[('RUNX3', 1.0), ('AQP9', 1.1692925391474482), ('IL18RAP', 9.72676848163027), ('SELPLG', 6.917814815958706), ('GZMH', 11.142501120298592), ('NKG7', 17.284351225940124), ('TCF4', 0.7361647144361116), ('GNLY', 14.386837038281854), ('CCL4', 7.532410443440303), ('TBX21', 14.812415285894456), ('IFNGR1', 6.648123456102952), ('CNOT2', 8.164733423771606), ('CST7', 11.38729295156492), ('KLRB1', 15.90656227314716), ('FCGR3A', 16.067981960827332), ('TNF', 1.4203832628281816), ('CD27', 4.936857426283583)]",2937
RUNX3,hocomoco__RUNX1_MOUSE.H11MO.0.A,0.14208252285129017,4.095109224827076,4e-06,1.0,motif similar to hocomoco__RUNX3_HUMAN.H11MO.0.A ('RUNX3_HUMAN'; q-value = 4.31e-06) which is directly annotated,"frozenset({'top5perTarget', 'hg38__refseq-r80__500bp_up_and_100bp_down_tss.mc9nr.genes_vs_motifs.rankings', 'activating'})","[('KLRB1', 15.90656227314716), ('IL18RAP', 9.72676848163027), ('CCL4', 7.532410443440303), ('TCF4', 0.7361647144361116), ('AQP9', 1.1692925391474482), ('NKG7', 17.284351225940124), ('CD247', 7.670817219471713), ('DUSP1', 3.754650860891072), ('GZMH', 11.142501120298592), ('FYN', 7.761294264397453), ('RUNX3', 1.0), ('CD27', 4.936857426283583)]",1572
RUNX3,hocomoco__RUNX2_HUMAN.H11MO.0.A,0.17301568175167403,5.376681145005316,3e-06,1.0,"gene is annotated for similar motif dbcorrdb__RUNX3__ENCSR000BRI_1__m1 ('RUNX3 (ENCSR000BRI-1, motif 1)'; q-value = 2.93e-06)","frozenset({'top5perTarget', 'hg38__refseq-r80__500bp_up_and_100bp_down_tss.mc9nr.genes_vs_motifs.rankings', 'activating'})","[('NKG7', 17.284351225940124), ('RUNX3', 1.0), ('ITGAM', 16.92086703861454), ('TBX21', 14.812415285894456), ('SELPLG', 6.917814815958706), ('GZMH', 11.142501120298592), ('TIAF1', 1.096394612222511), ('TCF4', 0.7361647144361116)]",888
RUNX3,transfac_pro__M07124,0.16817861015957172,5.176279525878947,1e-06,1.0,gene is annotated for similar motif hocomoco__RUNX3_HUMAN.H11MO.0.A ('RUNX3_HUMAN'; q-value = 7.6e-07),"frozenset({'top5perTarget', 'hg38__refseq-r80__500bp_up_and_100bp_down_tss.mc9nr.genes_vs_motifs.rankings', 'activating'})","[('NKG7', 17.284351225940124), ('RUNX3', 1.0), ('FYN', 7.761294264397453), ('IFITM2', 10.24070128696414), ('CD247', 7.670817219471713), ('IFITM3', 8.501027037321089), ('IFNGR1', 6.648123456102952), ('GZMH', 11.142501120298592), ('TCF4', 0.7361647144361116)]",1216
RUNX3,cisbp__M1837,0.16805811371421686,5.1712873147263325,1e-06,1.0,gene is annotated for similar motif hocomoco__RUNX3_HUMAN.H11MO.0.A ('RUNX3_HUMAN'; q-value = 1.29e-06),"frozenset({'top5perTarget', 'hg38__refseq-r80__500bp_up_and_100bp_down_tss.mc9nr.genes_vs_motifs.rankings', 'activating'})","[('CCL5', 14.558459636518611), ('CCL4', 7.532410443440303), ('TCF4', 0.7361647144361116), ('HLA-A', 19.34919455565949), ('IL18RAP', 9.72676848163027), ('TBX21', 14.812415285894456)]",439
RUNX3,jaspar__MA0002.2,0.16606131547690772,5.088559244197298,1e-06,1.0,gene is annotated for similar motif hocomoco__RUNX3_HUMAN.H11MO.0.A ('RUNX3_HUMAN'; q-value = 1.29e-06),"frozenset({'top5perTarget', 'hg38__refseq-r80__500bp_up_and_100bp_down_tss.mc9nr.genes_vs_motifs.rankings', 'activating'})","[('TCF4', 0.7361647144361116), ('TNF', 1.4203832628281816), ('RUNX3', 1.0), ('BTG1', 20.91471765839055), ('CNOT2', 8.164733423771606), ('CST7', 11.38729295156492), ('KLRB1', 15.90656227314716), ('AQP9', 1.1692925391474482), ('KLRF1', 15.510739356634836), ('IL2RB', 15.587399841423366), ('IFITM3', 8.501027037321089), ('CD38', 0.5109123838072221), ('CPA3', 0.8325644425823276), ('IL18RAP', 9.72676848163027), ('CD247', 7.670817219471713), ('GZMH', 11.142501120298592), ('FYN', 7.761294264397453), ('LAMP1', 6.0523169010772015), ('CXCR4', 17.94826753228145), ('CCL4', 7.532410443440303), ('FCGR3A', 16.067981960827332), ('KIT', 0.6679094565619422)]",4312
RUNX3,cisbp__M2310,0.16124145766271322,4.8888707980927295,1e-06,1.0,gene is annotated for similar motif hocomoco__RUNX3_HUMAN.H11MO.0.A ('RUNX3_HUMAN'; q-value = 7.6e-07),"frozenset({'top5perTarget', 'hg38__refseq-r80__500bp_up_and_100bp_down_tss.mc9nr.genes_vs_motifs.rankings', 'activating'})","[('FYN', 7.761294264397453), ('DUSP2', 6.95470434715281), ('TCF4', 0.7361647144361116), ('IFITM3', 8.501027037321089), ('CD247', 7.670817219471713), ('CCL4', 7.532410443440303), ('CNOT2', 8.164733423771606), ('IFITM2', 10.24070128696414), ('CD38', 0.5109123838072221)]",955
RUNX3,hocomoco__RUNX3_MOUSE.H11MO.0.A,0.16953849861429088,5.2326201946013065,0.0,0.92435,motif is annotated for orthologous gene ENSMUSG00000070691 in M. musculus (identity = 92%),"frozenset({'top5perTarget', 'hg38__refseq-r80__500bp_up_and_100bp_down_tss.mc9nr.genes_vs_motifs.rankings', 'activating'})","[('TBX21', 14.812415285894456), ('CCL4', 7.532410443440303), ('IL2RB', 15.587399841423366), ('CXCR4', 17.94826753228145), ('AQP9', 1.1692925391474482), ('KIT', 0.6679094565619422), ('CD38', 0.5109123838072221), ('TCF4', 0.7361647144361116)]",831
RUNX3,transfac_pro__M00984,0.12979188542509423,3.585903687260429,0.0,1.0,gene is directly annotated,"frozenset({'top5perTarget', 'hg38__refseq-r80__500bp_up_and_100bp_down_tss.mc9nr.genes_vs_motifs.rankings', 'activating'})","[('TCF4', 0.7361647144361116), ('TNF', 1.4203832628281816), ('CD38', 0.5109123838072221), ('CCL5', 14.558459636518611), ('AQP9', 1.1692925391474482), ('HLA-A', 19.34919455565949), ('CXCR4', 17.94826753228145)]",747
RUNX3,transfac_pro__M07372,0.1429776393024977,4.132194221960781,0.0,1.0,gene is directly annotated,"frozenset({'top5perTarget', 'hg38__refseq-r80__500bp_up_and_100bp_down_tss.mc9nr.genes_vs_motifs.rankings', 'activating'})","[('RUNX3', 1.0), ('AQP9', 1.1692925391474482), ('IL18RAP', 9.72676848163027), ('SELPLG', 6.917814815958706), ('NKG7', 17.284351225940124), ('KLRB1', 15.90656227314716), ('TBX21', 14.812415285894456), ('TCF4', 0.7361647144361116), ('CNOT2', 8.164733423771606), ('TNF', 1.4203832628281816), ('GZMH', 11.142501120298592), ('CXCR4', 17.94826753228145), ('CD247', 7.670817219471713), ('IFNGR1', 6.648123456102952), ('GNLY', 14.386837038281854), ('CST7', 11.38729295156492), ('FCGR3A', 16.067981960827332)]",2153
RUNX3,transfac_pro__M01854,0.15941679720448246,4.8132744577817155,0.0,1.0,gene is directly annotated,"frozenset({'top5perTarget', 'hg38__refseq-r80__500bp_up_and_100bp_down_tss.mc9nr.genes_vs_motifs.rankings', 'activating'})","[('CCL4', 7.532410443440303), ('FYN', 7.761294264397453), ('TCF4', 0.7361647144361116), ('CD247', 7.670817219471713), ('IFITM3', 8.501027037321089), ('CCL5', 14.558459636518611), ('GZMH', 11.142501120298592), ('TNF', 1.4203832628281816)]",987
RUNX3,transfac_pro__M01759,0.11755288933262183,3.078837668759189,0.0,1.0,gene is directly annotated,"frozenset({'top5perTarget', 'hg38__refseq-r80__500bp_up_and_100bp_down_tss.mc9nr.genes_vs_motifs.rankings', 'activating'})","[('RUNX3', 1.0), ('IL18RAP', 9.72676848163027), ('AQP9', 1.1692925391474482), ('CD27', 4.936857426283583), ('SELPLG', 6.917814815958706), ('CST7', 11.38729295156492), ('KLRB1', 15.90656227314716), ('TCF4', 0.7361647144361116), ('GNLY', 14.386837038281854), ('CXCR4', 17.94826753228145), ('CCL4', 7.532410443440303), ('GZMH', 11.142501120298592), ('NKG7', 17.284351225940124)]",1690
RUNX3,dbcorrdb__FOXM1__ENCSR000BRU_1__m2,0.15048284647031485,4.443137659466465,0.0,1.0,"gene is annotated for similar motif dbcorrdb__RUNX3__ENCSR000BRI_1__m1 ('RUNX3 (ENCSR000BRI-1, motif 1)'; q-value = 7.82e-10)","frozenset({'top5perTarget', 'hg38__refseq-r80__500bp_up_and_100bp_down_tss.mc9nr.genes_vs_motifs.rankings', 'activating'})","[('CD27', 4.936857426283583), ('CCL4', 7.532410443440303), ('KIT', 0.6679094565619422), ('RUNX3', 1.0), ('CPA3', 0.8325644425823276), ('FCGR3A', 16.067981960827332), ('KLRF1', 15.510739356634836)]",792
RUNX3,transfac_pro__M00769,0.13029108498442152,3.6065857048926877,0.0,1.0,gene is directly annotated,"frozenset({'top5perTarget', 'hg38__refseq-r80__500bp_up_and_100bp_down_tss.mc9nr.genes_vs_motifs.rankings', 'activating'})","[('IL18RAP', 9.72676848163027), ('LAMP1', 6.0523169010772015), ('RUNX3', 1.0), ('TCF4', 0.7361647144361116), ('TNF', 1.4203832628281816), ('CXCR4', 17.94826753228145), ('HLA-A', 19.34919455565949), ('TIAF1', 1.096394612222511)]",639
RUNX3,homer__NWAACCACADNN_RUNX2,0.127381956517997,3.4860594642081457,0.0,1.0,"gene is annotated for similar motif dbcorrdb__RUNX3__ENCSR000BRI_1__m1 ('RUNX3 (ENCSR000BRI-1, motif 1)'; q-value = 4.74e-07)","frozenset({'top5perTarget', 'hg38__refseq-r80__500bp_up_and_100bp_down_tss.mc9nr.genes_vs_motifs.rankings', 'activating'})","[('TCF4', 0.7361647144361116), ('CD247', 7.670817219471713), ('FCGR3A', 16.067981960827332), ('CNOT2', 8.164733423771606), ('CST7', 11.38729295156492), ('IL2RB', 15.587399841423366), ('ITGB2', 8.330941450216926), ('CCL4', 7.532410443440303), ('DUSP2', 6.95470434715281), ('LAMP1', 6.0523169010772015), ('CD27', 4.936857426283583)]",1440
RUNX3,dbcorrdb__RUNX3__ENCSR000BRI_1__m1,0.14153168195823937,4.0722876881294106,0.0,1.0,gene is directly annotated,"frozenset({'top5perTarget', 'hg38__refseq-r80__500bp_up_and_100bp_down_tss.mc9nr.genes_vs_motifs.rankings', 'activating'})","[('CXCR4', 17.94826753228145), ('CNOT2', 8.164733423771606), ('TCF4', 0.7361647144361116), ('AQP9', 1.1692925391474482), ('ARL4C', 9.543605372824654), ('RUNX3', 1.0), ('HLA-A', 19.34919455565949), ('CCL4', 7.532410443440303)]",812
RUNX3,transfac_pro__M08866,0.1250408827225311,3.3890679332430707,0.0,1.0,gene is directly annotated,"frozenset({'top5perTarget', 'hg38__refseq-r80__500bp_up_and_100bp_down_tss.mc9nr.genes_vs_motifs.rankings', 'activating'})","[('CCL4', 7.532410443440303), ('TCF4', 0.7361647144361116), ('NKG7', 17.284351225940124), ('DUSP2', 6.95470434715281), ('CD247', 7.670817219471713), ('CD27', 4.936857426283583), ('BTG1', 20.91471765839055), ('KIT', 0.6679094565619422), ('SELPLG', 6.917814815958706), ('IL32', 1.3741137526110294), ('FYN', 7.761294264397453), ('ITGAM', 16.92086703861454), ('GZMH', 11.142501120298592), ('FCGR3A', 16.067981960827332), ('CXCR4', 17.94826753228145)]",1637
RUNX3,hocomoco__RUNX1_HUMAN.H11MO.0.A,0.14225466063036854,4.102240955045096,0.0,1.0,gene is annotated for similar motif hocomoco__RUNX3_HUMAN.H11MO.0.A ('RUNX3_HUMAN'; q-value = 4e-08),"frozenset({'top5perTarget', 'hg38__refseq-r80__500bp_up_and_100bp_down_tss.mc9nr.genes_vs_motifs.rankings', 'activating'})","[('CCL5', 14.558459636518611), ('CCL4', 7.532410443440303), ('TCF4', 0.7361647144361116), ('TBX21', 14.812415285894456), ('HLA-A', 19.34919455565949), ('IL18RAP', 9.72676848163027), ('IL32', 1.3741137526110294)]",687
RUNX3,homer__AAACCACAAA_RUNX1,0.14957051624119946,4.405339489310958,0.0,1.0,gene is annotated for similar motif hocomoco__RUNX3_HUMAN.H11MO.0.A ('RUNX3_HUMAN'; q-value = 6.16e-08),"frozenset({'top5perTarget', 'hg38__refseq-r80__500bp_up_and_100bp_down_tss.mc9nr.genes_vs_motifs.rankings', 'activating'})","[('TCF4', 0.7361647144361116), ('SELPLG', 6.917814815958706), ('GZMH', 11.142501120298592), ('NKG7', 17.284351225940124), ('CXCR4', 17.94826753228145), ('CCL4', 7.532410443440303), ('CD27', 4.936857426283583), ('FYN', 7.761294264397453)]",787
RUNX3,hocomoco__RUNX3_HUMAN.H11MO.0.A,0.13066978809839394,3.6222755113723326,0.0,1.0,gene is directly annotated,"frozenset({'top5perTarget', 'hg38__refseq-r80__500bp_up_and_100bp_down_tss.mc9nr.genes_vs_motifs.rankings', 'activating'})","[('RUNX3', 1.0), ('SELPLG', 6.917814815958706), ('GNLY', 14.386837038281854), ('AQP9', 1.1692925391474482), ('GZMH', 11.142501120298592), ('CD27', 4.936857426283583), ('KLRB1', 15.90656227314716), ('IL18RAP', 9.72676848163027), ('ITGB2', 8.330941450216926), ('TCF4', 0.7361647144361116), ('KLRF1', 15.510739356634836), ('IFNGR1', 6.648123456102952), ('TIAF1', 1.096394612222511), ('DUSP2', 6.95470434715281), ('IL2RB', 15.587399841423366), ('ITGAM', 16.92086703861454), ('NKG7', 17.284351225940124), ('HLA-A', 19.34919455565949)]",3976
STAT4,cisbp__M6496,0.12135631454654401,3.3890820395558015,0.0,1.0,gene is directly annotated,"frozenset({'top5perTarget', 'hg38__refseq-r80__500bp_up_and_100bp_down_tss.mc9nr.genes_vs_motifs.rankings', 'activating'})","[('AQP9', 0.6027411082859839), ('IL1B', 0.0980039945440251), ('IFNGR1', 1.584138757775754), ('KLRC1', 1.746157223873022)]",902
STAT4,transfac_pro__M00777,0.12431708434669204,3.4908896029971546,0.0,1.0,gene is directly annotated,"frozenset({'top5perTarget', 'hg38__refseq-r80__500bp_up_and_100bp_down_tss.mc9nr.genes_vs_motifs.rankings', 'activating'})","[('AQP9', 0.6027411082859839), ('IL1B', 0.0980039945440251), ('KLRC1', 1.746157223873022)]",604
BCL6,taipale_cyt_meth__BCL6B_RYGTAATCGAGGAATW_eDBD,0.13549875908912787,3.9977675380754074,0.0,1.0,gene is annotated for similar motif taipale_cyt_meth__BCL6_NYGTAATCGAGGAATN_eDBD_repr ('BCL6 [BTB/POZ_Znf_C2H2]'; q-value = 8.11e-13),"frozenset({'activating', 'hg38__refseq-r80__500bp_up_and_100bp_down_tss.mc9nr.genes_vs_motifs.rankings', 'top10perTarget'})","[('TRIB2', 0.0782713272944075), ('AQP9', 1.4747119061941765), ('RORA', 0.0509527297337692), ('BCL6', 1.0), ('HLA-DRA', 0.0072853018095639)]",554
BCL6,taipale_cyt_meth__BCL6B_RYGTAATCTAGGAATW_eDBD_meth,0.13423607785082944,3.947845281223197,0.0,1.0,"gene is annotated for similar motif taipale_cyt_meth__BCL6_NYGTAATCTAGGAATN_eDBD_meth ('BCL6 [BTB/POZ_Znf_C2H2, CpG-meth]'; q-value = 4.24e-10)","frozenset({'activating', 'hg38__refseq-r80__500bp_up_and_100bp_down_tss.mc9nr.genes_vs_motifs.rankings', 'top10perTarget'})","[('TRIB2', 0.0782713272944075), ('RORA', 0.0509527297337692), ('IL1B', 0.0145613367543412), ('HLA-DRA', 0.0072853018095639), ('SNCA', 0.4578429347522166), ('NAMPT', 0.0602461746444766), ('BCL2A1', 0.1546369130286334), ('VPS28', 0.0581114030902842), ('HLA-DPA1', 0.0056962178811101), ('BCL6', 1.0)]",2261
EGR1,cisbp__M0418,0.11821930844876812,3.029759593670336,0.0,0.930582,motif is annotated for orthologous gene ENSMUSG00000038418 in M. musculus (identity = 93%),"frozenset({'activating', 'hg38__refseq-r80__500bp_up_and_100bp_down_tss.mc9nr.genes_vs_motifs.rankings', 'top10perTarget'})","[('LEF1', 1.0975754021831252), ('IL6', 0.1514145533043682), ('CD14', 1.6604101382337206), ('SELL', 0.2139521257265547), ('GIMAP2', 0.2584554572185006), ('CD163', 0.6776881425488188), ('CD36', 0.2290526474678615), ('CASP5', 0.8807766310946458), ('POU2AF1', 0.347343948896449), ('FCER1A', 1.3448698776575587), ('GAPDH', 0.8306613012347563)]",817
FOXO1,cisbp__M4712,0.17403774981495188,3.734374841948792,0.00091,0.926718,gene is orthologous to ENSMUSG00000044167 in M. musculus (identity = 92%) which is annotated for similar motif jaspar__MA0480.1 ('Foxo1'; q-value = 0.00091),"frozenset({'activating', 'hg38__refseq-r80__500bp_up_and_100bp_down_tss.mc9nr.genes_vs_motifs.rankings', 'top10perTarget'})","[('EGR1', 0.3206268811826425), ('SELL', 0.8169172396958736), ('TRIB2', 0.8114243000447136), ('CNOT2', 0.3714733171727705), ('BCL2', 0.4747080303950965)]",223
FOXO1,cisbp__M5199,0.15025906735751296,3.0392036396999593,0.000829,1.0,"gene is annotated for similar motif cisbp__M5462 ('FOXO1[gene ID: ""ENSG00000150907"" species: ""Homo sapiens"" TF status: ""direct"" TF family: ""Forkhead"" DBDs: ""Fork_head""]'; q-value = 0.000829)","frozenset({'activating', 'hg38__refseq-r80__500bp_up_and_100bp_down_tss.mc9nr.genes_vs_motifs.rankings', 'top10perTarget'})","[('BCL2', 0.4747080303950965), ('EGR1', 0.3206268811826425), ('CNOT2', 0.3714733171727705), ('TRIB2', 0.8114243000447136), ('MYC', 0.4215774001590802), ('SELL', 0.8169172396958736)]",305
FOXO1,cisbp__M5456,0.1664739082161362,3.513245480922169,0.000724,1.0,gene is annotated for similar motif taipale__FOXO1_DBD_GTAAACAA ('FOXO1 monomeric forkhead DBD'; q-value = 0.000724),"frozenset({'activating', 'hg38__refseq-r80__500bp_up_and_100bp_down_tss.mc9nr.genes_vs_motifs.rankings', 'top10perTarget'})","[('EGR1', 0.3206268811826425), ('TRIB2', 0.8114243000447136), ('BCL2', 0.4747080303950965), ('SELL', 0.8169172396958736), ('MYC', 0.4215774001590802), ('CNOT2', 0.3714733171727705)]",298
FOXO1,taipale__FOXJ3_DBD_RTAAACAA,0.16726036269430053,3.536237524576314,0.000724,1.0,gene is annotated for similar motif taipale__FOXO1_DBD_GTAAACAA ('FOXO1 monomeric forkhead DBD'; q-value = 0.000724),"frozenset({'activating', 'hg38__refseq-r80__500bp_up_and_100bp_down_tss.mc9nr.genes_vs_motifs.rankings', 'top10perTarget'})","[('EGR1', 0.3206268811826425), ('SELL', 0.8169172396958736), ('TRIB2', 0.8114243000447136), ('MYC', 0.4215774001590802), ('BCL2', 0.4747080303950965), ('CNOT2', 0.3714733171727705), ('IRF8', 0.0796507042986346), ('DUSP2', 0.165047564365838), ('BCL11B', 0.7284584121785607)]",1124
FOXO1,cisbp__M0729,0.15712897853441896,3.2400459033846905,0.000575,1.0,gene is annotated for similar motif taipale__FOXO1_DBD_GTAAACAA ('FOXO1 monomeric forkhead DBD'; q-value = 0.000575),"frozenset({'activating', 'hg38__refseq-r80__500bp_up_and_100bp_down_tss.mc9nr.genes_vs_motifs.rankings', 'top10perTarget'})","[('MYC', 0.4215774001590802), ('FOXO1', 1.0), ('TRIB2', 0.8114243000447136), ('BTG1', 2.2545378433637118)]",123
FOXO1,jaspar__MA0851.1,0.15030532938564026,3.040556112856085,0.000572,1.0,gene is annotated for similar motif taipale__FOXO1_DBD_GTAAACAA ('FOXO1 monomeric forkhead DBD'; q-value = 0.000572),"frozenset({'activating', 'hg38__refseq-r80__500bp_up_and_100bp_down_tss.mc9nr.genes_vs_motifs.rankings', 'top10perTarget'})","[('EGR1', 0.3206268811826425), ('TRIB2', 0.8114243000447136), ('SELL', 0.8169172396958736), ('BCL2', 0.4747080303950965), ('IRF8', 0.0796507042986346), ('CNOT2', 0.3714733171727705), ('DUSP2', 0.165047564365838), ('MYC', 0.4215774001590802), ('BTG1', 2.2545378433637118)]",1361
FOXO1,transfac_pro__M04653,0.15000462620281274,3.0317650373412657,0.000572,1.0,gene is annotated for similar motif taipale__FOXO1_DBD_GTAAACAA ('FOXO1 monomeric forkhead DBD'; q-value = 0.000572),"frozenset({'activating', 'hg38__refseq-r80__500bp_up_and_100bp_down_tss.mc9nr.genes_vs_motifs.rankings', 'top10perTarget'})","[('PIK3IP1', 0.9524540717705616), ('TRIB2', 0.8114243000447136), ('TRAT1', 0.9370351113457042), ('BTG1', 2.2545378433637118), ('MYC', 0.4215774001590802), ('FOXO1', 1.0), ('SELL', 0.8169172396958736)]",764
FOXO1,hocomoco__FOXO3_HUMAN.H11MO.0.B,0.15807735011102886,3.2677716030852757,0.000547,1.0,motif similar to hocomoco__FOXO1_HUMAN.H11MO.0.A ('FOXO1_HUMAN'; q-value = 0.000547) which is directly annotated,"frozenset({'activating', 'hg38__refseq-r80__500bp_up_and_100bp_down_tss.mc9nr.genes_vs_motifs.rankings', 'top10perTarget'})","[('SELL', 0.8169172396958736), ('BTG1', 2.2545378433637118), ('TRIB2', 0.8114243000447136), ('MYC', 0.4215774001590802), ('CD6', 0.9923454476338772), ('BCL2', 0.4747080303950965), ('CD247', 0.4865688829055764)]",496
FOXO1,cisbp__M0746,0.15793856402664694,3.263714183616898,0.000508,1.0,"motif similar to swissregulon__hs__FOXO1_3_4.p2 ('hs__FOXO1,3,4.p2'; q-value = 0.000508) which is directly annotated","frozenset({'activating', 'hg38__refseq-r80__500bp_up_and_100bp_down_tss.mc9nr.genes_vs_motifs.rankings', 'top10perTarget'})","[('SELL', 0.8169172396958736), ('TRIB2', 0.8114243000447136), ('CCL3', 0.1060488892071591), ('CD247', 0.4865688829055764), ('FAM65B', 0.3860277714010084), ('DOCK8', 0.8678510305542605), ('BTG1', 2.2545378433637118), ('TRAT1', 0.9370351113457042), ('HAVCR2', 0.0358267257566751), ('BCL11B', 0.7284584121785607), ('TNFSF8', 0.3382812613595588), ('IL23R', 0.7692610575404886), ('LY86', 0.0683069568678884), ('BCL2', 0.4747080303950965)]",2297
FOXO1,transfac_public__M00477,0.15527849740932642,3.1859469771396447,0.000348,1.0,"gene is annotated for similar motif swissregulon__hs__FOXO1_3_4.p2 ('hs__FOXO1,3,4.p2'; q-value = 0.000348)","frozenset({'activating', 'hg38__refseq-r80__500bp_up_and_100bp_down_tss.mc9nr.genes_vs_motifs.rankings', 'top10perTarget'})","[('TRIB2', 0.8114243000447136), ('SELL', 0.8169172396958736), ('BTG1', 2.2545378433637118), ('MYC', 0.4215774001590802), ('FOXO1', 1.0), ('EGR1', 0.3206268811826425), ('FAM65B', 0.3860277714010084), ('CCL3', 0.1060488892071591), ('IL23R', 0.7692610575404886)]",1000
FOXO1,swissregulon__sacCer__FKH1,0.15509344929681718,3.1805370845151404,0.000293,1.0,gene is annotated for similar motif taipale__FOXO1_DBD_GTAAACAA ('FOXO1 monomeric forkhead DBD'; q-value = 0.000293),"frozenset({'activating', 'hg38__refseq-r80__500bp_up_and_100bp_down_tss.mc9nr.genes_vs_motifs.rankings', 'top10perTarget'})","[('BTG1', 2.2545378433637118), ('FOXO1', 1.0), ('TRIB2', 0.8114243000447136), ('MYC', 0.4215774001590802), ('SELL', 0.8169172396958736), ('PIK3IP1', 0.9524540717705616)]",522
FOXO1,transfac_public__M00290,0.15229459659511474,3.0987124585695094,0.00025,1.0,gene is annotated for similar motif taipale__FOXO1_DBD_GTAAACAA ('FOXO1 monomeric forkhead DBD'; q-value = 0.00025),"frozenset({'activating', 'hg38__refseq-r80__500bp_up_and_100bp_down_tss.mc9nr.genes_vs_motifs.rankings', 'top10perTarget'})","[('BCL2', 0.4747080303950965), ('IRF8', 0.0796507042986346), ('BCL11B', 0.7284584121785607), ('SELL', 0.8169172396958736), ('CNOT2', 0.3714733171727705), ('EGR1', 0.3206268811826425), ('IL4R', 0.4873355169347016), ('BTG1', 2.2545378433637118), ('TRIB2', 0.8114243000447136)]",1176
FOXO1,homer__NYYTGTTTACHN_FOXP1,0.15261843079200593,3.1081797706623924,0.000211,0.930982,"motif similar to cisbp__M2282 ('Foxo1[gene ID: ""ENSMUSG00000044167"" species: ""Mus musculus"" TF status: ""direct"" TF family: ""Forkhead"" DBDs: ""Fork_head""]'; q-value = 0.000211) which is annotated for orthologous gene ENSMUSG00000044167 in M. musculus (identity = 93%)","frozenset({'activating', 'hg38__refseq-r80__500bp_up_and_100bp_down_tss.mc9nr.genes_vs_motifs.rankings', 'top10perTarget'})","[('EGR1', 0.3206268811826425), ('TRIB2', 0.8114243000447136), ('SELL', 0.8169172396958736), ('MYC', 0.4215774001590802), ('BCL2', 0.4747080303950965), ('IRF8', 0.0796507042986346), ('DUSP2', 0.165047564365838), ('CNOT2', 0.3714733171727705), ('BTG1', 2.2545378433637118), ('BCL11B', 0.7284584121785607)]",1809
FOXO1,jaspar__MA0852.1,0.15016654330125834,3.036498693387707,0.000173,1.0,"motif similar to swissregulon__hs__FOXO1_3_4.p2 ('hs__FOXO1,3,4.p2'; q-value = 0.000173) which is directly annotated","frozenset({'activating', 'hg38__refseq-r80__500bp_up_and_100bp_down_tss.mc9nr.genes_vs_motifs.rankings', 'top10perTarget'})","[('SELL', 0.8169172396958736), ('CCL3', 0.1060488892071591), ('TRIB2', 0.8114243000447136), ('BCL2', 0.4747080303950965), ('FOXO1', 1.0), ('MYC', 0.4215774001590802)]",334
FOXO1,cisbp__M0725,0.15766099185788304,3.2555993446801406,0.000148,1.0,"motif similar to cisbp__M5462 ('FOXO1[gene ID: ""ENSG00000150907"" species: ""Homo sapiens"" TF status: ""direct"" TF family: ""Forkhead"" DBDs: ""Fork_head""]'; q-value = 0.000148) which is directly annotated","frozenset({'activating', 'hg38__refseq-r80__500bp_up_and_100bp_down_tss.mc9nr.genes_vs_motifs.rankings', 'top10perTarget'})","[('SELL', 0.8169172396958736), ('BCL2', 0.4747080303950965), ('TRAT1', 0.9370351113457042), ('PIK3IP1', 0.9524540717705616), ('KLRC1', 0.0404595815872625), ('MYC', 0.4215774001590802), ('CD48', 0.6225381810629274), ('CCL3', 0.1060488892071591)]",849
FOXO1,cisbp__M0748,0.14931069578090303,3.011477939999373,4.5e-05,1.0,"motif similar to cisbp__M5462 ('FOXO1[gene ID: ""ENSG00000150907"" species: ""Homo sapiens"" TF status: ""direct"" TF family: ""Forkhead"" DBDs: ""Fork_head""]'; q-value = 4.55e-05) which is directly annotated","frozenset({'activating', 'hg38__refseq-r80__500bp_up_and_100bp_down_tss.mc9nr.genes_vs_motifs.rankings', 'top10perTarget'})","[('EGR1', 0.3206268811826425), ('TRIB2', 0.8114243000447136), ('SELL', 0.8169172396958736), ('CNOT2', 0.3714733171727705), ('BCL2', 0.4747080303950965), ('MYC', 0.4215774001590802), ('DUSP2', 0.165047564365838), ('BTG1', 2.2545378433637118), ('IRF8', 0.0796507042986346), ('FAM65B', 0.3860277714010084)]",1456
FOXO1,dbcorrdb__FOXP2__ENCSR000BGB_1__m1,0.16175518134715025,3.3752932189973035,9e-06,0.930982,motif similar to hocomoco__FOXO1_MOUSE.H11MO.0.A ('FOXO1_MOUSE'; q-value = 9.27e-06) which is annotated for orthologous gene ENSMUSG00000044167 in M. musculus (identity = 93%),"frozenset({'activating', 'hg38__refseq-r80__500bp_up_and_100bp_down_tss.mc9nr.genes_vs_motifs.rankings', 'top10perTarget'})","[('TRIB2', 0.8114243000447136), ('BTG1', 2.2545378433637118), ('SELL', 0.8169172396958736), ('FOXO1', 1.0), ('MYC', 0.4215774001590802), ('PIK3IP1', 0.9524540717705616)]",466
FOXO1,hocomoco__FOXP2_HUMAN.H11MO.0.C,0.1708919319022946,3.642406667332215,5e-06,0.930982,"motif similar to cisbp__M2282 ('Foxo1[gene ID: ""ENSMUSG00000044167"" species: ""Mus musculus"" TF status: ""direct"" TF family: ""Forkhead"" DBDs: ""Fork_head""]'; q-value = 4.71e-06) which is annotated for orthologous gene ENSMUSG00000044167 in M. musculus (identity = 93%)","frozenset({'activating', 'hg38__refseq-r80__500bp_up_and_100bp_down_tss.mc9nr.genes_vs_motifs.rankings', 'top10perTarget'})","[('PIK3IP1', 0.9524540717705616), ('BTG1', 2.2545378433637118), ('MYC', 0.4215774001590802), ('TRIB2', 0.8114243000447136), ('FOXO1', 1.0), ('SELL', 0.8169172396958736)]",495
FOXO1,hocomoco__FOXO1_MOUSE.H11MO.0.A,0.1622178016284234,3.3888179505585647,0.0,0.930982,motif is annotated for orthologous gene ENSMUSG00000044167 in M. musculus (identity = 93%),"frozenset({'activating', 'hg38__refseq-r80__500bp_up_and_100bp_down_tss.mc9nr.genes_vs_motifs.rankings', 'top10perTarget'})","[('EGR1', 0.3206268811826425), ('CNOT2', 0.3714733171727705), ('SELL', 0.8169172396958736), ('FAM65B', 0.3860277714010084), ('TRIB2', 0.8114243000447136), ('IRF8', 0.0796507042986346)]",499
FOXO1,cisbp__M2282,0.16460029607698,3.4584703180990606,0.0,0.930982,motif is annotated for orthologous gene ENSMUSG00000044167 in M. musculus (identity = 93%),"frozenset({'activating', 'hg38__refseq-r80__500bp_up_and_100bp_down_tss.mc9nr.genes_vs_motifs.rankings', 'top10perTarget'})","[('BCL2', 0.4747080303950965), ('TRIB2', 0.8114243000447136), ('MYC', 0.4215774001590802), ('EGR1', 0.3206268811826425), ('SELL', 0.8169172396958736), ('CNOT2', 0.3714733171727705)]",327
FOXO1,hocomoco__FOXO3_MOUSE.H11MO.0.B,0.16036732050333086,3.3347190243135194,0.0,0.930982,"motif similar to cisbp__M2282 ('Foxo1[gene ID: ""ENSMUSG00000044167"" species: ""Mus musculus"" TF status: ""direct"" TF family: ""Forkhead"" DBDs: ""Fork_head""]'; q-value = 5.86e-09) which is annotated for orthologous gene ENSMUSG00000044167 in M. musculus (identity = 93%)","frozenset({'activating', 'hg38__refseq-r80__500bp_up_and_100bp_down_tss.mc9nr.genes_vs_motifs.rankings', 'top10perTarget'})","[('DOCK8', 0.8678510305542605), ('LY86', 0.0683069568678884), ('IL23R', 0.7692610575404886), ('CCL3', 0.1060488892071591), ('PIK3IP1', 0.9524540717705616), ('SELL', 0.8169172396958736), ('CD247', 0.4865688829055764), ('CST7', 0.0296025515299682), ('HLA-A', 1.822436698518744), ('CD6', 0.9923454476338772), ('MYC', 0.4215774001590802), ('CD8A', 0.2403708488711401), ('IFNGR1', 0.1271969428091991), ('CD37', 0.4104603968245982), ('CNOT2', 0.3714733171727705)]",3692
FOXO1,taipale_tf_pairs__ERF_FOXO1_RTMAACAGGAARNN_CAP,0.18347520355292377,4.010279365798524,0.0,1.0,gene is directly annotated,"frozenset({'activating', 'hg38__refseq-r80__500bp_up_and_100bp_down_tss.mc9nr.genes_vs_motifs.rankings', 'top10perTarget'})","[('SELL', 0.8169172396958736), ('EGR1', 0.3206268811826425), ('BCL2', 0.4747080303950965), ('TRIB2', 0.8114243000447136), ('MYC', 0.4215774001590802), ('IRF8', 0.0796507042986346), ('BTG1', 2.2545378433637118), ('CNOT2', 0.3714733171727705), ('BCL11B', 0.7284584121785607), ('FAM65B', 0.3860277714010084)]",1662
FOXO1,transfac_public__M00474,0.16506291635825315,3.4719950496603222,0.0,1.0,gene is directly annotated,"frozenset({'activating', 'hg38__refseq-r80__500bp_up_and_100bp_down_tss.mc9nr.genes_vs_motifs.rankings', 'top10perTarget'})","[('TRIB2', 0.8114243000447136), ('BCL11B', 0.7284584121785607), ('FOXO1', 1.0), ('MYC', 0.4215774001590802), ('PIK3IP1', 0.9524540717705616), ('BTG1', 2.2545378433637118), ('SELL', 0.8169172396958736)]",422
FOXO1,hocomoco__FOXO1_HUMAN.H11MO.0.A,0.18065321983715765,3.927778503274829,0.0,1.0,gene is directly annotated,"frozenset({'activating', 'hg38__refseq-r80__500bp_up_and_100bp_down_tss.mc9nr.genes_vs_motifs.rankings', 'top10perTarget'})","[('BTG1', 2.2545378433637118), ('TRIB2', 0.8114243000447136), ('FOXO1', 1.0), ('PIK3IP1', 0.9524540717705616), ('SELL', 0.8169172396958736), ('CNOT2', 0.3714733171727705), ('MYC', 0.4215774001590802)]",732
FOXO1,taipale_tf_pairs__FOXO1_ELK3_RTMAACAGGAAGTN_CAP,0.16036732050333086,3.3347190243135194,0.0,1.0,gene is directly annotated,"frozenset({'activating', 'hg38__refseq-r80__500bp_up_and_100bp_down_tss.mc9nr.genes_vs_motifs.rankings', 'top10perTarget'})","[('SELL', 0.8169172396958736), ('BCL2', 0.4747080303950965), ('TRIB2', 0.8114243000447136), ('MYC', 0.4215774001590802), ('CNOT2', 0.3714733171727705), ('FAM65B', 0.3860277714010084), ('IL23R', 0.7692610575404886)]",754
FOXO1,cisbp__M3276,0.16839378238341968,3.5693731169014034,0.0,1.0,gene is directly annotated,"frozenset({'activating', 'hg38__refseq-r80__500bp_up_and_100bp_down_tss.mc9nr.genes_vs_motifs.rankings', 'top10perTarget'})","[('TRIB2', 0.8114243000447136), ('PIK3IP1', 0.9524540717705616), ('BTG1', 2.2545378433637118), ('MYC', 0.4215774001590802), ('FOXO1', 1.0), ('SELL', 0.8169172396958736), ('FAM65B', 0.3860277714010084), ('BCL2', 0.4747080303950965)]",1092
FOXO1,swissregulon__hs__FOXO1_3_4.p2,0.17984363434492967,3.9041102230426215,0.0,1.0,gene is directly annotated,"frozenset({'activating', 'hg38__refseq-r80__500bp_up_and_100bp_down_tss.mc9nr.genes_vs_motifs.rankings', 'top10perTarget'})","[('TRIB2', 0.8114243000447136), ('EGR1', 0.3206268811826425), ('SELL', 0.8169172396958736), ('BCL2', 0.4747080303950965), ('MYC', 0.4215774001590802), ('CNOT2', 0.3714733171727705), ('FAM65B', 0.3860277714010084), ('IRF8', 0.0796507042986346), ('DUSP2', 0.165047564365838), ('BTG1', 2.2545378433637118), ('FOXO1', 1.0)]",1562
FOXP1,homer__CTTGTTTACATA_Foxa2,0.13402109548482605,3.1623237143507534,0.00028,0.163223,motif similar to scertf__foat.FKH1 ('foat.FKH1'; q-value = 0.00028) which is annotated for orthologous gene YIL131C in S. cerevisiae (identity = 16%),"frozenset({'activating', 'hg38__refseq-r80__500bp_up_and_100bp_down_tss.mc9nr.genes_vs_motifs.rankings', 'top10perTarget'})","[('ITGAE', 2.0696282405756152), ('CCR7', 4.015491235782142), ('KLRK1', 0.2900283299640886), ('PRF1', 0.2364149527141811), ('FOXP1', 1.0), ('FYB', 4.277338118494845), ('TXK', 1.384439346193655), ('CD2', 2.5774827093575183), ('STAT5A', 0.8843627283071335), ('LEF1', 3.1880430455265096), ('TRAT1', 2.205750787066077)]",1029
FOXP1,swissregulon__hs__FOXO1_3_4.p2,0.14131507525289908,3.4374211617600827,1.8e-05,0.113997,"gene is orthologous to YIL131C in S. cerevisiae (identity = 11%) which is annotated for similar motif cisbp__M0750 ('FKH1[gene ID: ""YIL131C"" species: ""Saccharomyces cerevisiae"" TF status: ""direct"" TF family: ""Forkhead"" DBDs: ""Fork_head""]'; q-value = 1.77e-05)","frozenset({'activating', 'hg38__refseq-r80__500bp_up_and_100bp_down_tss.mc9nr.genes_vs_motifs.rankings', 'top10perTarget'})","[('KLRK1', 0.2900283299640886), ('TXK', 1.384439346193655), ('CCR7', 4.015491235782142), ('ITGAE', 2.0696282405756152), ('PRF1', 0.2364149527141811), ('FOXP1', 1.0), ('LEF1', 3.1880430455265096), ('STAT5A', 0.8843627283071335)]",656
IKZF1,taipale_cyt_meth__SPIB_RWWGRGGAAGTN_eDBD_meth,0.14873867205473423,3.0525081007159978,0.000263,1.0,"gene is annotated for similar motif dbcorrdb__IKZF1__ENCSR000EUJ_1__m1 ('IKZF1 (ENCSR000EUJ-1, motif 1)'; q-value = 0.000263)","frozenset({'activating', 'hg38__refseq-r80__500bp_up_and_100bp_down_tss.mc9nr.genes_vs_motifs.rankings', 'top10perTarget'})","[('TRIB2', 0.7921686171686732), ('MYC', 0.233630678174907), ('VEGFA', 5.952712461272852), ('ARL4C', 0.7585882773114947), ('ADA', 1.0023503433307706), ('IKZF1', 1.0), ('GAPDH', 0.1571130758639544), ('CBLB', 0.4933043377083785)]",716
IKZF1,taipale_cyt_meth__SPIB_RAWWGRGGAAGTN_FL_meth,0.15277972272790927,3.184075918907356,0.000118,1.0,"gene is annotated for similar motif dbcorrdb__IKZF1__ENCSR000EUJ_1__m1 ('IKZF1 (ENCSR000EUJ-1, motif 1)'; q-value = 0.000118)","frozenset({'activating', 'hg38__refseq-r80__500bp_up_and_100bp_down_tss.mc9nr.genes_vs_motifs.rankings', 'top10perTarget'})","[('TRIB2', 0.7921686171686732), ('CCND2', 1.7839249372666643), ('IKZF1', 1.0), ('VEGFA', 5.952712461272852), ('ARL4C', 0.7585882773114947), ('CBLB', 0.4933043377083785), ('ADA', 1.0023503433307706), ('MYC', 0.233630678174907), ('GAPDH', 0.1571130758639544), ('IRF4', 0.0305748706137056), ('BAX', 0.4183157111708447), ('BCL11B', 1.2213270236661358), ('FTH1', 0.0390018618583528), ('CCL4', 0.0637734671727248), ('FYN', 0.6345760472619876), ('JUN', 0.1622520444898701)]",3255
IKZF1,cisbp__M6119,0.15133934823053993,3.1371804589579604,0.000108,1.0,"gene is annotated for similar motif dbcorrdb__IKZF1__ENCSR000EUJ_1__m1 ('IKZF1 (ENCSR000EUJ-1, motif 1)'; q-value = 0.000108)","frozenset({'activating', 'hg38__refseq-r80__500bp_up_and_100bp_down_tss.mc9nr.genes_vs_motifs.rankings', 'top10perTarget'})","[('TRIB2', 0.7921686171686732), ('BCL11B', 1.2213270236661358), ('JUN', 0.1622520444898701), ('CD36', 8.5603377774803), ('IL23R', 1.5884881398533184), ('ARL4C', 0.7585882773114947), ('CCL4', 0.0637734671727248), ('VEGFA', 5.952712461272852), ('FYN', 0.6345760472619876), ('IL18', 0.1118767821926949), ('CCND2', 1.7839249372666643), ('CCR7', 0.6342295953523994)]",1548
IKZF1,cisbp__M1907,0.147758417188469,3.0205931349171036,5e-06,1.0,"gene is annotated for similar motif dbcorrdb__IKZF1__ENCSR000EUJ_1__m1 ('IKZF1 (ENCSR000EUJ-1, motif 1)'; q-value = 4.72e-06)","frozenset({'activating', 'hg38__refseq-r80__500bp_up_and_100bp_down_tss.mc9nr.genes_vs_motifs.rankings', 'top10perTarget'})","[('CCL4', 0.0637734671727248), ('IKZF1', 1.0), ('VEGFA', 5.952712461272852), ('IL23R', 1.5884881398533184), ('JUN', 0.1622520444898701), ('ANXA5', 0.1532057028085283), ('PIK3IP1', 0.5656369713194885), ('MYC', 0.233630678174907)]",724
IKZF1,homer__AAAGRGGAAGTG_SpiB,0.1757456938804089,3.931797974767152,4e-06,1.0,"gene is annotated for similar motif dbcorrdb__IKZF1__ENCSR000EUJ_1__m1 ('IKZF1 (ENCSR000EUJ-1, motif 1)'; q-value = 4.1e-06)","frozenset({'activating', 'hg38__refseq-r80__500bp_up_and_100bp_down_tss.mc9nr.genes_vs_motifs.rankings', 'top10perTarget'})","[('TRIB2', 0.7921686171686732), ('VEGFA', 5.952712461272852), ('IKZF1', 1.0), ('CCND2', 1.7839249372666643), ('MYC', 0.233630678174907), ('ARL4C', 0.7585882773114947), ('ADA', 1.0023503433307706), ('CBLB', 0.4933043377083785), ('BCL11B', 1.2213270236661358), ('GAPDH', 0.1571130758639544)]",1237
IKZF1,cisbp__M4489,0.17288495008702262,3.838658380700993,0.0,1.0,"gene is annotated for similar motif dbcorrdb__IKZF1__ENCSR000EUJ_1__m1 ('IKZF1 (ENCSR000EUJ-1, motif 1)'; q-value = 6.85e-08)","frozenset({'activating', 'hg38__refseq-r80__500bp_up_and_100bp_down_tss.mc9nr.genes_vs_motifs.rankings', 'top10perTarget'})","[('CCND2', 1.7839249372666643), ('MYC', 0.233630678174907), ('JUN', 0.1622520444898701), ('IKZF1', 1.0), ('TRIB2', 0.7921686171686732), ('CD36', 8.5603377774803), ('BCL11B', 1.2213270236661358)]",616
IKZF1,hocomoco__SPI1_HUMAN.H11MO.0.A,0.15237961870086222,3.171049402254746,0.0,1.0,"gene is annotated for similar motif dbcorrdb__IKZF1__ENCSR000EUJ_1__m1 ('IKZF1 (ENCSR000EUJ-1, motif 1)'; q-value = 2.08e-07)","frozenset({'activating', 'hg38__refseq-r80__500bp_up_and_100bp_down_tss.mc9nr.genes_vs_motifs.rankings', 'top10perTarget'})","[('BCL11B', 1.2213270236661358), ('MYC', 0.233630678174907), ('VEGFA', 5.952712461272852), ('CD36', 8.5603377774803), ('GAPDH', 0.1571130758639544), ('ARL4C', 0.7585882773114947), ('CD48', 0.547397777943535)]",535
IKZF1,dbcorrdb__PAX5__ENCSR000BHJ_1__m2,0.20507331906295637,4.886641645403444,0.0,1.0,"gene is annotated for similar motif dbcorrdb__IKZF1__ENCSR000EUJ_1__m1 ('IKZF1 (ENCSR000EUJ-1, motif 1)'; q-value = 4.88e-08)","frozenset({'activating', 'hg38__refseq-r80__500bp_up_and_100bp_down_tss.mc9nr.genes_vs_motifs.rankings', 'top10perTarget'})","[('CCND2', 1.7839249372666643), ('GAPDH', 0.1571130758639544), ('JUN', 0.1622520444898701), ('VEGFA', 5.952712461272852), ('KLRB1', 0.1327971950063063), ('BCL11B', 1.2213270236661358), ('CD36', 8.5603377774803), ('TRIB2', 0.7921686171686732), ('MYC', 0.233630678174907), ('CBLB', 0.4933043377083785), ('FYN', 0.6345760472619876), ('GIMAP2', 0.836858832090385), ('LCK', 1.024895929953789), ('CCR7', 0.6342295953523994), ('CD8A', 0.0105876627729264), ('PIK3IP1', 0.5656369713194885), ('IKZF1', 1.0), ('CCL4', 0.0637734671727248)]",3569
IRF4,dbcorrdb__RELA__ENCSR000EAQ_1__m2,0.11456366410368737,3.520446928531079,0.000561,1.0,motif similar to factorbook__PU1 ('PU1'; q-value = 0.000561) which is directly annotated,"frozenset({'activating', 'hg38__refseq-r80__500bp_up_and_100bp_down_tss.mc9nr.genes_vs_motifs.rankings', 'top10perTarget'})","[('PIK3AP1', 0.563578220577112), ('BCL2A1', 0.0436478961180722), ('MS4A1', 1.7065838178070547), ('SELPLG', 0.2728919975583357), ('SELL', 0.1074355730599874), ('CD74', 1.0527512071173144), ('CD247', 0.0510189204201258), ('IRF4', 1.0), ('ICAM1', 0.6338167953671242), ('IL7R', 0.0096408813682698), ('IKZF1', 0.1292254202104535), ('LAIR2', 0.2936227479943946), ('GZMA', 0.0450140750948232), ('CD37', 0.4776483477191633), ('CD4', 7.796239954439715), ('IFNGR1', 0.1086627956683654), ('PDIA6', 0.4634578764904513), ('CCL5', 0.0890410325335519), ('TXK', 0.0332963688409211)]",3237
IRF4,transfac_pro__M04711,0.1357271257873986,4.458017398755463,0.000507,1.0,motif similar to factorbook__PU1 ('PU1'; q-value = 0.000507) which is directly annotated,"frozenset({'activating', 'hg38__refseq-r80__500bp_up_and_100bp_down_tss.mc9nr.genes_vs_motifs.rankings', 'top10perTarget'})","[('IFNG', 0.0542626926717957), ('RGS1', 0.6128354644518212), ('FCER1G', 0.6669796786042658), ('IL7R', 0.0096408813682698), ('KLRB1', 0.0020047929091122), ('GNLY', 0.0683615966455161), ('GZMA', 0.0450140750948232), ('CD247', 0.0510189204201258), ('GZMB', 3.3312372634739176), ('SELPLG', 0.2728919975583357), ('IFNGR1', 0.1086627956683654), ('CD4', 7.796239954439715), ('FOSB', 1.1824312050006116), ('CD79A', 1.3417475089942614), ('TXK', 0.0332963688409211), ('CD3G', 0.0115266087310999), ('TCL1A', 0.4833377508277595), ('CD37', 0.4776483477191633)]",3299
IRF4,dbcorrdb__RELA__ENCSR000EBA_1__m2,0.11732805631505007,3.642913306868738,0.000305,1.0,motif similar to transfac_pro__M00972 ('V$IRF_Q6_01: IRF'; q-value = 0.000305) which is directly annotated,"frozenset({'activating', 'hg38__refseq-r80__500bp_up_and_100bp_down_tss.mc9nr.genes_vs_motifs.rankings', 'top10perTarget'})","[('GZMB', 3.3312372634739176), ('RGS1', 0.6128354644518212), ('GZMA', 0.0450140750948232), ('SELPLG', 0.2728919975583357), ('IL7R', 0.0096408813682698), ('IFNG', 0.0542626926717957), ('FCER1G', 0.6669796786042658), ('PRF1', 0.2385631091397126), ('GNLY', 0.0683615966455161), ('TXK', 0.0332963688409211)]",635
IRF4,cisbp__M4631,0.15447363253221347,5.288513439832166,0.000166,1.0,gene is annotated for similar motif hocomoco__IRF4_HUMAN.H11MO.0.A ('IRF4_HUMAN'; q-value = 0.000166),"frozenset({'activating', 'hg38__refseq-r80__500bp_up_and_100bp_down_tss.mc9nr.genes_vs_motifs.rankings', 'top10perTarget'})","[('IL7R', 0.0096408813682698), ('SELL', 0.1074355730599874), ('FCER1G', 0.6669796786042658), ('GNLY', 0.0683615966455161), ('RGS1', 0.6128354644518212), ('GZMA', 0.0450140750948232), ('PRF1', 0.2385631091397126), ('IKZF1', 0.1292254202104535), ('TXK', 0.0332963688409211)]",616
IRF4,cisbp__M6119,0.14944334506563542,5.065664784168554,0.000124,1.0,gene is annotated for similar motif hocomoco__IRF4_HUMAN.H11MO.0.A ('IRF4_HUMAN'; q-value = 0.000124),"frozenset({'activating', 'hg38__refseq-r80__500bp_up_and_100bp_down_tss.mc9nr.genes_vs_motifs.rankings', 'top10perTarget'})","[('ICAM1', 0.6338167953671242), ('BCL2A1', 0.0436478961180722), ('IKZF1', 0.1292254202104535), ('JCHAIN', 11.50644613648733), ('CD37', 0.4776483477191633), ('IL7R', 0.0096408813682698), ('IRF4', 1.0), ('LAMP1', 0.1378302113151548), ('PIK3AP1', 0.563578220577112), ('IFNGR1', 0.1086627956683654), ('RPN2', 0.2200451127774072), ('SELL', 0.1074355730599874), ('FCER1G', 0.6669796786042658), ('HLA-DMA', 0.8768078648102325), ('TXK', 0.0332963688409211), ('CD4', 7.796239954439715), ('LAIR2', 0.2936227479943946), ('RGS1', 0.6128354644518212), ('CCL5', 0.0890410325335519), ('SELPLG', 0.2728919975583357)]",2564
IRF4,dbcorrdb__EP300__ENCSR000DZD_1__m1,0.12581761053792354,4.01901223924997,8.6e-05,1.0,gene is annotated for similar motif transfac_pro__M00772 ('V$IRF_Q6: IRF'; q-value = 8.58e-05),"frozenset({'activating', 'hg38__refseq-r80__500bp_up_and_100bp_down_tss.mc9nr.genes_vs_motifs.rankings', 'top10perTarget'})","[('GZMB', 3.3312372634739176), ('RGS1', 0.6128354644518212), ('SELPLG', 0.2728919975583357), ('IL7R', 0.0096408813682698), ('FCER1G', 0.6669796786042658), ('TXK', 0.0332963688409211), ('JCHAIN', 11.50644613648733), ('PRF1', 0.2385631091397126), ('IFNG', 0.0542626926717957), ('GZMA', 0.0450140750948232), ('GNLY', 0.0683615966455161), ('KLRB1', 0.0020047929091122), ('SELL', 0.1074355730599874), ('CD37', 0.4776483477191633), ('ITGAM', 0.0607183588466763), ('IFNGR1', 0.1086627956683654), ('FTH1', 0.0346156759546044), ('PDIA6', 0.4634578764904513), ('CD4', 7.796239954439715), ('CD3G', 0.0115266087310999)]",3138
IRF4,taipale_cyt_meth__SPIB_RAWWGMGGAAGTN_FL,0.1202132962733576,3.7707334066637825,6e-05,1.0,motif similar to hocomoco__IRF4_HUMAN.H11MO.0.A ('IRF4_HUMAN'; q-value = 6.04e-05) which is directly annotated,"frozenset({'activating', 'hg38__refseq-r80__500bp_up_and_100bp_down_tss.mc9nr.genes_vs_motifs.rankings', 'top10perTarget'})","[('IL7R', 0.0096408813682698), ('SELPLG', 0.2728919975583357), ('IFNG', 0.0542626926717957), ('TXK', 0.0332963688409211), ('RGS1', 0.6128354644518212), ('GZMB', 3.3312372634739176), ('FCER1G', 0.6669796786042658)]",770
IRF4,transfac_pro__M07224,0.12234323781326002,3.865092747350177,2.8e-05,1.0,motif similar to hocomoco__IRF4_HUMAN.H11MO.0.A ('IRF4_HUMAN'; q-value = 2.83e-05) which is directly annotated,"frozenset({'activating', 'hg38__refseq-r80__500bp_up_and_100bp_down_tss.mc9nr.genes_vs_motifs.rankings', 'top10perTarget'})","[('GZMB', 3.3312372634739176), ('RGS1', 0.6128354644518212), ('IFNG', 0.0542626926717957), ('SELPLG', 0.2728919975583357), ('IL7R', 0.0096408813682698), ('FCER1G', 0.6669796786042658), ('GZMA', 0.0450140750948232), ('PRF1', 0.2385631091397126), ('KLRB1', 0.0020047929091122), ('GNLY', 0.0683615966455161), ('KLRF1', 0.0039333658458187), ('CD37', 0.4776483477191633), ('CD4', 7.796239954439715), ('SELL', 0.1074355730599874), ('JCHAIN', 11.50644613648733), ('IKZF1', 0.1292254202104535), ('IFNGR1', 0.1086627956683654), ('TXK', 0.0332963688409211), ('HLA-DRA', 1.1373712538839622), ('IL2RB', 0.0378639219633385)]",3349
IRF4,cisbp__M1907,0.12078732307134549,3.796163583586358,2.6e-05,1.0,motif similar to hocomoco__IRF4_HUMAN.H11MO.0.A ('IRF4_HUMAN'; q-value = 2.62e-05) which is directly annotated,"frozenset({'activating', 'hg38__refseq-r80__500bp_up_and_100bp_down_tss.mc9nr.genes_vs_motifs.rankings', 'top10perTarget'})","[('MS4A1', 1.7065838178070547), ('IKZF1', 0.1292254202104535), ('CD247', 0.0510189204201258), ('ICAM1', 0.6338167953671242), ('FCER1G', 0.6669796786042658), ('CD3E', 0.0236370261706532), ('CD79A', 1.3417475089942614), ('CD4', 7.796239954439715), ('PDIA6', 0.4634578764904513), ('ITGAM', 0.0607183588466763), ('SELPLG', 0.2728919975583357), ('FTH1', 0.0346156759546044), ('GZMB', 3.3312372634739176), ('FOSB', 1.1824312050006116), ('SELL', 0.1074355730599874), ('TXK', 0.0332963688409211), ('CD3D', 0.0133299284944766), ('IL32', 0.0196771364299329), ('PIK3AP1', 0.563578220577112), ('IFNG', 0.0542626926717957), ('CD74', 1.0527512071173144)]",3595
IRF4,cisbp__M6313,0.11566639979455882,3.569299636829707,1.9e-05,1.0,motif similar to transfac_pro__M08887 ('V$IRF_Q4: IRF'; q-value = 1.9e-05) which is directly annotated,"frozenset({'activating', 'hg38__refseq-r80__500bp_up_and_100bp_down_tss.mc9nr.genes_vs_motifs.rankings', 'top10perTarget'})","[('IKZF1', 0.1292254202104535), ('CD247', 0.0510189204201258), ('IL2RB', 0.0378639219633385), ('IL7R', 0.0096408813682698), ('MS4A1', 1.7065838178070547), ('PRF1', 0.2385631091397126), ('BCL2A1', 0.0436478961180722), ('CD4', 7.796239954439715), ('FCER1G', 0.6669796786042658)]",1006
IRF4,dbcorrdb__SPI1__ENCSR000BGW_1__m1,0.1565884681037478,5.382203565336388,1.4e-05,1.0,motif similar to factorbook__PU1 ('PU1'; q-value = 1.43e-05) which is directly annotated,"frozenset({'activating', 'hg38__refseq-r80__500bp_up_and_100bp_down_tss.mc9nr.genes_vs_motifs.rankings', 'top10perTarget'})","[('SELL', 0.1074355730599874), ('IKZF1', 0.1292254202104535), ('TRIB2', 0.104644344207262), ('BAX', 0.2169157686466808), ('ARL4C', 0.2718428846537779), ('IL7R', 0.0096408813682698), ('FOSB', 1.1824312050006116), ('PDIA6', 0.4634578764904513), ('RGS1', 0.6128354644518212), ('LAMP1', 0.1378302113151548)]",1468
IRF4,transfac_pro__M01882,0.11119503315760057,3.3712119429064975,8e-06,1.0,gene is annotated for similar motif transfac_pro__M00772 ('V$IRF_Q6: IRF'; q-value = 8.23e-06),"frozenset({'activating', 'hg38__refseq-r80__500bp_up_and_100bp_down_tss.mc9nr.genes_vs_motifs.rankings', 'top10perTarget'})","[('SELL', 0.1074355730599874), ('FOSB', 1.1824312050006116), ('FTH1', 0.0346156759546044), ('RPN2', 0.2200451127774072), ('PDIA6', 0.4634578764904513), ('HLA-DRA', 1.1373712538839622), ('IKZF1', 0.1292254202104535), ('FCER1G', 0.6669796786042658)]",894
IRF4,dbcorrdb__FOXM1__ENCSR000BRU_1__m3,0.12234323781326002,3.865092747350177,8e-06,1.0,gene is annotated for similar motif transfac_pro__M00772 ('V$IRF_Q6: IRF'; q-value = 8.23e-06),"frozenset({'activating', 'hg38__refseq-r80__500bp_up_and_100bp_down_tss.mc9nr.genes_vs_motifs.rankings', 'top10perTarget'})","[('GZMA', 0.0450140750948232), ('RGS1', 0.6128354644518212), ('TXK', 0.0332963688409211), ('SELPLG', 0.2728919975583357), ('IL7R', 0.0096408813682698), ('GZMB', 3.3312372634739176), ('IFNG', 0.0542626926717957), ('GNLY', 0.0683615966455161), ('FCER1G', 0.6669796786042658), ('SELL', 0.1074355730599874)]",836
IRF4,taipale_cyt_meth__SPIB_RAWWGRGGAAGTN_FL_meth,0.13019834136467318,4.213084642080141,4e-06,1.0,motif similar to hocomoco__IRF4_HUMAN.H11MO.0.A ('IRF4_HUMAN'; q-value = 3.78e-06) which is directly annotated,"frozenset({'activating', 'hg38__refseq-r80__500bp_up_and_100bp_down_tss.mc9nr.genes_vs_motifs.rankings', 'top10perTarget'})","[('LAMP1', 0.1378302113151548), ('RGS1', 0.6128354644518212), ('IKZF1', 0.1292254202104535), ('BCL2A1', 0.0436478961180722), ('FOSB', 1.1824312050006116), ('BAX', 0.2169157686466808), ('ARL4C', 0.2718428846537779)]",572
IRF4,homer__AAAGRGGAAGTG_SpiB,0.10710131572984487,3.189854628537612,1e-06,1.0,motif similar to factorbook__PU1 ('PU1'; q-value = 8.03e-07) which is directly annotated,"frozenset({'activating', 'hg38__refseq-r80__500bp_up_and_100bp_down_tss.mc9nr.genes_vs_motifs.rankings', 'top10perTarget'})","[('IKZF1', 0.1292254202104535), ('ICAM1', 0.6338167953671242), ('IRF4', 1.0), ('CD37', 0.4776483477191633), ('IL7R', 0.0096408813682698), ('BCL2A1', 0.0436478961180722), ('RGS1', 0.6128354644518212), ('JCHAIN', 11.50644613648733), ('SELL', 0.1074355730599874), ('CD247', 0.0510189204201258), ('LAIR2', 0.2936227479943946), ('HLA-DMA', 0.8768078648102325), ('IFNGR1', 0.1086627956683654), ('TXK', 0.0332963688409211), ('CCL5', 0.0890410325335519), ('PIK3AP1', 0.563578220577112), ('KLRB1', 0.0020047929091122), ('RPN2', 0.2200451127774072), ('FOSB', 1.1824312050006116)]",3268
IRF4,hocomoco__IRF4_MOUSE.H11MO.0.A,0.12776628045740873,4.105340997750288,0.0,0.924444,motif is annotated for orthologous gene ENSMUSG00000021356 in M. musculus (identity = 92%),"frozenset({'activating', 'hg38__refseq-r80__500bp_up_and_100bp_down_tss.mc9nr.genes_vs_motifs.rankings', 'top10perTarget'})","[('PIK3AP1', 0.563578220577112), ('MS4A1', 1.7065838178070547), ('BCL2A1', 0.0436478961180722), ('SELPLG', 0.2728919975583357), ('IRF4', 1.0), ('SELL', 0.1074355730599874), ('CD74', 1.0527512071173144), ('CD247', 0.0510189204201258), ('GZMA', 0.0450140750948232), ('IL7R', 0.0096408813682698), ('CD4', 7.796239954439715), ('CCL5', 0.0890410325335519), ('TXK', 0.0332963688409211), ('IKZF1', 0.1292254202104535), ('PDIA6', 0.4634578764904513), ('ICAM1', 0.6338167953671242), ('KLRB1', 0.0020047929091122), ('LAIR2', 0.2936227479943946), ('PRF1', 0.2385631091397126), ('IFNGR1', 0.1086627956683654), ('CD37', 0.4776483477191633)]",3647
IRF4,cisbp__M4475,0.1046692548225804,3.082110984207757,0.0,1.0,gene is annotated for similar motif factorbook__PU1 ('PU1'; q-value = 2.94e-17),"frozenset({'activating', 'hg38__refseq-r80__500bp_up_and_100bp_down_tss.mc9nr.genes_vs_motifs.rankings', 'top10perTarget'})","[('SELL', 0.1074355730599874), ('FOSB', 1.1824312050006116), ('IKZF1', 0.1292254202104535), ('TRIB2', 0.104644344207262), ('RGS1', 0.6128354644518212), ('BAX', 0.2169157686466808), ('ARL4C', 0.2718428846537779), ('LAMP1', 0.1378302113151548)]",688
IRF4,cisbp__M4489,0.11225245094336772,3.418057005658608,0.0,1.0,gene is annotated for similar motif factorbook__PU1 ('PU1'; q-value = 2.94e-17),"frozenset({'activating', 'hg38__refseq-r80__500bp_up_and_100bp_down_tss.mc9nr.genes_vs_motifs.rankings', 'top10perTarget'})","[('CD247', 0.0510189204201258), ('CD74', 1.0527512071173144), ('PRF1', 0.2385631091397126), ('ICAM1', 0.6338167953671242), ('IKZF1', 0.1292254202104535)]",265
IRF4,dbcorrdb__IKZF1__ENCSR000EUJ_1__m1,0.10439734739195457,3.0700651109286436,0.0,1.0,gene is annotated for similar motif hocomoco__IRF4_HUMAN.H11MO.0.A ('IRF4_HUMAN'; q-value = 1.98e-11),"frozenset({'activating', 'hg38__refseq-r80__500bp_up_and_100bp_down_tss.mc9nr.genes_vs_motifs.rankings', 'top10perTarget'})","[('RGS1', 0.6128354644518212), ('ICAM1', 0.6338167953671242), ('SELL', 0.1074355730599874), ('CD3D', 0.0133299284944766), ('CD4', 7.796239954439715)]",255
IRF4,hocomoco__SPI1_HUMAN.H11MO.0.A,0.1282949893502923,4.128763529126343,0.0,1.0,motif similar to factorbook__PU1 ('PU1'; q-value = 5.79e-09) which is directly annotated,"frozenset({'activating', 'hg38__refseq-r80__500bp_up_and_100bp_down_tss.mc9nr.genes_vs_motifs.rankings', 'top10perTarget'})","[('CCL5', 0.0890410325335519), ('FOSB', 1.1824312050006116), ('IKZF1', 0.1292254202104535), ('TRIB2', 0.104644344207262), ('SELL', 0.1074355730599874), ('PDIA6', 0.4634578764904513), ('HLA-DRA', 1.1373712538839622), ('CD247', 0.0510189204201258)]",780
IRF4,dbcorrdb__TBL1XR1__ENCSR000DYZ_1__m1,0.13821961056813548,4.56843790381401,0.0,1.0,motif similar to hocomoco__IRF4_HUMAN.H11MO.0.A ('IRF4_HUMAN'; q-value = 6.91e-08) which is directly annotated,"frozenset({'activating', 'hg38__refseq-r80__500bp_up_and_100bp_down_tss.mc9nr.genes_vs_motifs.rankings', 'top10perTarget'})","[('PIK3AP1', 0.563578220577112), ('ICAM1', 0.6338167953671242), ('BCL2A1', 0.0436478961180722), ('SELPLG', 0.2728919975583357), ('IKZF1', 0.1292254202104535), ('IL7R', 0.0096408813682698), ('SELL', 0.1074355730599874)]",651
IRF4,transfac_pro__M04722,0.11040952280245925,3.336412753433501,0.0,1.0,gene is annotated for similar motif factorbook__PU1 ('PU1'; q-value = 4.78e-07),"frozenset({'activating', 'hg38__refseq-r80__500bp_up_and_100bp_down_tss.mc9nr.genes_vs_motifs.rankings', 'top10perTarget'})","[('IL7R', 0.0096408813682698), ('GZMA', 0.0450140750948232), ('IFNG', 0.0542626926717957), ('SELPLG', 0.2728919975583357), ('KLRB1', 0.0020047929091122), ('FCER1G', 0.6669796786042658), ('RGS1', 0.6128354644518212), ('TXK', 0.0332963688409211), ('GZMB', 3.3312372634739176), ('IKZF1', 0.1292254202104535), ('CD4', 7.796239954439715), ('CD247', 0.0510189204201258), ('IFNGR1', 0.1086627956683654), ('GNLY', 0.0683615966455161)]",2059
IRF4,hocomoco__SPIB_MOUSE.H11MO.0.A,0.11164821220864364,3.3912883983716875,0.0,1.0,gene is annotated for similar motif hocomoco__IRF4_HUMAN.H11MO.0.A ('IRF4_HUMAN'; q-value = 1.07e-11),"frozenset({'activating', 'hg38__refseq-r80__500bp_up_and_100bp_down_tss.mc9nr.genes_vs_motifs.rankings', 'top10perTarget'})","[('CD4', 7.796239954439715), ('CD3G', 0.0115266087310999), ('TRIB2', 0.104644344207262), ('BCL2A1', 0.0436478961180722), ('PIK3AP1', 0.563578220577112), ('IRF8', 8.58730197970342), ('MS4A1', 1.7065838178070547), ('CCL5', 0.0890410325335519)]",579
IRF4,hocomoco__SPIB_HUMAN.H11MO.0.A,0.11601383706702519,3.584691586019687,0.0,1.0,motif similar to factorbook__PU1 ('PU1'; q-value = 3.54e-12) which is directly annotated,"frozenset({'activating', 'hg38__refseq-r80__500bp_up_and_100bp_down_tss.mc9nr.genes_vs_motifs.rankings', 'top10perTarget'})","[('BCL2A1', 0.0436478961180722), ('PIK3AP1', 0.563578220577112), ('ICAM1', 0.6338167953671242), ('RGS1', 0.6128354644518212), ('IKZF1', 0.1292254202104535), ('IL7R', 0.0096408813682698), ('IL2RB', 0.0378639219633385), ('CD37', 0.4776483477191633), ('IRF4', 1.0), ('CD247', 0.0510189204201258), ('CD4', 7.796239954439715), ('SELPLG', 0.2728919975583357), ('TXK', 0.0332963688409211), ('SELL', 0.1074355730599874), ('CD3G', 0.0115266087310999), ('MS4A1', 1.7065838178070547), ('CD74', 1.0527512071173144)]",2729
IRF4,dbcorrdb__MTA3__ENCSR000BRH_1__m1,0.11738848018852248,3.64559016759743,0.0,1.0,"gene is annotated for similar motif dbcorrdb__IRF4__ENCSR000BGY_1__m1 ('IRF4 (ENCSR000BGY-1, motif 1)'; q-value = 6.41e-10)","frozenset({'activating', 'hg38__refseq-r80__500bp_up_and_100bp_down_tss.mc9nr.genes_vs_motifs.rankings', 'top10perTarget'})","[('ICAM1', 0.6338167953671242), ('CD37', 0.4776483477191633), ('IRF4', 1.0), ('BCL2A1', 0.0436478961180722), ('IKZF1', 0.1292254202104535), ('IL7R', 0.0096408813682698), ('RGS1', 0.6128354644518212), ('JCHAIN', 11.50644613648733), ('SELL', 0.1074355730599874), ('CD247', 0.0510189204201258), ('ITGAM', 0.0607183588466763), ('IFNGR1', 0.1086627956683654), ('LAIR2', 0.2936227479943946), ('PIK3AP1', 0.563578220577112), ('SELPLG', 0.2728919975583357), ('LAMP1', 0.1378302113151548), ('PDIA6', 0.4634578764904513), ('HLA-DMA', 0.8768078648102325), ('CCL5', 0.0890410325335519)]",3303
IRF4,transfac_pro__M00772,0.11489599540778561,3.5351696625388844,0.0,1.0,gene is directly annotated,"frozenset({'activating', 'hg38__refseq-r80__500bp_up_and_100bp_down_tss.mc9nr.genes_vs_motifs.rankings', 'top10perTarget'})","[('RGS1', 0.6128354644518212), ('IFNG', 0.0542626926717957), ('GZMB', 3.3312372634739176), ('JCHAIN', 11.50644613648733), ('IL7R', 0.0096408813682698), ('SELPLG', 0.2728919975583357), ('FOSB', 1.1824312050006116), ('KLRB1', 0.0020047929091122), ('CD3G', 0.0115266087310999), ('GNLY', 0.0683615966455161), ('SELL', 0.1074355730599874), ('FTH1', 0.0346156759546044), ('TXK', 0.0332963688409211), ('HLA-DRA', 1.1373712538839622), ('ITGAM', 0.0607183588466763)]",2517
IRF4,dbcorrdb__PAX5__ENCSR000BHJ_1__m2,0.11744890406199489,3.648267028326122,0.0,1.0,motif similar to factorbook__PU1 ('PU1'; q-value = 6.12e-08) which is directly annotated,"frozenset({'activating', 'hg38__refseq-r80__500bp_up_and_100bp_down_tss.mc9nr.genes_vs_motifs.rankings', 'top10perTarget'})","[('IKZF1', 0.1292254202104535), ('IL7R', 0.0096408813682698), ('IL2RB', 0.0378639219633385), ('CD4', 7.796239954439715), ('CD247', 0.0510189204201258), ('ICAM1', 0.6338167953671242), ('LAIR2', 0.2936227479943946), ('GZMA', 0.0450140750948232), ('SELL', 0.1074355730599874), ('MS4A1', 1.7065838178070547), ('FTH1', 0.0346156759546044), ('BCL2A1', 0.0436478961180722), ('CD37', 0.4776483477191633), ('TXK', 0.0332963688409211), ('CD74', 1.0527512071173144), ('HLA-DRA', 1.1373712538839622), ('SELPLG', 0.2728919975583357), ('RPN2', 0.2200451127774072)]",3899
IRF4,transfac_pro__M01172,0.1215577274581187,3.8302935578771806,0.0,1.0,motif similar to factorbook__PU1 ('PU1'; q-value = 4.4e-07) which is directly annotated,"frozenset({'activating', 'hg38__refseq-r80__500bp_up_and_100bp_down_tss.mc9nr.genes_vs_motifs.rankings', 'top10perTarget'})","[('MS4A1', 1.7065838178070547), ('GZMA', 0.0450140750948232), ('CD74', 1.0527512071173144), ('TXK', 0.0332963688409211), ('TRIB2', 0.104644344207262), ('FOSB', 1.1824312050006116), ('SELL', 0.1074355730599874), ('CD247', 0.0510189204201258), ('BCL2A1', 0.0436478961180722), ('PDIA6', 0.4634578764904513), ('CD4', 7.796239954439715), ('SELPLG', 0.2728919975583357), ('IKZF1', 0.1292254202104535), ('TCL1A', 0.4833377508277595), ('IRF4', 1.0), ('PIK3AP1', 0.563578220577112), ('RGS1', 0.6128354644518212), ('IFNG', 0.0542626926717957), ('CD3G', 0.0115266087310999)]",3729
IRF4,transfac_pro__M08887,0.10441245336032266,3.070734326110816,0.0,1.0,gene is directly annotated,"frozenset({'activating', 'hg38__refseq-r80__500bp_up_and_100bp_down_tss.mc9nr.genes_vs_motifs.rankings', 'top10perTarget'})","[('IKZF1', 0.1292254202104535), ('BCL2A1', 0.0436478961180722), ('IL2RB', 0.0378639219633385), ('FCER1G', 0.6669796786042658), ('CD247', 0.0510189204201258), ('PIK3AP1', 0.563578220577112), ('PRF1', 0.2385631091397126), ('GZMB', 3.3312372634739176), ('ICAM1', 0.6338167953671242), ('CD37', 0.4776483477191633), ('IL7R', 0.0096408813682698), ('MS4A1', 1.7065838178070547), ('ITGAM', 0.0607183588466763), ('CD4', 7.796239954439715), ('CD3E', 0.0236370261706532)]",2044
IRF4,cisbp__M6484,0.11238840465868065,3.4240799422981647,0.0,1.0,gene is annotated for similar motif factorbook__PU1 ('PU1'; q-value = 1.03e-10),"frozenset({'activating', 'hg38__refseq-r80__500bp_up_and_100bp_down_tss.mc9nr.genes_vs_motifs.rankings', 'top10perTarget'})","[('RGS1', 0.6128354644518212), ('GZMB', 3.3312372634739176), ('SELPLG', 0.2728919975583357), ('PRF1', 0.2385631091397126), ('IFNG', 0.0542626926717957), ('GNLY', 0.0683615966455161), ('GZMA', 0.0450140750948232), ('IL7R', 0.0096408813682698), ('FCER1G', 0.6669796786042658), ('KLRB1', 0.0020047929091122), ('TXK', 0.0332963688409211), ('CD4', 7.796239954439715)]",1035
IRF4,hocomoco__IRF8_HUMAN.H11MO.0.B,0.12190516473058506,3.8456855070671603,0.0,1.0,gene is annotated for similar motif hocomoco__IRF4_HUMAN.H11MO.0.A ('IRF4_HUMAN'; q-value = 7.93e-17),"frozenset({'activating', 'hg38__refseq-r80__500bp_up_and_100bp_down_tss.mc9nr.genes_vs_motifs.rankings', 'top10perTarget'})","[('RGS1', 0.6128354644518212), ('GZMB', 3.3312372634739176), ('IFNG', 0.0542626926717957), ('PRF1', 0.2385631091397126), ('SELPLG', 0.2728919975583357), ('IL7R', 0.0096408813682698), ('FCER1G', 0.6669796786042658), ('GNLY', 0.0683615966455161), ('GZMA', 0.0450140750948232), ('SELL', 0.1074355730599874), ('JCHAIN', 11.50644613648733), ('ITGAM', 0.0607183588466763), ('CD79A', 1.3417475089942614), ('IL2RB', 0.0378639219633385)]",2043
IRF4,dbcorrdb__SPI1__ENCSR000BIJ_1__m1,0.1046239369174761,3.080103338661239,0.0,1.0,motif similar to factorbook__PU1 ('PU1'; q-value = 6.03e-15) which is directly annotated,"frozenset({'activating', 'hg38__refseq-r80__500bp_up_and_100bp_down_tss.mc9nr.genes_vs_motifs.rankings', 'top10perTarget'})","[('IL7R', 0.0096408813682698), ('GZMA', 0.0450140750948232), ('RGS1', 0.6128354644518212), ('FCER1G', 0.6669796786042658), ('TXK', 0.0332963688409211), ('IFNG', 0.0542626926717957), ('SELPLG', 0.2728919975583357), ('GZMB', 3.3312372634739176), ('SELL', 0.1074355730599874), ('JCHAIN', 11.50644613648733), ('IKZF1', 0.1292254202104535), ('KLRB1', 0.0020047929091122), ('FTH1', 0.0346156759546044), ('KLRF1', 0.0039333658458187), ('CD37', 0.4776483477191633), ('FOSB', 1.1824312050006116), ('BAX', 0.2169157686466808), ('PDIA6', 0.4634578764904513), ('IFNGR1', 0.1086627956683654), ('TRIB2', 0.104644344207262)]",3686
IRF4,dbcorrdb__EP300__ENCSR000DZG_1__m1,0.11716189066300095,3.6355519398648357,0.0,1.0,motif similar to hocomoco__IRF4_HUMAN.H11MO.0.A ('IRF4_HUMAN'; q-value = 1.02e-14) which is directly annotated,"frozenset({'activating', 'hg38__refseq-r80__500bp_up_and_100bp_down_tss.mc9nr.genes_vs_motifs.rankings', 'top10perTarget'})","[('FCER1G', 0.6669796786042658), ('PRF1', 0.2385631091397126), ('GZMB', 3.3312372634739176), ('PIK3AP1', 0.563578220577112), ('RGS1', 0.6128354644518212), ('SELPLG', 0.2728919975583357), ('IL7R', 0.0096408813682698), ('CD79A', 1.3417475089942614), ('CD37', 0.4776483477191633)]",1262
IRF4,dbcorrdb__STAT3__ENCSR000DZV_1__m1,0.13471502590673576,4.413179981549872,0.0,1.0,motif similar to hocomoco__IRF4_HUMAN.H11MO.0.A ('IRF4_HUMAN'; q-value = 8.31e-09) which is directly annotated,"frozenset({'activating', 'hg38__refseq-r80__500bp_up_and_100bp_down_tss.mc9nr.genes_vs_motifs.rankings', 'top10perTarget'})","[('ICAM1', 0.6338167953671242), ('BCL2A1', 0.0436478961180722), ('PIK3AP1', 0.563578220577112), ('CD37', 0.4776483477191633), ('IRF4', 1.0), ('SELPLG', 0.2728919975583357), ('IKZF1', 0.1292254202104535), ('IL7R', 0.0096408813682698), ('SELL', 0.1074355730599874), ('RGS1', 0.6128354644518212), ('LAMP1', 0.1378302113151548), ('FCER1G', 0.6669796786042658), ('LAIR2', 0.2936227479943946), ('CD74', 1.0527512071173144), ('CD4', 7.796239954439715), ('HLA-DMA', 0.8768078648102325), ('IL2RB', 0.0378639219633385), ('KLRB1', 0.0020047929091122), ('CD247', 0.0510189204201258), ('CCL5', 0.0890410325335519), ('PDIA6', 0.4634578764904513), ('JCHAIN', 11.50644613648733)]",4281
IRF4,hocomoco__IRF4_HUMAN.H11MO.0.A,0.12071179322950498,3.792817507675493,0.0,1.0,gene is directly annotated,"frozenset({'activating', 'hg38__refseq-r80__500bp_up_and_100bp_down_tss.mc9nr.genes_vs_motifs.rankings', 'top10perTarget'})","[('ICAM1', 0.6338167953671242), ('BCL2A1', 0.0436478961180722), ('PIK3AP1', 0.563578220577112), ('CD37', 0.4776483477191633), ('IKZF1', 0.1292254202104535), ('IL7R', 0.0096408813682698), ('IRF4', 1.0), ('LAMP1', 0.1378302113151548), ('SELPLG', 0.2728919975583357), ('SELL', 0.1074355730599874), ('RGS1', 0.6128354644518212), ('CD247', 0.0510189204201258), ('IL2RB', 0.0378639219633385), ('FCER1G', 0.6669796786042658), ('LAIR2', 0.2936227479943946), ('KLRB1', 0.0020047929091122), ('CD4', 7.796239954439715), ('CCL5', 0.0890410325335519), ('CD3E', 0.0236370261706532), ('JCHAIN', 11.50644613648733), ('RPN2', 0.2200451127774072), ('HLA-DRA', 1.1373712538839622), ('CD74', 1.0527512071173144), ('PDIA6', 0.4634578764904513), ('TXK', 0.0332963688409211), ('HLA-DMA', 0.8768078648102325), ('GZMB', 3.3312372634739176)]",4993
IRF8,dbcorrdb__RELA__ENCSR000EBA_1__m2,0.11147553536333239,3.1476547528737817,0.000305,1.0,motif similar to transfac_pro__M00972 ('V$IRF_Q6_01: IRF'; q-value = 0.000305) which is directly annotated,"frozenset({'activating', 'hg38__refseq-r80__500bp_up_and_100bp_down_tss.mc9nr.genes_vs_motifs.rankings', 'top10perTarget'})","[('IFNG', 3.4360099113039304), ('RGS1', 0.297169803964077), ('ITGAX', 3.147918254423523), ('FCER1G', 1.7437501722358624), ('CCL3', 1.455803302462535), ('KLRB1', 0.8514295468458268), ('RORA', 0.1077085407543244), ('CCR7', 0.0542511175135931), ('CD69', 1.0587245878591551), ('TCF4', 15.254893808136444), ('TNF', 0.8252060642263412), ('GZMB', 4.643493485131802), ('SELPLG', 0.4335327825880979), ('IFNGR1', 3.1723854969774763), ('CD4', 2.228887856191343), ('FOSB', 3.726041499325771), ('CASP5', 0.3558690508990266), ('RNASE2', 4.061894605636832), ('CCL20', 1.5467354300087754), ('TXK', 0.0338690844041308), ('CD3G', 0.0680677402055713), ('TCL1A', 1.7686373114551217), ('CXCR4', 0.8944342100765471), ('FCGR3A', 1.6177806490061135)]",3462
IRF8,dbcorrdb__TBL1XR1__ENCSR000DYZ_1__m1,0.11548278414456724,3.3340611087127376,0.0,1.0,motif similar to hocomoco__IRF8_HUMAN.H11MO.0.B ('IRF8_HUMAN'; q-value = 7.51e-08) which is directly annotated,"frozenset({'activating', 'hg38__refseq-r80__500bp_up_and_100bp_down_tss.mc9nr.genes_vs_motifs.rankings', 'top10perTarget'})","[('GZMB', 4.643493485131802), ('RGS1', 0.297169803964077), ('SELPLG', 0.4335327825880979), ('CCL3', 1.455803302462535), ('IFNG', 3.4360099113039304), ('CCR7', 0.0542511175135931), ('FCER1G', 1.7437501722358624), ('RORA', 0.1077085407543244), ('TXK', 0.0338690844041308), ('ITGAX', 3.147918254423523), ('RNASE2', 4.061894605636832), ('KLRB1', 0.8514295468458268), ('CCL20', 1.5467354300087754), ('TCF4', 15.254893808136444), ('CD69', 1.0587245878591551), ('IFNGR1', 3.1723854969774763)]",1629
IRF8,hocomoco__IRF8_HUMAN.H11MO.0.B,0.11051838995380178,3.1031309417657513,0.0,1.0,gene is directly annotated,"frozenset({'activating', 'hg38__refseq-r80__500bp_up_and_100bp_down_tss.mc9nr.genes_vs_motifs.rankings', 'top10perTarget'})","[('CCL3', 1.455803302462535), ('SELL', 0.1020423763093975), ('FCER1G', 1.7437501722358624), ('STAT3', 0.1149569338169958), ('RGS1', 0.297169803964077), ('ITGAX', 3.147918254423523), ('TXK', 0.0338690844041308), ('RNASE2', 4.061894605636832), ('CD4', 2.228887856191343), ('CCR7', 0.0542511175135931), ('IFNG', 3.4360099113039304), ('RORA', 0.1077085407543244), ('TNF', 0.8252060642263412), ('KLRB1', 0.8514295468458268), ('CD69', 1.0587245878591551), ('KIR2DL1', 1.2927975257092663), ('IL1RN', 0.9805374092009196), ('CXCR4', 0.8944342100765471), ('SELPLG', 0.4335327825880979), ('STAT4', 1.7728088232762562), ('NINJ2', 0.6970872643376612), ('HLA-DRA', 1.9735119835113235)]",2838
JUN,dbcorrdb__STAT3__ENCSR000DOQ_1__m2,0.13329157888743381,3.123929266990806,0.000759,1.0,gene is annotated for similar motif jaspar__MA0489.1 ('JUN(var.2)'; q-value = 0.000759),"frozenset({'activating', 'hg38__refseq-r80__500bp_up_and_100bp_down_tss.mc9nr.genes_vs_motifs.rankings', 'top10perTarget'})","[('BIRC3', 2.222933757885588), ('CXCL5', 1.1589340254167226), ('CD69', 5.097395061742794), ('CCL5', 1.2778005711814258), ('FAM65B', 2.134133583847081), ('ADA', 2.249671779355988), ('CASP5', 1.8471258084875135), ('TBX21', 0.7507872947400774), ('RGS1', 10.22198253660172), ('CD63', 1.03839629944796), ('EGR3', 0.6262683178493476), ('EGR1', 4.716845546349888), ('STAT5A', 4.500617518447674), ('IL18', 1.1184482803239402), ('TRAT1', 0.4109462951719186), ('IL32', 1.2004819140063077)]",1723
JUN,dbcorrdb__ATF1__ENCSR000DNZ_1__m2,0.13259408984797585,3.097692619070155,0.00035,1.0,"gene is annotated for similar motif dbcorrdb__JUN__ENCSR000EFS_1__m1 ('JUN (ENCSR000EFS-1, motif 1)'; q-value = 0.00035)","frozenset({'activating', 'hg38__refseq-r80__500bp_up_and_100bp_down_tss.mc9nr.genes_vs_motifs.rankings', 'top10perTarget'})","[('BIRC3', 2.222933757885588), ('CXCL5', 1.1589340254167226), ('CCL5', 1.2778005711814258), ('CD69', 5.097395061742794), ('CD63', 1.03839629944796), ('RGS1', 10.22198253660172), ('FAM65B', 2.134133583847081), ('CASP5', 1.8471258084875135)]",342
JUN,cisbp__M0269,0.1355690941183169,3.209599954078644,0.000316,1.0,motif similar to taipale_cyt_meth__JUN_NATGACGTCAYN_FL ('JUN [bZIP]'; q-value = 0.000316) which is directly annotated,"frozenset({'activating', 'hg38__refseq-r80__500bp_up_and_100bp_down_tss.mc9nr.genes_vs_motifs.rankings', 'top10perTarget'})","[('DUSP1', 4.496651575044924), ('BACH2', 2.49749157664123), ('BAX', 1.8003214020601916), ('LAMP1', 2.289344100246005), ('FOSB', 25.19522169227828)]",149
JUN,taipale_cyt_meth__CREM_NRTGACGTCAYN_eDBD,0.1335762682912942,3.134638102876786,0.000181,1.0,motif similar to swissregulon__hs__JUN.p2 ('hs__JUN.p2'; q-value = 0.000181) which is directly annotated,"frozenset({'activating', 'hg38__refseq-r80__500bp_up_and_100bp_down_tss.mc9nr.genes_vs_motifs.rankings', 'top10perTarget'})","[('CD36', 0.691997333129158), ('CD28', 1.35669317651925), ('RGS1', 10.22198253660172), ('FCER1G', 0.5495483085973939), ('BIRC3', 2.222933757885588), ('TBX21', 0.7507872947400774), ('CD69', 5.097395061742794), ('GZMA', 1.8354270653343576), ('CD63', 1.03839629944796), ('JUN', 1.0), ('IFNGR1', 4.032493652646585), ('LEF1', 3.0475529569970115), ('CNOT2', 2.4435991462777693), ('FOSB', 25.19522169227828), ('CASP5', 1.8471258084875135), ('TRAT1', 0.4109462951719186), ('CST7', 1.407338651794651), ('STAT5A', 4.500617518447674), ('DOCK8', 2.4116834411463843), ('CD37', 1.2563062781079046), ('FAM65B', 2.134133583847081)]",3575
JUN,cisbp__M0346,0.13612423845584468,3.2304821840563047,5.4e-05,1.0,"motif similar to cisbp__M4557 ('JUN[gene ID: ""ENSG00000177606"" species: ""Homo sapiens"" TF status: ""direct"" TF family: ""bZIP"" DBDs: ""bZIP_1""]'; q-value = 5.41e-05) which is directly annotated","frozenset({'activating', 'hg38__refseq-r80__500bp_up_and_100bp_down_tss.mc9nr.genes_vs_motifs.rankings', 'top10perTarget'})","[('LAMP1', 2.289344100246005), ('DUSP1', 4.496651575044924), ('BAX', 1.8003214020601916), ('EGR3', 0.6262683178493476), ('BACH2', 2.49749157664123), ('CNOT2', 2.4435991462777693), ('CD63', 1.03839629944796)]",395
JUNB,taipale_cyt_meth__CREB1_NRTGACGTCAYN_eDBD,0.14425212093605877,3.2137034765583326,0.000404,1.0,gene is annotated for similar motif transfac_pro__M08921 ('V$JUNBFOSB_02: JUNB:FOSB'; q-value = 0.000404),"frozenset({'activating', 'hg38__refseq-r80__500bp_up_and_100bp_down_tss.mc9nr.genes_vs_motifs.rankings', 'top10perTarget'})","[('EGR3', 0.5820185140038524), ('JUN', 4.172183500914485), ('FOXP1', 2.3297113780042955), ('EGR1', 5.241951660171043), ('SELL', 2.402324136922572), ('FOSB', 26.95182739384448), ('BACH2', 1.35258088044004), ('RORA', 1.2533028283065089), ('DUSP1', 5.755738647487208), ('MYC', 3.55401118482114), ('KIAA0101', 0.0269401125099336), ('IL18RAP', 0.107857226457727), ('CBLB', 1.580444215039983)]",1390
JUNB,cisbp__M0269,0.15297785116437967,3.51621462745901,0.000316,1.0,motif similar to transfac_pro__M08945 ('V$JUNBFOS_03: JUNB:C-FOS'; q-value = 0.000316) which is directly annotated,"frozenset({'activating', 'hg38__refseq-r80__500bp_up_and_100bp_down_tss.mc9nr.genes_vs_motifs.rankings', 'top10perTarget'})","[('DUSP1', 5.755738647487208), ('BACH2', 1.35258088044004), ('BAX', 3.667085245346851), ('LAMP1', 2.665818093261493), ('FOSB', 26.95182739384448), ('FOXP1', 2.3297113780042955), ('EGR1', 5.241951660171043), ('MCM2', 0.1025121103754181), ('IFNGR1', 1.132903126120285), ('JUN', 4.172183500914485), ('EGR3', 0.5820185140038524)]",793
JUNB,jaspar__MA0018.2,0.14312759779081022,3.1747175370458467,0.000195,1.0,gene is annotated for similar motif transfac_pro__M08921 ('V$JUNBFOSB_02: JUNB:FOSB'; q-value = 0.000195),"frozenset({'activating', 'hg38__refseq-r80__500bp_up_and_100bp_down_tss.mc9nr.genes_vs_motifs.rankings', 'top10perTarget'})","[('EGR1', 5.241951660171043), ('SELL', 2.402324136922572), ('FOXP1', 2.3297113780042955), ('FOSB', 26.95182739384448), ('EGR3', 0.5820185140038524), ('MYC', 3.55401118482114), ('RORA', 1.2533028283065089), ('BACH2', 1.35258088044004), ('LEF1', 5.944317802560026), ('CBLB', 1.580444215039983), ('DUSP2', 2.578312594950048)]",1010
JUNB,transfac_pro__M01186,0.14255821898308946,3.154977820836994,0.000166,1.0,motif similar to taipale_cyt_meth__JUNB_NATGACGTCAYN_eDBD_repr ('JUNB [bZIP]'; q-value = 0.000166) which is directly annotated,"frozenset({'activating', 'hg38__refseq-r80__500bp_up_and_100bp_down_tss.mc9nr.genes_vs_motifs.rankings', 'top10perTarget'})","[('DUSP1', 5.755738647487208), ('FOSB', 26.95182739384448), ('JUN', 4.172183500914485), ('BACH2', 1.35258088044004), ('FOXP1', 2.3297113780042955), ('EGR3', 0.5820185140038524), ('BAX', 3.667085245346851), ('LAMP1', 2.665818093261493)]",475
JUNB,cisbp__M0346,0.14593178841883506,3.27193563937445,5.4e-05,1.0,motif similar to factorbook__v-JUN ('v-JUN'; q-value = 5.41e-05) which is directly annotated,"frozenset({'activating', 'hg38__refseq-r80__500bp_up_and_100bp_down_tss.mc9nr.genes_vs_motifs.rankings', 'top10perTarget'})","[('EGR3', 0.5820185140038524), ('DUSP1', 5.755738647487208), ('LAMP1', 2.665818093261493), ('BAX', 3.667085245346851), ('JUN', 4.172183500914485), ('FOSB', 26.95182739384448), ('FOXP1', 2.3297113780042955), ('EGR1', 5.241951660171043), ('BACH2', 1.35258088044004), ('IFNGR1', 1.132903126120285)]",612
JUNB,taipale_cyt_meth__CREM_NRTGACGTCAYN_eDBD,0.15904173546660594,3.7264426050832973,4.8e-05,1.0,motif similar to transfac_pro__M08921 ('V$JUNBFOSB_02: JUNB:FOSB'; q-value = 4.84e-05) which is directly annotated,"frozenset({'activating', 'hg38__refseq-r80__500bp_up_and_100bp_down_tss.mc9nr.genes_vs_motifs.rankings', 'top10perTarget'})","[('DUSP1', 5.755738647487208), ('BACH2', 1.35258088044004), ('FOSB', 26.95182739384448), ('MCM2', 0.1025121103754181), ('EGR3', 0.5820185140038524), ('JUN', 4.172183500914485), ('BAX', 3.667085245346851), ('FOXP1', 2.3297113780042955), ('EGR1', 5.241951660171043), ('LAMP1', 2.665818093261493), ('JUNB', 1.0), ('ZBTB16', 0.5149459329456282), ('CBLB', 1.580444215039983), ('IFNGR1', 1.132903126120285), ('LAP3', 1.4253584377634827), ('PTPRC', 4.198650078593467), ('IL32', 2.311695758529607), ('RORA', 1.2533028283065089)]",2563
JUNB,taipale_cyt_meth__CREB3L4_NRTGACGTCAYN_eDBD,0.1454478164322724,3.255156880596924,1.6e-05,1.0,gene is annotated for similar motif transfac_pro__M08924 ('V$JUNBFRA2_02: JUNB:FRA-2'; q-value = 1.57e-05),"frozenset({'activating', 'hg38__refseq-r80__500bp_up_and_100bp_down_tss.mc9nr.genes_vs_motifs.rankings', 'top10perTarget'})","[('RORA', 1.2533028283065089), ('ZBTB16', 0.5149459329456282), ('JUNB', 1.0), ('FOXP1', 2.3297113780042955), ('SELL', 2.402324136922572), ('BACH2', 1.35258088044004), ('MYC', 3.55401118482114), ('EGR3', 0.5820185140038524), ('FOSB', 26.95182739384448), ('EGR1', 5.241951660171043), ('FAM65B', 0.9266004602327332), ('IL23R', 4.239612406320919), ('DUSP1', 5.755738647487208)]",1051
JUNB,cisbp__M0361,0.16117690599555884,3.800466540866497,1.3e-05,1.0,motif similar to transfac_pro__M08927 ('V$JUNB_03: JUNB'; q-value = 1.3e-05) which is directly annotated,"frozenset({'activating', 'hg38__refseq-r80__500bp_up_and_100bp_down_tss.mc9nr.genes_vs_motifs.rankings', 'top10perTarget'})","[('FOXP1', 2.3297113780042955), ('BACH2', 1.35258088044004), ('JUNB', 1.0), ('RORA', 1.2533028283065089), ('ZBTB16', 0.5149459329456282), ('MYC', 3.55401118482114), ('SELL', 2.402324136922572), ('EGR3', 0.5820185140038524), ('CD2', 1.349962091566316), ('FAM65B', 0.9266004602327332), ('FOSB', 26.95182739384448), ('KIT', 0.0525430577736647), ('KIAA0101', 0.0269401125099336)]",1355
JUNB,taipale_cyt_meth__XBP1_NRTGACGTCAYN_FL,0.13824517451460458,3.00544947055493,1e-06,1.0,motif similar to taipale_cyt_meth__JUNB_NATGACGTCAYN_eDBD_repr ('JUNB [bZIP]'; q-value = 1.32e-06) which is directly annotated,"frozenset({'activating', 'hg38__refseq-r80__500bp_up_and_100bp_down_tss.mc9nr.genes_vs_motifs.rankings', 'top10perTarget'})","[('EGR1', 5.241951660171043), ('RORA', 1.2533028283065089), ('FOSB', 26.95182739384448), ('FOXP1', 2.3297113780042955), ('JUN', 4.172183500914485), ('EGR3', 0.5820185140038524), ('LEF1', 5.944317802560026), ('SELL', 2.402324136922572), ('BAX', 3.667085245346851), ('IL18RAP', 0.107857226457727), ('CBLB', 1.580444215039983), ('ICAM1', 0.2879781040345837), ('DUSP2', 2.578312594950048), ('FYB', 2.4832112727526567), ('PTPRC', 4.198650078593467), ('ZBTB16', 0.5149459329456282), ('GZMK', 0.1582335199301822)]",2514
MYC,dbcorrdb__ATF3__ENCSR000BKE_1__m1,0.16135152886229293,3.9461484987666333,1e-06,1.0,"gene is annotated for similar motif dbcorrdb__MYC__ENCSR000DLZ_1__m1 ('MYC (ENCSR000DLZ-1, motif 1)'; q-value = 5.61e-07)","frozenset({'activating', 'hg38__refseq-r80__500bp_up_and_100bp_down_tss.mc9nr.genes_vs_motifs.rankings', 'top10perTarget'})","[('SELL', 2.0408028628720523), ('FOXP1', 0.980678339291446), ('VEGFA', 0.4662203181696948), ('CCND2', 0.8891218358965267), ('FOSB', 7.802748850498327), ('EGR3', 1.8973272801947028), ('TRIB2', 1.9922205978293897), ('IKZF1', 0.6035256518215218), ('ARL4C', 0.672851631872843), ('DUSP1', 0.2741448179017302), ('IRF8', 0.1805584941651169), ('JUN', 2.0092581749730782), ('CD9', 17.668216475170944), ('JUNB', 2.1258968142070107), ('CNOT2', 0.5833356534128584), ('ADA', 1.843451049601472), ('EGR1', 2.5041282228257256), ('CD63', 0.3307959413807357), ('PDIA6', 2.89308750344521), ('LEF1', 3.848866209634302)]",1432
MYC,dbcorrdb__ATF3__ENCSR000BKC_1__m1,0.14501516873260287,3.331552666945825,0.0,1.0,"gene is annotated for similar motif dbcorrdb__MYC__ENCSR000EGS_1__m1 ('MYC (ENCSR000EGS-1, motif 1)'; q-value = 1.08e-07)","frozenset({'activating', 'hg38__refseq-r80__500bp_up_and_100bp_down_tss.mc9nr.genes_vs_motifs.rankings', 'top10perTarget'})","[('FOXP1', 0.980678339291446), ('EGR1', 2.5041282228257256), ('CNOT2', 0.5833356534128584), ('TRIB2', 1.9922205978293897), ('FOSB', 7.802748850498327), ('MYC', 1.0), ('ARL4C', 0.672851631872843), ('SELL', 2.0408028628720523), ('ADA', 1.843451049601472), ('VEGFA', 0.4662203181696948), ('EGR3', 1.8973272801947028), ('IKZF1', 0.6035256518215218), ('IRF8', 0.1805584941651169), ('LEF1', 3.848866209634302), ('GAPDH', 2.670793533039198)]",788
MYC,dbcorrdb__MYC__ENCSR000DOM_1__m3,0.13729006161320254,3.040923750941219,0.0,1.0,gene is directly annotated,"frozenset({'activating', 'hg38__refseq-r80__500bp_up_and_100bp_down_tss.mc9nr.genes_vs_motifs.rankings', 'top10perTarget'})","[('FOXP1', 0.980678339291446), ('EGR1', 2.5041282228257256), ('TRIB2', 1.9922205978293897), ('FOSB', 7.802748850498327), ('SELL', 2.0408028628720523), ('MYC', 1.0), ('CNOT2', 0.5833356534128584), ('VEGFA', 0.4662203181696948), ('ARL4C', 0.672851631872843), ('EGR3', 1.8973272801947028), ('ADA', 1.843451049601472), ('IKZF1', 0.6035256518215218), ('LEF1', 3.848866209634302), ('GAPDH', 2.670793533039198), ('IRF8', 0.1805584941651169), ('CD9', 17.668216475170944), ('CD63', 0.3307959413807357)]",966
PRDM1,dbcorrdb__FOXM1__ENCSR000BRU_1__m3,0.11390739370013982,3.4389451787169087,0.000625,1.0,motif similar to hocomoco__PRDM1_HUMAN.H11MO.0.A ('PRDM1_HUMAN'; q-value = 0.000625) which is directly annotated,"frozenset({'activating', 'hg38__refseq-r80__500bp_up_and_100bp_down_tss.mc9nr.genes_vs_motifs.rankings', 'top10perTarget'})","[('PIK3AP1', 0.5515858494521948), ('CD86', 10.26189586019786), ('BCL2A1', 5.9094048004141015), ('CD2', 0.0332217801024872), ('PIK3IP1', 0.0025258538077251), ('CD74', 0.999913464516904), ('IL1B', 2.822658684291884), ('PRDM1', 1.0), ('CD14', 4.163542048767112), ('S100A9', 6.980199366144781), ('IL7R', 0.0062303558404869), ('ICOS', 0.066153070203476)]",1261
PRDM1,dbcorrdb__SPI1__ENCSR000BGQ_1__m1,0.13254379471996053,4.2019197611906645,0.000418,1.0,"motif similar to dbcorrdb__PRDM1__ENCSR000ECY_1__m1 ('PRDM1 (ENCSR000ECY-1, motif 1)'; q-value = 0.000418) which is directly annotated","frozenset({'activating', 'hg38__refseq-r80__500bp_up_and_100bp_down_tss.mc9nr.genes_vs_motifs.rankings', 'top10perTarget'})","[('AQP9', 8.075275439496279), ('FYN', 0.0425044521895956), ('S100A9', 6.980199366144781), ('FAM65B', 0.0369740690267168), ('IL1B', 2.822658684291884), ('GAPDH', 0.7568925992769153), ('KLRC1', 0.080359518098578), ('S100A12', 5.461367431352686), ('FCN1', 8.078429514361677)]",1050
PRDM1,cisbp__M6310,0.1270828193107986,3.9783473327870573,0.000361,1.0,"motif similar to dbcorrdb__PRDM1__ENCSR000ECY_1__m1 ('PRDM1 (ENCSR000ECY-1, motif 1)'; q-value = 0.000361) which is directly annotated","frozenset({'activating', 'hg38__refseq-r80__500bp_up_and_100bp_down_tss.mc9nr.genes_vs_motifs.rankings', 'top10perTarget'})","[('AQP9', 8.075275439496279), ('FYN', 0.0425044521895956), ('S100A9', 6.980199366144781), ('IL1B', 2.822658684291884), ('KLRC1', 0.080359518098578), ('GAPDH', 0.7568925992769153), ('FAM65B', 0.0369740690267168), ('S100A12', 5.461367431352686), ('PRDM1', 1.0), ('FCN1', 8.078429514361677)]",1546
PRDM1,cisbp__M4489,0.13612961592236203,4.348723343696647,0.000341,1.0,gene is annotated for similar motif transfac_pro__M01066 ('V$BLIMP1_Q6: Blimp-1'; q-value = 0.000341),"frozenset({'activating', 'hg38__refseq-r80__500bp_up_and_100bp_down_tss.mc9nr.genes_vs_motifs.rankings', 'top10perTarget'})","[('AQP9', 8.075275439496279), ('ITGAX', 2.8876350355319023), ('LGALS1', 7.747539993693618), ('FCER1G', 3.077569854896105), ('IL7R', 0.0062303558404869), ('FCN1', 8.078429514361677), ('CD86', 10.26189586019786), ('GZMA', 0.0902585981888305), ('CD2', 0.0332217801024872), ('GZMB', 0.5640372088232715)]",1064
RUNX3,dbcorrdb__BCL11A__ENCSR000BHA_1__m2,0.1355585010242198,3.8248166495641085,0.000684,1.0,"gene is annotated for similar motif dbcorrdb__RUNX3__ENCSR000BRI_1__m1 ('RUNX3 (ENCSR000BRI-1, motif 1)'; q-value = 0.000684)","frozenset({'activating', 'hg38__refseq-r80__500bp_up_and_100bp_down_tss.mc9nr.genes_vs_motifs.rankings', 'top10perTarget'})","[('BTG1', 20.91471765839055), ('CD27', 4.936857426283583), ('TCF4', 0.7361647144361116), ('CCL4', 7.532410443440303), ('CCL5', 14.558459636518611), ('CNOT2', 8.164733423771606), ('GNLY', 14.386837038281854), ('KIT', 0.6679094565619422), ('CD38', 0.5109123838072221), ('TNF', 1.4203832628281816), ('IGBP1', 0.6955126605134446), ('ARL4C', 9.543605372824654)]",2084
RUNX3,dbcorrdb__IKZF1__ENCSR000EUJ_1__m2,0.1458695539910144,4.2520072896235215,0.000552,1.0,gene is annotated for similar motif hocomoco__RUNX3_HUMAN.H11MO.0.A ('RUNX3_HUMAN'; q-value = 0.000552),"frozenset({'activating', 'hg38__refseq-r80__500bp_up_and_100bp_down_tss.mc9nr.genes_vs_motifs.rankings', 'top10perTarget'})","[('TCF4', 0.7361647144361116), ('IFITM3', 8.501027037321089), ('CCL5', 14.558459636518611), ('CCL4', 7.532410443440303), ('RUNX3', 1.0), ('IFITM2', 10.24070128696414)]",322
RUNX3,dbcorrdb__STAT3__ENCSR000DZV_1__m3,0.12652126762260513,3.4504008131180446,0.000552,1.0,gene is annotated for similar motif hocomoco__RUNX3_HUMAN.H11MO.0.A ('RUNX3_HUMAN'; q-value = 0.000552),"frozenset({'activating', 'hg38__refseq-r80__500bp_up_and_100bp_down_tss.mc9nr.genes_vs_motifs.rankings', 'top10perTarget'})","[('RUNX3', 1.0), ('AQP9', 1.1692925391474482), ('IL18RAP', 9.72676848163027), ('ITGB2', 8.330941450216926), ('KLRB1', 15.90656227314716), ('TBX21', 14.812415285894456), ('NKG7', 17.284351225940124), ('GNLY', 14.386837038281854), ('GZMH', 11.142501120298592), ('TCF4', 0.7361647144361116), ('TNF', 1.4203832628281816), ('CD247', 7.670817219471713), ('SELPLG', 6.917814815958706), ('IFNGR1', 6.648123456102952)]",1120
RUNX3,dbcorrdb__EP300__ENCSR000DZD_1__m2,0.15549205584149553,4.650671008810853,0.00041,1.0,gene is annotated for similar motif transfac_pro__M08866 ('V$AML_Q4: AML'; q-value = 0.00041),"frozenset({'activating', 'hg38__refseq-r80__500bp_up_and_100bp_down_tss.mc9nr.genes_vs_motifs.rankings', 'top10perTarget'})","[('SELPLG', 6.917814815958706), ('RUNX3', 1.0), ('AQP9', 1.1692925391474482), ('ITGB2', 8.330941450216926), ('IL18RAP', 9.72676848163027), ('GNLY', 14.386837038281854), ('TBX21', 14.812415285894456), ('GZMH', 11.142501120298592), ('KLRB1', 15.90656227314716), ('NKG7', 17.284351225940124), ('CST7', 11.38729295156492), ('TCF4', 0.7361647144361116), ('IFNGR1', 6.648123456102952)]",1629
RUNX3,transfac_pro__M01658,0.12831150052502022,3.524570807385455,0.000387,1.0,gene is annotated for similar motif transfac_pro__M08866 ('V$AML_Q4: AML'; q-value = 0.000387),"frozenset({'activating', 'hg38__refseq-r80__500bp_up_and_100bp_down_tss.mc9nr.genes_vs_motifs.rankings', 'top10perTarget'})","[('IL18RAP', 9.72676848163027), ('AQP9', 1.1692925391474482), ('ITGB2', 8.330941450216926), ('CCL4', 7.532410443440303), ('GNLY', 14.386837038281854), ('DUSP2', 6.95470434715281), ('RUNX3', 1.0), ('GZMH', 11.142501120298592), ('TNF', 1.4203832628281816), ('KLRB1', 15.90656227314716), ('CNOT2', 8.164733423771606)]",1576
RUNX3,cisbp__M6458,0.1823283355998141,5.762507749800212,0.000387,1.0,gene is annotated for similar motif transfac_pro__M08866 ('V$AML_Q4: AML'; q-value = 0.000387),"frozenset({'activating', 'hg38__refseq-r80__500bp_up_and_100bp_down_tss.mc9nr.genes_vs_motifs.rankings', 'top10perTarget'})","[('AQP9', 1.1692925391474482), ('RUNX3', 1.0), ('GZMH', 11.142501120298592), ('NKG7', 17.284351225940124), ('TCF4', 0.7361647144361116), ('IL18RAP', 9.72676848163027), ('CST7', 11.38729295156492), ('TIAF1', 1.096394612222511), ('SELPLG', 6.917814815958706)]",1022
RUNX3,transfac_pro__M08865,0.1415488957361472,4.073000861151213,0.000355,1.0,gene is annotated for similar motif transfac_pro__M08866 ('V$AML_Q4: AML'; q-value = 0.000355),"frozenset({'activating', 'hg38__refseq-r80__500bp_up_and_100bp_down_tss.mc9nr.genes_vs_motifs.rankings', 'top10perTarget'})","[('RUNX3', 1.0), ('IFNGR1', 6.648123456102952), ('TBX21', 14.812415285894456), ('CST7', 11.38729295156492), ('ITGAM', 16.92086703861454), ('TCF4', 0.7361647144361116), ('GZMH', 11.142501120298592), ('SELPLG', 6.917814815958706), ('GNLY', 14.386837038281854), ('CD247', 7.670817219471713), ('CD27', 4.936857426283583)]",1295
RUNX3,dbcorrdb__NFATC1__ENCSR000BQL_1__m3,0.12653848140051296,3.4511139861398465,0.000246,1.0,gene is annotated for similar motif hocomoco__RUNX3_HUMAN.H11MO.0.A ('RUNX3_HUMAN'; q-value = 0.000246),"frozenset({'activating', 'hg38__refseq-r80__500bp_up_and_100bp_down_tss.mc9nr.genes_vs_motifs.rankings', 'top10perTarget'})","[('RUNX3', 1.0), ('AQP9', 1.1692925391474482), ('SELPLG', 6.917814815958706), ('NKG7', 17.284351225940124), ('GZMH', 11.142501120298592), ('IL18RAP', 9.72676848163027), ('GNLY', 14.386837038281854), ('CST7', 11.38729295156492), ('KLRB1', 15.90656227314716), ('ITGB2', 8.330941450216926)]",1157
RUNX3,dbcorrdb__TBL1XR1__ENCSR000DYZ_1__m2,0.14893360645860948,4.378952087504283,0.000232,1.0,motif similar to hocomoco__RUNX3_HUMAN.H11MO.0.A ('RUNX3_HUMAN'; q-value = 0.000232) which is directly annotated,"frozenset({'activating', 'hg38__refseq-r80__500bp_up_and_100bp_down_tss.mc9nr.genes_vs_motifs.rankings', 'top10perTarget'})","[('LAMP1', 6.0523169010772015), ('RUNX3', 1.0), ('TCF4', 0.7361647144361116), ('DUSP2', 6.95470434715281), ('CNOT2', 8.164733423771606)]",279
RUNX3,cisbp__M6457,0.123147367152669,3.310618900844848,0.000107,1.0,"gene is annotated for similar motif dbcorrdb__RUNX3__ENCSR000BRI_1__m1 ('RUNX3 (ENCSR000BRI-1, motif 1)'; q-value = 0.000107)","frozenset({'activating', 'hg38__refseq-r80__500bp_up_and_100bp_down_tss.mc9nr.genes_vs_motifs.rankings', 'top10perTarget'})","[('RUNX3', 1.0), ('FCGR3A', 16.067981960827332), ('HLA-A', 19.34919455565949), ('TNF', 1.4203832628281816), ('NKG7', 17.284351225940124), ('AQP9', 1.1692925391474482), ('IL32', 1.3741137526110294), ('TCF4', 0.7361647144361116), ('IL2RB', 15.587399841423366)]",751
RUNX3,transfac_pro__M07242,0.13982751794536347,4.001683558971011,0.0001,1.0,gene is annotated for similar motif transfac_pro__M08866 ('V$AML_Q4: AML'; q-value = 9.99e-05),"frozenset({'activating', 'hg38__refseq-r80__500bp_up_and_100bp_down_tss.mc9nr.genes_vs_motifs.rankings', 'top10perTarget'})","[('TNF', 1.4203832628281816), ('CCL4', 7.532410443440303), ('RUNX3', 1.0), ('TCF4', 0.7361647144361116)]",217
RUNX3,transfac_pro__M07276,0.1732738884202916,5.387378740332346,0.0001,1.0,gene is annotated for similar motif transfac_pro__M08866 ('V$AML_Q4: AML'; q-value = 9.99e-05),"frozenset({'activating', 'hg38__refseq-r80__500bp_up_and_100bp_down_tss.mc9nr.genes_vs_motifs.rankings', 'top10perTarget'})","[('SELPLG', 6.917814815958706), ('RUNX3', 1.0), ('AQP9', 1.1692925391474482), ('IL18RAP', 9.72676848163027), ('GZMH', 11.142501120298592), ('KLRB1', 15.90656227314716), ('GNLY', 14.386837038281854), ('CD27', 4.936857426283583), ('NKG7', 17.284351225940124), ('KLRF1', 15.510739356634836), ('CST7', 11.38729295156492), ('DUSP2', 6.95470434715281)]",1512
RUNX3,dbcorrdb__CEBPB__ENCSR000BRX_1__m2,0.14688516688757683,4.294084497909842,8.3e-05,1.0,"gene is annotated for similar motif dbcorrdb__RUNX3__ENCSR000BRI_1__m1 ('RUNX3 (ENCSR000BRI-1, motif 1)'; q-value = 8.27e-05)","frozenset({'activating', 'hg38__refseq-r80__500bp_up_and_100bp_down_tss.mc9nr.genes_vs_motifs.rankings', 'top10perTarget'})","[('LAMP1', 6.0523169010772015), ('TCF4', 0.7361647144361116), ('DUSP1', 3.754650860891072), ('RUNX3', 1.0), ('FYN', 7.761294264397453)]",320
RUNX3,factorbook__RUNX1,0.1354207908009571,3.8191112653896924,7e-05,1.0,gene is annotated for similar motif hocomoco__RUNX3_HUMAN.H11MO.0.A ('RUNX3_HUMAN'; q-value = 6.99e-05),"frozenset({'activating', 'hg38__refseq-r80__500bp_up_and_100bp_down_tss.mc9nr.genes_vs_motifs.rankings', 'top10perTarget'})","[('IFITM2', 10.24070128696414), ('IFITM3', 8.501027037321089), ('GZMH', 11.142501120298592), ('TCF4', 0.7361647144361116)]",171
RUNX3,dbcorrdb__NFIC__ENCSR000BRN_1__m2,0.13230509699963852,3.690026948443526,6.9e-05,1.0,"gene is annotated for similar motif dbcorrdb__RUNX3__ENCSR000BRI_1__m1 ('RUNX3 (ENCSR000BRI-1, motif 1)'; q-value = 6.94e-05)","frozenset({'activating', 'hg38__refseq-r80__500bp_up_and_100bp_down_tss.mc9nr.genes_vs_motifs.rankings', 'top10perTarget'})","[('AQP9', 1.1692925391474482), ('NKG7', 17.284351225940124), ('ITGB2', 8.330941450216926), ('SELPLG', 6.917814815958706), ('IFITM3', 8.501027037321089), ('TCF4', 0.7361647144361116), ('RUNX3', 1.0), ('IFITM2', 10.24070128696414), ('CST7', 11.38729295156492), ('KIT', 0.6679094565619422)]",915
RUNX3,hocomoco__RUNX2_MOUSE.H11MO.0.A,0.16902208527705576,5.211225003947246,6.4e-05,1.0,gene is annotated for similar motif hocomoco__RUNX3_HUMAN.H11MO.0.A ('RUNX3_HUMAN'; q-value = 6.41e-05),"frozenset({'activating', 'hg38__refseq-r80__500bp_up_and_100bp_down_tss.mc9nr.genes_vs_motifs.rankings', 'top10perTarget'})","[('IFITM3', 8.501027037321089), ('TCF4', 0.7361647144361116), ('CCL5', 14.558459636518611), ('CCL4', 7.532410443440303), ('IFITM2', 10.24070128696414), ('TNF', 1.4203832628281816), ('HLA-A', 19.34919455565949)]",557
RUNX3,dbcorrdb__STAT5A__ENCSR000BQZ_1__m2,0.13053207787513124,3.616570127197916,3.1e-05,1.0,gene is annotated for similar motif hocomoco__RUNX3_HUMAN.H11MO.0.A ('RUNX3_HUMAN'; q-value = 3.1e-05),"frozenset({'activating', 'hg38__refseq-r80__500bp_up_and_100bp_down_tss.mc9nr.genes_vs_motifs.rankings', 'top10perTarget'})","[('CXCR4', 17.94826753228145), ('TCF4', 0.7361647144361116), ('CST7', 11.38729295156492), ('AQP9', 1.1692925391474482), ('RUNX3', 1.0), ('DUSP1', 3.754650860891072), ('SELPLG', 6.917814815958706), ('CD247', 7.670817219471713), ('CD27', 4.936857426283583), ('GNLY', 14.386837038281854), ('CNOT2', 8.164733423771606), ('GZMH', 11.142501120298592), ('NKG7', 17.284351225940124), ('IL18RAP', 9.72676848163027), ('TNF', 1.4203832628281816)]",1697
RUNX3,dbcorrdb__MTA3__ENCSR000BRH_1__m2,0.15036235002495998,4.4381454483138505,2.7e-05,1.0,"motif similar to dbcorrdb__RUNX3__ENCSR000BRI_1__m1 ('RUNX3 (ENCSR000BRI-1, motif 1)'; q-value = 2.67e-05) which is directly annotated","frozenset({'activating', 'hg38__refseq-r80__500bp_up_and_100bp_down_tss.mc9nr.genes_vs_motifs.rankings', 'top10perTarget'})","[('CXCR4', 17.94826753228145), ('TCF4', 0.7361647144361116), ('CST7', 11.38729295156492), ('DUSP1', 3.754650860891072), ('RUNX3', 1.0), ('SELPLG', 6.917814815958706), ('CD247', 7.670817219471713), ('CNOT2', 8.164733423771606), ('AQP9', 1.1692925391474482), ('CD27', 4.936857426283583), ('GZMH', 11.142501120298592), ('IFNGR1', 6.648123456102952), ('IL18RAP', 9.72676848163027), ('IL32', 1.3741137526110294), ('FCGR3A', 16.067981960827332), ('GNLY', 14.386837038281854)]",1974
RUNX3,hocomoco__PEBB_HUMAN.H11MO.0.C,0.12282030537242009,3.2970686134306093,1e-05,1.0,"motif similar to dbcorrdb__RUNX3__ENCSR000BRI_1__m1 ('RUNX3 (ENCSR000BRI-1, motif 1)'; q-value = 1.02e-05) which is directly annotated","frozenset({'activating', 'hg38__refseq-r80__500bp_up_and_100bp_down_tss.mc9nr.genes_vs_motifs.rankings', 'top10perTarget'})","[('RUNX3', 1.0), ('AQP9', 1.1692925391474482), ('IL18RAP', 9.72676848163027), ('SELPLG', 6.917814815958706), ('GZMH', 11.142501120298592), ('NKG7', 17.284351225940124), ('TCF4', 0.7361647144361116), ('GNLY', 14.386837038281854), ('CCL4', 7.532410443440303), ('TBX21', 14.812415285894456), ('IFNGR1', 6.648123456102952), ('CNOT2', 8.164733423771606), ('CST7', 11.38729295156492), ('KLRB1', 15.90656227314716), ('FCGR3A', 16.067981960827332), ('TNF', 1.4203832628281816), ('CD27', 4.936857426283583)]",2937
RUNX3,hocomoco__RUNX1_MOUSE.H11MO.0.A,0.14208252285129017,4.095109224827076,4e-06,1.0,motif similar to hocomoco__RUNX3_HUMAN.H11MO.0.A ('RUNX3_HUMAN'; q-value = 4.31e-06) which is directly annotated,"frozenset({'activating', 'hg38__refseq-r80__500bp_up_and_100bp_down_tss.mc9nr.genes_vs_motifs.rankings', 'top10perTarget'})","[('KLRB1', 15.90656227314716), ('IL18RAP', 9.72676848163027), ('CCL4', 7.532410443440303), ('TCF4', 0.7361647144361116), ('AQP9', 1.1692925391474482), ('NKG7', 17.284351225940124), ('CD247', 7.670817219471713), ('DUSP1', 3.754650860891072), ('GZMH', 11.142501120298592), ('FYN', 7.761294264397453), ('RUNX3', 1.0), ('CD27', 4.936857426283583)]",1572
RUNX3,hocomoco__RUNX2_HUMAN.H11MO.0.A,0.17301568175167403,5.376681145005316,3e-06,1.0,"gene is annotated for similar motif dbcorrdb__RUNX3__ENCSR000BRI_1__m1 ('RUNX3 (ENCSR000BRI-1, motif 1)'; q-value = 2.93e-06)","frozenset({'activating', 'hg38__refseq-r80__500bp_up_and_100bp_down_tss.mc9nr.genes_vs_motifs.rankings', 'top10perTarget'})","[('NKG7', 17.284351225940124), ('RUNX3', 1.0), ('ITGAM', 16.92086703861454), ('TBX21', 14.812415285894456), ('SELPLG', 6.917814815958706), ('GZMH', 11.142501120298592), ('TIAF1', 1.096394612222511), ('TCF4', 0.7361647144361116)]",888
RUNX3,transfac_pro__M07124,0.16817861015957172,5.176279525878947,1e-06,1.0,gene is annotated for similar motif hocomoco__RUNX3_HUMAN.H11MO.0.A ('RUNX3_HUMAN'; q-value = 7.6e-07),"frozenset({'activating', 'hg38__refseq-r80__500bp_up_and_100bp_down_tss.mc9nr.genes_vs_motifs.rankings', 'top10perTarget'})","[('NKG7', 17.284351225940124), ('RUNX3', 1.0), ('FYN', 7.761294264397453), ('IFITM2', 10.24070128696414), ('CD247', 7.670817219471713), ('IFITM3', 8.501027037321089), ('IFNGR1', 6.648123456102952), ('GZMH', 11.142501120298592), ('TCF4', 0.7361647144361116)]",1216
RUNX3,cisbp__M1837,0.16805811371421686,5.1712873147263325,1e-06,1.0,gene is annotated for similar motif hocomoco__RUNX3_HUMAN.H11MO.0.A ('RUNX3_HUMAN'; q-value = 1.29e-06),"frozenset({'activating', 'hg38__refseq-r80__500bp_up_and_100bp_down_tss.mc9nr.genes_vs_motifs.rankings', 'top10perTarget'})","[('CCL5', 14.558459636518611), ('CCL4', 7.532410443440303), ('TCF4', 0.7361647144361116), ('HLA-A', 19.34919455565949), ('IL18RAP', 9.72676848163027), ('TBX21', 14.812415285894456)]",439
RUNX3,jaspar__MA0002.2,0.16606131547690772,5.088559244197298,1e-06,1.0,gene is annotated for similar motif hocomoco__RUNX3_HUMAN.H11MO.0.A ('RUNX3_HUMAN'; q-value = 1.29e-06),"frozenset({'activating', 'hg38__refseq-r80__500bp_up_and_100bp_down_tss.mc9nr.genes_vs_motifs.rankings', 'top10perTarget'})","[('TCF4', 0.7361647144361116), ('TNF', 1.4203832628281816), ('RUNX3', 1.0), ('BTG1', 20.91471765839055), ('CNOT2', 8.164733423771606), ('CST7', 11.38729295156492), ('KLRB1', 15.90656227314716), ('AQP9', 1.1692925391474482), ('KLRF1', 15.510739356634836), ('IL2RB', 15.587399841423366), ('IFITM3', 8.501027037321089), ('CD38', 0.5109123838072221), ('CPA3', 0.8325644425823276), ('IL18RAP', 9.72676848163027), ('CD247', 7.670817219471713), ('GZMH', 11.142501120298592), ('FYN', 7.761294264397453), ('LAMP1', 6.0523169010772015), ('CXCR4', 17.94826753228145), ('CCL4', 7.532410443440303), ('FCGR3A', 16.067981960827332), ('KIT', 0.6679094565619422)]",4312
RUNX3,cisbp__M2310,0.16124145766271322,4.8888707980927295,1e-06,1.0,gene is annotated for similar motif hocomoco__RUNX3_HUMAN.H11MO.0.A ('RUNX3_HUMAN'; q-value = 7.6e-07),"frozenset({'activating', 'hg38__refseq-r80__500bp_up_and_100bp_down_tss.mc9nr.genes_vs_motifs.rankings', 'top10perTarget'})","[('FYN', 7.761294264397453), ('DUSP2', 6.95470434715281), ('TCF4', 0.7361647144361116), ('IFITM3', 8.501027037321089), ('CD247', 7.670817219471713), ('CCL4', 7.532410443440303), ('CNOT2', 8.164733423771606), ('IFITM2', 10.24070128696414), ('CD38', 0.5109123838072221)]",955
RUNX3,hocomoco__RUNX3_MOUSE.H11MO.0.A,0.16953849861429088,5.2326201946013065,0.0,0.92435,motif is annotated for orthologous gene ENSMUSG00000070691 in M. musculus (identity = 92%),"frozenset({'activating', 'hg38__refseq-r80__500bp_up_and_100bp_down_tss.mc9nr.genes_vs_motifs.rankings', 'top10perTarget'})","[('TBX21', 14.812415285894456), ('CCL4', 7.532410443440303), ('IL2RB', 15.587399841423366), ('CXCR4', 17.94826753228145), ('AQP9', 1.1692925391474482), ('KIT', 0.6679094565619422), ('CD38', 0.5109123838072221), ('TCF4', 0.7361647144361116)]",831
RUNX3,transfac_pro__M00984,0.12979188542509423,3.585903687260429,0.0,1.0,gene is directly annotated,"frozenset({'activating', 'hg38__refseq-r80__500bp_up_and_100bp_down_tss.mc9nr.genes_vs_motifs.rankings', 'top10perTarget'})","[('TCF4', 0.7361647144361116), ('TNF', 1.4203832628281816), ('CD38', 0.5109123838072221), ('CCL5', 14.558459636518611), ('AQP9', 1.1692925391474482), ('HLA-A', 19.34919455565949), ('CXCR4', 17.94826753228145)]",747
RUNX3,transfac_pro__M07372,0.1429776393024977,4.132194221960781,0.0,1.0,gene is directly annotated,"frozenset({'activating', 'hg38__refseq-r80__500bp_up_and_100bp_down_tss.mc9nr.genes_vs_motifs.rankings', 'top10perTarget'})","[('RUNX3', 1.0), ('AQP9', 1.1692925391474482), ('IL18RAP', 9.72676848163027), ('SELPLG', 6.917814815958706), ('NKG7', 17.284351225940124), ('KLRB1', 15.90656227314716), ('TBX21', 14.812415285894456), ('TCF4', 0.7361647144361116), ('CNOT2', 8.164733423771606), ('TNF', 1.4203832628281816), ('GZMH', 11.142501120298592), ('CXCR4', 17.94826753228145), ('CD247', 7.670817219471713), ('IFNGR1', 6.648123456102952), ('GNLY', 14.386837038281854), ('CST7', 11.38729295156492), ('FCGR3A', 16.067981960827332)]",2153
RUNX3,transfac_pro__M01854,0.15941679720448246,4.8132744577817155,0.0,1.0,gene is directly annotated,"frozenset({'activating', 'hg38__refseq-r80__500bp_up_and_100bp_down_tss.mc9nr.genes_vs_motifs.rankings', 'top10perTarget'})","[('CCL4', 7.532410443440303), ('FYN', 7.761294264397453), ('TCF4', 0.7361647144361116), ('CD247', 7.670817219471713), ('IFITM3', 8.501027037321089), ('CCL5', 14.558459636518611), ('GZMH', 11.142501120298592), ('TNF', 1.4203832628281816)]",987
RUNX3,transfac_pro__M01759,0.11755288933262183,3.078837668759189,0.0,1.0,gene is directly annotated,"frozenset({'activating', 'hg38__refseq-r80__500bp_up_and_100bp_down_tss.mc9nr.genes_vs_motifs.rankings', 'top10perTarget'})","[('RUNX3', 1.0), ('IL18RAP', 9.72676848163027), ('AQP9', 1.1692925391474482), ('CD27', 4.936857426283583), ('SELPLG', 6.917814815958706), ('CST7', 11.38729295156492), ('KLRB1', 15.90656227314716), ('TCF4', 0.7361647144361116), ('GNLY', 14.386837038281854), ('CXCR4', 17.94826753228145), ('CCL4', 7.532410443440303), ('GZMH', 11.142501120298592), ('NKG7', 17.284351225940124)]",1690
RUNX3,dbcorrdb__FOXM1__ENCSR000BRU_1__m2,0.15048284647031485,4.443137659466465,0.0,1.0,"gene is annotated for similar motif dbcorrdb__RUNX3__ENCSR000BRI_1__m1 ('RUNX3 (ENCSR000BRI-1, motif 1)'; q-value = 7.82e-10)","frozenset({'activating', 'hg38__refseq-r80__500bp_up_and_100bp_down_tss.mc9nr.genes_vs_motifs.rankings', 'top10perTarget'})","[('CD27', 4.936857426283583), ('CCL4', 7.532410443440303), ('KIT', 0.6679094565619422), ('RUNX3', 1.0), ('CPA3', 0.8325644425823276), ('FCGR3A', 16.067981960827332), ('KLRF1', 15.510739356634836)]",792
RUNX3,transfac_pro__M00769,0.13029108498442152,3.6065857048926877,0.0,1.0,gene is directly annotated,"frozenset({'activating', 'hg38__refseq-r80__500bp_up_and_100bp_down_tss.mc9nr.genes_vs_motifs.rankings', 'top10perTarget'})","[('IL18RAP', 9.72676848163027), ('LAMP1', 6.0523169010772015), ('RUNX3', 1.0), ('TCF4', 0.7361647144361116), ('TNF', 1.4203832628281816), ('CXCR4', 17.94826753228145), ('HLA-A', 19.34919455565949), ('TIAF1', 1.096394612222511)]",639
RUNX3,homer__NWAACCACADNN_RUNX2,0.127381956517997,3.4860594642081457,0.0,1.0,"gene is annotated for similar motif dbcorrdb__RUNX3__ENCSR000BRI_1__m1 ('RUNX3 (ENCSR000BRI-1, motif 1)'; q-value = 4.74e-07)","frozenset({'activating', 'hg38__refseq-r80__500bp_up_and_100bp_down_tss.mc9nr.genes_vs_motifs.rankings', 'top10perTarget'})","[('TCF4', 0.7361647144361116), ('CD247', 7.670817219471713), ('FCGR3A', 16.067981960827332), ('CNOT2', 8.164733423771606), ('CST7', 11.38729295156492), ('IL2RB', 15.587399841423366), ('ITGB2', 8.330941450216926), ('CCL4', 7.532410443440303), ('DUSP2', 6.95470434715281), ('LAMP1', 6.0523169010772015), ('CD27', 4.936857426283583)]",1440
RUNX3,dbcorrdb__RUNX3__ENCSR000BRI_1__m1,0.14153168195823937,4.0722876881294106,0.0,1.0,gene is directly annotated,"frozenset({'activating', 'hg38__refseq-r80__500bp_up_and_100bp_down_tss.mc9nr.genes_vs_motifs.rankings', 'top10perTarget'})","[('CXCR4', 17.94826753228145), ('CNOT2', 8.164733423771606), ('TCF4', 0.7361647144361116), ('AQP9', 1.1692925391474482), ('ARL4C', 9.543605372824654), ('RUNX3', 1.0), ('HLA-A', 19.34919455565949), ('CCL4', 7.532410443440303)]",812
RUNX3,transfac_pro__M08866,0.1250408827225311,3.3890679332430707,0.0,1.0,gene is directly annotated,"frozenset({'activating', 'hg38__refseq-r80__500bp_up_and_100bp_down_tss.mc9nr.genes_vs_motifs.rankings', 'top10perTarget'})","[('CCL4', 7.532410443440303), ('TCF4', 0.7361647144361116), ('NKG7', 17.284351225940124), ('DUSP2', 6.95470434715281), ('CD247', 7.670817219471713), ('CD27', 4.936857426283583), ('BTG1', 20.91471765839055), ('KIT', 0.6679094565619422), ('SELPLG', 6.917814815958706), ('IL32', 1.3741137526110294), ('FYN', 7.761294264397453), ('ITGAM', 16.92086703861454), ('GZMH', 11.142501120298592), ('FCGR3A', 16.067981960827332), ('CXCR4', 17.94826753228145)]",1637
RUNX3,hocomoco__RUNX1_HUMAN.H11MO.0.A,0.14225466063036854,4.102240955045096,0.0,1.0,gene is annotated for similar motif hocomoco__RUNX3_HUMAN.H11MO.0.A ('RUNX3_HUMAN'; q-value = 4e-08),"frozenset({'activating', 'hg38__refseq-r80__500bp_up_and_100bp_down_tss.mc9nr.genes_vs_motifs.rankings', 'top10perTarget'})","[('CCL5', 14.558459636518611), ('CCL4', 7.532410443440303), ('TCF4', 0.7361647144361116), ('TBX21', 14.812415285894456), ('HLA-A', 19.34919455565949), ('IL18RAP', 9.72676848163027), ('IL32', 1.3741137526110294)]",687
RUNX3,homer__AAACCACAAA_RUNX1,0.14957051624119946,4.405339489310958,0.0,1.0,gene is annotated for similar motif hocomoco__RUNX3_HUMAN.H11MO.0.A ('RUNX3_HUMAN'; q-value = 6.16e-08),"frozenset({'activating', 'hg38__refseq-r80__500bp_up_and_100bp_down_tss.mc9nr.genes_vs_motifs.rankings', 'top10perTarget'})","[('TCF4', 0.7361647144361116), ('SELPLG', 6.917814815958706), ('GZMH', 11.142501120298592), ('NKG7', 17.284351225940124), ('CXCR4', 17.94826753228145), ('CCL4', 7.532410443440303), ('CD27', 4.936857426283583), ('FYN', 7.761294264397453)]",787
RUNX3,hocomoco__RUNX3_HUMAN.H11MO.0.A,0.13066978809839394,3.6222755113723326,0.0,1.0,gene is directly annotated,"frozenset({'activating', 'hg38__refseq-r80__500bp_up_and_100bp_down_tss.mc9nr.genes_vs_motifs.rankings', 'top10perTarget'})","[('RUNX3', 1.0), ('SELPLG', 6.917814815958706), ('GNLY', 14.386837038281854), ('AQP9', 1.1692925391474482), ('GZMH', 11.142501120298592), ('CD27', 4.936857426283583), ('KLRB1', 15.90656227314716), ('IL18RAP', 9.72676848163027), ('ITGB2', 8.330941450216926), ('TCF4', 0.7361647144361116), ('KLRF1', 15.510739356634836), ('IFNGR1', 6.648123456102952), ('TIAF1', 1.096394612222511), ('DUSP2', 6.95470434715281), ('IL2RB', 15.587399841423366), ('ITGAM', 16.92086703861454), ('NKG7', 17.284351225940124), ('HLA-A', 19.34919455565949)]",3976
STAT3,homer__AGAGGAAGTG_PU.1,0.15650444115470022,3.5275661536757115,0.000734,1.0,"gene is annotated for similar motif dbcorrdb__STAT3__ENCSR000DZV_1__m1 ('STAT3 (ENCSR000DZV-1, motif 1)'; q-value = 0.000734)","frozenset({'activating', 'hg38__refseq-r80__500bp_up_and_100bp_down_tss.mc9nr.genes_vs_motifs.rankings', 'top10perTarget'})","[('BIRC3', 1.119099858772114), ('CD74', 0.0038758866967108), ('HLA-A', 0.5832041403546747), ('CD63', 0.0327379461152008), ('RGS1', 1.6240024966187665), ('IL23R', 0.8262534665459152), ('IRF8', 0.0232500958465889), ('LAT', 0.4717579189449594), ('IFITM3', 0.2783705830095126), ('TNF', 0.1419730201318257), ('MS4A1', 0.0424726988980261), ('HLA-DRA', 0.0228470044603184), ('IL7R', 0.4948551418046265), ('CD79A', 0.0007126132751802), ('CD8A', 0.162349820669487), ('BCL11B', 0.640998298277306), ('NKG7', 0.0207347589122968)]",3230
STAT3,dbcorrdb__NFIC__ENCSR000BRN_1__m2,0.15965025906735753,3.6276341106258574,0.000579,1.0,"gene is annotated for similar motif dbcorrdb__STAT3__ENCSR000DZV_1__m3 ('STAT3 (ENCSR000DZV-1, motif 3)'; q-value = 0.000579)","frozenset({'activating', 'hg38__refseq-r80__500bp_up_and_100bp_down_tss.mc9nr.genes_vs_motifs.rankings', 'top10perTarget'})","[('LAT', 0.4717579189449594), ('RGS1', 1.6240024966187665), ('IL7R', 0.4948551418046265), ('BIRC3', 1.119099858772114), ('CCR7', 0.6140333564129348), ('NKG7', 0.0207347589122968), ('GZMA', 0.0542041483510307), ('CD63', 0.0327379461152008), ('TNF', 0.1419730201318257)]",939
STAT3,hocomoco__RUNX3_HUMAN.H11MO.0.A,0.17371391561806068,4.074996741697095,0.000552,1.0,"motif similar to dbcorrdb__STAT3__ENCSR000DZV_1__m3 ('STAT3 (ENCSR000DZV-1, motif 3)'; q-value = 0.000552) which is directly annotated","frozenset({'activating', 'hg38__refseq-r80__500bp_up_and_100bp_down_tss.mc9nr.genes_vs_motifs.rankings', 'top10perTarget'})","[('RGS1', 1.6240024966187665), ('GZMA', 0.0542041483510307), ('IL7R', 0.4948551418046265), ('LAT', 0.4717579189449594), ('BIRC3', 1.119099858772114), ('CCR7', 0.6140333564129348)]",174
STAT3,factorbook__RUNX1,0.19339840858623242,4.70115726643661,0.000225,1.0,"motif similar to dbcorrdb__STAT3__ENCSR000DZV_1__m3 ('STAT3 (ENCSR000DZV-1, motif 3)'; q-value = 0.000225) which is directly annotated","frozenset({'activating', 'hg38__refseq-r80__500bp_up_and_100bp_down_tss.mc9nr.genes_vs_motifs.rankings', 'top10perTarget'})","[('GAPDH', 0.2493785264953708), ('CXCR4', 0.7150406819121359), ('LAT', 0.4717579189449594), ('TNF', 0.1419730201318257)]",195
STAT3,dbcorrdb__BCL11A__ENCSR000BHA_1__m2,0.19305144337527758,4.69012035942005,0.000153,1.0,"motif similar to dbcorrdb__STAT3__ENCSR000DZV_1__m3 ('STAT3 (ENCSR000DZV-1, motif 3)'; q-value = 0.000153) which is directly annotated","frozenset({'activating', 'hg38__refseq-r80__500bp_up_and_100bp_down_tss.mc9nr.genes_vs_motifs.rankings', 'top10perTarget'})","[('IL7R', 0.4948551418046265), ('LAT', 0.4717579189449594), ('STAT3', 1.0), ('RGS1', 1.6240024966187665), ('GZMA', 0.0542041483510307)]",413
STAT3,cisbp__M6416,0.15719837157660993,3.549639967708832,0.000147,1.0,"motif similar to dbcorrdb__STAT3__ENCSR000DZV_1__m3 ('STAT3 (ENCSR000DZV-1, motif 3)'; q-value = 0.000147) which is directly annotated","frozenset({'activating', 'hg38__refseq-r80__500bp_up_and_100bp_down_tss.mc9nr.genes_vs_motifs.rankings', 'top10perTarget'})","[('GZMA', 0.0542041483510307), ('CCR7', 0.6140333564129348), ('NKG7', 0.0207347589122968), ('BIRC3', 1.119099858772114), ('RGS1', 1.6240024966187665)]",443
STAT3,homer__CNCTTCCNGGAAGN_Stat3+il21,0.14581791265729088,3.187629417565658,0.0,0.998701,gene is orthologous to ENSMUSG00000004040 in M. musculus (identity = 99%) which is directly annotated for motif,"frozenset({'activating', 'hg38__refseq-r80__500bp_up_and_100bp_down_tss.mc9nr.genes_vs_motifs.rankings', 'top10perTarget'})","[('RGS1', 1.6240024966187665), ('LAT', 0.4717579189449594), ('IL7R', 0.4948551418046265), ('NKG7', 0.0207347589122968), ('CCR7', 0.6140333564129348), ('BIRC3', 1.119099858772114)]",259
STAT3,hocomoco__STAT3_MOUSE.H11MO.0.A,0.1420938193930422,3.0691666155879123,0.0,0.998701,gene is orthologous to ENSMUSG00000004040 in M. musculus (identity = 99%) which is directly annotated for motif,"frozenset({'activating', 'hg38__refseq-r80__500bp_up_and_100bp_down_tss.mc9nr.genes_vs_motifs.rankings', 'top10perTarget'})","[('BIRC3', 1.119099858772114), ('CD74', 0.0038758866967108), ('TNF', 0.1419730201318257), ('CD63', 0.0327379461152008)]",134
STAT3,dbcorrdb__STAT3__ENCSR000DOX_1__m3,0.17042931162102146,3.970514021940326,0.0,1.0,gene is directly annotated,"frozenset({'activating', 'hg38__refseq-r80__500bp_up_and_100bp_down_tss.mc9nr.genes_vs_motifs.rankings', 'top10perTarget'})","[('RGS1', 1.6240024966187665), ('LAT', 0.4717579189449594), ('IL7R', 0.4948551418046265), ('GZMA', 0.0542041483510307), ('CCR7', 0.6140333564129348), ('CD63', 0.0327379461152008), ('NKG7', 0.0207347589122968), ('KLRF1', 0.0601500471204696), ('CD37', 0.2204631404575955)]",1487
STAT3,dbcorrdb__STAT3__ENCSR000EDC_1__m2,0.15213267949666914,3.3885011252670534,0.0,1.0,gene is directly annotated,"frozenset({'activating', 'hg38__refseq-r80__500bp_up_and_100bp_down_tss.mc9nr.genes_vs_motifs.rankings', 'top10perTarget'})","[('LAT', 0.4717579189449594), ('MS4A1', 0.0424726988980261), ('CD5', 0.6391394522722404), ('STAT3', 1.0), ('CD3E', 0.6916645962861001), ('CD79A', 0.0007126132751802), ('CCR7', 0.6140333564129348), ('CD63', 0.0327379461152008), ('LYN', 0.0107642414744374), ('NKG7', 0.0207347589122968)]",958
STAT3,cisbp__M4478,0.17038304959289416,3.9690424343381188,0.0,1.0,gene is directly annotated,"frozenset({'activating', 'hg38__refseq-r80__500bp_up_and_100bp_down_tss.mc9nr.genes_vs_motifs.rankings', 'top10perTarget'})","[('CD63', 0.0327379461152008), ('CCR7', 0.6140333564129348), ('HLA-DRA', 0.0228470044603184), ('MS4A1', 0.0424726988980261), ('HLA-A', 0.5832041403546747), ('BCL11B', 0.640998298277306), ('CD8A', 0.162349820669487), ('LYN', 0.0107642414744374), ('IFITM3', 0.2783705830095126), ('CD74', 0.0038758866967108), ('NKG7', 0.0207347589122968), ('IL7R', 0.4948551418046265), ('GAPDH', 0.2493785264953708), ('TNF', 0.1419730201318257), ('CD37', 0.2204631404575955)]",4367
STAT3,dbcorrdb__STAT3__ENCSR000DOQ_1__m2,0.18685233160621761,4.492927620724174,0.0,1.0,gene is directly annotated,"frozenset({'activating', 'hg38__refseq-r80__500bp_up_and_100bp_down_tss.mc9nr.genes_vs_motifs.rankings', 'top10perTarget'})","[('CXCR4', 0.7150406819121359), ('MS4A1', 0.0424726988980261), ('BCL11B', 0.640998298277306), ('HAVCR2', 0.0526068964788184)]",156
STAT3,dbcorrdb__STAT3__ENCSR000DZV_1__m3,0.14907938564026646,3.2913763435213235,0.0,1.0,gene is directly annotated,"frozenset({'activating', 'hg38__refseq-r80__500bp_up_and_100bp_down_tss.mc9nr.genes_vs_motifs.rankings', 'top10perTarget'})","[('BIRC3', 1.119099858772114), ('CD74', 0.0038758866967108), ('HLA-A', 0.5832041403546747), ('CD63', 0.0327379461152008), ('IL23R', 0.8262534665459152), ('RGS1', 1.6240024966187665), ('IRF8', 0.0232500958465889), ('TNF', 0.1419730201318257), ('IFITM3', 0.2783705830095126), ('HLA-DRA', 0.0228470044603184), ('LAT', 0.4717579189449594), ('MS4A1', 0.0424726988980261), ('BCL11B', 0.640998298277306)]",2643
STAT3,dbcorrdb__STAT3__ENCSR000DOU_1__m3,0.17172464840858623,4.011718474802151,0.0,1.0,gene is directly annotated,"frozenset({'activating', 'hg38__refseq-r80__500bp_up_and_100bp_down_tss.mc9nr.genes_vs_motifs.rankings', 'top10perTarget'})","[('BIRC3', 1.119099858772114), ('HLA-A', 0.5832041403546747), ('CD74', 0.0038758866967108), ('IL23R', 0.8262534665459152), ('CD63', 0.0327379461152008), ('IRF8', 0.0232500958465889), ('RGS1', 1.6240024966187665), ('IFITM3', 0.2783705830095126)]",1055
STAT4,transfac_pro__M00777,0.14854493747321673,4.374667354502298,0.0,1.0,gene is directly annotated,"frozenset({'activating', 'hg38__refseq-r80__500bp_up_and_100bp_down_tss.mc9nr.genes_vs_motifs.rankings', 'top10perTarget'})","[('IFNG', 0.475018821396891), ('AQP9', 0.6027411082859839), ('ITGAX', 0.2501015185965277), ('CCL3', 0.0573993981908524), ('ITGB2', 0.1377758852858299), ('TNF', 0.4141085585311621), ('JUN', 0.1059610910481683), ('GZMB', 1.0952120643383856), ('IFNGR1', 1.584138757775754), ('CNOT2', 0.4701494002330496), ('LCK', 0.3833607651391639), ('CASP5', 0.0602339120104387), ('TSPAN32', 0.9203221605775798), ('TNFSF8', 0.0256628558274934), ('TRAT1', 0.0411584893174462)]",2432
STAT5A,cisbp__M0787,0.18171724648408585,3.123122814040695,0.0005,1.0,"motif similar to dbcorrdb__STAT5A__ENCSR000BRR_1__m2 ('STAT5A (ENCSR000BRR-1, motif 2)'; q-value = 0.0005) which is directly annotated","frozenset({'activating', 'hg38__refseq-r80__500bp_up_and_100bp_down_tss.mc9nr.genes_vs_motifs.rankings', 'top10perTarget'})","[('JUN', 0.0633946317490772), ('FOXP1', 0.0397279348535657), ('TRIB2', 0.3923256956719908), ('FOSB', 0.1794013511731389), ('YBX3', 0.0081917792881852), ('PDIA6', 2.261479351297609), ('GAPDH', 1.435545406454701), ('ALAS2', 0.0277645618064271)]",1135
TBX21,taipale__TBX15_DBD_AGGTGTGAANTTCACACCT_repr,0.13584140572200945,3.3395042946038727,0.000546,0.871028,gene is orthologous to ENSMUSG00000001444 in M. musculus (identity = 87%) which is annotated for similar motif homer__AGGTGTGAAM_Tbet ('Tbet(T-box)/CD8-Tbet-ChIP-Seq(GSE33802)/Homer'; q-value = 0.000546),"frozenset({'activating', 'hg38__refseq-r80__500bp_up_and_100bp_down_tss.mc9nr.genes_vs_motifs.rankings', 'top10perTarget'})","[('NKG7', 1.2137198105367963), ('IL18RAP', 1.048475413703125), ('RUNX3', 1.5755203247689071), ('TNF', 0.1217460772850518)]",495
TBX21,taipale_cyt_meth__TBX1_NWAGGTGTGARN_eDBD,0.12950149647604028,3.1349509836484017,7e-06,1.0,"gene is annotated for similar motif cisbp__M5890 ('TBX21[gene ID: ""ENSG00000073861"" species: ""Homo sapiens"" TF status: ""direct"" TF family: ""T-box"" DBDs: ""T-box""]; Tbx21[gene ID: ""ENSMUSG00000001444"" species: ""Mus musculus"" TF status: ""inferred"" TF family: ""T-box"" DBDs: ""T-box""]'; q-value = 7.37e-06)","frozenset({'activating', 'hg38__refseq-r80__500bp_up_and_100bp_down_tss.mc9nr.genes_vs_motifs.rankings', 'top10perTarget'})","[('IFITM3', 0.7246026350403171), ('CCL5', 1.6966742859060289), ('RUNX3', 1.5755203247689071), ('TNF', 0.1217460772850518)]",666
TBX21,taipale_tf_pairs__ETV2_TBX21_RCCGGANNNNNNNNNNNACACCTN_CAP,0.12541434686061853,3.0030815902913215,0.0,1.0,gene is directly annotated,"frozenset({'activating', 'hg38__refseq-r80__500bp_up_and_100bp_down_tss.mc9nr.genes_vs_motifs.rankings', 'top10perTarget'})","[('RUNX3', 1.5755203247689071), ('FCER1G', 0.7528746282501113), ('IL18RAP', 1.048475413703125), ('KLRB1', 0.7017989023951927), ('TBX21', 1.0), ('NKG7', 1.2137198105367963), ('TNF', 0.1217460772850518), ('CD247', 0.2722326362965514), ('GZMB', 1.569123711367945)]",1064
BCL6,taipale_cyt_meth__BCL6B_RYGTAATCTAGGAATW_eDBD_meth,0.11545196873138236,3.063686887680684,0.0,1.0,"gene is annotated for similar motif taipale_cyt_meth__BCL6_NYGTAATCTAGGAATN_eDBD_meth ('BCL6 [BTB/POZ_Znf_C2H2, CpG-meth]'; q-value = 4.24e-10)","frozenset({'top50perTarget', 'hg38__refseq-r80__500bp_up_and_100bp_down_tss.mc9nr.genes_vs_motifs.rankings', 'activating'})","[('TRIB2', 0.0782713272944075), ('RORA', 0.0509527297337692), ('IL1B', 0.0145613367543412), ('HLA-DRA', 0.0072853018095639), ('SNCA', 0.4578429347522166), ('CD63', 0.0162633185805781), ('NAMPT', 0.0602461746444766), ('ITGA4', 0.046020814931689), ('BCL2A1', 0.1546369130286334), ('FCER1G', 0.0238898763232076), ('VPS28', 0.0581114030902842), ('HLA-DPA1', 0.0056962178811101), ('BCL6', 1.0)]",2261
EGR1,cisbp__M0418,0.11821930844876812,3.029759593670336,0.0,0.930582,motif is annotated for orthologous gene ENSMUSG00000038418 in M. musculus (identity = 93%),"frozenset({'top50perTarget', 'hg38__refseq-r80__500bp_up_and_100bp_down_tss.mc9nr.genes_vs_motifs.rankings', 'activating'})","[('LEF1', 1.0975754021831252), ('IL6', 0.1514145533043682), ('CD14', 1.6604101382337206), ('SELL', 0.2139521257265547), ('GIMAP2', 0.2584554572185006), ('CD163', 0.6776881425488188), ('CD36', 0.2290526474678615), ('CASP5', 0.8807766310946458), ('POU2AF1', 0.347343948896449), ('FCER1A', 1.3448698776575587), ('GAPDH', 0.8306613012347563)]",817
FOXO1,cisbp__M4712,0.17403774981495188,3.734374841948792,0.00091,0.926718,gene is orthologous to ENSMUSG00000044167 in M. musculus (identity = 92%) which is annotated for similar motif jaspar__MA0480.1 ('Foxo1'; q-value = 0.00091),"frozenset({'top50perTarget', 'hg38__refseq-r80__500bp_up_and_100bp_down_tss.mc9nr.genes_vs_motifs.rankings', 'activating'})","[('EGR1', 0.3206268811826425), ('SELL', 0.8169172396958736), ('TRIB2', 0.8114243000447136), ('CNOT2', 0.3714733171727705), ('BCL2', 0.4747080303950965)]",223
FOXO1,cisbp__M5199,0.15025906735751296,3.0392036396999593,0.000829,1.0,"gene is annotated for similar motif cisbp__M5462 ('FOXO1[gene ID: ""ENSG00000150907"" species: ""Homo sapiens"" TF status: ""direct"" TF family: ""Forkhead"" DBDs: ""Fork_head""]'; q-value = 0.000829)","frozenset({'top50perTarget', 'hg38__refseq-r80__500bp_up_and_100bp_down_tss.mc9nr.genes_vs_motifs.rankings', 'activating'})","[('BCL2', 0.4747080303950965), ('EGR1', 0.3206268811826425), ('CNOT2', 0.3714733171727705), ('TRIB2', 0.8114243000447136), ('MYC', 0.4215774001590802), ('SELL', 0.8169172396958736)]",305
FOXO1,cisbp__M5456,0.1664739082161362,3.513245480922169,0.000724,1.0,gene is annotated for similar motif taipale__FOXO1_DBD_GTAAACAA ('FOXO1 monomeric forkhead DBD'; q-value = 0.000724),"frozenset({'top50perTarget', 'hg38__refseq-r80__500bp_up_and_100bp_down_tss.mc9nr.genes_vs_motifs.rankings', 'activating'})","[('EGR1', 0.3206268811826425), ('TRIB2', 0.8114243000447136), ('BCL2', 0.4747080303950965), ('SELL', 0.8169172396958736), ('MYC', 0.4215774001590802), ('CNOT2', 0.3714733171727705)]",298
FOXO1,taipale__FOXJ3_DBD_RTAAACAA,0.16726036269430053,3.536237524576314,0.000724,1.0,gene is annotated for similar motif taipale__FOXO1_DBD_GTAAACAA ('FOXO1 monomeric forkhead DBD'; q-value = 0.000724),"frozenset({'top50perTarget', 'hg38__refseq-r80__500bp_up_and_100bp_down_tss.mc9nr.genes_vs_motifs.rankings', 'activating'})","[('EGR1', 0.3206268811826425), ('SELL', 0.8169172396958736), ('TRIB2', 0.8114243000447136), ('MYC', 0.4215774001590802), ('BCL2', 0.4747080303950965), ('CNOT2', 0.3714733171727705), ('IRF8', 0.0796507042986346), ('DUSP2', 0.165047564365838), ('BCL11B', 0.7284584121785607)]",1124
FOXO1,cisbp__M0729,0.15712897853441896,3.2400459033846905,0.000575,1.0,gene is annotated for similar motif taipale__FOXO1_DBD_GTAAACAA ('FOXO1 monomeric forkhead DBD'; q-value = 0.000575),"frozenset({'top50perTarget', 'hg38__refseq-r80__500bp_up_and_100bp_down_tss.mc9nr.genes_vs_motifs.rankings', 'activating'})","[('MYC', 0.4215774001590802), ('FOXO1', 1.0), ('TRIB2', 0.8114243000447136), ('BTG1', 2.2545378433637118)]",123
FOXO1,jaspar__MA0851.1,0.15030532938564026,3.040556112856085,0.000572,1.0,gene is annotated for similar motif taipale__FOXO1_DBD_GTAAACAA ('FOXO1 monomeric forkhead DBD'; q-value = 0.000572),"frozenset({'top50perTarget', 'hg38__refseq-r80__500bp_up_and_100bp_down_tss.mc9nr.genes_vs_motifs.rankings', 'activating'})","[('EGR1', 0.3206268811826425), ('TRIB2', 0.8114243000447136), ('SELL', 0.8169172396958736), ('BCL2', 0.4747080303950965), ('IRF8', 0.0796507042986346), ('CNOT2', 0.3714733171727705), ('DUSP2', 0.165047564365838), ('MYC', 0.4215774001590802), ('BTG1', 2.2545378433637118)]",1361
FOXO1,transfac_pro__M04653,0.15000462620281274,3.0317650373412657,0.000572,1.0,gene is annotated for similar motif taipale__FOXO1_DBD_GTAAACAA ('FOXO1 monomeric forkhead DBD'; q-value = 0.000572),"frozenset({'top50perTarget', 'hg38__refseq-r80__500bp_up_and_100bp_down_tss.mc9nr.genes_vs_motifs.rankings', 'activating'})","[('PIK3IP1', 0.9524540717705616), ('TRIB2', 0.8114243000447136), ('TRAT1', 0.9370351113457042), ('BTG1', 2.2545378433637118), ('MYC', 0.4215774001590802), ('FOXO1', 1.0), ('SELL', 0.8169172396958736)]",764
FOXO1,hocomoco__FOXO3_HUMAN.H11MO.0.B,0.15807735011102886,3.2677716030852757,0.000547,1.0,motif similar to hocomoco__FOXO1_HUMAN.H11MO.0.A ('FOXO1_HUMAN'; q-value = 0.000547) which is directly annotated,"frozenset({'top50perTarget', 'hg38__refseq-r80__500bp_up_and_100bp_down_tss.mc9nr.genes_vs_motifs.rankings', 'activating'})","[('SELL', 0.8169172396958736), ('BTG1', 2.2545378433637118), ('TRIB2', 0.8114243000447136), ('MYC', 0.4215774001590802), ('CD6', 0.9923454476338772), ('BCL2', 0.4747080303950965), ('CD247', 0.4865688829055764)]",496
FOXO1,cisbp__M0746,0.15793856402664694,3.263714183616898,0.000508,1.0,"motif similar to swissregulon__hs__FOXO1_3_4.p2 ('hs__FOXO1,3,4.p2'; q-value = 0.000508) which is directly annotated","frozenset({'top50perTarget', 'hg38__refseq-r80__500bp_up_and_100bp_down_tss.mc9nr.genes_vs_motifs.rankings', 'activating'})","[('SELL', 0.8169172396958736), ('TRIB2', 0.8114243000447136), ('CCL3', 0.1060488892071591), ('CD247', 0.4865688829055764), ('FAM65B', 0.3860277714010084), ('DOCK8', 0.8678510305542605), ('BTG1', 2.2545378433637118), ('TRAT1', 0.9370351113457042), ('HAVCR2', 0.0358267257566751), ('BCL11B', 0.7284584121785607), ('TNFSF8', 0.3382812613595588), ('IL23R', 0.7692610575404886), ('LY86', 0.0683069568678884), ('BCL2', 0.4747080303950965)]",2297
FOXO1,transfac_public__M00477,0.15527849740932642,3.1859469771396447,0.000348,1.0,"gene is annotated for similar motif swissregulon__hs__FOXO1_3_4.p2 ('hs__FOXO1,3,4.p2'; q-value = 0.000348)","frozenset({'top50perTarget', 'hg38__refseq-r80__500bp_up_and_100bp_down_tss.mc9nr.genes_vs_motifs.rankings', 'activating'})","[('TRIB2', 0.8114243000447136), ('SELL', 0.8169172396958736), ('BTG1', 2.2545378433637118), ('MYC', 0.4215774001590802), ('FOXO1', 1.0), ('EGR1', 0.3206268811826425), ('FAM65B', 0.3860277714010084), ('CCL3', 0.1060488892071591), ('IL23R', 0.7692610575404886)]",1000
FOXO1,swissregulon__sacCer__FKH1,0.15509344929681718,3.1805370845151404,0.000293,1.0,gene is annotated for similar motif taipale__FOXO1_DBD_GTAAACAA ('FOXO1 monomeric forkhead DBD'; q-value = 0.000293),"frozenset({'top50perTarget', 'hg38__refseq-r80__500bp_up_and_100bp_down_tss.mc9nr.genes_vs_motifs.rankings', 'activating'})","[('BTG1', 2.2545378433637118), ('FOXO1', 1.0), ('TRIB2', 0.8114243000447136), ('MYC', 0.4215774001590802), ('SELL', 0.8169172396958736), ('PIK3IP1', 0.9524540717705616)]",522
FOXO1,transfac_public__M00290,0.15229459659511474,3.0987124585695094,0.00025,1.0,gene is annotated for similar motif taipale__FOXO1_DBD_GTAAACAA ('FOXO1 monomeric forkhead DBD'; q-value = 0.00025),"frozenset({'top50perTarget', 'hg38__refseq-r80__500bp_up_and_100bp_down_tss.mc9nr.genes_vs_motifs.rankings', 'activating'})","[('BCL2', 0.4747080303950965), ('IRF8', 0.0796507042986346), ('BCL11B', 0.7284584121785607), ('SELL', 0.8169172396958736), ('CNOT2', 0.3714733171727705), ('EGR1', 0.3206268811826425), ('IL4R', 0.4873355169347016), ('BTG1', 2.2545378433637118), ('TRIB2', 0.8114243000447136)]",1176
FOXO1,homer__NYYTGTTTACHN_FOXP1,0.15261843079200593,3.1081797706623924,0.000211,0.930982,"motif similar to cisbp__M2282 ('Foxo1[gene ID: ""ENSMUSG00000044167"" species: ""Mus musculus"" TF status: ""direct"" TF family: ""Forkhead"" DBDs: ""Fork_head""]'; q-value = 0.000211) which is annotated for orthologous gene ENSMUSG00000044167 in M. musculus (identity = 93%)","frozenset({'top50perTarget', 'hg38__refseq-r80__500bp_up_and_100bp_down_tss.mc9nr.genes_vs_motifs.rankings', 'activating'})","[('EGR1', 0.3206268811826425), ('TRIB2', 0.8114243000447136), ('SELL', 0.8169172396958736), ('MYC', 0.4215774001590802), ('BCL2', 0.4747080303950965), ('IRF8', 0.0796507042986346), ('DUSP2', 0.165047564365838), ('CNOT2', 0.3714733171727705), ('BTG1', 2.2545378433637118), ('BCL11B', 0.7284584121785607)]",1809
FOXO1,jaspar__MA0852.1,0.15016654330125834,3.036498693387707,0.000173,1.0,"motif similar to swissregulon__hs__FOXO1_3_4.p2 ('hs__FOXO1,3,4.p2'; q-value = 0.000173) which is directly annotated","frozenset({'top50perTarget', 'hg38__refseq-r80__500bp_up_and_100bp_down_tss.mc9nr.genes_vs_motifs.rankings', 'activating'})","[('SELL', 0.8169172396958736), ('CCL3', 0.1060488892071591), ('TRIB2', 0.8114243000447136), ('BCL2', 0.4747080303950965), ('FOXO1', 1.0), ('MYC', 0.4215774001590802)]",334
FOXO1,cisbp__M0725,0.15766099185788304,3.2555993446801406,0.000148,1.0,"motif similar to cisbp__M5462 ('FOXO1[gene ID: ""ENSG00000150907"" species: ""Homo sapiens"" TF status: ""direct"" TF family: ""Forkhead"" DBDs: ""Fork_head""]'; q-value = 0.000148) which is directly annotated","frozenset({'top50perTarget', 'hg38__refseq-r80__500bp_up_and_100bp_down_tss.mc9nr.genes_vs_motifs.rankings', 'activating'})","[('SELL', 0.8169172396958736), ('BCL2', 0.4747080303950965), ('TRAT1', 0.9370351113457042), ('PIK3IP1', 0.9524540717705616), ('KLRC1', 0.0404595815872625), ('MYC', 0.4215774001590802), ('CD48', 0.6225381810629274), ('CCL3', 0.1060488892071591)]",849
FOXO1,cisbp__M0748,0.14931069578090303,3.011477939999373,4.5e-05,1.0,"motif similar to cisbp__M5462 ('FOXO1[gene ID: ""ENSG00000150907"" species: ""Homo sapiens"" TF status: ""direct"" TF family: ""Forkhead"" DBDs: ""Fork_head""]'; q-value = 4.55e-05) which is directly annotated","frozenset({'top50perTarget', 'hg38__refseq-r80__500bp_up_and_100bp_down_tss.mc9nr.genes_vs_motifs.rankings', 'activating'})","[('EGR1', 0.3206268811826425), ('TRIB2', 0.8114243000447136), ('SELL', 0.8169172396958736), ('CNOT2', 0.3714733171727705), ('BCL2', 0.4747080303950965), ('MYC', 0.4215774001590802), ('DUSP2', 0.165047564365838), ('BTG1', 2.2545378433637118), ('IRF8', 0.0796507042986346), ('FAM65B', 0.3860277714010084)]",1456
FOXO1,dbcorrdb__FOXP2__ENCSR000BGB_1__m1,0.16175518134715025,3.3752932189973035,9e-06,0.930982,motif similar to hocomoco__FOXO1_MOUSE.H11MO.0.A ('FOXO1_MOUSE'; q-value = 9.27e-06) which is annotated for orthologous gene ENSMUSG00000044167 in M. musculus (identity = 93%),"frozenset({'top50perTarget', 'hg38__refseq-r80__500bp_up_and_100bp_down_tss.mc9nr.genes_vs_motifs.rankings', 'activating'})","[('TRIB2', 0.8114243000447136), ('BTG1', 2.2545378433637118), ('SELL', 0.8169172396958736), ('FOXO1', 1.0), ('MYC', 0.4215774001590802), ('PIK3IP1', 0.9524540717705616)]",466
FOXO1,hocomoco__FOXP2_HUMAN.H11MO.0.C,0.1708919319022946,3.642406667332215,5e-06,0.930982,"motif similar to cisbp__M2282 ('Foxo1[gene ID: ""ENSMUSG00000044167"" species: ""Mus musculus"" TF status: ""direct"" TF family: ""Forkhead"" DBDs: ""Fork_head""]'; q-value = 4.71e-06) which is annotated for orthologous gene ENSMUSG00000044167 in M. musculus (identity = 93%)","frozenset({'top50perTarget', 'hg38__refseq-r80__500bp_up_and_100bp_down_tss.mc9nr.genes_vs_motifs.rankings', 'activating'})","[('PIK3IP1', 0.9524540717705616), ('BTG1', 2.2545378433637118), ('MYC', 0.4215774001590802), ('TRIB2', 0.8114243000447136), ('FOXO1', 1.0), ('SELL', 0.8169172396958736)]",495
FOXO1,hocomoco__FOXO1_MOUSE.H11MO.0.A,0.1622178016284234,3.3888179505585647,0.0,0.930982,motif is annotated for orthologous gene ENSMUSG00000044167 in M. musculus (identity = 93%),"frozenset({'top50perTarget', 'hg38__refseq-r80__500bp_up_and_100bp_down_tss.mc9nr.genes_vs_motifs.rankings', 'activating'})","[('EGR1', 0.3206268811826425), ('CNOT2', 0.3714733171727705), ('SELL', 0.8169172396958736), ('FAM65B', 0.3860277714010084), ('TRIB2', 0.8114243000447136), ('IRF8', 0.0796507042986346)]",499
FOXO1,cisbp__M2282,0.16460029607698,3.4584703180990606,0.0,0.930982,motif is annotated for orthologous gene ENSMUSG00000044167 in M. musculus (identity = 93%),"frozenset({'top50perTarget', 'hg38__refseq-r80__500bp_up_and_100bp_down_tss.mc9nr.genes_vs_motifs.rankings', 'activating'})","[('BCL2', 0.4747080303950965), ('TRIB2', 0.8114243000447136), ('MYC', 0.4215774001590802), ('EGR1', 0.3206268811826425), ('SELL', 0.8169172396958736), ('CNOT2', 0.3714733171727705)]",327
FOXO1,hocomoco__FOXO3_MOUSE.H11MO.0.B,0.16036732050333086,3.3347190243135194,0.0,0.930982,"motif similar to cisbp__M2282 ('Foxo1[gene ID: ""ENSMUSG00000044167"" species: ""Mus musculus"" TF status: ""direct"" TF family: ""Forkhead"" DBDs: ""Fork_head""]'; q-value = 5.86e-09) which is annotated for orthologous gene ENSMUSG00000044167 in M. musculus (identity = 93%)","frozenset({'top50perTarget', 'hg38__refseq-r80__500bp_up_and_100bp_down_tss.mc9nr.genes_vs_motifs.rankings', 'activating'})","[('DOCK8', 0.8678510305542605), ('LY86', 0.0683069568678884), ('IL23R', 0.7692610575404886), ('CCL3', 0.1060488892071591), ('PIK3IP1', 0.9524540717705616), ('SELL', 0.8169172396958736), ('CD247', 0.4865688829055764), ('CST7', 0.0296025515299682), ('HLA-A', 1.822436698518744), ('CD6', 0.9923454476338772), ('MYC', 0.4215774001590802), ('CD8A', 0.2403708488711401), ('IFNGR1', 0.1271969428091991), ('CD37', 0.4104603968245982), ('CNOT2', 0.3714733171727705)]",3692
FOXO1,taipale_tf_pairs__ERF_FOXO1_RTMAACAGGAARNN_CAP,0.18347520355292377,4.010279365798524,0.0,1.0,gene is directly annotated,"frozenset({'top50perTarget', 'hg38__refseq-r80__500bp_up_and_100bp_down_tss.mc9nr.genes_vs_motifs.rankings', 'activating'})","[('SELL', 0.8169172396958736), ('EGR1', 0.3206268811826425), ('BCL2', 0.4747080303950965), ('TRIB2', 0.8114243000447136), ('MYC', 0.4215774001590802), ('IRF8', 0.0796507042986346), ('BTG1', 2.2545378433637118), ('CNOT2', 0.3714733171727705), ('BCL11B', 0.7284584121785607), ('FAM65B', 0.3860277714010084)]",1662
FOXO1,transfac_public__M00474,0.16506291635825315,3.4719950496603222,0.0,1.0,gene is directly annotated,"frozenset({'top50perTarget', 'hg38__refseq-r80__500bp_up_and_100bp_down_tss.mc9nr.genes_vs_motifs.rankings', 'activating'})","[('TRIB2', 0.8114243000447136), ('BCL11B', 0.7284584121785607), ('FOXO1', 1.0), ('MYC', 0.4215774001590802), ('PIK3IP1', 0.9524540717705616), ('BTG1', 2.2545378433637118), ('SELL', 0.8169172396958736)]",422
FOXO1,hocomoco__FOXO1_HUMAN.H11MO.0.A,0.18065321983715765,3.927778503274829,0.0,1.0,gene is directly annotated,"frozenset({'top50perTarget', 'hg38__refseq-r80__500bp_up_and_100bp_down_tss.mc9nr.genes_vs_motifs.rankings', 'activating'})","[('BTG1', 2.2545378433637118), ('TRIB2', 0.8114243000447136), ('FOXO1', 1.0), ('PIK3IP1', 0.9524540717705616), ('SELL', 0.8169172396958736), ('CNOT2', 0.3714733171727705), ('MYC', 0.4215774001590802)]",732
FOXO1,taipale_tf_pairs__FOXO1_ELK3_RTMAACAGGAAGTN_CAP,0.16036732050333086,3.3347190243135194,0.0,1.0,gene is directly annotated,"frozenset({'top50perTarget', 'hg38__refseq-r80__500bp_up_and_100bp_down_tss.mc9nr.genes_vs_motifs.rankings', 'activating'})","[('SELL', 0.8169172396958736), ('BCL2', 0.4747080303950965), ('TRIB2', 0.8114243000447136), ('MYC', 0.4215774001590802), ('CNOT2', 0.3714733171727705), ('FAM65B', 0.3860277714010084), ('IL23R', 0.7692610575404886)]",754
FOXO1,cisbp__M3276,0.16839378238341968,3.5693731169014034,0.0,1.0,gene is directly annotated,"frozenset({'top50perTarget', 'hg38__refseq-r80__500bp_up_and_100bp_down_tss.mc9nr.genes_vs_motifs.rankings', 'activating'})","[('TRIB2', 0.8114243000447136), ('PIK3IP1', 0.9524540717705616), ('BTG1', 2.2545378433637118), ('MYC', 0.4215774001590802), ('FOXO1', 1.0), ('SELL', 0.8169172396958736), ('FAM65B', 0.3860277714010084), ('BCL2', 0.4747080303950965)]",1092
FOXO1,swissregulon__hs__FOXO1_3_4.p2,0.17984363434492967,3.9041102230426215,0.0,1.0,gene is directly annotated,"frozenset({'top50perTarget', 'hg38__refseq-r80__500bp_up_and_100bp_down_tss.mc9nr.genes_vs_motifs.rankings', 'activating'})","[('TRIB2', 0.8114243000447136), ('EGR1', 0.3206268811826425), ('SELL', 0.8169172396958736), ('BCL2', 0.4747080303950965), ('MYC', 0.4215774001590802), ('CNOT2', 0.3714733171727705), ('FAM65B', 0.3860277714010084), ('IRF8', 0.0796507042986346), ('DUSP2', 0.165047564365838), ('BTG1', 2.2545378433637118), ('FOXO1', 1.0)]",1562
FOXP1,homer__CTTGTTTACATA_Foxa2,0.13402109548482605,3.1623237143507534,0.00028,0.163223,motif similar to scertf__foat.FKH1 ('foat.FKH1'; q-value = 0.00028) which is annotated for orthologous gene YIL131C in S. cerevisiae (identity = 16%),"frozenset({'top50perTarget', 'hg38__refseq-r80__500bp_up_and_100bp_down_tss.mc9nr.genes_vs_motifs.rankings', 'activating'})","[('ITGAE', 2.0696282405756152), ('CCR7', 4.015491235782142), ('KLRK1', 0.2900283299640886), ('PRF1', 0.2364149527141811), ('FOXP1', 1.0), ('FYB', 4.277338118494845), ('TXK', 1.384439346193655), ('CD2', 2.5774827093575183), ('STAT5A', 0.8843627283071335), ('LEF1', 3.1880430455265096), ('TRAT1', 2.205750787066077)]",1029
FOXP1,swissregulon__hs__FOXO1_3_4.p2,0.14131507525289908,3.4374211617600827,1.8e-05,0.113997,"gene is orthologous to YIL131C in S. cerevisiae (identity = 11%) which is annotated for similar motif cisbp__M0750 ('FKH1[gene ID: ""YIL131C"" species: ""Saccharomyces cerevisiae"" TF status: ""direct"" TF family: ""Forkhead"" DBDs: ""Fork_head""]'; q-value = 1.77e-05)","frozenset({'top50perTarget', 'hg38__refseq-r80__500bp_up_and_100bp_down_tss.mc9nr.genes_vs_motifs.rankings', 'activating'})","[('KLRK1', 0.2900283299640886), ('TXK', 1.384439346193655), ('CCR7', 4.015491235782142), ('ITGAE', 2.0696282405756152), ('PRF1', 0.2364149527141811), ('FOXP1', 1.0), ('LEF1', 3.1880430455265096), ('STAT5A', 0.8843627283071335)]",656
IKZF1,taipale_cyt_meth__SPIB_RWWGRGGAAGTN_eDBD_meth,0.14482449647434648,3.048039354328281,0.000263,1.0,"gene is annotated for similar motif dbcorrdb__IKZF1__ENCSR000EUJ_1__m1 ('IKZF1 (ENCSR000EUJ-1, motif 1)'; q-value = 0.000263)","frozenset({'top50perTarget', 'hg38__refseq-r80__500bp_up_and_100bp_down_tss.mc9nr.genes_vs_motifs.rankings', 'activating'})","[('TRIB2', 0.7921686171686732), ('MYC', 0.233630678174907), ('VEGFA', 5.952712461272852), ('ARL4C', 0.7585882773114947), ('ADA', 1.0023503433307706), ('IKZF1', 1.0), ('GAPDH', 0.1571130758639544), ('CBLB', 0.4933043377083785)]",716
IKZF1,taipale_cyt_meth__SPIB_RAWWGRGGAAGTN_FL_meth,0.14875920370875376,3.1795945037012454,0.000118,1.0,"gene is annotated for similar motif dbcorrdb__IKZF1__ENCSR000EUJ_1__m1 ('IKZF1 (ENCSR000EUJ-1, motif 1)'; q-value = 0.000118)","frozenset({'top50perTarget', 'hg38__refseq-r80__500bp_up_and_100bp_down_tss.mc9nr.genes_vs_motifs.rankings', 'activating'})","[('TRIB2', 0.7921686171686732), ('CCND2', 1.7839249372666643), ('IKZF1', 1.0), ('VEGFA', 5.952712461272852), ('ARL4C', 0.7585882773114947), ('CBLB', 0.4933043377083785), ('ADA', 1.0023503433307706), ('MYC', 0.233630678174907), ('GAPDH', 0.1571130758639544), ('IRF4', 0.0305748706137056), ('BAX', 0.4183157111708447), ('BCL11B', 1.2213270236661358), ('FTH1', 0.0390018618583528), ('CCL4', 0.0637734671727248), ('FYN', 0.6345760472619876), ('JUN', 0.1622520444898701)]",3255
IKZF1,cisbp__M6119,0.14735673380342046,3.1327035593702877,0.000108,1.0,"gene is annotated for similar motif dbcorrdb__IKZF1__ENCSR000EUJ_1__m1 ('IKZF1 (ENCSR000EUJ-1, motif 1)'; q-value = 0.000108)","frozenset({'top50perTarget', 'hg38__refseq-r80__500bp_up_and_100bp_down_tss.mc9nr.genes_vs_motifs.rankings', 'activating'})","[('TRIB2', 0.7921686171686732), ('BCL11B', 1.2213270236661358), ('JUN', 0.1622520444898701), ('CD36', 8.5603377774803), ('IL23R', 1.5884881398533184), ('ARL4C', 0.7585882773114947), ('CCL4', 0.0637734671727248), ('VEGFA', 5.952712461272852), ('FYN', 0.6345760472619876), ('IL18', 0.1118767821926949), ('CCND2', 1.7839249372666643), ('CCR7', 0.6342295953523994)]",1548
IKZF1,cisbp__M1907,0.14387003778877244,3.016127461658602,5e-06,1.0,"gene is annotated for similar motif dbcorrdb__IKZF1__ENCSR000EUJ_1__m1 ('IKZF1 (ENCSR000EUJ-1, motif 1)'; q-value = 4.72e-06)","frozenset({'top50perTarget', 'hg38__refseq-r80__500bp_up_and_100bp_down_tss.mc9nr.genes_vs_motifs.rankings', 'activating'})","[('CCL4', 0.0637734671727248), ('IKZF1', 1.0), ('VEGFA', 5.952712461272852), ('IL23R', 1.5884881398533184), ('JUN', 0.1622520444898701), ('ANXA5', 0.1532057028085283), ('PIK3IP1', 0.5656369713194885), ('MYC', 0.233630678174907)]",724
IKZF1,homer__AAAGRGGAAGTG_SpiB,0.17112080719934553,3.9272445605337323,4e-06,1.0,"gene is annotated for similar motif dbcorrdb__IKZF1__ENCSR000EUJ_1__m1 ('IKZF1 (ENCSR000EUJ-1, motif 1)'; q-value = 4.1e-06)","frozenset({'top50perTarget', 'hg38__refseq-r80__500bp_up_and_100bp_down_tss.mc9nr.genes_vs_motifs.rankings', 'activating'})","[('TRIB2', 0.7921686171686732), ('VEGFA', 5.952712461272852), ('IKZF1', 1.0), ('CCND2', 1.7839249372666643), ('MYC', 0.233630678174907), ('ARL4C', 0.7585882773114947), ('ADA', 1.0023503433307706), ('CBLB', 0.4933043377083785), ('BCL11B', 1.2213270236661358), ('GAPDH', 0.1571130758639544)]",1237
IKZF1,cisbp__M4489,0.16833534613736414,3.8341139349875255,0.0,1.0,"gene is annotated for similar motif dbcorrdb__IKZF1__ENCSR000EUJ_1__m1 ('IKZF1 (ENCSR000EUJ-1, motif 1)'; q-value = 6.85e-08)","frozenset({'top50perTarget', 'hg38__refseq-r80__500bp_up_and_100bp_down_tss.mc9nr.genes_vs_motifs.rankings', 'activating'})","[('CCND2', 1.7839249372666643), ('MYC', 0.233630678174907), ('JUN', 0.1622520444898701), ('IKZF1', 1.0), ('TRIB2', 0.7921686171686732), ('CD36', 8.5603377774803), ('BCL11B', 1.2213270236661358)]",616
IKZF1,hocomoco__SPI1_HUMAN.H11MO.0.A,0.14836962873505005,3.1665692413870903,0.0,1.0,"gene is annotated for similar motif dbcorrdb__IKZF1__ENCSR000EUJ_1__m1 ('IKZF1 (ENCSR000EUJ-1, motif 1)'; q-value = 2.08e-07)","frozenset({'top50perTarget', 'hg38__refseq-r80__500bp_up_and_100bp_down_tss.mc9nr.genes_vs_motifs.rankings', 'activating'})","[('BCL11B', 1.2213270236661358), ('MYC', 0.233630678174907), ('VEGFA', 5.952712461272852), ('CD36', 8.5603377774803), ('GAPDH', 0.1571130758639544), ('ARL4C', 0.7585882773114947), ('CD48', 0.547397777943535)]",535
IKZF1,dbcorrdb__PAX5__ENCSR000BHJ_1__m2,0.19967665277182595,4.881996288161281,0.0,1.0,"gene is annotated for similar motif dbcorrdb__IKZF1__ENCSR000EUJ_1__m1 ('IKZF1 (ENCSR000EUJ-1, motif 1)'; q-value = 4.88e-08)","frozenset({'top50perTarget', 'hg38__refseq-r80__500bp_up_and_100bp_down_tss.mc9nr.genes_vs_motifs.rankings', 'activating'})","[('GAPDH', 0.1571130758639544), ('CCND2', 1.7839249372666643), ('IKZF1', 1.0), ('BAX', 0.4183157111708447), ('CBLB', 0.4933043377083785), ('ADA', 1.0023503433307706), ('PCNA', 1.1349660100165824), ('LAP3', 0.1659185525519668)]",792
IRF4,dbcorrdb__RELA__ENCSR000EAQ_1__m2,0.11007097139373884,3.1945019007006663,0.000561,1.0,motif similar to factorbook__PU1 ('PU1'; q-value = 0.000561) which is directly annotated,"frozenset({'top50perTarget', 'hg38__refseq-r80__500bp_up_and_100bp_down_tss.mc9nr.genes_vs_motifs.rankings', 'activating'})","[('CCL5', 0.0890410325335519), ('CD63', 0.0175474459974537), ('TXK', 0.0332963688409211), ('CD37', 0.4776483477191633), ('IKZF1', 0.1292254202104535), ('CD3G', 0.0115266087310999), ('IL32', 0.0196771364299329), ('MS4A1', 1.7065838178070547), ('IL2RB', 0.0378639219633385), ('IRF8', 8.58730197970342), ('CD3D', 0.0133299284944766), ('SELPLG', 0.2728919975583357), ('CD4', 7.796239954439715), ('HLA-DRA', 1.1373712538839622), ('BCL2A1', 0.0436478961180722)]",2875
IRF4,transfac_pro__M04711,0.1376757957068838,4.423493528089287,0.000507,1.0,motif similar to factorbook__PU1 ('PU1'; q-value = 0.000507) which is directly annotated,"frozenset({'top50perTarget', 'hg38__refseq-r80__500bp_up_and_100bp_down_tss.mc9nr.genes_vs_motifs.rankings', 'activating'})","[('IFNG', 0.0542626926717957), ('RGS1', 0.6128354644518212), ('FCER1G', 0.6669796786042658), ('IL7R', 0.0096408813682698), ('KLRB1', 0.0020047929091122), ('GNLY', 0.0683615966455161), ('GZMA', 0.0450140750948232), ('CD63', 0.0175474459974537), ('CD247', 0.0510189204201258), ('GZMB', 3.3312372634739176), ('SELPLG', 0.2728919975583357), ('IFNGR1', 0.1086627956683654)]",1120
IRF4,dbcorrdb__RELA__ENCSR000EBA_1__m2,0.11272695606740106,3.3127487292033577,0.000305,1.0,motif similar to transfac_pro__M00972 ('V$IRF_Q6_01: IRF'; q-value = 0.000305) which is directly annotated,"frozenset({'top50perTarget', 'hg38__refseq-r80__500bp_up_and_100bp_down_tss.mc9nr.genes_vs_motifs.rankings', 'activating'})","[('GZMB', 3.3312372634739176), ('RGS1', 0.6128354644518212), ('GZMA', 0.0450140750948232), ('SELPLG', 0.2728919975583357), ('IL7R', 0.0096408813682698), ('IFNG', 0.0542626926717957), ('FCER1G', 0.6669796786042658), ('PRF1', 0.2385631091397126), ('GNLY', 0.0683615966455161), ('CD63', 0.0175474459974537), ('TXK', 0.0332963688409211)]",635
IRF4,cisbp__M4631,0.15676115005587726,5.273190683723374,0.000166,1.0,gene is annotated for similar motif hocomoco__IRF4_HUMAN.H11MO.0.A ('IRF4_HUMAN'; q-value = 0.000166),"frozenset({'top50perTarget', 'hg38__refseq-r80__500bp_up_and_100bp_down_tss.mc9nr.genes_vs_motifs.rankings', 'activating'})","[('IL7R', 0.0096408813682698), ('SELL', 0.1074355730599874), ('FCER1G', 0.6669796786042658), ('GNLY', 0.0683615966455161), ('RGS1', 0.6128354644518212), ('GZMA', 0.0450140750948232), ('PRF1', 0.2385631091397126), ('IKZF1', 0.1292254202104535), ('TXK', 0.0332963688409211)]",616
IRF4,cisbp__M6119,0.15500500718422083,5.195005622254382,0.000124,1.0,gene is annotated for similar motif hocomoco__IRF4_HUMAN.H11MO.0.A ('IRF4_HUMAN'; q-value = 0.000124),"frozenset({'top50perTarget', 'hg38__refseq-r80__500bp_up_and_100bp_down_tss.mc9nr.genes_vs_motifs.rankings', 'activating'})","[('GZMA', 0.0450140750948232), ('TRIB2', 0.104644344207262), ('IKZF1', 0.1292254202104535), ('CD247', 0.0510189204201258), ('CD63', 0.0175474459974537), ('FOSB', 1.1824312050006116), ('HLA-DRA', 1.1373712538839622), ('GNLY', 0.0683615966455161)]",787
IRF4,dbcorrdb__EP300__ENCSR000DZD_1__m1,0.12088358659525987,3.67588926263785,8.6e-05,1.0,gene is annotated for similar motif transfac_pro__M00772 ('V$IRF_Q6: IRF'; q-value = 8.58e-05),"frozenset({'top50perTarget', 'hg38__refseq-r80__500bp_up_and_100bp_down_tss.mc9nr.genes_vs_motifs.rankings', 'activating'})","[('ICAM1', 0.6338167953671242), ('BCL2A1', 0.0436478961180722), ('IKZF1', 0.1292254202104535), ('JCHAIN', 11.50644613648733), ('CD37', 0.4776483477191633), ('IL7R', 0.0096408813682698), ('IRF4', 1.0), ('CD63', 0.0175474459974537), ('LAMP1', 0.1378302113151548), ('PIK3AP1', 0.563578220577112), ('IFNGR1', 0.1086627956683654), ('RPN2', 0.2200451127774072), ('SELL', 0.1074355730599874), ('FCER1G', 0.6669796786042658), ('HLA-DMA', 0.8768078648102325), ('TXK', 0.0332963688409211), ('CD4', 7.796239954439715), ('LAIR2', 0.2936227479943946), ('RGS1', 0.6128354644518212), ('CCL5', 0.0890410325335519), ('SELPLG', 0.2728919975583357)]",2564
IRF4,taipale_cyt_meth__SPIB_RAWWGMGGAAGTN_FL,0.11549904936067691,3.4361648179684603,6e-05,1.0,motif similar to hocomoco__IRF4_HUMAN.H11MO.0.A ('IRF4_HUMAN'; q-value = 6.04e-05) which is directly annotated,"frozenset({'top50perTarget', 'hg38__refseq-r80__500bp_up_and_100bp_down_tss.mc9nr.genes_vs_motifs.rankings', 'activating'})","[('GZMB', 3.3312372634739176), ('RGS1', 0.6128354644518212), ('SELPLG', 0.2728919975583357), ('IL7R', 0.0096408813682698), ('FCER1G', 0.6669796786042658), ('TXK', 0.0332963688409211), ('JCHAIN', 11.50644613648733), ('PRF1', 0.2385631091397126), ('IFNG', 0.0542626926717957), ('CD63', 0.0175474459974537), ('GZMA', 0.0450140750948232), ('GNLY', 0.0683615966455161), ('KLRB1', 0.0020047929091122), ('SELL', 0.1074355730599874), ('CD37', 0.4776483477191633), ('ITGAM', 0.0607183588466763), ('IFNGR1', 0.1086627956683654), ('FTH1', 0.0346156759546044), ('PDIA6', 0.4634578764904513), ('CD4', 7.796239954439715), ('CD3G', 0.0115266087310999)]",3138
IRF4,transfac_pro__M07224,0.12375727493069767,3.803828454132564,2.8e-05,1.0,motif similar to hocomoco__IRF4_HUMAN.H11MO.0.A ('IRF4_HUMAN'; q-value = 2.83e-05) which is directly annotated,"frozenset({'top50perTarget', 'hg38__refseq-r80__500bp_up_and_100bp_down_tss.mc9nr.genes_vs_motifs.rankings', 'activating'})","[('IL7R', 0.0096408813682698), ('SELPLG', 0.2728919975583357), ('IFNG', 0.0542626926717957), ('TXK', 0.0332963688409211), ('RGS1', 0.6128354644518212), ('GZMB', 3.3312372634739176), ('FCER1G', 0.6669796786042658), ('CD63', 0.0175474459974537)]",874
IRF4,cisbp__M1907,0.12236397149533389,3.7417973309836117,2.6e-05,1.0,motif similar to hocomoco__IRF4_HUMAN.H11MO.0.A ('IRF4_HUMAN'; q-value = 2.62e-05) which is directly annotated,"frozenset({'top50perTarget', 'hg38__refseq-r80__500bp_up_and_100bp_down_tss.mc9nr.genes_vs_motifs.rankings', 'activating'})","[('GZMB', 3.3312372634739176), ('RGS1', 0.6128354644518212), ('IFNG', 0.0542626926717957), ('SELPLG', 0.2728919975583357), ('IL7R', 0.0096408813682698), ('FCER1G', 0.6669796786042658), ('GZMA', 0.0450140750948232), ('PRF1', 0.2385631091397126), ('KLRB1', 0.0020047929091122), ('GNLY', 0.0683615966455161), ('CD63', 0.0175474459974537), ('KLRF1', 0.0039333658458187), ('CD37', 0.4776483477191633), ('CD4', 7.796239954439715), ('SELL', 0.1074355730599874), ('JCHAIN', 11.50644613648733), ('IKZF1', 0.1292254202104535), ('IFNGR1', 0.1086627956683654), ('TXK', 0.0332963688409211), ('HLA-DRA', 1.1373712538839622), ('IL2RB', 0.0378639219633385)]",3349
IRF4,cisbp__M6313,0.11113046254771339,3.2416714005951826,1.9e-05,1.0,motif similar to transfac_pro__M08887 ('V$IRF_Q4: IRF'; q-value = 1.9e-05) which is directly annotated,"frozenset({'top50perTarget', 'hg38__refseq-r80__500bp_up_and_100bp_down_tss.mc9nr.genes_vs_motifs.rankings', 'activating'})","[('PDIA6', 0.4634578764904513), ('IKZF1', 0.1292254202104535), ('PIK3AP1', 0.563578220577112), ('RGS1', 0.6128354644518212), ('SELL', 0.1074355730599874), ('CD63', 0.0175474459974537), ('CD4', 7.796239954439715)]",526
IRF4,dbcorrdb__SPI1__ENCSR000BGW_1__m1,0.158502779350082,5.350729587659566,1.4e-05,1.0,motif similar to factorbook__PU1 ('PU1'; q-value = 1.43e-05) which is directly annotated,"frozenset({'top50perTarget', 'hg38__refseq-r80__500bp_up_and_100bp_down_tss.mc9nr.genes_vs_motifs.rankings', 'activating'})","[('MS4A1', 1.7065838178070547), ('IKZF1', 0.1292254202104535), ('CD247', 0.0510189204201258), ('ICAM1', 0.6338167953671242), ('FCER1G', 0.6669796786042658), ('CD3E', 0.0236370261706532), ('CD79A', 1.3417475089942614), ('CD4', 7.796239954439715), ('CD63', 0.0175474459974537), ('PDIA6', 0.4634578764904513), ('ITGAM', 0.0607183588466763), ('SELPLG', 0.2728919975583357), ('FTH1', 0.0346156759546044), ('GZMB', 3.3312372634739176), ('FOSB', 1.1824312050006116), ('SELL', 0.1074355730599874), ('TXK', 0.0332963688409211), ('CD3D', 0.0133299284944766), ('IL32', 0.0196771364299329), ('PIK3AP1', 0.563578220577112), ('IFNG', 0.0542626926717957), ('CD74', 1.0527512071173144)]",3595
IRF4,transfac_pro__M01882,0.10683444362200839,3.0504087708859124,8e-06,1.0,gene is annotated for similar motif transfac_pro__M00772 ('V$IRF_Q6: IRF'; q-value = 8.23e-06),"frozenset({'top50perTarget', 'hg38__refseq-r80__500bp_up_and_100bp_down_tss.mc9nr.genes_vs_motifs.rankings', 'activating'})","[('GZMA', 0.0450140750948232), ('RGS1', 0.6128354644518212), ('TXK', 0.0332963688409211), ('SELPLG', 0.2728919975583357), ('IL7R', 0.0096408813682698), ('GZMB', 3.3312372634739176), ('IFNG', 0.0542626926717957), ('GNLY', 0.0683615966455161), ('FCER1G', 0.6669796786042658), ('SELL', 0.1074355730599874), ('IFNGR1', 0.1086627956683654), ('CD63', 0.0175474459974537), ('CD4', 7.796239954439715), ('KLRB1', 0.0020047929091122), ('CD3G', 0.0115266087310999), ('FOSB', 1.1824312050006116), ('CD37', 0.4776483477191633), ('CD247', 0.0510189204201258), ('BCL2A1', 0.0436478961180722), ('KLRF1', 0.0039333658458187), ('JCHAIN', 11.50644613648733), ('CD3D', 0.0133299284944766), ('PDIA6', 0.4634578764904513)]",4927
IRF4,dbcorrdb__FOXM1__ENCSR000BRU_1__m3,0.11754546378136747,3.5272730300934847,8e-06,1.0,gene is annotated for similar motif transfac_pro__M00772 ('V$IRF_Q6: IRF'; q-value = 8.23e-06),"frozenset({'top50perTarget', 'hg38__refseq-r80__500bp_up_and_100bp_down_tss.mc9nr.genes_vs_motifs.rankings', 'activating'})","[('LAMP1', 0.1378302113151548), ('RGS1', 0.6128354644518212), ('IKZF1', 0.1292254202104535), ('CD63', 0.0175474459974537), ('BCL2A1', 0.0436478961180722), ('FOSB', 1.1824312050006116), ('BAX', 0.2169157686466808)]",361
IRF4,taipale_cyt_meth__SPIB_RAWWGRGGAAGTN_FL_meth,0.12509252405625462,3.86327494715031,4e-06,1.0,motif similar to hocomoco__IRF4_HUMAN.H11MO.0.A ('IRF4_HUMAN'; q-value = 3.78e-06) which is directly annotated,"frozenset({'top50perTarget', 'hg38__refseq-r80__500bp_up_and_100bp_down_tss.mc9nr.genes_vs_motifs.rankings', 'activating'})","[('IKZF1', 0.1292254202104535), ('ICAM1', 0.6338167953671242), ('IRF4', 1.0), ('CD37', 0.4776483477191633), ('IL7R', 0.0096408813682698), ('BCL2A1', 0.0436478961180722), ('RGS1', 0.6128354644518212), ('JCHAIN', 11.50644613648733), ('CD63', 0.0175474459974537), ('SELL', 0.1074355730599874), ('CD247', 0.0510189204201258), ('LAIR2', 0.2936227479943946), ('HLA-DMA', 0.8768078648102325), ('IFNGR1', 0.1086627956683654), ('TXK', 0.0332963688409211), ('CCL5', 0.0890410325335519), ('PIK3AP1', 0.563578220577112), ('KLRB1', 0.0020047929091122), ('RPN2', 0.2200451127774072), ('FOSB', 1.1824312050006116)]",3268
IRF4,hocomoco__IRF4_MOUSE.H11MO.0.A,0.12275583808652994,3.7592435843692544,0.0,0.924444,motif is annotated for orthologous gene ENSMUSG00000021356 in M. musculus (identity = 92%),"frozenset({'top50perTarget', 'hg38__refseq-r80__500bp_up_and_100bp_down_tss.mc9nr.genes_vs_motifs.rankings', 'activating'})","[('PIK3AP1', 0.563578220577112), ('MS4A1', 1.7065838178070547), ('BCL2A1', 0.0436478961180722), ('SELPLG', 0.2728919975583357), ('IRF4', 1.0), ('SELL', 0.1074355730599874), ('CD74', 1.0527512071173144), ('CD247', 0.0510189204201258), ('GZMA', 0.0450140750948232), ('IL7R', 0.0096408813682698), ('CD4', 7.796239954439715), ('CCL5', 0.0890410325335519), ('TXK', 0.0332963688409211), ('IKZF1', 0.1292254202104535), ('CD63', 0.0175474459974537), ('PDIA6', 0.4634578764904513), ('ICAM1', 0.6338167953671242), ('KLRB1', 0.0020047929091122), ('LAIR2', 0.2936227479943946), ('PRF1', 0.2385631091397126), ('IFNGR1', 0.1086627956683654), ('CD37', 0.4776483477191633)]",3647
IRF4,cisbp__M4489,0.10785039404362781,3.0956397981820234,0.0,1.0,gene is annotated for similar motif factorbook__PU1 ('PU1'; q-value = 2.94e-17),"frozenset({'top50perTarget', 'hg38__refseq-r80__500bp_up_and_100bp_down_tss.mc9nr.genes_vs_motifs.rankings', 'activating'})","[('SELL', 0.1074355730599874), ('FOSB', 1.1824312050006116), ('IKZF1', 0.1292254202104535), ('TRIB2', 0.104644344207262), ('RGS1', 0.6128354644518212), ('BAX', 0.2169157686466808), ('ARL4C', 0.2718428846537779), ('LAMP1', 0.1378302113151548)]",688
IRF4,hocomoco__SPI1_HUMAN.H11MO.0.A,0.12326381329733967,3.78185909801731,0.0,1.0,motif similar to factorbook__PU1 ('PU1'; q-value = 5.79e-09) which is directly annotated,"frozenset({'top50perTarget', 'hg38__refseq-r80__500bp_up_and_100bp_down_tss.mc9nr.genes_vs_motifs.rankings', 'activating'})","[('CD247', 0.0510189204201258), ('CD74', 1.0527512071173144), ('PRF1', 0.2385631091397126), ('ICAM1', 0.6338167953671242), ('IKZF1', 0.1292254202104535), ('CD63', 0.0175474459974537)]",345
IRF4,dbcorrdb__TBL1XR1__ENCSR000DYZ_1__m1,0.13279923368311056,4.206384597067954,0.0,1.0,motif similar to hocomoco__IRF4_HUMAN.H11MO.0.A ('IRF4_HUMAN'; q-value = 6.91e-08) which is directly annotated,"frozenset({'top50perTarget', 'hg38__refseq-r80__500bp_up_and_100bp_down_tss.mc9nr.genes_vs_motifs.rankings', 'activating'})","[('RGS1', 0.6128354644518212), ('ICAM1', 0.6338167953671242), ('SELL', 0.1074355730599874), ('CD3D', 0.0133299284944766), ('CD4', 7.796239954439715)]",255
IRF4,transfac_pro__M04722,0.10607973759451968,3.01680857918023,0.0,1.0,gene is annotated for similar motif factorbook__PU1 ('PU1'; q-value = 4.78e-07),"frozenset({'top50perTarget', 'hg38__refseq-r80__500bp_up_and_100bp_down_tss.mc9nr.genes_vs_motifs.rankings', 'activating'})","[('CCL5', 0.0890410325335519), ('FOSB', 1.1824312050006116), ('IKZF1', 0.1292254202104535), ('TRIB2', 0.104644344207262), ('SELL', 0.1074355730599874), ('PDIA6', 0.4634578764904513), ('HLA-DRA', 1.1373712538839622), ('CD247', 0.0510189204201258)]",780
IRF4,hocomoco__SPIB_MOUSE.H11MO.0.A,0.10726985094555958,3.0697934968699605,0.0,1.0,gene is annotated for similar motif hocomoco__IRF4_HUMAN.H11MO.0.A ('IRF4_HUMAN'; q-value = 1.07e-11),"frozenset({'top50perTarget', 'hg38__refseq-r80__500bp_up_and_100bp_down_tss.mc9nr.genes_vs_motifs.rankings', 'activating'})","[('IL7R', 0.0096408813682698), ('GZMA', 0.0450140750948232), ('IFNG', 0.0542626926717957), ('SELPLG', 0.2728919975583357), ('KLRB1', 0.0020047929091122), ('FCER1G', 0.6669796786042658), ('RGS1', 0.6128354644518212), ('CD63', 0.0175474459974537), ('TXK', 0.0332963688409211), ('GZMB', 3.3312372634739176), ('IKZF1', 0.1292254202104535), ('CD4', 7.796239954439715), ('CD247', 0.0510189204201258), ('IFNGR1', 0.1086627956683654), ('GNLY', 0.0683615966455161)]",2059
IRF4,hocomoco__SPIB_HUMAN.H11MO.0.A,0.11146427482910262,3.256533023849619,0.0,1.0,motif similar to factorbook__PU1 ('PU1'; q-value = 3.54e-12) which is directly annotated,"frozenset({'top50perTarget', 'hg38__refseq-r80__500bp_up_and_100bp_down_tss.mc9nr.genes_vs_motifs.rankings', 'activating'})","[('CD4', 7.796239954439715), ('CD3G', 0.0115266087310999), ('TRIB2', 0.104644344207262), ('BCL2A1', 0.0436478961180722), ('PIK3AP1', 0.563578220577112), ('IRF8', 8.58730197970342), ('MS4A1', 1.7065838178070547), ('CCL5', 0.0890410325335519)]",579
IRF4,dbcorrdb__MTA3__ENCSR000BRH_1__m1,0.11278501037720788,3.3153333593345637,0.0,1.0,"gene is annotated for similar motif dbcorrdb__IRF4__ENCSR000BGY_1__m1 ('IRF4 (ENCSR000BGY-1, motif 1)'; q-value = 6.41e-10)","frozenset({'top50perTarget', 'hg38__refseq-r80__500bp_up_and_100bp_down_tss.mc9nr.genes_vs_motifs.rankings', 'activating'})","[('BCL2A1', 0.0436478961180722), ('PIK3AP1', 0.563578220577112), ('ICAM1', 0.6338167953671242), ('RGS1', 0.6128354644518212), ('IKZF1', 0.1292254202104535), ('IL7R', 0.0096408813682698), ('IL2RB', 0.0378639219633385), ('CD37', 0.4776483477191633), ('IRF4', 1.0), ('CD247', 0.0510189204201258), ('CD4', 7.796239954439715), ('SELPLG', 0.2728919975583357), ('TXK', 0.0332963688409211), ('SELL', 0.1074355730599874), ('CD3G', 0.0115266087310999), ('MS4A1', 1.7065838178070547), ('CD74', 1.0527512071173144), ('FTH1', 0.0346156759546044), ('CD63', 0.0175474459974537), ('CCL5', 0.0890410325335519), ('IFNGR1', 0.1086627956683654)]",3815
IRF4,transfac_pro__M00772,0.11039027009767638,3.208717366422302,0.0,1.0,gene is directly annotated,"frozenset({'top50perTarget', 'hg38__refseq-r80__500bp_up_and_100bp_down_tss.mc9nr.genes_vs_motifs.rankings', 'activating'})","[('ICAM1', 0.6338167953671242), ('CD37', 0.4776483477191633), ('IRF4', 1.0), ('BCL2A1', 0.0436478961180722), ('IKZF1', 0.1292254202104535), ('IL7R', 0.0096408813682698), ('RGS1', 0.6128354644518212), ('JCHAIN', 11.50644613648733), ('SELL', 0.1074355730599874), ('CD63', 0.0175474459974537), ('CD247', 0.0510189204201258), ('ITGAM', 0.0607183588466763), ('IFNGR1', 0.1086627956683654), ('LAIR2', 0.2936227479943946), ('PIK3AP1', 0.563578220577112), ('SELPLG', 0.2728919975583357), ('LAMP1', 0.1378302113151548), ('PDIA6', 0.4634578764904513), ('HLA-DMA', 0.8768078648102325), ('CCL5', 0.0890410325335519)]",3303
IRF4,dbcorrdb__PAX5__ENCSR000BHJ_1__m2,0.1128430646870147,3.3179179894657698,0.0,1.0,motif similar to factorbook__PU1 ('PU1'; q-value = 6.12e-08) which is directly annotated,"frozenset({'top50perTarget', 'hg38__refseq-r80__500bp_up_and_100bp_down_tss.mc9nr.genes_vs_motifs.rankings', 'activating'})","[('RGS1', 0.6128354644518212), ('IFNG', 0.0542626926717957), ('GZMB', 3.3312372634739176), ('JCHAIN', 11.50644613648733), ('IL7R', 0.0096408813682698), ('SELPLG', 0.2728919975583357), ('FOSB', 1.1824312050006116), ('KLRB1', 0.0020047929091122), ('CD3G', 0.0115266087310999), ('GNLY', 0.0683615966455161), ('SELL', 0.1074355730599874), ('FTH1', 0.0346156759546044), ('TXK', 0.0332963688409211), ('HLA-DRA', 1.1373712538839622), ('ITGAM', 0.0607183588466763)]",2517
IRF4,transfac_pro__M01172,0.11679075775387876,3.493672838387802,0.0,1.0,motif similar to factorbook__PU1 ('PU1'; q-value = 4.4e-07) which is directly annotated,"frozenset({'top50perTarget', 'hg38__refseq-r80__500bp_up_and_100bp_down_tss.mc9nr.genes_vs_motifs.rankings', 'activating'})","[('IKZF1', 0.1292254202104535), ('IL7R', 0.0096408813682698), ('IL2RB', 0.0378639219633385), ('CD4', 7.796239954439715), ('CD247', 0.0510189204201258), ('ICAM1', 0.6338167953671242), ('LAIR2', 0.2936227479943946), ('GZMA', 0.0450140750948232), ('SELL', 0.1074355730599874), ('MS4A1', 1.7065838178070547), ('FTH1', 0.0346156759546044), ('BCL2A1', 0.0436478961180722), ('CD37', 0.4776483477191633), ('CD63', 0.0175474459974537), ('TXK', 0.0332963688409211), ('CD74', 1.0527512071173144), ('HLA-DRA', 1.1373712538839622), ('SELPLG', 0.2728919975583357), ('RPN2', 0.2200451127774072)]",3899
IRF4,cisbp__M6484,0.10798101624069317,3.1014552159772384,0.0,1.0,gene is annotated for similar motif factorbook__PU1 ('PU1'; q-value = 1.03e-10),"frozenset({'top50perTarget', 'hg38__refseq-r80__500bp_up_and_100bp_down_tss.mc9nr.genes_vs_motifs.rankings', 'activating'})","[('MS4A1', 1.7065838178070547), ('GZMA', 0.0450140750948232), ('CD74', 1.0527512071173144), ('TXK', 0.0332963688409211), ('TRIB2', 0.104644344207262), ('FOSB', 1.1824312050006116), ('SELL', 0.1074355730599874), ('CD247', 0.0510189204201258), ('BCL2A1', 0.0436478961180722), ('PDIA6', 0.4634578764904513), ('CD4', 7.796239954439715), ('SELPLG', 0.2728919975583357), ('IKZF1', 0.1292254202104535), ('TCL1A', 0.4833377508277595), ('IRF4', 1.0), ('PIK3AP1', 0.563578220577112), ('RGS1', 0.6128354644518212), ('IFNG', 0.0542626926717957), ('CD3G', 0.0115266087310999)]",3729
IRF4,hocomoco__IRF8_HUMAN.H11MO.0.B,0.117124570035268,3.5085344616422383,0.0,1.0,gene is annotated for similar motif hocomoco__IRF4_HUMAN.H11MO.0.A ('IRF4_HUMAN'; q-value = 7.93e-17),"frozenset({'top50perTarget', 'hg38__refseq-r80__500bp_up_and_100bp_down_tss.mc9nr.genes_vs_motifs.rankings', 'activating'})","[('IKZF1', 0.1292254202104535), ('BCL2A1', 0.0436478961180722), ('IL2RB', 0.0378639219633385), ('FCER1G', 0.6669796786042658), ('CD247', 0.0510189204201258), ('PIK3AP1', 0.563578220577112), ('PRF1', 0.2385631091397126), ('GZMB', 3.3312372634739176), ('ICAM1', 0.6338167953671242), ('CD63', 0.0175474459974537), ('CD37', 0.4776483477191633), ('IL7R', 0.0096408813682698), ('MS4A1', 1.7065838178070547), ('ITGAM', 0.0607183588466763), ('CD4', 7.796239954439715), ('CD3E', 0.0236370261706532)]",2044
IRF4,dbcorrdb__EP300__ENCSR000DZG_1__m1,0.11256730671543229,3.30564099634254,0.0,1.0,motif similar to hocomoco__IRF4_HUMAN.H11MO.0.A ('IRF4_HUMAN'; q-value = 1.02e-14) which is directly annotated,"frozenset({'top50perTarget', 'hg38__refseq-r80__500bp_up_and_100bp_down_tss.mc9nr.genes_vs_motifs.rankings', 'activating'})","[('RGS1', 0.6128354644518212), ('GZMB', 3.3312372634739176), ('SELPLG', 0.2728919975583357), ('PRF1', 0.2385631091397126), ('IFNG', 0.0542626926717957), ('GNLY', 0.0683615966455161), ('GZMA', 0.0450140750948232), ('IL7R', 0.0096408813682698), ('FCER1G', 0.6669796786042658), ('KLRB1', 0.0020047929091122), ('TXK', 0.0332963688409211), ('CD63', 0.0175474459974537), ('CD4', 7.796239954439715)]",1035
IRF4,dbcorrdb__STAT3__ENCSR000DZV_1__m1,0.12943208371431475,4.056476049457985,0.0,1.0,motif similar to hocomoco__IRF4_HUMAN.H11MO.0.A ('IRF4_HUMAN'; q-value = 8.31e-09) which is directly annotated,"frozenset({'top50perTarget', 'hg38__refseq-r80__500bp_up_and_100bp_down_tss.mc9nr.genes_vs_motifs.rankings', 'activating'})","[('RGS1', 0.6128354644518212), ('GZMB', 3.3312372634739176), ('IFNG', 0.0542626926717957), ('PRF1', 0.2385631091397126), ('SELPLG', 0.2728919975583357), ('IL7R', 0.0096408813682698), ('FCER1G', 0.6669796786042658), ('CD63', 0.0175474459974537), ('GNLY', 0.0683615966455161), ('GZMA', 0.0450140750948232), ('SELL', 0.1074355730599874), ('JCHAIN', 11.50644613648733)]",1169
IRF4,hocomoco__IRF4_HUMAN.H11MO.0.A,0.11597799741658321,3.4574880165509128,0.0,1.0,gene is directly annotated,"frozenset({'top50perTarget', 'hg38__refseq-r80__500bp_up_and_100bp_down_tss.mc9nr.genes_vs_motifs.rankings', 'activating'})","[('IL7R', 0.0096408813682698), ('GZMA', 0.0450140750948232), ('RGS1', 0.6128354644518212), ('FCER1G', 0.6669796786042658), ('TXK', 0.0332963688409211), ('IFNG', 0.0542626926717957), ('SELPLG', 0.2728919975583357), ('CD63', 0.0175474459974537), ('GZMB', 3.3312372634739176), ('SELL', 0.1074355730599874), ('JCHAIN', 11.50644613648733), ('IKZF1', 0.1292254202104535), ('KLRB1', 0.0020047929091122), ('FTH1', 0.0346156759546044), ('KLRF1', 0.0039333658458187), ('CD37', 0.4776483477191633), ('FOSB', 1.1824312050006116), ('BAX', 0.2169157686466808), ('PDIA6', 0.4634578764904513), ('IFNGR1', 0.1086627956683654), ('TRIB2', 0.104644344207262)]",3686
IRF8,dbcorrdb__TBL1XR1__ENCSR000DYZ_1__m1,0.12230739314255605,3.5807763559750767,0.0,1.0,motif similar to hocomoco__IRF8_HUMAN.H11MO.0.B ('IRF8_HUMAN'; q-value = 7.51e-08) which is directly annotated,"frozenset({'top50perTarget', 'hg38__refseq-r80__500bp_up_and_100bp_down_tss.mc9nr.genes_vs_motifs.rankings', 'activating'})","[('IFNG', 3.4360099113039304), ('RGS1', 0.297169803964077), ('ITGAX', 3.147918254423523), ('FCER1G', 1.7437501722358624), ('CCL3', 1.455803302462535), ('KLRB1', 0.8514295468458268), ('RORA', 0.1077085407543244), ('CCR7', 0.0542511175135931), ('CD69', 1.0587245878591551), ('TCF4', 15.254893808136444), ('TNF', 0.8252060642263412), ('GZMB', 4.643493485131802), ('SELPLG', 0.4335327825880979), ('IFNGR1', 3.1723854969774763), ('CD4', 2.228887856191343), ('FOSB', 3.726041499325771), ('CASP5', 0.3558690508990266), ('RNASE2', 4.061894605636832), ('CCL20', 1.5467354300087754), ('TXK', 0.0338690844041308), ('CD3G', 0.0680677402055713), ('TCL1A', 1.7686373114551217), ('CXCR4', 0.8944342100765471), ('FCGR3A', 1.6177806490061135)]",3462
IRF8,hocomoco__IRF8_HUMAN.H11MO.0.B,0.11826769875421847,3.3955002364094384,0.0,1.0,gene is directly annotated,"frozenset({'top50perTarget', 'hg38__refseq-r80__500bp_up_and_100bp_down_tss.mc9nr.genes_vs_motifs.rankings', 'activating'})","[('GZMB', 4.643493485131802), ('RGS1', 0.297169803964077), ('SELPLG', 0.4335327825880979), ('CCL3', 1.455803302462535), ('IFNG', 3.4360099113039304), ('CCR7', 0.0542511175135931), ('FCER1G', 1.7437501722358624), ('RORA', 0.1077085407543244), ('TXK', 0.0338690844041308), ('ITGAX', 3.147918254423523), ('RNASE2', 4.061894605636832), ('KLRB1', 0.8514295468458268), ('CCL20', 1.5467354300087754), ('TCF4', 15.254893808136444), ('CD69', 1.0587245878591551), ('IFNGR1', 3.1723854969774763)]",1629
IRF8,hocomoco__IRF4_HUMAN.H11MO.0.A,0.11047685957671029,3.038182005818565,0.0,1.0,motif similar to hocomoco__IRF8_HUMAN.H11MO.0.B ('IRF8_HUMAN'; q-value = 7.93e-17) which is directly annotated,"frozenset({'top50perTarget', 'hg38__refseq-r80__500bp_up_and_100bp_down_tss.mc9nr.genes_vs_motifs.rankings', 'activating'})","[('CCL3', 1.455803302462535), ('SELL', 0.1020423763093975), ('FCER1G', 1.7437501722358624), ('STAT3', 0.1149569338169958), ('RGS1', 0.297169803964077), ('ITGAX', 3.147918254423523), ('TXK', 0.0338690844041308), ('RNASE2', 4.061894605636832), ('CD4', 2.228887856191343), ('CCR7', 0.0542511175135931), ('IFNG', 3.4360099113039304), ('RORA', 0.1077085407543244), ('TNF', 0.8252060642263412), ('KLRB1', 0.8514295468458268), ('CD69', 1.0587245878591551), ('KIR2DL1', 1.2927975257092663), ('IL1RN', 0.9805374092009196), ('CXCR4', 0.8944342100765471), ('SELPLG', 0.4335327825880979), ('STAT4', 1.7728088232762562), ('NINJ2', 0.6970872643376612), ('HLA-DRA', 1.9735119835113235)]",2838
JUN,dbcorrdb__STAT3__ENCSR000DOQ_1__m2,0.13329157888743381,3.123929266990806,0.000759,1.0,gene is annotated for similar motif jaspar__MA0489.1 ('JUN(var.2)'; q-value = 0.000759),"frozenset({'top50perTarget', 'hg38__refseq-r80__500bp_up_and_100bp_down_tss.mc9nr.genes_vs_motifs.rankings', 'activating'})","[('BIRC3', 2.222933757885588), ('CXCL5', 1.1589340254167226), ('CD69', 5.097395061742794), ('CCL5', 1.2778005711814258), ('FAM65B', 2.134133583847081), ('ADA', 2.249671779355988), ('CASP5', 1.8471258084875135), ('TBX21', 0.7507872947400774), ('RGS1', 10.22198253660172), ('CD63', 1.03839629944796), ('EGR3', 0.6262683178493476), ('EGR1', 4.716845546349888), ('STAT5A', 4.500617518447674), ('IL18', 1.1184482803239402), ('TRAT1', 0.4109462951719186), ('IL32', 1.2004819140063077)]",1723
JUN,dbcorrdb__ATF1__ENCSR000DNZ_1__m2,0.13259408984797585,3.097692619070155,0.00035,1.0,"gene is annotated for similar motif dbcorrdb__JUN__ENCSR000EFS_1__m1 ('JUN (ENCSR000EFS-1, motif 1)'; q-value = 0.00035)","frozenset({'top50perTarget', 'hg38__refseq-r80__500bp_up_and_100bp_down_tss.mc9nr.genes_vs_motifs.rankings', 'activating'})","[('BIRC3', 2.222933757885588), ('CXCL5', 1.1589340254167226), ('CCL5', 1.2778005711814258), ('CD69', 5.097395061742794), ('CD63', 1.03839629944796), ('RGS1', 10.22198253660172), ('FAM65B', 2.134133583847081), ('CASP5', 1.8471258084875135)]",342
JUN,cisbp__M0269,0.1355690941183169,3.209599954078644,0.000316,1.0,motif similar to taipale_cyt_meth__JUN_NATGACGTCAYN_FL ('JUN [bZIP]'; q-value = 0.000316) which is directly annotated,"frozenset({'top50perTarget', 'hg38__refseq-r80__500bp_up_and_100bp_down_tss.mc9nr.genes_vs_motifs.rankings', 'activating'})","[('DUSP1', 4.496651575044924), ('BACH2', 2.49749157664123), ('BAX', 1.8003214020601916), ('LAMP1', 2.289344100246005), ('FOSB', 25.19522169227828)]",149
JUN,taipale_cyt_meth__CREM_NRTGACGTCAYN_eDBD,0.1335762682912942,3.134638102876786,0.000181,1.0,motif similar to swissregulon__hs__JUN.p2 ('hs__JUN.p2'; q-value = 0.000181) which is directly annotated,"frozenset({'top50perTarget', 'hg38__refseq-r80__500bp_up_and_100bp_down_tss.mc9nr.genes_vs_motifs.rankings', 'activating'})","[('CD36', 0.691997333129158), ('CD28', 1.35669317651925), ('RGS1', 10.22198253660172), ('FCER1G', 0.5495483085973939), ('BIRC3', 2.222933757885588), ('TBX21', 0.7507872947400774), ('CD69', 5.097395061742794), ('GZMA', 1.8354270653343576), ('CD63', 1.03839629944796), ('JUN', 1.0), ('IFNGR1', 4.032493652646585), ('LEF1', 3.0475529569970115), ('CNOT2', 2.4435991462777693), ('FOSB', 25.19522169227828), ('CASP5', 1.8471258084875135), ('TRAT1', 0.4109462951719186), ('CST7', 1.407338651794651), ('STAT5A', 4.500617518447674), ('DOCK8', 2.4116834411463843), ('CD37', 1.2563062781079046), ('FAM65B', 2.134133583847081)]",3575
JUN,cisbp__M0346,0.13612423845584468,3.2304821840563047,5.4e-05,1.0,"motif similar to cisbp__M4557 ('JUN[gene ID: ""ENSG00000177606"" species: ""Homo sapiens"" TF status: ""direct"" TF family: ""bZIP"" DBDs: ""bZIP_1""]'; q-value = 5.41e-05) which is directly annotated","frozenset({'top50perTarget', 'hg38__refseq-r80__500bp_up_and_100bp_down_tss.mc9nr.genes_vs_motifs.rankings', 'activating'})","[('LAMP1', 2.289344100246005), ('DUSP1', 4.496651575044924), ('BAX', 1.8003214020601916), ('EGR3', 0.6262683178493476), ('BACH2', 2.49749157664123), ('CNOT2', 2.4435991462777693), ('CD63', 1.03839629944796)]",395
JUNB,taipale_cyt_meth__CREB1_NRTGACGTCAYN_eDBD,0.14425212093605877,3.2137034765583326,0.000404,1.0,gene is annotated for similar motif transfac_pro__M08921 ('V$JUNBFOSB_02: JUNB:FOSB'; q-value = 0.000404),"frozenset({'top50perTarget', 'hg38__refseq-r80__500bp_up_and_100bp_down_tss.mc9nr.genes_vs_motifs.rankings', 'activating'})","[('EGR3', 0.5820185140038524), ('JUN', 4.172183500914485), ('FOXP1', 2.3297113780042955), ('EGR1', 5.241951660171043), ('SELL', 2.402324136922572), ('FOSB', 26.95182739384448), ('BACH2', 1.35258088044004), ('RORA', 1.2533028283065089), ('DUSP1', 5.755738647487208), ('MYC', 3.55401118482114), ('KIAA0101', 0.0269401125099336), ('IL18RAP', 0.107857226457727), ('CBLB', 1.580444215039983)]",1390
JUNB,cisbp__M0269,0.15297785116437967,3.51621462745901,0.000316,1.0,motif similar to transfac_pro__M08945 ('V$JUNBFOS_03: JUNB:C-FOS'; q-value = 0.000316) which is directly annotated,"frozenset({'top50perTarget', 'hg38__refseq-r80__500bp_up_and_100bp_down_tss.mc9nr.genes_vs_motifs.rankings', 'activating'})","[('DUSP1', 5.755738647487208), ('BACH2', 1.35258088044004), ('BAX', 3.667085245346851), ('LAMP1', 2.665818093261493), ('FOSB', 26.95182739384448), ('FOXP1', 2.3297113780042955), ('EGR1', 5.241951660171043), ('MCM2', 0.1025121103754181), ('IFNGR1', 1.132903126120285), ('JUN', 4.172183500914485), ('EGR3', 0.5820185140038524)]",793
JUNB,jaspar__MA0018.2,0.14312759779081022,3.1747175370458467,0.000195,1.0,gene is annotated for similar motif transfac_pro__M08921 ('V$JUNBFOSB_02: JUNB:FOSB'; q-value = 0.000195),"frozenset({'top50perTarget', 'hg38__refseq-r80__500bp_up_and_100bp_down_tss.mc9nr.genes_vs_motifs.rankings', 'activating'})","[('EGR1', 5.241951660171043), ('SELL', 2.402324136922572), ('FOXP1', 2.3297113780042955), ('FOSB', 26.95182739384448), ('EGR3', 0.5820185140038524), ('MYC', 3.55401118482114), ('RORA', 1.2533028283065089), ('BACH2', 1.35258088044004), ('LEF1', 5.944317802560026), ('CBLB', 1.580444215039983), ('DUSP2', 2.578312594950048)]",1010
JUNB,transfac_pro__M01186,0.14255821898308946,3.154977820836994,0.000166,1.0,motif similar to taipale_cyt_meth__JUNB_NATGACGTCAYN_eDBD_repr ('JUNB [bZIP]'; q-value = 0.000166) which is directly annotated,"frozenset({'top50perTarget', 'hg38__refseq-r80__500bp_up_and_100bp_down_tss.mc9nr.genes_vs_motifs.rankings', 'activating'})","[('DUSP1', 5.755738647487208), ('FOSB', 26.95182739384448), ('JUN', 4.172183500914485), ('BACH2', 1.35258088044004), ('FOXP1', 2.3297113780042955), ('EGR3', 0.5820185140038524), ('BAX', 3.667085245346851), ('LAMP1', 2.665818093261493)]",475
JUNB,cisbp__M0346,0.14593178841883506,3.27193563937445,5.4e-05,1.0,motif similar to factorbook__v-JUN ('v-JUN'; q-value = 5.41e-05) which is directly annotated,"frozenset({'top50perTarget', 'hg38__refseq-r80__500bp_up_and_100bp_down_tss.mc9nr.genes_vs_motifs.rankings', 'activating'})","[('EGR3', 0.5820185140038524), ('DUSP1', 5.755738647487208), ('LAMP1', 2.665818093261493), ('BAX', 3.667085245346851), ('JUN', 4.172183500914485), ('FOSB', 26.95182739384448), ('FOXP1', 2.3297113780042955), ('EGR1', 5.241951660171043), ('BACH2', 1.35258088044004), ('IFNGR1', 1.132903126120285)]",612
JUNB,taipale_cyt_meth__CREM_NRTGACGTCAYN_eDBD,0.15904173546660594,3.7264426050832973,4.8e-05,1.0,motif similar to transfac_pro__M08921 ('V$JUNBFOSB_02: JUNB:FOSB'; q-value = 4.84e-05) which is directly annotated,"frozenset({'top50perTarget', 'hg38__refseq-r80__500bp_up_and_100bp_down_tss.mc9nr.genes_vs_motifs.rankings', 'activating'})","[('DUSP1', 5.755738647487208), ('BACH2', 1.35258088044004), ('FOSB', 26.95182739384448), ('MCM2', 0.1025121103754181), ('EGR3', 0.5820185140038524), ('JUN', 4.172183500914485), ('BAX', 3.667085245346851), ('FOXP1', 2.3297113780042955), ('EGR1', 5.241951660171043), ('LAMP1', 2.665818093261493), ('JUNB', 1.0), ('ZBTB16', 0.5149459329456282), ('CBLB', 1.580444215039983), ('IFNGR1', 1.132903126120285), ('LAP3', 1.4253584377634827), ('PTPRC', 4.198650078593467), ('IL32', 2.311695758529607), ('RORA', 1.2533028283065089)]",2563
JUNB,taipale_cyt_meth__CREB3L4_NRTGACGTCAYN_eDBD,0.1454478164322724,3.255156880596924,1.6e-05,1.0,gene is annotated for similar motif transfac_pro__M08924 ('V$JUNBFRA2_02: JUNB:FRA-2'; q-value = 1.57e-05),"frozenset({'top50perTarget', 'hg38__refseq-r80__500bp_up_and_100bp_down_tss.mc9nr.genes_vs_motifs.rankings', 'activating'})","[('RORA', 1.2533028283065089), ('ZBTB16', 0.5149459329456282), ('JUNB', 1.0), ('FOXP1', 2.3297113780042955), ('SELL', 2.402324136922572), ('BACH2', 1.35258088044004), ('MYC', 3.55401118482114), ('EGR3', 0.5820185140038524), ('FOSB', 26.95182739384448), ('EGR1', 5.241951660171043), ('FAM65B', 0.9266004602327332), ('IL23R', 4.239612406320919), ('DUSP1', 5.755738647487208)]",1051
JUNB,cisbp__M0361,0.16117690599555884,3.800466540866497,1.3e-05,1.0,motif similar to transfac_pro__M08927 ('V$JUNB_03: JUNB'; q-value = 1.3e-05) which is directly annotated,"frozenset({'top50perTarget', 'hg38__refseq-r80__500bp_up_and_100bp_down_tss.mc9nr.genes_vs_motifs.rankings', 'activating'})","[('FOXP1', 2.3297113780042955), ('BACH2', 1.35258088044004), ('JUNB', 1.0), ('RORA', 1.2533028283065089), ('ZBTB16', 0.5149459329456282), ('MYC', 3.55401118482114), ('SELL', 2.402324136922572), ('EGR3', 0.5820185140038524), ('CD2', 1.349962091566316), ('FAM65B', 0.9266004602327332), ('FOSB', 26.95182739384448), ('KIT', 0.0525430577736647), ('KIAA0101', 0.0269401125099336)]",1355
JUNB,taipale_cyt_meth__XBP1_NRTGACGTCAYN_FL,0.13824517451460458,3.00544947055493,1e-06,1.0,motif similar to taipale_cyt_meth__JUNB_NATGACGTCAYN_eDBD_repr ('JUNB [bZIP]'; q-value = 1.32e-06) which is directly annotated,"frozenset({'top50perTarget', 'hg38__refseq-r80__500bp_up_and_100bp_down_tss.mc9nr.genes_vs_motifs.rankings', 'activating'})","[('EGR1', 5.241951660171043), ('RORA', 1.2533028283065089), ('FOSB', 26.95182739384448), ('FOXP1', 2.3297113780042955), ('JUN', 4.172183500914485), ('EGR3', 0.5820185140038524), ('LEF1', 5.944317802560026), ('SELL', 2.402324136922572), ('BAX', 3.667085245346851), ('IL18RAP', 0.107857226457727), ('CBLB', 1.580444215039983), ('ICAM1', 0.2879781040345837), ('DUSP2', 2.578312594950048), ('FYB', 2.4832112727526567), ('PTPRC', 4.198650078593467), ('ZBTB16', 0.5149459329456282), ('GZMK', 0.1582335199301822)]",2514
MYC,dbcorrdb__ATF3__ENCSR000BKE_1__m1,0.16135152886229293,3.9461484987666333,1e-06,1.0,"gene is annotated for similar motif dbcorrdb__MYC__ENCSR000DLZ_1__m1 ('MYC (ENCSR000DLZ-1, motif 1)'; q-value = 5.61e-07)","frozenset({'top50perTarget', 'hg38__refseq-r80__500bp_up_and_100bp_down_tss.mc9nr.genes_vs_motifs.rankings', 'activating'})","[('SELL', 2.0408028628720523), ('FOXP1', 0.980678339291446), ('VEGFA', 0.4662203181696948), ('CCND2', 0.8891218358965267), ('FOSB', 7.802748850498327), ('EGR3', 1.8973272801947028), ('TRIB2', 1.9922205978293897), ('IKZF1', 0.6035256518215218), ('ARL4C', 0.672851631872843), ('DUSP1', 0.2741448179017302), ('IRF8', 0.1805584941651169), ('JUN', 2.0092581749730782), ('CD9', 17.668216475170944), ('JUNB', 2.1258968142070107), ('CNOT2', 0.5833356534128584), ('ADA', 1.843451049601472), ('EGR1', 2.5041282228257256), ('CD63', 0.3307959413807357), ('PDIA6', 2.89308750344521), ('LEF1', 3.848866209634302)]",1432
MYC,dbcorrdb__ATF3__ENCSR000BKC_1__m1,0.14501516873260287,3.331552666945825,0.0,1.0,"gene is annotated for similar motif dbcorrdb__MYC__ENCSR000EGS_1__m1 ('MYC (ENCSR000EGS-1, motif 1)'; q-value = 1.08e-07)","frozenset({'top50perTarget', 'hg38__refseq-r80__500bp_up_and_100bp_down_tss.mc9nr.genes_vs_motifs.rankings', 'activating'})","[('FOXP1', 0.980678339291446), ('EGR1', 2.5041282228257256), ('CNOT2', 0.5833356534128584), ('TRIB2', 1.9922205978293897), ('FOSB', 7.802748850498327), ('MYC', 1.0), ('ARL4C', 0.672851631872843), ('SELL', 2.0408028628720523), ('ADA', 1.843451049601472), ('VEGFA', 0.4662203181696948), ('EGR3', 1.8973272801947028), ('IKZF1', 0.6035256518215218), ('IRF8', 0.1805584941651169), ('LEF1', 3.848866209634302), ('GAPDH', 2.670793533039198)]",788
MYC,dbcorrdb__MYC__ENCSR000DOM_1__m3,0.13729006161320254,3.040923750941219,0.0,1.0,gene is directly annotated,"frozenset({'top50perTarget', 'hg38__refseq-r80__500bp_up_and_100bp_down_tss.mc9nr.genes_vs_motifs.rankings', 'activating'})","[('FOXP1', 0.980678339291446), ('EGR1', 2.5041282228257256), ('TRIB2', 1.9922205978293897), ('FOSB', 7.802748850498327), ('SELL', 2.0408028628720523), ('MYC', 1.0), ('CNOT2', 0.5833356534128584), ('VEGFA', 0.4662203181696948), ('ARL4C', 0.672851631872843), ('EGR3', 1.8973272801947028), ('ADA', 1.843451049601472), ('IKZF1', 0.6035256518215218), ('LEF1', 3.848866209634302), ('GAPDH', 2.670793533039198), ('IRF8', 0.1805584941651169), ('CD9', 17.668216475170944), ('CD63', 0.3307959413807357)]",966
PAX5,homer__AGAGGAAGTG_PU.1,0.14599207558671137,3.3457668765132684,0.000207,1.0,"gene is annotated for similar motif dbcorrdb__PAX5__ENCSR000BHJ_1__m2 ('PAX5 (ENCSR000BHJ-1, motif 2)'; q-value = 0.000207)","frozenset({'top50perTarget', 'hg38__refseq-r80__500bp_up_and_100bp_down_tss.mc9nr.genes_vs_motifs.rankings', 'activating'})","[('HLA-DQB1', 4.5401943251978), ('CD74', 7.316501843352915), ('HLA-DPA1', 4.483759717617293)]",469
PAX5,dbcorrdb__STAT3__ENCSR000DZV_1__m1,0.24186876823268166,6.170592886701524,7.9e-05,1.0,"motif similar to dbcorrdb__PAX5__ENCSR000BHJ_1__m2 ('PAX5 (ENCSR000BHJ-1, motif 2)'; q-value = 7.9e-05) which is directly annotated","frozenset({'top50perTarget', 'hg38__refseq-r80__500bp_up_and_100bp_down_tss.mc9nr.genes_vs_motifs.rankings', 'activating'})","[('POU2AF1', 15.678023312639828), ('LYN', 3.008382352156067), ('EGR1', 0.0048050389163295)]",190
PAX5,dbcorrdb__TBL1XR1__ENCSR000DYZ_1__m1,0.18034571341489963,4.35793205455075,2.4e-05,1.0,"gene is annotated for similar motif dbcorrdb__PAX5__ENCSR000BHJ_1__m2 ('PAX5 (ENCSR000BHJ-1, motif 2)'; q-value = 2.41e-05)","frozenset({'top50perTarget', 'hg38__refseq-r80__500bp_up_and_100bp_down_tss.mc9nr.genes_vs_motifs.rankings', 'activating'})","[('CCR7', 0.0089044991298462), ('HLA-DQB1', 4.5401943251978), ('CD22', 8.564556011911867)]",338
PAX5,cisbp__M4489,0.18038925414725476,4.35921490015029,2e-06,1.0,"gene is annotated for similar motif dbcorrdb__PAX5__ENCSR000BHJ_1__m2 ('PAX5 (ENCSR000BHJ-1, motif 2)'; q-value = 1.72e-06)","frozenset({'top50perTarget', 'hg38__refseq-r80__500bp_up_and_100bp_down_tss.mc9nr.genes_vs_motifs.rankings', 'activating'})","[('IL23R', 0.00388597231923), ('CD48', 0.0450368269964571), ('POU2AF1', 15.678023312639828), ('CCR7', 0.0089044991298462)]",1093
PAX5,factorbook__PU1,0.1991117690599556,4.91083850795272,0.0,1.0,"gene is annotated for similar motif dbcorrdb__PAX5__ENCSR000BHJ_1__m2 ('PAX5 (ENCSR000BHJ-1, motif 2)'; q-value = 6.12e-08)","frozenset({'top50perTarget', 'hg38__refseq-r80__500bp_up_and_100bp_down_tss.mc9nr.genes_vs_motifs.rankings', 'activating'})","[('CD74', 7.316501843352915), ('HLA-DQB1', 4.5401943251978), ('EGR1', 0.0048050389163295), ('PTPRC', 0.0093030578980687), ('DUSP2', 0.0059353845027215), ('LYN', 3.008382352156067), ('CCR7', 0.0089044991298462), ('MS4A1', 12.932971432259638)]",3770
PAX5,dbcorrdb__PAX5__ENCSR000BHJ_1__m2,0.21073714459877216,5.2533582830300425,0.0,1.0,gene is directly annotated,"frozenset({'top50perTarget', 'hg38__refseq-r80__500bp_up_and_100bp_down_tss.mc9nr.genes_vs_motifs.rankings', 'activating'})","[('EGR1', 0.0048050389163295), ('PAX5', 1.0), ('MS4A1', 12.932971432259638)]",483
PAX5,dbcorrdb__EP300__ENCSR000DZG_1__m1,0.16131841337571298,3.797328527551536,0.0,1.0,"motif similar to dbcorrdb__PAX5__ENCSR000BHJ_1__m2 ('PAX5 (ENCSR000BHJ-1, motif 2)'; q-value = 1.09e-07) which is directly annotated","frozenset({'top50perTarget', 'hg38__refseq-r80__500bp_up_and_100bp_down_tss.mc9nr.genes_vs_motifs.rankings', 'activating'})","[('PTPRC', 0.0093030578980687), ('MS4A1', 12.932971432259638), ('EGR1', 0.0048050389163295), ('CCR7', 0.0089044991298462), ('LYN', 3.008382352156067)]",923
PAX5,hocomoco__IRF4_HUMAN.H11MO.0.A,0.144381068489572,3.2983015893302685,0.0,1.0,"gene is annotated for similar motif dbcorrdb__PAX5__ENCSR000BHJ_1__m2 ('PAX5 (ENCSR000BHJ-1, motif 2)'; q-value = 9.33e-08)","frozenset({'top50perTarget', 'hg38__refseq-r80__500bp_up_and_100bp_down_tss.mc9nr.genes_vs_motifs.rankings', 'activating'})","[('MS4A1', 12.932971432259638), ('PAX5', 1.0)]",109
PRDM1,hocomoco__IRF4_HUMAN.H11MO.0.A,0.09887262996071286,3.2331598258172454,0.000889,1.0,motif similar to transfac_pro__M07314 ('V$BLIMP1_Q4: Blimp-1'; q-value = 0.000889) which is directly annotated,"frozenset({'top50perTarget', 'hg38__refseq-r80__500bp_up_and_100bp_down_tss.mc9nr.genes_vs_motifs.rankings', 'activating'})","[('PIK3AP1', 0.5515858494521948), ('CD86', 10.26189586019786), ('BCL2A1', 5.9094048004141015), ('CD2', 0.0332217801024872), ('PIK3IP1', 0.0025258538077251), ('CD74', 0.999913464516904), ('IL1B', 2.822658684291884), ('PRDM1', 1.0), ('CD14', 4.163542048767112), ('S100A9', 6.980199366144781), ('IL23R', 0.008025022451211), ('IL7R', 0.0062303558404869), ('ICOS', 0.066153070203476)]",1261
PRDM1,dbcorrdb__FOXM1__ENCSR000BRU_1__m3,0.11750555144337528,4.079146706178939,0.000625,1.0,motif similar to hocomoco__PRDM1_HUMAN.H11MO.0.A ('PRDM1_HUMAN'; q-value = 0.000625) which is directly annotated,"frozenset({'top50perTarget', 'hg38__refseq-r80__500bp_up_and_100bp_down_tss.mc9nr.genes_vs_motifs.rankings', 'activating'})","[('AQP9', 8.075275439496279), ('FYN', 0.0425044521895956), ('S100A9', 6.980199366144781), ('FAM65B', 0.0369740690267168), ('IL1B', 2.822658684291884), ('GAPDH', 0.7568925992769153), ('KLRC1', 0.080359518098578), ('S100A12', 5.461367431352686), ('FCN1', 8.078429514361677)]",1050
PRDM1,dbcorrdb__SPI1__ENCSR000BGQ_1__m1,0.11470136081535046,3.9518285889663693,0.000418,1.0,"motif similar to dbcorrdb__PRDM1__ENCSR000ECY_1__m1 ('PRDM1 (ENCSR000ECY-1, motif 1)'; q-value = 0.000418) which is directly annotated","frozenset({'top50perTarget', 'hg38__refseq-r80__500bp_up_and_100bp_down_tss.mc9nr.genes_vs_motifs.rankings', 'activating'})","[('AQP9', 8.075275439496279), ('FYN', 0.0425044521895956), ('S100A9', 6.980199366144781), ('IL1B', 2.822658684291884), ('KLRC1', 0.080359518098578), ('GAPDH', 0.7568925992769153), ('FAM65B', 0.0369740690267168), ('S100A12', 5.461367431352686)]",1039
PRDM1,cisbp__M6310,0.11193987359790468,3.8264493263306405,0.000361,1.0,"motif similar to dbcorrdb__PRDM1__ENCSR000ECY_1__m1 ('PRDM1 (ENCSR000ECY-1, motif 1)'; q-value = 0.000361) which is directly annotated","frozenset({'top50perTarget', 'hg38__refseq-r80__500bp_up_and_100bp_down_tss.mc9nr.genes_vs_motifs.rankings', 'activating'})","[('CD86', 10.26189586019786), ('CCL5', 0.2330388359654135), ('FAM65B', 0.0369740690267168), ('CD74', 0.999913464516904), ('IL23R', 0.008025022451211), ('S100A9', 6.980199366144781), ('CXCL8', 6.704933325213734), ('IL1B', 2.822658684291884)]",981
PRDM1,cisbp__M4489,0.1337328474634174,4.815911445378579,0.000341,1.0,gene is annotated for similar motif transfac_pro__M01066 ('V$BLIMP1_Q6: Blimp-1'; q-value = 0.000341),"frozenset({'top50perTarget', 'hg38__refseq-r80__500bp_up_and_100bp_down_tss.mc9nr.genes_vs_motifs.rankings', 'activating'})","[('CD86', 10.26189586019786), ('CCL5', 0.2330388359654135), ('CD74', 0.999913464516904), ('S100A9', 6.980199366144781), ('FAM65B', 0.0369740690267168), ('IL23R', 0.008025022451211)]",394
RUNX3,dbcorrdb__BCL11A__ENCSR000BHA_1__m2,0.1355585010242198,3.8248166495641085,0.000684,1.0,"gene is annotated for similar motif dbcorrdb__RUNX3__ENCSR000BRI_1__m1 ('RUNX3 (ENCSR000BRI-1, motif 1)'; q-value = 0.000684)","frozenset({'top50perTarget', 'hg38__refseq-r80__500bp_up_and_100bp_down_tss.mc9nr.genes_vs_motifs.rankings', 'activating'})","[('BTG1', 20.91471765839055), ('CD27', 4.936857426283583), ('TCF4', 0.7361647144361116), ('CCL4', 7.532410443440303), ('CCL5', 14.558459636518611), ('CNOT2', 8.164733423771606), ('GNLY', 14.386837038281854), ('KIT', 0.6679094565619422), ('CD38', 0.5109123838072221), ('TNF', 1.4203832628281816), ('IGBP1', 0.6955126605134446), ('ARL4C', 9.543605372824654)]",2084
RUNX3,dbcorrdb__IKZF1__ENCSR000EUJ_1__m2,0.1458695539910144,4.2520072896235215,0.000552,1.0,gene is annotated for similar motif hocomoco__RUNX3_HUMAN.H11MO.0.A ('RUNX3_HUMAN'; q-value = 0.000552),"frozenset({'top50perTarget', 'hg38__refseq-r80__500bp_up_and_100bp_down_tss.mc9nr.genes_vs_motifs.rankings', 'activating'})","[('TCF4', 0.7361647144361116), ('IFITM3', 8.501027037321089), ('CCL5', 14.558459636518611), ('CCL4', 7.532410443440303), ('RUNX3', 1.0), ('IFITM2', 10.24070128696414)]",322
RUNX3,dbcorrdb__STAT3__ENCSR000DZV_1__m3,0.12652126762260513,3.4504008131180446,0.000552,1.0,gene is annotated for similar motif hocomoco__RUNX3_HUMAN.H11MO.0.A ('RUNX3_HUMAN'; q-value = 0.000552),"frozenset({'top50perTarget', 'hg38__refseq-r80__500bp_up_and_100bp_down_tss.mc9nr.genes_vs_motifs.rankings', 'activating'})","[('RUNX3', 1.0), ('AQP9', 1.1692925391474482), ('IL18RAP', 9.72676848163027), ('ITGB2', 8.330941450216926), ('KLRB1', 15.90656227314716), ('TBX21', 14.812415285894456), ('NKG7', 17.284351225940124), ('GNLY', 14.386837038281854), ('GZMH', 11.142501120298592), ('TCF4', 0.7361647144361116), ('TNF', 1.4203832628281816), ('CD247', 7.670817219471713), ('SELPLG', 6.917814815958706), ('IFNGR1', 6.648123456102952)]",1120
RUNX3,dbcorrdb__EP300__ENCSR000DZD_1__m2,0.15549205584149553,4.650671008810853,0.00041,1.0,gene is annotated for similar motif transfac_pro__M08866 ('V$AML_Q4: AML'; q-value = 0.00041),"frozenset({'top50perTarget', 'hg38__refseq-r80__500bp_up_and_100bp_down_tss.mc9nr.genes_vs_motifs.rankings', 'activating'})","[('SELPLG', 6.917814815958706), ('RUNX3', 1.0), ('AQP9', 1.1692925391474482), ('ITGB2', 8.330941450216926), ('IL18RAP', 9.72676848163027), ('GNLY', 14.386837038281854), ('TBX21', 14.812415285894456), ('GZMH', 11.142501120298592), ('KLRB1', 15.90656227314716), ('NKG7', 17.284351225940124), ('CST7', 11.38729295156492), ('TCF4', 0.7361647144361116), ('IFNGR1', 6.648123456102952)]",1629
RUNX3,transfac_pro__M01658,0.12831150052502022,3.524570807385455,0.000387,1.0,gene is annotated for similar motif transfac_pro__M08866 ('V$AML_Q4: AML'; q-value = 0.000387),"frozenset({'top50perTarget', 'hg38__refseq-r80__500bp_up_and_100bp_down_tss.mc9nr.genes_vs_motifs.rankings', 'activating'})","[('IL18RAP', 9.72676848163027), ('AQP9', 1.1692925391474482), ('ITGB2', 8.330941450216926), ('CCL4', 7.532410443440303), ('GNLY', 14.386837038281854), ('DUSP2', 6.95470434715281), ('RUNX3', 1.0), ('GZMH', 11.142501120298592), ('TNF', 1.4203832628281816), ('KLRB1', 15.90656227314716), ('CNOT2', 8.164733423771606)]",1576
RUNX3,cisbp__M6458,0.1823283355998141,5.762507749800212,0.000387,1.0,gene is annotated for similar motif transfac_pro__M08866 ('V$AML_Q4: AML'; q-value = 0.000387),"frozenset({'top50perTarget', 'hg38__refseq-r80__500bp_up_and_100bp_down_tss.mc9nr.genes_vs_motifs.rankings', 'activating'})","[('AQP9', 1.1692925391474482), ('RUNX3', 1.0), ('GZMH', 11.142501120298592), ('NKG7', 17.284351225940124), ('TCF4', 0.7361647144361116), ('IL18RAP', 9.72676848163027), ('CST7', 11.38729295156492), ('TIAF1', 1.096394612222511), ('SELPLG', 6.917814815958706)]",1022
RUNX3,transfac_pro__M08865,0.1415488957361472,4.073000861151213,0.000355,1.0,gene is annotated for similar motif transfac_pro__M08866 ('V$AML_Q4: AML'; q-value = 0.000355),"frozenset({'top50perTarget', 'hg38__refseq-r80__500bp_up_and_100bp_down_tss.mc9nr.genes_vs_motifs.rankings', 'activating'})","[('RUNX3', 1.0), ('IFNGR1', 6.648123456102952), ('TBX21', 14.812415285894456), ('CST7', 11.38729295156492), ('ITGAM', 16.92086703861454), ('TCF4', 0.7361647144361116), ('GZMH', 11.142501120298592), ('SELPLG', 6.917814815958706), ('GNLY', 14.386837038281854), ('CD247', 7.670817219471713), ('CD27', 4.936857426283583)]",1295
RUNX3,dbcorrdb__NFATC1__ENCSR000BQL_1__m3,0.12653848140051296,3.4511139861398465,0.000246,1.0,gene is annotated for similar motif hocomoco__RUNX3_HUMAN.H11MO.0.A ('RUNX3_HUMAN'; q-value = 0.000246),"frozenset({'top50perTarget', 'hg38__refseq-r80__500bp_up_and_100bp_down_tss.mc9nr.genes_vs_motifs.rankings', 'activating'})","[('RUNX3', 1.0), ('AQP9', 1.1692925391474482), ('SELPLG', 6.917814815958706), ('NKG7', 17.284351225940124), ('GZMH', 11.142501120298592), ('IL18RAP', 9.72676848163027), ('GNLY', 14.386837038281854), ('CST7', 11.38729295156492), ('KLRB1', 15.90656227314716), ('ITGB2', 8.330941450216926)]",1157
RUNX3,dbcorrdb__TBL1XR1__ENCSR000DYZ_1__m2,0.14893360645860948,4.378952087504283,0.000232,1.0,motif similar to hocomoco__RUNX3_HUMAN.H11MO.0.A ('RUNX3_HUMAN'; q-value = 0.000232) which is directly annotated,"frozenset({'top50perTarget', 'hg38__refseq-r80__500bp_up_and_100bp_down_tss.mc9nr.genes_vs_motifs.rankings', 'activating'})","[('LAMP1', 6.0523169010772015), ('RUNX3', 1.0), ('TCF4', 0.7361647144361116), ('DUSP2', 6.95470434715281), ('CNOT2', 8.164733423771606)]",279
RUNX3,cisbp__M6457,0.123147367152669,3.310618900844848,0.000107,1.0,"gene is annotated for similar motif dbcorrdb__RUNX3__ENCSR000BRI_1__m1 ('RUNX3 (ENCSR000BRI-1, motif 1)'; q-value = 0.000107)","frozenset({'top50perTarget', 'hg38__refseq-r80__500bp_up_and_100bp_down_tss.mc9nr.genes_vs_motifs.rankings', 'activating'})","[('RUNX3', 1.0), ('FCGR3A', 16.067981960827332), ('HLA-A', 19.34919455565949), ('TNF', 1.4203832628281816), ('NKG7', 17.284351225940124), ('AQP9', 1.1692925391474482), ('IL32', 1.3741137526110294), ('TCF4', 0.7361647144361116), ('IL2RB', 15.587399841423366)]",751
RUNX3,transfac_pro__M07242,0.13982751794536347,4.001683558971011,0.0001,1.0,gene is annotated for similar motif transfac_pro__M08866 ('V$AML_Q4: AML'; q-value = 9.99e-05),"frozenset({'top50perTarget', 'hg38__refseq-r80__500bp_up_and_100bp_down_tss.mc9nr.genes_vs_motifs.rankings', 'activating'})","[('TNF', 1.4203832628281816), ('CCL4', 7.532410443440303), ('RUNX3', 1.0), ('TCF4', 0.7361647144361116)]",217
RUNX3,transfac_pro__M07276,0.1732738884202916,5.387378740332346,0.0001,1.0,gene is annotated for similar motif transfac_pro__M08866 ('V$AML_Q4: AML'; q-value = 9.99e-05),"frozenset({'top50perTarget', 'hg38__refseq-r80__500bp_up_and_100bp_down_tss.mc9nr.genes_vs_motifs.rankings', 'activating'})","[('SELPLG', 6.917814815958706), ('RUNX3', 1.0), ('AQP9', 1.1692925391474482), ('IL18RAP', 9.72676848163027), ('GZMH', 11.142501120298592), ('KLRB1', 15.90656227314716), ('GNLY', 14.386837038281854), ('CD27', 4.936857426283583), ('NKG7', 17.284351225940124), ('KLRF1', 15.510739356634836), ('CST7', 11.38729295156492), ('DUSP2', 6.95470434715281)]",1512
RUNX3,dbcorrdb__CEBPB__ENCSR000BRX_1__m2,0.14688516688757683,4.294084497909842,8.3e-05,1.0,"gene is annotated for similar motif dbcorrdb__RUNX3__ENCSR000BRI_1__m1 ('RUNX3 (ENCSR000BRI-1, motif 1)'; q-value = 8.27e-05)","frozenset({'top50perTarget', 'hg38__refseq-r80__500bp_up_and_100bp_down_tss.mc9nr.genes_vs_motifs.rankings', 'activating'})","[('LAMP1', 6.0523169010772015), ('TCF4', 0.7361647144361116), ('DUSP1', 3.754650860891072), ('RUNX3', 1.0), ('FYN', 7.761294264397453)]",320
RUNX3,factorbook__RUNX1,0.1354207908009571,3.8191112653896924,7e-05,1.0,gene is annotated for similar motif hocomoco__RUNX3_HUMAN.H11MO.0.A ('RUNX3_HUMAN'; q-value = 6.99e-05),"frozenset({'top50perTarget', 'hg38__refseq-r80__500bp_up_and_100bp_down_tss.mc9nr.genes_vs_motifs.rankings', 'activating'})","[('IFITM2', 10.24070128696414), ('IFITM3', 8.501027037321089), ('GZMH', 11.142501120298592), ('TCF4', 0.7361647144361116)]",171
RUNX3,dbcorrdb__NFIC__ENCSR000BRN_1__m2,0.13230509699963852,3.690026948443526,6.9e-05,1.0,"gene is annotated for similar motif dbcorrdb__RUNX3__ENCSR000BRI_1__m1 ('RUNX3 (ENCSR000BRI-1, motif 1)'; q-value = 6.94e-05)","frozenset({'top50perTarget', 'hg38__refseq-r80__500bp_up_and_100bp_down_tss.mc9nr.genes_vs_motifs.rankings', 'activating'})","[('AQP9', 1.1692925391474482), ('NKG7', 17.284351225940124), ('ITGB2', 8.330941450216926), ('SELPLG', 6.917814815958706), ('IFITM3', 8.501027037321089), ('TCF4', 0.7361647144361116), ('RUNX3', 1.0), ('IFITM2', 10.24070128696414), ('CST7', 11.38729295156492), ('KIT', 0.6679094565619422)]",915
RUNX3,hocomoco__RUNX2_MOUSE.H11MO.0.A,0.16902208527705576,5.211225003947246,6.4e-05,1.0,gene is annotated for similar motif hocomoco__RUNX3_HUMAN.H11MO.0.A ('RUNX3_HUMAN'; q-value = 6.41e-05),"frozenset({'top50perTarget', 'hg38__refseq-r80__500bp_up_and_100bp_down_tss.mc9nr.genes_vs_motifs.rankings', 'activating'})","[('IFITM3', 8.501027037321089), ('TCF4', 0.7361647144361116), ('CCL5', 14.558459636518611), ('CCL4', 7.532410443440303), ('IFITM2', 10.24070128696414), ('TNF', 1.4203832628281816), ('HLA-A', 19.34919455565949)]",557
RUNX3,dbcorrdb__STAT5A__ENCSR000BQZ_1__m2,0.13053207787513124,3.616570127197916,3.1e-05,1.0,gene is annotated for similar motif hocomoco__RUNX3_HUMAN.H11MO.0.A ('RUNX3_HUMAN'; q-value = 3.1e-05),"frozenset({'top50perTarget', 'hg38__refseq-r80__500bp_up_and_100bp_down_tss.mc9nr.genes_vs_motifs.rankings', 'activating'})","[('CXCR4', 17.94826753228145), ('TCF4', 0.7361647144361116), ('CST7', 11.38729295156492), ('AQP9', 1.1692925391474482), ('RUNX3', 1.0), ('DUSP1', 3.754650860891072), ('SELPLG', 6.917814815958706), ('CD247', 7.670817219471713), ('CD27', 4.936857426283583), ('GNLY', 14.386837038281854), ('CNOT2', 8.164733423771606), ('GZMH', 11.142501120298592), ('NKG7', 17.284351225940124), ('IL18RAP', 9.72676848163027), ('TNF', 1.4203832628281816)]",1697
RUNX3,dbcorrdb__MTA3__ENCSR000BRH_1__m2,0.15036235002495998,4.4381454483138505,2.7e-05,1.0,"motif similar to dbcorrdb__RUNX3__ENCSR000BRI_1__m1 ('RUNX3 (ENCSR000BRI-1, motif 1)'; q-value = 2.67e-05) which is directly annotated","frozenset({'top50perTarget', 'hg38__refseq-r80__500bp_up_and_100bp_down_tss.mc9nr.genes_vs_motifs.rankings', 'activating'})","[('CXCR4', 17.94826753228145), ('TCF4', 0.7361647144361116), ('CST7', 11.38729295156492), ('DUSP1', 3.754650860891072), ('RUNX3', 1.0), ('SELPLG', 6.917814815958706), ('CD247', 7.670817219471713), ('CNOT2', 8.164733423771606), ('AQP9', 1.1692925391474482), ('CD27', 4.936857426283583), ('GZMH', 11.142501120298592), ('IFNGR1', 6.648123456102952), ('IL18RAP', 9.72676848163027), ('IL32', 1.3741137526110294), ('FCGR3A', 16.067981960827332), ('GNLY', 14.386837038281854)]",1974
RUNX3,hocomoco__PEBB_HUMAN.H11MO.0.C,0.12282030537242009,3.2970686134306093,1e-05,1.0,"motif similar to dbcorrdb__RUNX3__ENCSR000BRI_1__m1 ('RUNX3 (ENCSR000BRI-1, motif 1)'; q-value = 1.02e-05) which is directly annotated","frozenset({'top50perTarget', 'hg38__refseq-r80__500bp_up_and_100bp_down_tss.mc9nr.genes_vs_motifs.rankings', 'activating'})","[('RUNX3', 1.0), ('AQP9', 1.1692925391474482), ('IL18RAP', 9.72676848163027), ('SELPLG', 6.917814815958706), ('GZMH', 11.142501120298592), ('NKG7', 17.284351225940124), ('TCF4', 0.7361647144361116), ('GNLY', 14.386837038281854), ('CCL4', 7.532410443440303), ('TBX21', 14.812415285894456), ('IFNGR1', 6.648123456102952), ('CNOT2', 8.164733423771606), ('CST7', 11.38729295156492), ('KLRB1', 15.90656227314716), ('FCGR3A', 16.067981960827332), ('TNF', 1.4203832628281816), ('CD27', 4.936857426283583)]",2937
RUNX3,hocomoco__RUNX1_MOUSE.H11MO.0.A,0.14208252285129017,4.095109224827076,4e-06,1.0,motif similar to hocomoco__RUNX3_HUMAN.H11MO.0.A ('RUNX3_HUMAN'; q-value = 4.31e-06) which is directly annotated,"frozenset({'top50perTarget', 'hg38__refseq-r80__500bp_up_and_100bp_down_tss.mc9nr.genes_vs_motifs.rankings', 'activating'})","[('KLRB1', 15.90656227314716), ('IL18RAP', 9.72676848163027), ('CCL4', 7.532410443440303), ('TCF4', 0.7361647144361116), ('AQP9', 1.1692925391474482), ('NKG7', 17.284351225940124), ('CD247', 7.670817219471713), ('DUSP1', 3.754650860891072), ('GZMH', 11.142501120298592), ('FYN', 7.761294264397453), ('RUNX3', 1.0), ('CD27', 4.936857426283583)]",1572
RUNX3,hocomoco__RUNX2_HUMAN.H11MO.0.A,0.17301568175167403,5.376681145005316,3e-06,1.0,"gene is annotated for similar motif dbcorrdb__RUNX3__ENCSR000BRI_1__m1 ('RUNX3 (ENCSR000BRI-1, motif 1)'; q-value = 2.93e-06)","frozenset({'top50perTarget', 'hg38__refseq-r80__500bp_up_and_100bp_down_tss.mc9nr.genes_vs_motifs.rankings', 'activating'})","[('NKG7', 17.284351225940124), ('RUNX3', 1.0), ('ITGAM', 16.92086703861454), ('TBX21', 14.812415285894456), ('SELPLG', 6.917814815958706), ('GZMH', 11.142501120298592), ('TIAF1', 1.096394612222511), ('TCF4', 0.7361647144361116)]",888
RUNX3,transfac_pro__M07124,0.16817861015957172,5.176279525878947,1e-06,1.0,gene is annotated for similar motif hocomoco__RUNX3_HUMAN.H11MO.0.A ('RUNX3_HUMAN'; q-value = 7.6e-07),"frozenset({'top50perTarget', 'hg38__refseq-r80__500bp_up_and_100bp_down_tss.mc9nr.genes_vs_motifs.rankings', 'activating'})","[('NKG7', 17.284351225940124), ('RUNX3', 1.0), ('FYN', 7.761294264397453), ('IFITM2', 10.24070128696414), ('CD247', 7.670817219471713), ('IFITM3', 8.501027037321089), ('IFNGR1', 6.648123456102952), ('GZMH', 11.142501120298592), ('TCF4', 0.7361647144361116)]",1216
RUNX3,cisbp__M1837,0.16805811371421686,5.1712873147263325,1e-06,1.0,gene is annotated for similar motif hocomoco__RUNX3_HUMAN.H11MO.0.A ('RUNX3_HUMAN'; q-value = 1.29e-06),"frozenset({'top50perTarget', 'hg38__refseq-r80__500bp_up_and_100bp_down_tss.mc9nr.genes_vs_motifs.rankings', 'activating'})","[('CCL5', 14.558459636518611), ('CCL4', 7.532410443440303), ('TCF4', 0.7361647144361116), ('HLA-A', 19.34919455565949), ('IL18RAP', 9.72676848163027), ('TBX21', 14.812415285894456)]",439
RUNX3,jaspar__MA0002.2,0.16606131547690772,5.088559244197298,1e-06,1.0,gene is annotated for similar motif hocomoco__RUNX3_HUMAN.H11MO.0.A ('RUNX3_HUMAN'; q-value = 1.29e-06),"frozenset({'top50perTarget', 'hg38__refseq-r80__500bp_up_and_100bp_down_tss.mc9nr.genes_vs_motifs.rankings', 'activating'})","[('TCF4', 0.7361647144361116), ('TNF', 1.4203832628281816), ('RUNX3', 1.0), ('BTG1', 20.91471765839055), ('CNOT2', 8.164733423771606), ('CST7', 11.38729295156492), ('KLRB1', 15.90656227314716), ('AQP9', 1.1692925391474482), ('KLRF1', 15.510739356634836), ('IL2RB', 15.587399841423366), ('IFITM3', 8.501027037321089), ('CD38', 0.5109123838072221), ('CPA3', 0.8325644425823276), ('IL18RAP', 9.72676848163027), ('CD247', 7.670817219471713), ('GZMH', 11.142501120298592), ('FYN', 7.761294264397453), ('LAMP1', 6.0523169010772015), ('CXCR4', 17.94826753228145), ('CCL4', 7.532410443440303), ('FCGR3A', 16.067981960827332), ('KIT', 0.6679094565619422)]",4312
RUNX3,cisbp__M2310,0.16124145766271322,4.8888707980927295,1e-06,1.0,gene is annotated for similar motif hocomoco__RUNX3_HUMAN.H11MO.0.A ('RUNX3_HUMAN'; q-value = 7.6e-07),"frozenset({'top50perTarget', 'hg38__refseq-r80__500bp_up_and_100bp_down_tss.mc9nr.genes_vs_motifs.rankings', 'activating'})","[('FYN', 7.761294264397453), ('DUSP2', 6.95470434715281), ('TCF4', 0.7361647144361116), ('IFITM3', 8.501027037321089), ('CD247', 7.670817219471713), ('CCL4', 7.532410443440303), ('CNOT2', 8.164733423771606), ('IFITM2', 10.24070128696414), ('CD38', 0.5109123838072221)]",955
RUNX3,hocomoco__RUNX3_MOUSE.H11MO.0.A,0.16953849861429088,5.2326201946013065,0.0,0.92435,motif is annotated for orthologous gene ENSMUSG00000070691 in M. musculus (identity = 92%),"frozenset({'top50perTarget', 'hg38__refseq-r80__500bp_up_and_100bp_down_tss.mc9nr.genes_vs_motifs.rankings', 'activating'})","[('TBX21', 14.812415285894456), ('CCL4', 7.532410443440303), ('IL2RB', 15.587399841423366), ('CXCR4', 17.94826753228145), ('AQP9', 1.1692925391474482), ('KIT', 0.6679094565619422), ('CD38', 0.5109123838072221), ('TCF4', 0.7361647144361116)]",831
RUNX3,transfac_pro__M00984,0.12979188542509423,3.585903687260429,0.0,1.0,gene is directly annotated,"frozenset({'top50perTarget', 'hg38__refseq-r80__500bp_up_and_100bp_down_tss.mc9nr.genes_vs_motifs.rankings', 'activating'})","[('TCF4', 0.7361647144361116), ('TNF', 1.4203832628281816), ('CD38', 0.5109123838072221), ('CCL5', 14.558459636518611), ('AQP9', 1.1692925391474482), ('HLA-A', 19.34919455565949), ('CXCR4', 17.94826753228145)]",747
RUNX3,transfac_pro__M07372,0.1429776393024977,4.132194221960781,0.0,1.0,gene is directly annotated,"frozenset({'top50perTarget', 'hg38__refseq-r80__500bp_up_and_100bp_down_tss.mc9nr.genes_vs_motifs.rankings', 'activating'})","[('RUNX3', 1.0), ('AQP9', 1.1692925391474482), ('IL18RAP', 9.72676848163027), ('SELPLG', 6.917814815958706), ('NKG7', 17.284351225940124), ('KLRB1', 15.90656227314716), ('TBX21', 14.812415285894456), ('TCF4', 0.7361647144361116), ('CNOT2', 8.164733423771606), ('TNF', 1.4203832628281816), ('GZMH', 11.142501120298592), ('CXCR4', 17.94826753228145), ('CD247', 7.670817219471713), ('IFNGR1', 6.648123456102952), ('GNLY', 14.386837038281854), ('CST7', 11.38729295156492), ('FCGR3A', 16.067981960827332)]",2153
RUNX3,transfac_pro__M01854,0.15941679720448246,4.8132744577817155,0.0,1.0,gene is directly annotated,"frozenset({'top50perTarget', 'hg38__refseq-r80__500bp_up_and_100bp_down_tss.mc9nr.genes_vs_motifs.rankings', 'activating'})","[('CCL4', 7.532410443440303), ('FYN', 7.761294264397453), ('TCF4', 0.7361647144361116), ('CD247', 7.670817219471713), ('IFITM3', 8.501027037321089), ('CCL5', 14.558459636518611), ('GZMH', 11.142501120298592), ('TNF', 1.4203832628281816)]",987
RUNX3,transfac_pro__M01759,0.11755288933262183,3.078837668759189,0.0,1.0,gene is directly annotated,"frozenset({'top50perTarget', 'hg38__refseq-r80__500bp_up_and_100bp_down_tss.mc9nr.genes_vs_motifs.rankings', 'activating'})","[('RUNX3', 1.0), ('IL18RAP', 9.72676848163027), ('AQP9', 1.1692925391474482), ('CD27', 4.936857426283583), ('SELPLG', 6.917814815958706), ('CST7', 11.38729295156492), ('KLRB1', 15.90656227314716), ('TCF4', 0.7361647144361116), ('GNLY', 14.386837038281854), ('CXCR4', 17.94826753228145), ('CCL4', 7.532410443440303), ('GZMH', 11.142501120298592), ('NKG7', 17.284351225940124)]",1690
RUNX3,dbcorrdb__FOXM1__ENCSR000BRU_1__m2,0.15048284647031485,4.443137659466465,0.0,1.0,"gene is annotated for similar motif dbcorrdb__RUNX3__ENCSR000BRI_1__m1 ('RUNX3 (ENCSR000BRI-1, motif 1)'; q-value = 7.82e-10)","frozenset({'top50perTarget', 'hg38__refseq-r80__500bp_up_and_100bp_down_tss.mc9nr.genes_vs_motifs.rankings', 'activating'})","[('CD27', 4.936857426283583), ('CCL4', 7.532410443440303), ('KIT', 0.6679094565619422), ('RUNX3', 1.0), ('CPA3', 0.8325644425823276), ('FCGR3A', 16.067981960827332), ('KLRF1', 15.510739356634836)]",792
RUNX3,transfac_pro__M00769,0.13029108498442152,3.6065857048926877,0.0,1.0,gene is directly annotated,"frozenset({'top50perTarget', 'hg38__refseq-r80__500bp_up_and_100bp_down_tss.mc9nr.genes_vs_motifs.rankings', 'activating'})","[('IL18RAP', 9.72676848163027), ('LAMP1', 6.0523169010772015), ('RUNX3', 1.0), ('TCF4', 0.7361647144361116), ('TNF', 1.4203832628281816), ('CXCR4', 17.94826753228145), ('HLA-A', 19.34919455565949), ('TIAF1', 1.096394612222511)]",639
RUNX3,homer__NWAACCACADNN_RUNX2,0.127381956517997,3.4860594642081457,0.0,1.0,"gene is annotated for similar motif dbcorrdb__RUNX3__ENCSR000BRI_1__m1 ('RUNX3 (ENCSR000BRI-1, motif 1)'; q-value = 4.74e-07)","frozenset({'top50perTarget', 'hg38__refseq-r80__500bp_up_and_100bp_down_tss.mc9nr.genes_vs_motifs.rankings', 'activating'})","[('TCF4', 0.7361647144361116), ('CD247', 7.670817219471713), ('FCGR3A', 16.067981960827332), ('CNOT2', 8.164733423771606), ('CST7', 11.38729295156492), ('IL2RB', 15.587399841423366), ('ITGB2', 8.330941450216926), ('CCL4', 7.532410443440303), ('DUSP2', 6.95470434715281), ('LAMP1', 6.0523169010772015), ('CD27', 4.936857426283583)]",1440
RUNX3,dbcorrdb__RUNX3__ENCSR000BRI_1__m1,0.14153168195823937,4.0722876881294106,0.0,1.0,gene is directly annotated,"frozenset({'top50perTarget', 'hg38__refseq-r80__500bp_up_and_100bp_down_tss.mc9nr.genes_vs_motifs.rankings', 'activating'})","[('CXCR4', 17.94826753228145), ('CNOT2', 8.164733423771606), ('TCF4', 0.7361647144361116), ('AQP9', 1.1692925391474482), ('ARL4C', 9.543605372824654), ('RUNX3', 1.0), ('HLA-A', 19.34919455565949), ('CCL4', 7.532410443440303)]",812
RUNX3,transfac_pro__M08866,0.1250408827225311,3.3890679332430707,0.0,1.0,gene is directly annotated,"frozenset({'top50perTarget', 'hg38__refseq-r80__500bp_up_and_100bp_down_tss.mc9nr.genes_vs_motifs.rankings', 'activating'})","[('CCL4', 7.532410443440303), ('TCF4', 0.7361647144361116), ('NKG7', 17.284351225940124), ('DUSP2', 6.95470434715281), ('CD247', 7.670817219471713), ('CD27', 4.936857426283583), ('BTG1', 20.91471765839055), ('KIT', 0.6679094565619422), ('SELPLG', 6.917814815958706), ('IL32', 1.3741137526110294), ('FYN', 7.761294264397453), ('ITGAM', 16.92086703861454), ('GZMH', 11.142501120298592), ('FCGR3A', 16.067981960827332), ('CXCR4', 17.94826753228145)]",1637
RUNX3,hocomoco__RUNX1_HUMAN.H11MO.0.A,0.14225466063036854,4.102240955045096,0.0,1.0,gene is annotated for similar motif hocomoco__RUNX3_HUMAN.H11MO.0.A ('RUNX3_HUMAN'; q-value = 4e-08),"frozenset({'top50perTarget', 'hg38__refseq-r80__500bp_up_and_100bp_down_tss.mc9nr.genes_vs_motifs.rankings', 'activating'})","[('CCL5', 14.558459636518611), ('CCL4', 7.532410443440303), ('TCF4', 0.7361647144361116), ('TBX21', 14.812415285894456), ('HLA-A', 19.34919455565949), ('IL18RAP', 9.72676848163027), ('IL32', 1.3741137526110294)]",687
RUNX3,homer__AAACCACAAA_RUNX1,0.14957051624119946,4.405339489310958,0.0,1.0,gene is annotated for similar motif hocomoco__RUNX3_HUMAN.H11MO.0.A ('RUNX3_HUMAN'; q-value = 6.16e-08),"frozenset({'top50perTarget', 'hg38__refseq-r80__500bp_up_and_100bp_down_tss.mc9nr.genes_vs_motifs.rankings', 'activating'})","[('TCF4', 0.7361647144361116), ('SELPLG', 6.917814815958706), ('GZMH', 11.142501120298592), ('NKG7', 17.284351225940124), ('CXCR4', 17.94826753228145), ('CCL4', 7.532410443440303), ('CD27', 4.936857426283583), ('FYN', 7.761294264397453)]",787
RUNX3,hocomoco__RUNX3_HUMAN.H11MO.0.A,0.13066978809839394,3.6222755113723326,0.0,1.0,gene is directly annotated,"frozenset({'top50perTarget', 'hg38__refseq-r80__500bp_up_and_100bp_down_tss.mc9nr.genes_vs_motifs.rankings', 'activating'})","[('RUNX3', 1.0), ('SELPLG', 6.917814815958706), ('GNLY', 14.386837038281854), ('AQP9', 1.1692925391474482), ('GZMH', 11.142501120298592), ('CD27', 4.936857426283583), ('KLRB1', 15.90656227314716), ('IL18RAP', 9.72676848163027), ('ITGB2', 8.330941450216926), ('TCF4', 0.7361647144361116), ('KLRF1', 15.510739356634836), ('IFNGR1', 6.648123456102952), ('TIAF1', 1.096394612222511), ('DUSP2', 6.95470434715281), ('IL2RB', 15.587399841423366), ('ITGAM', 16.92086703861454), ('NKG7', 17.284351225940124), ('HLA-A', 19.34919455565949)]",3976
STAT3,homer__AGAGGAAGTG_PU.1,0.15176188233183052,3.431865593564096,0.000734,1.0,"gene is annotated for similar motif dbcorrdb__STAT3__ENCSR000DZV_1__m1 ('STAT3 (ENCSR000DZV-1, motif 1)'; q-value = 0.000734)","frozenset({'top50perTarget', 'hg38__refseq-r80__500bp_up_and_100bp_down_tss.mc9nr.genes_vs_motifs.rankings', 'activating'})","[('BIRC3', 1.119099858772114), ('CD74', 0.0038758866967108), ('HLA-A', 0.5832041403546747), ('CD63', 0.0327379461152008), ('RGS1', 1.6240024966187665), ('IL23R', 0.8262534665459152), ('IRF8', 0.0232500958465889), ('LAT', 0.4717579189449594), ('IFITM3', 0.2783705830095126), ('TNF', 0.1419730201318257), ('MS4A1', 0.0424726988980261), ('HLA-DRA', 0.0228470044603184), ('IL7R', 0.4948551418046265), ('CD79A', 0.0007126132751802), ('CD8A', 0.162349820669487), ('BCL11B', 0.640998298277306), ('NKG7', 0.0207347589122968)]",3230
STAT3,dbcorrdb__NFIC__ENCSR000BRN_1__m2,0.1624385976717583,3.7750499180233255,0.000579,1.0,"gene is annotated for similar motif dbcorrdb__STAT3__ENCSR000DZV_1__m3 ('STAT3 (ENCSR000DZV-1, motif 3)'; q-value = 0.000579)","frozenset({'top50perTarget', 'hg38__refseq-r80__500bp_up_and_100bp_down_tss.mc9nr.genes_vs_motifs.rankings', 'activating'})","[('LAT', 0.4717579189449594), ('RGS1', 1.6240024966187665), ('IL7R', 0.4948551418046265), ('BIRC3', 1.119099858772114), ('CCR7', 0.6140333564129348), ('NKG7', 0.0207347589122968), ('GZMA', 0.0542041483510307), ('CD63', 0.0327379461152008), ('TNF', 0.1419730201318257), ('GZMB', 0.0002432071055674)]",1064
STAT3,hocomoco__RUNX3_HUMAN.H11MO.0.A,0.1938182715384788,4.783694602725976,0.000552,1.0,"motif similar to dbcorrdb__STAT3__ENCSR000DZV_1__m3 ('STAT3 (ENCSR000DZV-1, motif 3)'; q-value = 0.000552) which is directly annotated","frozenset({'top50perTarget', 'hg38__refseq-r80__500bp_up_and_100bp_down_tss.mc9nr.genes_vs_motifs.rankings', 'activating'})","[('GZMB', 0.0002432071055674), ('RGS1', 1.6240024966187665), ('GZMA', 0.0542041483510307), ('IL7R', 0.4948551418046265), ('LAT', 0.4717579189449594), ('BIRC3', 1.119099858772114), ('CCR7', 0.6140333564129348)]",174
STAT3,factorbook__RUNX1,0.217459569791176,5.543602749742842,0.000225,1.0,"motif similar to dbcorrdb__STAT3__ENCSR000DZV_1__m3 ('STAT3 (ENCSR000DZV-1, motif 3)'; q-value = 0.000225) which is directly annotated","frozenset({'top50perTarget', 'hg38__refseq-r80__500bp_up_and_100bp_down_tss.mc9nr.genes_vs_motifs.rankings', 'activating'})","[('IL7R', 0.4948551418046265), ('LAT', 0.4717579189449594), ('STAT3', 1.0), ('RGS1', 1.6240024966187665), ('GZMA', 0.0542041483510307)]",413
STAT3,dbcorrdb__BCL11A__ENCSR000BHA_1__m2,0.21346701657582487,5.4152691158064075,0.000153,1.0,"motif similar to dbcorrdb__STAT3__ENCSR000DZV_1__m3 ('STAT3 (ENCSR000DZV-1, motif 3)'; q-value = 0.000153) which is directly annotated","frozenset({'top50perTarget', 'hg38__refseq-r80__500bp_up_and_100bp_down_tss.mc9nr.genes_vs_motifs.rankings', 'activating'})","[('GZMA', 0.0542041483510307), ('CCR7', 0.6140333564129348), ('NKG7', 0.0207347589122968), ('BIRC3', 1.119099858772114), ('RGS1', 1.6240024966187665), ('GZMB', 0.0002432071055674), ('IL7R', 0.4948551418046265), ('CD63', 0.0327379461152008)]",1075
STAT3,cisbp__M6416,0.18264809456519301,4.424648817892581,0.000147,1.0,"motif similar to dbcorrdb__STAT3__ENCSR000DZV_1__m3 ('STAT3 (ENCSR000DZV-1, motif 3)'; q-value = 0.000147) which is directly annotated","frozenset({'top50perTarget', 'hg38__refseq-r80__500bp_up_and_100bp_down_tss.mc9nr.genes_vs_motifs.rankings', 'activating'})","[('GZMB', 0.0002432071055674), ('RGS1', 1.6240024966187665), ('LAT', 0.4717579189449594), ('IL7R', 0.4948551418046265), ('NKG7', 0.0207347589122968), ('CCR7', 0.6140333564129348), ('BIRC3', 1.119099858772114)]",259
STAT3,hocomoco__PEBB_HUMAN.H11MO.0.C,0.16259560819146313,3.7800967463241966,8.2e-05,1.0,"motif similar to dbcorrdb__STAT3__ENCSR000DZV_1__m3 ('STAT3 (ENCSR000DZV-1, motif 3)'; q-value = 8.22e-05) which is directly annotated","frozenset({'top50perTarget', 'hg38__refseq-r80__500bp_up_and_100bp_down_tss.mc9nr.genes_vs_motifs.rankings', 'activating'})","[('BIRC3', 1.119099858772114), ('CD74', 0.0038758866967108), ('TNF', 0.1419730201318257), ('CD63', 0.0327379461152008)]",134
STAT3,homer__CNCTTCCNGGAAGN_Stat3+il21,0.14139918803131238,3.098774925706608,0.0,0.998701,gene is orthologous to ENSMUSG00000004040 in M. musculus (identity = 99%) which is directly annotated for motif,"frozenset({'top50perTarget', 'hg38__refseq-r80__500bp_up_and_100bp_down_tss.mc9nr.genes_vs_motifs.rankings', 'activating'})","[('IL7R', 0.4948551418046265), ('LAT', 0.4717579189449594), ('BIRC3', 1.119099858772114), ('RGS1', 1.6240024966187665), ('CCR7', 0.6140333564129348), ('GZMB', 0.0002432071055674), ('CD63', 0.0327379461152008)]",874
STAT3,dbcorrdb__STAT3__ENCSR000DOX_1__m3,0.16526478702644506,3.8658928274390036,0.0,1.0,gene is directly annotated,"frozenset({'top50perTarget', 'hg38__refseq-r80__500bp_up_and_100bp_down_tss.mc9nr.genes_vs_motifs.rankings', 'activating'})","[('GZMB', 0.0002432071055674), ('RGS1', 1.6240024966187665), ('LAT', 0.4717579189449594), ('IL7R', 0.4948551418046265), ('GZMA', 0.0542041483510307), ('CCR7', 0.6140333564129348), ('CD63', 0.0327379461152008), ('NKG7', 0.0207347589122968), ('KLRF1', 0.0601500471204696), ('CD37', 0.2204631404575955)]",1487
STAT3,dbcorrdb__STAT3__ENCSR000EDC_1__m2,0.14752259829980038,3.295601229440578,0.0,1.0,gene is directly annotated,"frozenset({'top50perTarget', 'hg38__refseq-r80__500bp_up_and_100bp_down_tss.mc9nr.genes_vs_motifs.rankings', 'activating'})","[('LAT', 0.4717579189449594), ('MS4A1', 0.0424726988980261), ('CD5', 0.6391394522722404), ('STAT3', 1.0), ('CD3E', 0.6916645962861001), ('CD79A', 0.0007126132751802), ('CCR7', 0.6140333564129348), ('CD63', 0.0327379461152008), ('LYN', 0.0107642414744374), ('NKG7', 0.0207347589122968)]",958
STAT3,cisbp__M4478,0.16521992687795797,3.864450876495898,0.0,1.0,gene is directly annotated,"frozenset({'top50perTarget', 'hg38__refseq-r80__500bp_up_and_100bp_down_tss.mc9nr.genes_vs_motifs.rankings', 'activating'})","[('CXCR4', 0.7150406819121359), ('MS4A1', 0.0424726988980261), ('BCL11B', 0.640998298277306), ('HAVCR2', 0.0526068964788184)]",156
STAT3,dbcorrdb__STAT3__ENCSR000DOQ_1__m2,0.18119013973936254,4.377785412241636,0.0,1.0,gene is directly annotated,"frozenset({'top50perTarget', 'hg38__refseq-r80__500bp_up_and_100bp_down_tss.mc9nr.genes_vs_motifs.rankings', 'activating'})","[('BIRC3', 1.119099858772114), ('CD74', 0.0038758866967108), ('HLA-A', 0.5832041403546747), ('CD63', 0.0327379461152008), ('IL23R', 0.8262534665459152), ('RGS1', 1.6240024966187665), ('IRF8', 0.0232500958465889), ('TNF', 0.1419730201318257), ('IFITM3', 0.2783705830095126), ('HLA-DRA', 0.0228470044603184), ('LAT', 0.4717579189449594), ('MS4A1', 0.0424726988980261), ('BCL11B', 0.640998298277306)]",2643
STAT3,dbcorrdb__STAT3__ENCSR000DZV_1__m3,0.16133952403382454,3.7397221199172272,0.0,1.0,gene is directly annotated,"frozenset({'top50perTarget', 'hg38__refseq-r80__500bp_up_and_100bp_down_tss.mc9nr.genes_vs_motifs.rankings', 'activating'})","[('BIRC3', 1.119099858772114), ('HLA-A', 0.5832041403546747), ('CD74', 0.0038758866967108), ('IL23R', 0.8262534665459152), ('CD63', 0.0327379461152008), ('IRF8', 0.0232500958465889), ('RGS1', 1.6240024966187665), ('IFITM3', 0.2783705830095126)]",1055
STAT3,dbcorrdb__STAT3__ENCSR000DOU_1__m3,0.16652087118408362,3.9062674538459716,0.0,1.0,gene is directly annotated,"frozenset({'top50perTarget', 'hg38__refseq-r80__500bp_up_and_100bp_down_tss.mc9nr.genes_vs_motifs.rankings', 'activating'})","[('GZMA', 0.0542041483510307), ('RGS1', 1.6240024966187665), ('CCR7', 0.6140333564129348), ('IL7R', 0.4948551418046265), ('GZMB', 0.0002432071055674), ('NKG7', 0.0207347589122968), ('BIRC3', 1.119099858772114)]",398
STAT4,transfac_pro__M00777,0.13439780057100562,4.048697096816298,0.0,1.0,gene is directly annotated,"frozenset({'top50perTarget', 'hg38__refseq-r80__500bp_up_and_100bp_down_tss.mc9nr.genes_vs_motifs.rankings', 'activating'})","[('DUSP1', 0.4303950293920927), ('BAX', 0.4273760190730923), ('LAMP1', 0.0681997422780042), ('EGR1', 0.0439452541511857), ('IFNGR1', 1.584138757775754), ('JUN', 0.1059610910481683)]",639
