"signature","CFU-E_Cord_Blood_1","CFU-E_Cord_Blood_2","CFU-E_Cord_Blood_3","CFU-E_Cord_Blood_4","CFU-E_Cord_Blood_5","CFU-E_Cord_Blood_6","Pro Eb_Cord_Blood_1","Pro Eb_Cord_Blood_2","Pro Eb_Cord_Blood_3","Pro Eb_Cord_Blood_4","Pro Eb_Cord_Blood_5","Pro Eb_Cord_Blood_6","Baso Eb_Cord_Blood_1","Baso Eb_Cord_Blood_2","Baso Eb_Cord_Blood_3","Baso Eb_Cord_Blood_4","Baso Eb_Cord_Blood_5","Baso Eb_Cord_Blood_6","Poly Eb_Cord_Blood_1","Poly Eb_Cord_Blood_2","Poly Eb_Cord_Blood_3","Poly Eb_Cord_Blood_4","Poly Eb_Cord_Blood_5","Poly Eb_Cord_Blood_6","Ortho Eb_Cord_Blood_3","Ortho Eb_Cord_Blood_4","Ortho Eb_Cord_Blood_6","ARG1+ Ortho Eb_Cord_Blood_1","ARG1+ Ortho Eb_Cord_Blood_2","ARG1+ Ortho Eb_Cord_Blood_3","ARG1+ Ortho Eb_Cord_Blood_4","ARG1+ Ortho Eb_Cord_Blood_5","ARG1+ Ortho Eb_Cord_Blood_6","CD4 T cells_Cord_Blood_1","CD4 T cells_Cord_Blood_2","CD4 T cells_Cord_Blood_3","CD4 T cells_Cord_Blood_4","CD4 T cells_Cord_Blood_5","CD4 T cells_Cord_Blood_6","CD8 T cells_Cord_Blood_1","CD8 T cells_Cord_Blood_2","CD8 T cells_Cord_Blood_3","CD8 T cells_Cord_Blood_4","CD8 T cells_Cord_Blood_5","CD8 T cells_Cord_Blood_6","Regulatory T cells_Cord_Blood_1","Regulatory T cells_Cord_Blood_2","Regulatory T cells_Cord_Blood_3","Regulatory T cells_Cord_Blood_4","Regulatory T cells_Cord_Blood_5","Regulatory T cells_Cord_Blood_6","B cells_Cord_Blood_1","B cells_Cord_Blood_2","B cells_Cord_Blood_3","B cells_Cord_Blood_4","B cells_Cord_Blood_5","B cells_Cord_Blood_6","NK cells_Cord_Blood_1","NK cells_Cord_Blood_2","NK cells_Cord_Blood_3","NK cells_Cord_Blood_4","NK cells_Cord_Blood_5","NK cells_Cord_Blood_6","Monocytes_Cord_Blood_1","Monocytes_Cord_Blood_2","Monocytes_Cord_Blood_3","Monocytes_Cord_Blood_4","Monocytes_Cord_Blood_5","Monocytes_Cord_Blood_6","Dendritic cells_Cord_Blood_1","Dendritic cells_Cord_Blood_2","Dendritic cells_Cord_Blood_3","Dendritic cells_Cord_Blood_4","Dendritic cells_Cord_Blood_5","Dendritic cells_Cord_Blood_6","HSPC_Cord_Blood_1","HSPC_Cord_Blood_2","HSPC_Cord_Blood_3","HSPC_Cord_Blood_4","HSPC_Cord_Blood_5","HSPC_Cord_Blood_6","padj"
"GOBP_ANTIGEN_PROCESSING_AND_PRESENTATION_OF_EXOGENOUS_PEPTIDE_ANTIGEN_VIA_MHC_CLASS_II",0.501931681763615,0.491757222369467,0.513208220351077,0.50955091874857,0.502824159967017,0.512360853432282,0.507938429208756,0.507475808127853,0.511073001939512,0.506283163133314,0.496207607831388,0.507756810858315,0.51806899026092,0.517583225399937,0.500122058392735,0.508070732260258,0.506960764103621,0.500422237860662,0.521004505698383,0.458070500927644,0.521227581941868,0.52059470307816,0.577291280148423,0.539438816556389,0.424860853432282,0.539963368443514,0.551222803170855,0.530548996458087,0.566419294990724,0.493791922363351,0.536664740411813,0.536961451247166,0.529031217229975,0.479481190066388,0.500420531849103,0.48650844953366,0.480502251065604,0.517022263450835,0.485065542957324,0.498660555131143,0.496929309757298,0.47705314576924,0.493842108879703,0.455579114762788,0.498529711411627,0.505718651096802,0.491403834260977,0.498967996289425,0.507893668831169,0.538899196042053,0.495093477950621,0.741324321936567,0.742578849721707,0.706550108487154,0.702822510822511,0.732745825602968,0.747504273642764,0.512214245381947,0.525122108212487,0.522059598250074,0.512724872852805,0.534446505875077,0.51839205243266,0.684827960560961,0.662913070366487,0.673805616765906,0.697408940266083,0.609064404982772,0.73466095562742,0.843902850396357,0.816883116883117,0.810760667903525,0.89899814471243,0.702411873840445,0.860335904696807,0.677571634714492,0.69517625231911,0.638673994469143,0.642486085343228,0.751515151515151,0.674211502782931,0
"GOBP_PEPTIDE_ANTIGEN_ASSEMBLY_WITH_MHC_PROTEIN_COMPLEX",0.547812474023995,0.541500123365408,0.551096054204863,0.557846546951522,0.562723085780081,0.581509067357513,0.556040616906207,0.562346010792682,0.557610307809917,0.558210975491078,0.536636308048788,0.560761521679847,0.569271842740181,0.545498093655294,0.552542950640851,0.567334255035985,0.529207445787757,0.565561908165088,0.576178139649642,0.492227979274611,0.576781088082902,0.584088605271703,0.647668393782383,0.593456829749186,0.512435233160622,0.608106407985565,0.597786151672162,0.590962081959491,0.624222797927461,0.569689119170984,0.60219994903593,0.523316062176166,0.603469249831043,0.561995130782196,0.571226252158895,0.576308817668159,0.565840765974658,0.589799222797928,0.570364459897188,0.565890480544549,0.541905466849952,0.559385452875976,0.573746831096163,0.568948926720947,0.570693941118332,0.588143858579701,0.575129533678757,0.575582901554404,0.602606865284974,0.606131260794473,0.582917497010761,0.862139156180607,0.841040587219344,0.802739966628612,0.796449050086356,0.808290155440414,0.856960879697717,0.549635803859728,0.575256423813049,0.564328663724173,0.557684376047225,0.615198618307427,0.564574446206206,0.73278503065819,0.711556656904708,0.709191747255008,0.746869049200655,0.634270910436714,0.774589371055328,0.931653320772492,0.841321243523316,0.861304182990016,0.97720207253886,0.775388601036269,0.951281701663485,0.773402417962003,0.78535091851154,0.71314889040962,0.742357512953368,0.851640759930915,0.765576424870466,0
"GOBP_ANTIGEN_PROCESSING_AND_PRESENTATION_OF_PEPTIDE_OR_POLYSACCHARIDE_ANTIGEN_VIA_MHC_CLASS_II",0.511846067189141,0.498002972320268,0.513835400620186,0.515355291518963,0.51246207195492,0.535801365409623,0.515516846294021,0.517022430380567,0.518039838180962,0.512264336671519,0.503049051361371,0.513197462528232,0.525279848585619,0.522388792109331,0.5108308808432,0.514667492517082,0.512522275201079,0.511613828976279,0.524939624744566,0.479600130039012,0.53865274165583,0.531645188379402,0.579193758127438,0.545444606833377,0.389141742522757,0.556033103860871,0.554586830594633,0.535247221893841,0.565547789336801,0.506251875562669,0.54058389648042,0.513690218176564,0.547506643297337,0.484803648926003,0.506534460338101,0.491285620980412,0.48572764965425,0.53584200260078,0.490883208606094,0.504343557969352,0.506037525543377,0.476689684120426,0.499480984646271,0.471205647408508,0.507432142937679,0.515757668477014,0.498230024562924,0.502814125487646,0.510205014629389,0.554291287386216,0.499799939981995,0.718268159019134,0.707954052882531,0.684385400365872,0.676749024707412,0.696440182054616,0.715901670064338,0.512190686191365,0.525841936254346,0.523940824222575,0.516393972918244,0.52263040023118,0.520397892735298,0.713823317300867,0.693974859124404,0.689399238544126,0.72446595089638,0.632128924391603,0.759853880378531,0.8258216101194,0.787711313394018,0.775008722128834,0.875877763328999,0.671488946684005,0.843388542878653,0.655631411645716,0.690566260787327,0.634645582353951,0.633493172951886,0.760403120936281,0.652948228218466,0
"GOBP_ANTIGEN_PROCESSING_AND_PRESENTATION_OF_EXOGENOUS_PEPTIDE_ANTIGEN",0.537759991098934,0.531689268685367,0.54757677303191,0.548653294618523,0.553045080190724,0.570403933680104,0.541732687873589,0.543403892537056,0.547454400254503,0.542710173609852,0.527421269859219,0.547364785093423,0.553299036784827,0.554260617807984,0.540200876052289,0.54759071112855,0.536049703800029,0.548069593291781,0.55978311350548,0.503494798439532,0.563427882531426,0.568598767641192,0.629518855656697,0.590520961598214,0.496749024707412,0.593797388417803,0.607577727863814,0.570605272490838,0.608988946684005,0.552428228468541,0.587211409324437,0.542623898280595,0.586645558885057,0.543452418255597,0.563009319462505,0.551178588870779,0.545952076336225,0.578612646293888,0.55051495789497,0.561978887783982,0.560521217589767,0.543128919688565,0.557978260924671,0.524846739736207,0.562649864323459,0.568719880670083,0.556133506718682,0.562764141742523,0.570513146131339,0.597800173385349,0.559592877863359,0.771572543191529,0.775384698742956,0.743790086178396,0.737897702644127,0.766823797139142,0.779632142917985,0.574232487137446,0.586018152384491,0.583293197835894,0.574596943759745,0.594206039589655,0.580020196840102,0.72068443677208,0.703831439286859,0.712555102270753,0.730985962455403,0.637516254876463,0.764773609532028,0.863902352523939,0.839835283918509,0.832186241238225,0.910793237971391,0.740897269180754,0.876959140373691,0.718790637191157,0.733316585884856,0.684176951198567,0.687784460338101,0.783810143042913,0.715620936280884,0
"GOBP_ANTIGEN_PROCESSING_AND_PRESENTATION_OF_PEPTIDE_ANTIGEN",0.533434838581897,0.524319334215168,0.542901976495726,0.54451262049721,0.539689429012346,0.559787326388889,0.536737443293816,0.539694031427693,0.540994917916024,0.537386498977634,0.524212100299057,0.540245606420565,0.546877945057016,0.546454620894479,0.536035727339181,0.542565389189064,0.519515174897119,0.535610233077905,0.553874559082892,0.491247106481481,0.553258825231482,0.559511712836815,0.59380787037037,0.577538614388725,0.447627314814815,0.581339301561945,0.599589646464646,0.558087384259259,0.578125,0.545094373219373,0.573206018518518,0.541216563786008,0.578263385668277,0.529627189312807,0.556573109567901,0.540953106670018,0.536563676100394,0.562952112268518,0.538530441483423,0.546938543936093,0.547843442932729,0.534548244842944,0.546596928922099,0.500351355820106,0.550382345857418,0.561214937363834,0.539319701646091,0.56004955150463,0.564695005063657,0.576051311728395,0.552973646723647,0.737037725970018,0.739896797839506,0.711785938480854,0.705150462962963,0.708695023148148,0.741991650493288,0.557927402039721,0.572686366213152,0.56468621399177,0.559088959139488,0.578671553497942,0.563914526722625,0.688429969270581,0.674240136876006,0.682108863150154,0.700533198797088,0.614293981481482,0.726621333093722,0.812552609427609,0.800708912037037,0.785265639114724,0.856134259259259,0.712094907407407,0.824744152046784,0.682934670781893,0.696193707912458,0.661709468902865,0.656105324074074,0.770158179012346,0.686966507523148,0
"GOBP_RESPONSE_TO_CALCIUM_ION",0.581884680391233,0.59365901801135,0.585422479075329,0.559308680530911,0.586873920552677,0.613795336787565,0.547531438387885,0.551331885709372,0.559086959078465,0.549859333944754,0.534212982331928,0.547540564494137,0.548212237471819,0.564708182618047,0.559374147804745,0.548669776336361,0.510343504125888,0.56767911381097,0.54359733530718,0.569041450777202,0.59153713298791,0.57619290988409,0.494300518134715,0.569397954972718,0.305181347150259,0.607811749904815,0.62802637776731,0.564019076778144,0.5389896373057,0.55530091669988,0.581763356833432,0.518422567645366,0.564000901103852,0.685681066233847,0.735906735751295,0.684971748763276,0.744036569292673,0.706347150259067,0.722070637448305,0.716025601950625,0.75545098868563,0.706434052600512,0.757863426557182,0.65699481865285,0.73335829165294,0.728969826272478,0.686873920552677,0.698656088082902,0.762244980569948,0.661226252158895,0.74066958947788,0.700289908709598,0.734067357512953,0.701203126372179,0.683716753022452,0.60880829015544,0.694791501685635,0.726819854321544,0.75004758380036,0.726958996993539,0.762794834119558,0.653339090385722,0.724244856799772,0.752797701201439,0.826319741683562,0.784556966760816,0.781161153181879,0.707549962990378,0.798264583911965,0.730993876589731,0.717789291882556,0.686983444963983,0.814922279792746,0.63419689119171,0.771461685301336,0.717299942429476,0.841380122468205,0.800938508163066,0.854209844559585,0.698963730569948,0.806314766839378,0
"GOBP_ANTIGEN_PROCESSING_AND_PRESENTATION_OF_EXOGENOUS_ANTIGEN",0.523385091472664,0.532897042035423,0.540191531705892,0.530539848934641,0.55053142389957,0.537235936387372,0.530041220467213,0.531539898732731,0.534391388690922,0.530653081951803,0.525253835731756,0.53234037502967,0.536658011764145,0.536067607450434,0.532045235923895,0.533284933879401,0.51463283839263,0.54020396637665,0.544733986639992,0.471398053643484,0.543333135532874,0.546401659324874,0.621077616900071,0.556051748801119,0.536434844528839,0.565488382603974,0.597479662516453,0.552106035431457,0.583521243769286,0.523224816958498,0.569622518901293,0.534852440857663,0.570047162509417,0.520455188901821,0.530279294247963,0.520189072178014,0.521207670036249,0.538244718727747,0.52107827018599,0.531934302322876,0.52392739673605,0.515061878994192,0.526649389779801,0.491878878301855,0.532501245113871,0.543108864718449,0.536593084895957,0.52710360788037,0.533406643128412,0.575836695941135,0.52633789187314,0.69041402461768,0.707364111084738,0.673037852973243,0.659808529155788,0.726204604794683,0.698050430306693,0.535216393702033,0.541884449008656,0.548109467169519,0.536344505811791,0.547880897750349,0.540670256352434,0.64669763064418,0.63747131893346,0.638704679773196,0.64755914233721,0.582889695161236,0.675130625083087,0.768541095742615,0.713209114645146,0.742151181302936,0.822122003323048,0.630666983147401,0.786875210813647,0.643273465727774,0.651835228621367,0.615560999422273,0.632061476382625,0.682332463011314,0.634731782577736,0
"GOBP_FATTY_ACID_TRANSPORT",0.528228644260342,0.524771773994572,0.551215623754484,0.497168003406913,0.518192285549799,0.549384715025907,0.517377106282928,0.515410745383011,0.528356278054741,0.516953356079752,0.505602935023976,0.519931142623398,0.5216977151973,0.528995991788054,0.5294007362967,0.524447947488791,0.517443868739206,0.518143648383062,0.525246730816679,0.580310880829015,0.55770725388601,0.528552752325959,0.51699481865285,0.522898803246366,0.140414507772021,0.558751179460014,0.51954780970325,0.528944889307584,0.555569948186528,0.506636110003986,0.547999660239531,0.46776050662061,0.583397161522865,0.473511143017667,0.496295336787565,0.478707242163506,0.475362450226292,0.501424870466321,0.479246769297632,0.474861322767449,0.479094850375383,0.469023414442185,0.483993374339707,0.496262028127313,0.481454970199766,0.508838768668089,0.541450777202073,0.515220207253886,0.46942600388601,0.617875647668394,0.475591869270626,0.565408339501604,0.492357512953368,0.544208307719329,0.567447322970639,0.481735751295337,0.560268796524651,0.500388976496208,0.501004546896479,0.506287980553956,0.519535740984198,0.48013816925734,0.525249281842729,0.710518813494129,0.720079597506946,0.692852733768542,0.701859970771888,0.5920059215396,0.73271240171243,0.631912388130005,0.603195164075993,0.617073170731707,0.670155440414508,0.475388601036269,0.675484046904827,0.546516983304548,0.582477626000942,0.608407468960798,0.539443005181347,0.639896373056995,0.544462435233161,0
"GOBP_GRANZYME_MEDIATED_PROGRAMMED_CELL_DEATH_SIGNALING_PATHWAY",0.504248250414421,0.476190476190476,0.515198377066081,0.514874236744073,0.504011144737474,0.551043017725897,0.49777692785246,0.493736466983476,0.495092980134761,0.498389125235824,0.504743644483113,0.503280940678545,0.498986258661905,0.48970135982837,0.507107993719708,0.495340766113251,0.500408320122976,0.527147904646898,0.488995944248863,0.32998270644185,0.492389033001873,0.496715519790404,0.410981409424989,0.525475477198903,0.668828361435365,0.494670351907333,0.479621113862359,0.49475297724325,0.505566364029399,0.483221922910639,0.493298746217034,0.447614930105202,0.513017161976729,0.506263705926169,0.480134025075659,0.493648921206715,0.495255327282915,0.476815823605707,0.497309355803626,0.514839398794537,0.491154697936243,0.532942586481472,0.499968396275311,0.6544376505466,0.495165550832315,0.477696396327662,0.475716962098285,0.540801988759187,0.487867488110679,0.475068453667675,0.496311816156174,0.4987184238157,0.527255368208676,0.463203558369423,0.493563914108661,0.532749675745785,0.493330841248534,0.717107464426023,0.69390402075227,0.687699156138412,0.718270945316651,0.608805303357833,0.710580900803951,0.487427243395503,0.492722294278715,0.481297828472251,0.483728165959035,0.466740781915879,0.479608545447135,0.518492316157686,0.559951001585243,0.514230278489555,0.373627323821876,0.563337656722871,0.469929688033313,0.519839554210501,0.544530912235192,0.490223429508357,0.495622568093385,0.425421530479896,0.505485300475573,0
"GOBP_MONOCARBOXYLIC_ACID_TRANSPORT",0.525187790008115,0.523068371317399,0.547266287538661,0.494133811867408,0.514435317288754,0.547476221357544,0.514153183184998,0.510963649443072,0.521580147082475,0.515034667087933,0.504174353438437,0.51621271076524,0.519170877296044,0.525781269118763,0.52548808792409,0.521419645870193,0.506332965044595,0.520051582509653,0.520191258518107,0.554366623432771,0.54983607148004,0.523544566842312,0.463726761781237,0.528945666854141,0.279290964115867,0.549350869995815,0.522265456117596,0.525223047596588,0.528426286208387,0.508962719079451,0.53658225425783,0.44651006389009,0.566702381623715,0.472150599805187,0.498097708603545,0.47794191007741,0.477431382920226,0.48313878080415,0.479119955077546,0.475498249451099,0.486601904056045,0.467188756998145,0.485300896955845,0.505774813167809,0.47921149371859,0.499758398819969,0.537301244175434,0.508781884997838,0.481858652183312,0.611615506557141,0.479098074428814,0.553419595248389,0.489659893356391,0.533513596693706,0.56854878224528,0.465304798962387,0.54654629141911,0.504291434049512,0.504874842284514,0.512257609966214,0.530059387455287,0.482298121727434,0.519291119115748,0.696832220390918,0.699743729518725,0.680659153021456,0.691452252412045,0.578098943857699,0.7192418005439,0.61557206304288,0.60531056348177,0.58817078443158,0.670644185041072,0.463251188932123,0.642660477393224,0.527933900177739,0.551684156742522,0.584881188361109,0.515402075226978,0.657875774607292,0.523238218763511,0
"GOBP_DENDRITIC_CELL_ANTIGEN_PROCESSING_AND_PRESENTATION",0.524554598099249,0.453367875647668,0.524442008768434,0.511540918447015,0.517098445595855,0.508516839378238,0.517928226401253,0.534181841635672,0.51950813138276,0.516080607252706,0.513732179062208,0.514826493046087,0.517747102796345,0.532593606413139,0.517940414507772,0.522228754538524,0.519286125503742,0.507450419867786,0.539766839378238,0.480699481865285,0.554069516407599,0.541910462932897,0.620621761658031,0.54735201063781,0.58860103626943,0.576594547170124,0.55374470089496,0.553821243523316,0.474287564766839,0.534356317257872,0.538562813216682,0.46741508347726,0.587767515206127,0.544367625944191,0.549645941278066,0.533784259020467,0.538434368440505,0.59815414507772,0.547563137057837,0.552185309356903,0.544591308025801,0.522001049386765,0.550384308497207,0.608142116950407,0.55464374494594,0.541252666869857,0.484858952216465,0.52958225388601,0.546834520725389,0.567789291882556,0.502973296133918,0.68739822353812,0.684607081174439,0.672073417054536,0.6620103626943,0.709326424870466,0.693076453152929,0.491902080048059,0.473469387755102,0.509687839826009,0.508950068311293,0.517357512953368,0.495562351973357,0.68571622508315,0.67949237816325,0.66796917379024,0.680273238563394,0.644929681717247,0.705346077595702,0.72411681582666,0.691968911917098,0.674813597876911,0.723212435233161,0.629274611398964,0.750149986364876,0.575849165227404,0.634008478568064,0.645625183302376,0.614378238341969,0.679620034542314,0.644996761658031,0
"GOBP_INTRINSIC_APOPTOTIC_SIGNALING_PATHWAY_BY_P53_CLASS_MEDIATOR",0.500205037266909,0.478805822847274,0.517766042247908,0.523603520476968,0.509873344847438,0.512079015544041,0.505337302137058,0.506385311633307,0.509624368666244,0.509590652932312,0.490374279921475,0.502478183801473,0.500833234452662,0.526512855606609,0.524008044723207,0.511258124119752,0.564018422567645,0.493014114704306,0.520928941524796,0.54119170984456,0.502018566493955,0.518147703689063,0.572746113989637,0.53107432711266,0.7139896373057,0.537256038007582,0.552331606217617,0.497226801695714,0.527525906735751,0.482064567556796,0.532464112800476,0.532757628094416,0.526312232484794,0.590547162744241,0.588506044905009,0.586488640892786,0.611316675848507,0.618199481865285,0.612035936682987,0.597850248907853,0.585048112509252,0.606863645307274,0.609419345716046,0.636121391561806,0.609095809997305,0.569612922889363,0.574093264248705,0.578788860103627,0.600473607512953,0.472020725388601,0.603451574332403,0.637922526523563,0.632491364421416,0.658610696408185,0.636145077720207,0.659585492227979,0.662336810190737,0.53061500337914,0.516749497726552,0.552526706326361,0.52719562807723,0.57167530224525,0.546157775669561,0.609317374482431,0.61378688893895,0.630212678401077,0.613920995527213,0.548556624722428,0.649447865687223,0.594371172868582,0.668696027633851,0.641791987868065,0.625906735751295,0.65880829015544,0.664057812926098,0.672711571675302,0.711964201601507,0.734431518232476,0.70479274611399,0.58860103626943,0.731363341968912,0
"GOBP_RESPONSE_TO_CARBOHYDRATE",0.528139190420228,0.503189051953681,0.529921476442933,0.510044622975934,0.495990463805808,0.546935955786736,0.5089906396416,0.518316075735584,0.510519549307415,0.511392105736445,0.496244214879371,0.513252001916364,0.513065942683568,0.509108864734892,0.521112090206009,0.515366330597434,0.506321340846698,0.528759921079772,0.511099758498978,0.505526657997399,0.554995665366277,0.521374232433218,0.504031209362809,0.535798128819177,0.494148244473342,0.544146790362988,0.560911455254758,0.493457412223667,0.521537711313394,0.513429028708613,0.521307211835682,0.483961855223234,0.53571832419291,0.489660527676375,0.517571521456437,0.491835786029927,0.515656968288333,0.51700666449935,0.49471918902014,0.487247252607155,0.51781401767469,0.491166812068937,0.51840761780191,0.508731190785807,0.515640385757346,0.493564981259084,0.497724317295189,0.528547626788036,0.508302686118336,0.587180320762896,0.50888766629989,0.543017369496563,0.533105765062852,0.535292367371228,0.56825314260945,0.487239921976593,0.552529514312809,0.517837017771998,0.521516148722168,0.534355985808088,0.558151214020923,0.519415546886288,0.540489835811179,0.696816031709076,0.673305252445299,0.68440775915085,0.716483000455692,0.570221066319896,0.736348307449721,0.632551128975056,0.606388166449935,0.623037521012401,0.724772431729519,0.563394018205462,0.663660940387379,0.597149978326831,0.591160302636245,0.615274676742645,0.57521944083225,0.588751625487646,0.567986020806242,0
"GOBP_REGULATION_OF_ORGANIC_ACID_TRANSPORT",0.617081820952592,0.601233654083395,0.628248306098047,0.609581943360068,0.612636729994243,0.627720207253886,0.613474141422938,0.616457764495947,0.623007664212115,0.616342033789343,0.609274933221768,0.613347082083447,0.621190786958299,0.642682569166096,0.623980774475048,0.618674815551794,0.600172711571675,0.636046096122923,0.634967924993832,0.636658031088083,0.661280224525043,0.630146404822747,0.626528497409326,0.638727131000963,0.482383419689119,0.654044927080402,0.660433349034385,0.627131417804993,0.584002590673575,0.603786369071343,0.618117727002463,0.488773747841105,0.636742509574228,0.539429739684125,0.547176165803109,0.54121163810283,0.54889155433441,0.548607512953368,0.539134450186406,0.558307426597582,0.542064079517817,0.526995474519578,0.557865446575564,0.570170244263508,0.545203510138069,0.5564614446815,0.575417386298215,0.572636010362694,0.550493847150259,0.645077720207254,0.547469111199681,0.567234147545028,0.521502590673575,0.560182664441907,0.565402417962003,0.535103626943005,0.533579202208295,0.549769467597807,0.562641429628846,0.561111111111111,0.574202820096409,0.533246977547496,0.550636556029536,0.758010724709822,0.727461139896373,0.726939264136473,0.751417120588105,0.677350111028868,0.76166856617471,0.635704192180876,0.634499136442142,0.596878554277771,0.733264248704663,0.49740932642487,0.658890100899918,0.578612550374208,0.618487988695243,0.596705445302571,0.6125,0.70552677029361,0.527979274611399,0
"GOBP_CELL_SURFACE_PATTERN_RECOGNITION_RECEPTOR_SIGNALING_PATHWAY",0.500094252577064,0.491474511882675,0.504973597830741,0.483414237425979,0.508987837559266,0.527527829313544,0.49891163076801,0.500979992147746,0.510365980623592,0.497247479733861,0.49277129259383,0.506884093350259,0.498649369532685,0.489151818531872,0.503981544771018,0.501509676643271,0.49248952106095,0.502591005054059,0.489764996907854,0.498237476808905,0.523933209647495,0.495639012602812,0.527050092764378,0.507327564976111,0.44378478664193,0.503468142993474,0.504638218923933,0.510554056333277,0.552643784786642,0.505794205794206,0.497150156634934,0.518078746650175,0.514527708316528,0.459659789436037,0.45586889301175,0.464051914472083,0.451283594313781,0.476345083487941,0.456139105231036,0.448963585434174,0.455696490098822,0.453906671989855,0.450490584325171,0.440869334746886,0.440857078511909,0.476219578740587,0.430632859204288,0.451588589981447,0.44931586270872,0.495794681508967,0.46448408734123,0.52520540683806,0.504978354978355,0.529310399044055,0.541081014223871,0.45621521335807,0.539678038742293,0.498791643139469,0.483866570747037,0.485068370782657,0.496751862210284,0.435332921047207,0.506456923358332,0.64661065696624,0.629867441047565,0.652242754666685,0.648194662480377,0.514603763583355,0.665267027664704,0.576420981615787,0.585034013605442,0.562604642744016,0.578775510204082,0.4860853432282,0.595156722976272,0.521768707482993,0.5165626581211,0.54255609619491,0.540445269016698,0.605936920222634,0.508940166975881,0
"GOBP_NATURAL_KILLER_CELL_CHEMOTAXIS",0.521728408744562,0.572440167776955,0.519151056197688,0.515600823337355,0.464738054116292,0.619624352331606,0.504907172478035,0.508763141487326,0.516382988454678,0.506436135546637,0.510475332282046,0.500415871284429,0.502363907236747,0.540336298758432,0.511371693482411,0.505101236545941,0.500076760698522,0.51139896373057,0.494053787318036,0.496373056994819,0.496167962003454,0.5218952153718,0.484145077720207,0.543839699206749,0.444041450777202,0.545822642321508,0.621149317004239,0.497038389072068,0.515349740932643,0.530530091669988,0.543608256179394,0.495970063327576,0.522888037846362,0.463571383981522,0.46727115716753,0.481855906970201,0.473212156291188,0.51800518134715,0.46805356548666,0.519030783297775,0.51866342391879,0.518797140421066,0.50437131977901,0.510843819393042,0.517751355236755,0.510576043889058,0.47881404720783,0.45678432642487,0.454501295336788,0.425043177892919,0.462917497010761,0.477424130273871,0.487025043177893,0.466962325458857,0.47172366148532,0.458678756476684,0.474842183858633,0.677922955620635,0.627397694829227,0.67555171752063,0.666918000670224,0.584427173287277,0.658561827867819,0.627522230015612,0.548652098821056,0.59645723050448,0.627416854877995,0.497631384159882,0.605648721902445,0.485162505887895,0.466882556131261,0.491204347276633,0.523212435233161,0.409585492227979,0.552795200436324,0.489953943580887,0.499528968440886,0.440258089744843,0.510103626943005,0.488428324697755,0.436674222797927,0
"GOBP_REGULATION_OF_NATURAL_KILLER_CELL_CHEMOTAXIS",0.521728408744562,0.572440167776955,0.519151056197688,0.515600823337355,0.464738054116292,0.619624352331606,0.504907172478035,0.508763141487326,0.516382988454678,0.506436135546637,0.510475332282046,0.500415871284429,0.502363907236747,0.540336298758432,0.511371693482411,0.505101236545941,0.500076760698522,0.51139896373057,0.494053787318036,0.496373056994819,0.496167962003454,0.5218952153718,0.484145077720207,0.543839699206749,0.444041450777202,0.545822642321508,0.621149317004239,0.497038389072068,0.515349740932643,0.530530091669988,0.543608256179394,0.495970063327576,0.522888037846362,0.463571383981522,0.46727115716753,0.481855906970201,0.473212156291188,0.51800518134715,0.46805356548666,0.519030783297775,0.51866342391879,0.518797140421066,0.50437131977901,0.510843819393042,0.517751355236755,0.510576043889058,0.47881404720783,0.45678432642487,0.454501295336788,0.425043177892919,0.462917497010761,0.477424130273871,0.487025043177893,0.466962325458857,0.47172366148532,0.458678756476684,0.474842183858633,0.677922955620635,0.627397694829227,0.67555171752063,0.666918000670224,0.584427173287277,0.658561827867819,0.627522230015612,0.548652098821056,0.59645723050448,0.627416854877995,0.497631384159882,0.605648721902445,0.485162505887895,0.466882556131261,0.491204347276633,0.523212435233161,0.409585492227979,0.552795200436324,0.489953943580887,0.499528968440886,0.440258089744843,0.510103626943005,0.488428324697755,0.436674222797927,0
"GOBP_DEPHOSPHORYLATION",0.516788118921615,0.521835677276092,0.481187724192906,0.529604656114699,0.543926309729419,0.582448186528497,0.513108927037607,0.515849332444693,0.517941966298375,0.519442437503871,0.514816721912915,0.516309312789746,0.512062123429445,0.513882099912015,0.53162326152168,0.515593141498585,0.567933218192286,0.530900482401286,0.52767086109055,0.499352331606218,0.533560017271157,0.52654798040406,0.516891191709845,0.562799761566326,0.576165803108808,0.535943319704018,0.532783796514366,0.50754239284032,0.574481865284974,0.493782383419689,0.504297969931198,0.526482440990213,0.508875872944357,0.635528122854111,0.657556131260794,0.640569244836237,0.658969030467437,0.643167098445596,0.653548509768503,0.64601645839683,0.703563497938035,0.659992129599265,0.680623983678251,0.661361954108068,0.684264278654647,0.634334044498629,0.663097294185377,0.676522020725389,0.705084196891192,0.52167530224525,0.691909127142288,0.621922033061929,0.658290155440414,0.623298498287521,0.646086355785838,0.5639896373057,0.642446319885965,0.706924983104303,0.736248281696098,0.704999040491268,0.704717345912922,0.677086931491077,0.715043819203492,0.652770550037333,0.690996470676579,0.668202989094854,0.654598999158585,0.591561806069578,0.67769530614004,0.663424399434762,0.612521588946459,0.663667382787818,0.655336787564767,0.424870466321243,0.719048268339242,0.60846286701209,0.655746585021196,0.681435135399355,0.757059585492228,0.597582037996546,0.685152202072539,0
"GOBP_POSITIVE_REGULATION_OF_ACUTE_INFLAMMATORY_RESPONSE",0.51229115291901,0.562792992844806,0.530181347150259,0.507420682802186,0.538629821531376,0.467487046632124,0.499445317458118,0.508425601444757,0.509034361544342,0.508256242240512,0.511231615872301,0.516466116716662,0.506708723911983,0.531029426141363,0.511668257431143,0.509621671210575,0.470466321243523,0.518072181525817,0.521428571428571,0.489896373056995,0.570617443868739,0.518693792266098,0.521658031088083,0.540212756201568,0.55440414507772,0.527497558310848,0.560339142722562,0.520260244936411,0.491515544041451,0.534077321642088,0.513717828930604,0.504029936672424,0.493917548997522,0.512800424495911,0.510103626943005,0.526490516493564,0.518666796839587,0.478432642487047,0.52684046475937,0.541302448440516,0.542286137252829,0.51249754049977,0.523936207819491,0.522094744633605,0.519758004133098,0.510073148430357,0.475935521013241,0.529387953367876,0.50642810880829,0.56321243523316,0.463084894380231,0.490655070318283,0.497322970639033,0.492596820936155,0.521112262521589,0.525259067357513,0.513706812679594,0.52895847413081,0.522713334038279,0.510497025522932,0.531786662542211,0.505296488198043,0.526248399487836,0.690021947190986,0.639460839528422,0.652213763304091,0.6510185554227,0.573945225758697,0.668873607692529,0.587235044747998,0.629922279792746,0.572159737141413,0.687150259067357,0.433160621761658,0.636323970548132,0.443926309729419,0.448422044276967,0.479597223580018,0.504015544041451,0.504317789291883,0.46416774611399,2.37151510003798e-322
"GOBP_REGULATION_OF_ACUTE_INFLAMMATORY_RESPONSE",0.51229115291901,0.562792992844806,0.530181347150259,0.507420682802186,0.538629821531376,0.467487046632124,0.499445317458118,0.508425601444757,0.509034361544342,0.508256242240512,0.511231615872301,0.516466116716662,0.506708723911983,0.531029426141363,0.511668257431143,0.509621671210575,0.470466321243523,0.518072181525817,0.521428571428571,0.489896373056995,0.570617443868739,0.518693792266098,0.521658031088083,0.540212756201568,0.55440414507772,0.527497558310848,0.560339142722562,0.520260244936411,0.491515544041451,0.534077321642088,0.513717828930604,0.504029936672424,0.493917548997522,0.512800424495911,0.510103626943005,0.526490516493564,0.518666796839587,0.478432642487047,0.52684046475937,0.541302448440516,0.542286137252829,0.51249754049977,0.523936207819491,0.522094744633605,0.519758004133098,0.510073148430357,0.475935521013241,0.529387953367876,0.50642810880829,0.56321243523316,0.463084894380231,0.490655070318283,0.497322970639033,0.492596820936155,0.521112262521589,0.525259067357513,0.513706812679594,0.52895847413081,0.522713334038279,0.510497025522932,0.531786662542211,0.505296488198043,0.526248399487836,0.690021947190986,0.639460839528422,0.652213763304091,0.6510185554227,0.573945225758697,0.668873607692529,0.587235044747998,0.629922279792746,0.572159737141413,0.687150259067357,0.433160621761658,0.636323970548132,0.443926309729419,0.448422044276967,0.479597223580018,0.504015544041451,0.504317789291883,0.46416774611399,2.37151510003798e-322
"GOBP_ANTIGEN_PROCESSING_AND_PRESENTATION_OF_ENDOGENOUS_ANTIGEN",0.542058257096023,0.536265003191073,0.571610296318467,0.549085277378012,0.587044242686266,0.568633808906182,0.548494900062765,0.55742483850077,0.555568640214937,0.551927057996167,0.548431361491757,0.549353482604046,0.5493168934521,0.554568517566829,0.559779393360184,0.558643382895981,0.517637828057197,0.57557732158564,0.575211537273794,0.473627323821876,0.564940913676322,0.57738926173706,0.684133160397752,0.582264920476415,0.792477302204929,0.60929266308364,0.660260189443069,0.58496443029517,0.550745784695201,0.538079084771692,0.608896259913674,0.500984772061296,0.632737457471005,0.567500872491262,0.573713791612624,0.556664769070354,0.567808553561443,0.580036748811068,0.563128003494976,0.569368361265821,0.550111614036016,0.562182928631237,0.570904009796312,0.56250386016923,0.569967687036579,0.585564965285725,0.577076427919489,0.563621379161262,0.576628701902291,0.605418648220205,0.562752336293192,0.716303296069833,0.74985588701542,0.721918119398829,0.688629485516645,0.801015996541288,0.726669272028047,0.558605738203099,0.539691362926494,0.582267164123339,0.566869500315113,0.579742518134217,0.561482640290116,0.655042601434459,0.65932317023503,0.656886753727558,0.643745311708995,0.573528503489593,0.667743917885966,0.749439924537201,0.679744920017294,0.739531597650607,0.784089926502378,0.608517077388673,0.761462670944547,0.656434644761493,0.669201745077232,0.666625879972918,0.693849978383052,0.690157083153192,0.664288802421098,0
"GOBP_ENDOTHELIAL_CELL_DEVELOPMENT",0.504289157961819,0.533481371823341,0.523644878437625,0.484644048548513,0.492084052964882,0.517551813471503,0.496927211770247,0.491972136821964,0.496187495507975,0.502858292956966,0.497695748720754,0.513415257703845,0.501351369167688,0.505533287711409,0.497944505044996,0.501684906903725,0.488562655920169,0.531793818116848,0.511947939797681,0.47940414507772,0.507955526770294,0.505155087461705,0.488290155440414,0.521147232793801,0.389637305699482,0.506005727623367,0.549552520018841,0.498304286387188,0.493458549222798,0.530051813471503,0.501707296356069,0.46027633851468,0.487790042802433,0.472849428803296,0.483488773747841,0.469580099875741,0.470844984972001,0.505375647668394,0.465754215362049,0.466382200548613,0.449265094638892,0.466380271528825,0.47242977911099,0.503737971872687,0.461670011081494,0.512526668698568,0.508865860679332,0.533128238341969,0.50444057642487,0.506649395509499,0.4824631327222,0.487015790772267,0.455375647668394,0.472740844823044,0.5186597582038,0.479015544041451,0.481215919632554,0.472680033040475,0.495717457967643,0.495148084180899,0.506824684865826,0.497783534830167,0.479210922624774,0.647211349186596,0.61751896072689,0.65976693290436,0.646142774899252,0.458549222797927,0.676211774395909,0.572067828544512,0.575302245250432,0.592404903323645,0.733575129533679,0.527979274611399,0.649822743386965,0.480972941853771,0.453344324069713,0.507019258969596,0.473963730569948,0.417789291882556,0.458500647668394,0
"GOBP_ESTABLISHMENT_OF_ENDOTHELIAL_BARRIER",0.504289157961819,0.533481371823341,0.523644878437625,0.484644048548513,0.492084052964882,0.517551813471503,0.496927211770247,0.491972136821964,0.496187495507975,0.502858292956966,0.497695748720754,0.513415257703845,0.501351369167688,0.505533287711409,0.497944505044996,0.501684906903725,0.488562655920169,0.531793818116848,0.511947939797681,0.47940414507772,0.507955526770294,0.505155087461705,0.488290155440414,0.521147232793801,0.389637305699482,0.506005727623367,0.549552520018841,0.498304286387188,0.493458549222798,0.530051813471503,0.501707296356069,0.46027633851468,0.487790042802433,0.472849428803296,0.483488773747841,0.469580099875741,0.470844984972001,0.505375647668394,0.465754215362049,0.466382200548613,0.449265094638892,0.466380271528825,0.47242977911099,0.503737971872687,0.461670011081494,0.512526668698568,0.508865860679332,0.533128238341969,0.50444057642487,0.506649395509499,0.4824631327222,0.487015790772267,0.455375647668394,0.472740844823044,0.5186597582038,0.479015544041451,0.481215919632554,0.472680033040475,0.495717457967643,0.495148084180899,0.506824684865826,0.497783534830167,0.479210922624774,0.647211349186596,0.61751896072689,0.65976693290436,0.646142774899252,0.458549222797927,0.676211774395909,0.572067828544512,0.575302245250432,0.592404903323645,0.733575129533679,0.527979274611399,0.649822743386965,0.480972941853771,0.453344324069713,0.507019258969596,0.473963730569948,0.417789291882556,0.458500647668394,0
"GOBP_REGULATION_OF_HYDROLASE_ACTIVITY",0.551234379762268,0.572316802368616,0.56311279394181,0.52789055291362,0.482210708117444,0.555602331606218,0.525052545747456,0.522094898200503,0.541515462368261,0.535738024954217,0.531136356322209,0.539114057812926,0.527437408535379,0.53153778472969,0.544808426506681,0.524433734317057,0.547188639416619,0.516919778452743,0.531569207994078,0.581088082901554,0.539896373056995,0.562058138385735,0.546528497409326,0.560571323765418,0.658549222797927,0.592345511430416,0.578473857748469,0.532954545454545,0.517875647668394,0.532861697887605,0.55596704323452,0.534427173287277,0.524419914395134,0.650886447343779,0.622953367875648,0.622701802921248,0.639128585276048,0.652040155440414,0.640984252235857,0.689757187849233,0.663318177011737,0.706152029907523,0.695741801250391,0.71239822353812,0.704875857318279,0.685492227979275,0.698445595854922,0.701424870466321,0.633545174870466,0.601036269430052,0.723555201275409,0.558863804589193,0.602115716753022,0.574286467023799,0.590134715025907,0.427720207253886,0.59639115777089,0.677645115266201,0.681526911282648,0.675436576472846,0.680669192895626,0.693868739205527,0.676269960791598,0.661617304341924,0.625290981452279,0.674936869867754,0.66839378238342,0.543449296817172,0.686762184785419,0.693688177107866,0.696027633851468,0.689245545305194,0.80020725388601,0.521761658031088,0.759530951731661,0.754001151410478,0.679180405087141,0.675598787760289,0.640997409326425,0.732987910189983,0.717600388601036,0
"GOBP_PHAGOCYTOSIS_ENGULFMENT",0.524705088647029,0.507359307359307,0.543249607535322,0.500920019315323,0.509441352298495,0.546011131725417,0.511976880480646,0.517794594261696,0.522539287410482,0.509112767060568,0.51170905403381,0.51724563030954,0.511624108352571,0.513907655686631,0.520117664290597,0.513004131600498,0.513983371126228,0.5243618450515,0.511988691580528,0.510667903525046,0.551940321583179,0.520393502954811,0.450463821892393,0.535738092501683,0.375510204081633,0.527826349825437,0.481835048068814,0.527588969472086,0.541141001855288,0.542571714000285,0.523185011709602,0.582601525458668,0.534758409292571,0.527529785188993,0.520142238713667,0.530817082077586,0.511610154890293,0.542416512059369,0.530551455659113,0.53919749718069,0.53831358146227,0.516011836265001,0.510196848542713,0.560270341902995,0.527264147908244,0.52423878642366,0.577901463615749,0.552423469387755,0.507357374768089,0.575633889919604,0.542840017125731,0.483351002738758,0.47360853432282,0.513782585453288,0.498933828076685,0.461966604823748,0.47991671460168,0.642729692667581,0.633675362538336,0.624292814769005,0.61943990622029,0.549804164089878,0.640905646393117,0.660516401876352,0.692086795192385,0.661977321286243,0.643786372357801,0.536655181553141,0.697204037050882,0.638944172710406,0.600340136054422,0.615331010452962,0.568682745825603,0.467903525046382,0.61742993848257,0.530179344465059,0.528942486085343,0.555879161269997,0.536363636363636,0.62547928262214,0.526449443413729,0
"GOBP_REGULATION_OF_CELL_JUNCTION_ASSEMBLY",0.569281974153298,0.570202270723104,0.560424456908832,0.568479277650939,0.569749871399177,0.592086226851852,0.565853519438078,0.567387765099124,0.571286736373827,0.569717410121419,0.564270258224063,0.568074782224659,0.567684772877203,0.552842199510832,0.568485014619883,0.571395945899141,0.557623885459534,0.581168183269476,0.576230434303351,0.60228587962963,0.593056761188272,0.5824337407912,0.536689814814815,0.572110066371681,0.580150462962963,0.589763785350846,0.585200968013468,0.580946180555556,0.555447048611111,0.569689280626781,0.570639799635701,0.510609567901235,0.573721819645733,0.531345869589469,0.50907600308642,0.530313861655773,0.526206982765066,0.542082609953704,0.518969801223242,0.530713280682643,0.52712821239607,0.520036700070324,0.537699218467981,0.538421792328042,0.52693815564119,0.573614515250545,0.57127700617284,0.538764105902778,0.540289984809028,0.562451774691358,0.554816595441595,0.51353408840388,0.480046778549383,0.50474733207784,0.544679783950617,0.543113425925926,0.49945793910723,0.523168276972625,0.51234764739229,0.521901434613626,0.537969153077207,0.516380529835391,0.514832894674444,0.69733164523694,0.68305488459474,0.68478406204038,0.68542754827477,0.585482804232804,0.706986590333402,0.590475063131313,0.582971643518518,0.575986619241192,0.697337962962963,0.475405092592593,0.650006091617934,0.558529449588477,0.54709859006734,0.54073855695318,0.519314236111111,0.592496141975309,0.508336950231482,0
"GOBP_APOPTOTIC_CELL_CLEARANCE",0.533723088858718,0.49987663459166,0.5048525308888,0.497423521896515,0.495308002302821,0.5702396373057,0.513911000104234,0.519648270376024,0.521422550947736,0.502317008796789,0.503636597689312,0.511702345241342,0.514451739640602,0.519405611496725,0.508051540769021,0.517283862881656,0.515851084244867,0.506700017866714,0.513027387120651,0.502072538860104,0.515047495682211,0.513472349677401,0.518134715025907,0.539291118345637,0.344559585492228,0.530174311774736,0.476165803108808,0.533019312293924,0.57059585492228,0.506755679553607,0.530255669752824,0.565687967760507,0.578238341968912,0.462347836943629,0.49360103626943,0.464246360162239,0.464148285552898,0.530602331606218,0.463738039780251,0.461446713400386,0.465559902717564,0.443651210074113,0.459428940803361,0.483123612139156,0.457426098415646,0.468454739408717,0.475302245250432,0.464604922279793,0.448000323834197,0.532901554404145,0.457361498605022,0.481846780162842,0.457642487046632,0.458145253359094,0.473651122625216,0.431735751295337,0.455994750774939,0.442488548471878,0.430083536005076,0.456898867779697,0.457747531771196,0.378727691421992,0.453187424120796,0.63239133877865,0.630870316137268,0.62504255438544,0.626907577166644,0.536787564766839,0.649761045080593,0.511210551106924,0.519170984455959,0.484885631239732,0.499481865284974,0.352331606217617,0.527815653122443,0.479332181922855,0.487823834196891,0.482969987291035,0.45,0.587392055267703,0.445628238341969,0
"GOBP_REGULATION_OF_HETEROTYPIC_CELL_CELL_ADHESION",0.503621401457427,0.524228966197878,0.52324631327222,0.520086592377032,0.530310880829016,0.503886010362694,0.503482598880344,0.505099649560338,0.515064456481258,0.5073237766919,0.489775689505358,0.508172552495228,0.502214927026065,0.534314204712093,0.51359421870739,0.507812722080808,0.463308386106314,0.509165624441665,0.514304219096965,0.550777202072539,0.529339378238342,0.509131312560884,0.401450777202073,0.520243935989729,0.69119170984456,0.525247893525799,0.538813000471032,0.486887658973151,0.43309585492228,0.470067756078119,0.519782553299924,0.479274611398964,0.486303221446272,0.532107185217554,0.545405872193437,0.53954469791105,0.541138013514739,0.48714378238342,0.550414575679585,0.533034643909377,0.511462408797716,0.546317308322949,0.542821359674373,0.563841598815692,0.551289346790859,0.52816214568729,0.510362694300518,0.551424870466321,0.537447376943005,0.54119170984456,0.549262654444002,0.494991364421416,0.488255613126079,0.491815227891455,0.523226252158895,0.541321243523316,0.50382605154196,0.504301269054592,0.498667653589933,0.505625919529201,0.516530044080118,0.539550949913644,0.508058620209244,0.690037785370048,0.63548847337989,0.663335889713997,0.683583543687171,0.498741672834937,0.679855956633753,0.559420631182289,0.558678756476684,0.536332617212183,0.626528497409326,0.274870466321244,0.597313880556313,0.51776050662061,0.529698539802167,0.577221624792257,0.487046632124352,0.53126079447323,0.491887953367876,0
"GOBP_RESPONSE_TO_ORGANOPHOSPHORUS",0.547498329599497,0.545138245527351,0.547440885962287,0.541776972324384,0.539174712974972,0.564148292261133,0.53307359967923,0.52473212027275,0.540500564548533,0.534913277530358,0.536119099983082,0.531414260359069,0.535506249113045,0.55959343823671,0.54213313764307,0.536265798969934,0.528910665962114,0.537606034855465,0.554536470878883,0.625054042369217,0.561284046692607,0.554695825396321,0.543190661478599,0.539371539853617,0.395590142671855,0.570061701536944,0.606217820225602,0.545208898321739,0.504431474275832,0.508231068542353,0.55742666184715,0.52164096651775,0.557924021128217,0.583311195495341,0.62453523562473,0.589072584037107,0.603588529692609,0.59641158668396,0.591966654937419,0.606969982113035,0.605724520677272,0.613281014847286,0.619794550506545,0.618584398740041,0.608963161222445,0.605554283970397,0.630878608829322,0.618933744055339,0.6186567769131,0.613921314310419,0.592011706408594,0.602737117328557,0.600843060959792,0.596832933969385,0.595175097276265,0.62073065283182,0.607885560445328,0.598482427614554,0.614203658116943,0.6181753161145,0.611115412991248,0.662823653744536,0.607155569505545,0.714728032366895,0.711473273307142,0.718764290987528,0.717545940632841,0.645729108764128,0.717942386239314,0.642946979522855,0.616083009079118,0.663091961658916,0.681452658884566,0.610894941634241,0.630816665528933,0.616587404525148,0.647191761977754,0.630448082617527,0.66083009079118,0.616227122063698,0.622635646346736,0
"GOBP_REGULATION_OF_NUCLEOCYTOPLASMIC_TRANSPORT",0.516228422598432,0.518652849740933,0.532154244719012,0.489154659663567,0.49951065054692,0.523996113989637,0.500135504036754,0.499157224861867,0.50721664303589,0.498523301317307,0.496556495993306,0.502854854104172,0.509420691109968,0.516062176165803,0.508020861739842,0.506053519052111,0.478334292842065,0.519492585313561,0.518227239082161,0.484067357512953,0.539000431778929,0.505444508760289,0.522901554404145,0.51126599110459,0.466839378238342,0.507099935440083,0.500094206311823,0.512452896844089,0.556800518134715,0.538820247110403,0.544270789093689,0.541968911917098,0.53917548997522,0.478305449778388,0.505958549222798,0.467446603990341,0.472309081653289,0.478594559585492,0.466457737727405,0.458348064614447,0.445659299989426,0.458404932117794,0.468155420214324,0.506365655070318,0.475276288598041,0.453672660774154,0.499654576856649,0.480521373056995,0.464398477979275,0.582037996545769,0.458541251494619,0.475271403898347,0.482642487046632,0.481970668305963,0.467868739205527,0.49559585492228,0.468683394800552,0.462820455057445,0.442264988897113,0.449018102731402,0.472959039001882,0.469919401266552,0.471148985291874,0.641459827590108,0.605947285424645,0.644179869437534,0.630481378149772,0.47979274611399,0.65921197552029,0.566109279321715,0.475777202072539,0.578870213572602,0.643834196891192,0.3360103626943,0.596113989637306,0.495567069660334,0.521855864342911,0.533786293870369,0.509974093264249,0.458894645941278,0.491645077720207,0
"GOBP_NEGATIVE_REGULATION_OF_VIRAL_GENOME_REPLICATION",0.525856861821507,0.519639773007649,0.526175767237943,0.5031230037618,0.491709844559585,0.592422279792746,0.500970298623453,0.491036914411025,0.497193709204242,0.499678266947016,0.501319473497892,0.50001193073357,0.499916940236523,0.51419493596637,0.505235887646578,0.501934929515589,0.483784302437152,0.523119528318742,0.482377251418702,0.513860103626943,0.495282815198618,0.504406262794539,0.430362694300518,0.526929249392453,0.75699481865285,0.507614759390157,0.596561469618464,0.479904616109279,0.545919689119171,0.534416102032682,0.481517030493502,0.385952792170409,0.481707591799955,0.530863349772146,0.519576856649395,0.518488734672825,0.512157337219925,0.445369170984456,0.51887694470287,0.536903383114904,0.535909908004653,0.505056732471962,0.514634023169611,0.616580310880829,0.527628859804127,0.525678146906431,0.536787564766839,0.51377914507772,0.513811528497409,0.559844559585492,0.55841371064169,0.526727115716753,0.479620034542314,0.488504434881883,0.49706390328152,0.439637305699482,0.492832092675973,0.664353833445971,0.654932853970604,0.648519158191006,0.680990127084783,0.622049510650547,0.661336933518208,0.6103581691065,0.544341818727942,0.580445558444474,0.60701474691112,0.56099185788305,0.59669485600452,0.557701365991521,0.522711571675302,0.539972197649438,0.67419689119171,0.485751295336788,0.57022088901009,0.615745538284398,0.571620348563354,0.584974093264249,0.530958549222798,0.518134715025907,0.490463082901554,0
"GOBP_HOST_MEDIATED_PERTURBATION_OF_VIRAL_TRANSCRIPTION",0.528796652905156,0.576930668640513,0.53684734954165,0.536624316842927,0.525532527345999,0.587402849740933,0.511865773158062,0.515700986820889,0.52040718985423,0.515035933247027,0.517034081034982,0.508402645214071,0.509118116257301,0.554365040570926,0.514262339787292,0.513174964144044,0.47914028017655,0.521779524745399,0.505563779916112,0.472150259067358,0.514540155440415,0.539925738730217,0.517512953367876,0.551121096794901,0.35440414507772,0.569734642189078,0.658360810174282,0.514007300989166,0.487564766839378,0.533499402152252,0.554149324726068,0.490155440414508,0.503852218968236,0.58578406891816,0.607288428324698,0.614599207558671,0.610542263195699,0.534067357512953,0.615970500954101,0.599959361983135,0.603151105001586,0.618265888371483,0.603916815643022,0.56680236861584,0.608901135104376,0.573453215483084,0.552964881980426,0.546583549222798,0.582302461139896,0.510103626943005,0.582184137106417,0.496662965704416,0.531001727115717,0.485518573812242,0.513671848013817,0.461787564766839,0.510855940448447,0.684504017421341,0.661013006238765,0.690862278513401,0.711023896063723,0.625158318940702,0.67220515746386,0.665393578749689,0.610880829015544,0.649686687491816,0.66686373499845,0.519541080680977,0.659630505779932,0.508172397550636,0.513212435233161,0.539264501453305,0.586528497409326,0.582642487046632,0.593209708208345,0.548157743235463,0.604262835609986,0.561550493694398,0.640155440414508,0.475993091537133,0.562580958549223,0
"GOBP_ESTABLISHMENT_OF_PROTEIN_LOCALIZATION_TO_MEMBRANE",0.506447590812114,0.463311127559832,0.52020725388601,0.518244729931152,0.534340817501439,0.525226683937824,0.501361241623357,0.502771268247587,0.503336839835608,0.50227498591865,0.494599813342773,0.50917984728661,0.494806127964772,0.532075471698113,0.508327652031633,0.497942966418152,0.542621377854538,0.517688047168126,0.485152973106341,0.50038860103627,0.502407167530225,0.507776538521269,0.413678756476684,0.519482782337567,0.663730569948187,0.523724941647768,0.487235044747998,0.49988813000471,0.490932642487047,0.45701474691112,0.505189841161981,0.52964881980426,0.509596756026132,0.57058024845496,0.558696027633852,0.577938245844372,0.568370072315707,0.560265544041451,0.584388050984999,0.580952961495479,0.562926932431003,0.583419689119171,0.572909533476755,0.583419689119171,0.583485579082932,0.563578177384944,0.589407023603915,0.567859455958549,0.57634795984456,0.544732297063903,0.590410522120367,0.530884529977794,0.487931778929188,0.560735926934223,0.542811744386874,0.48199481865285,0.538418897210218,0.667291432004205,0.662387649360262,0.680218128318301,0.658675534245869,0.631980426021877,0.690040004511288,0.589734597370862,0.648554479237065,0.609195488299882,0.584179177184359,0.517542561065877,0.629974236924521,0.591403674046161,0.535492227979275,0.616327562239353,0.596165803108808,0.717616580310881,0.611862557949277,0.602158894645941,0.54086198775318,0.585932153680712,0.630958549222798,0.520034542314335,0.563018134715026,0
"GOBP_POSITIVE_REGULATION_OF_GLIAL_CELL_PROLIFERATION",0.504056412956139,0.531803602269924,0.52850737345556,0.499918376038044,0.519142199194013,0.461301813471503,0.498026153466568,0.502893814632468,0.504092153493326,0.507104815379489,0.493718018858816,0.505619375511317,0.499936057166212,0.513197771043113,0.517337060267248,0.50588877547065,0.494012665515256,0.506038949437199,0.524802615346657,0.469818652849741,0.535416666666667,0.506550521664243,0.483212435233161,0.530780870282911,0.627461139896373,0.520271813802579,0.523410268487989,0.497491756947716,0.459650259067358,0.47893583100837,0.498046377304001,0.429936672423719,0.488195539535932,0.460446969224046,0.469749568221071,0.477891355824913,0.476667898660381,0.431379533678756,0.476893772197285,0.471018998272884,0.453251559691234,0.467859251000197,0.480525002777525,0.471243523316062,0.464659019437539,0.51278573605608,0.494242947610823,0.498267487046632,0.481796470207254,0.546804835924007,0.476500597847748,0.543338267949667,0.516753022452504,0.563361728286643,0.591474956822107,0.481865284974093,0.57380817702559,0.507761507847113,0.486792851855768,0.511287021045225,0.532906709973449,0.50880829015544,0.516260540160416,0.674858022037695,0.616385071712848,0.634606535605395,0.644714583056552,0.546928201332346,0.655360922490494,0.579109750353274,0.568523316062176,0.58690762037154,0.586735751295337,0.5,0.592323425143169,0.512233736327001,0.512246820536976,0.555978101476195,0.544883419689119,0.558721934369603,0.514362046632124,0
"GOBP_REGULATION_OF_GLIAL_CELL_PROLIFERATION",0.504056412956139,0.531803602269924,0.52850737345556,0.499918376038044,0.519142199194013,0.461301813471503,0.498026153466568,0.502893814632468,0.504092153493326,0.507104815379489,0.493718018858816,0.505619375511317,0.499936057166212,0.513197771043113,0.517337060267248,0.50588877547065,0.494012665515256,0.506038949437199,0.524802615346657,0.469818652849741,0.535416666666667,0.506550521664243,0.483212435233161,0.530780870282911,0.627461139896373,0.520271813802579,0.523410268487989,0.497491756947716,0.459650259067358,0.47893583100837,0.498046377304001,0.429936672423719,0.488195539535932,0.460446969224046,0.469749568221071,0.477891355824913,0.476667898660381,0.431379533678756,0.476893772197285,0.471018998272884,0.453251559691234,0.467859251000197,0.480525002777525,0.471243523316062,0.464659019437539,0.51278573605608,0.494242947610823,0.498267487046632,0.481796470207254,0.546804835924007,0.476500597847748,0.543338267949667,0.516753022452504,0.563361728286643,0.591474956822107,0.481865284974093,0.57380817702559,0.507761507847113,0.486792851855768,0.511287021045225,0.532906709973449,0.50880829015544,0.516260540160416,0.674858022037695,0.616385071712848,0.634606535605395,0.644714583056552,0.546928201332346,0.655360922490494,0.579109750353274,0.568523316062176,0.58690762037154,0.586735751295337,0.5,0.592323425143169,0.512233736327001,0.512246820536976,0.555978101476195,0.544883419689119,0.558721934369603,0.514362046632124,0
"GOBP_HINDBRAIN_DEVELOPMENT",0.493521930675238,0.522945965951147,0.52414308489438,0.491983107388743,0.510391479562464,0.528141191709845,0.497517386606079,0.494752004815858,0.505399577912956,0.500321733052984,0.50515560132591,0.501148759203709,0.502057377157247,0.465343630853456,0.511525088628306,0.498861008101508,0.529572059105738,0.485724495265321,0.532247717739946,0.510362694300518,0.492756908462867,0.504918750264715,0.584663212435233,0.502228437800908,0.56580310880829,0.503709712128987,0.517946302402261,0.496484926990108,0.508873056994819,0.501315265045835,0.487734647073813,0.504490500863558,0.483802658256364,0.608908171546289,0.589369602763385,0.636042013457436,0.612494159652438,0.619980569948187,0.640781208618828,0.616253174845068,0.607074124986782,0.629664852102053,0.595715541011423,0.63160621761658,0.632444817155351,0.593660469369095,0.65146804835924,0.580764248704663,0.612823834196891,0.631519861830743,0.639904344360303,0.446200345423143,0.462629533678756,0.459532800562044,0.470645941278066,0.531217616580311,0.480295042649954,0.46336261920853,0.494871523739029,0.515480074202009,0.472196014744928,0.523056994818653,0.480374569603206,0.428458945177274,0.443170383720057,0.463666972185331,0.442482618130286,0.456550703182828,0.441821420704318,0.435162505887894,0.451208981001727,0.473284468595981,0.437823834196891,0.52279792746114,0.419525497682029,0.481059297639609,0.539519547809703,0.482842897643953,0.47759067357513,0.355958549222798,0.491483160621762,0
"GOBP_PLASMA_MEMBRANE_ORGANIZATION",0.518087720880122,0.553661499186791,0.515481060228142,0.536529680365297,0.544410818081376,0.594979463899697,0.513276615130586,0.518821095988217,0.522517881004836,0.521255721970373,0.513274954147903,0.512055714838328,0.512474023909554,0.49599066800447,0.525485243588868,0.514536723474496,0.507245680613601,0.522556166793387,0.528462314454532,0.498919152615651,0.556303141663064,0.538726143312706,0.520795503674881,0.563483045043597,0.537397319498487,0.560133099621669,0.477105687222419,0.483792202177416,0.51599654128837,0.519638165552562,0.510882892843727,0.523946774271029,0.505629805071524,0.652112991525115,0.628066003746938,0.65525565708674,0.647248072367606,0.604409857328145,0.666675732752197,0.668765629900901,0.648234910047028,0.670418164803231,0.656443915187402,0.715428324377741,0.679107032630345,0.68097199969482,0.696113753182495,0.679988110678772,0.665697281668828,0.588485372532065,0.691303335661312,0.588351553332098,0.58497261853293,0.612287219620861,0.618751981553538,0.62948551664505,0.598670510518675,0.665417269748178,0.677078094532236,0.65612239996157,0.649671013716545,0.670725849065667,0.672019144699585,0.630457807305207,0.634078334805792,0.639931887104905,0.629943722031919,0.523994811932555,0.650785202659883,0.655602719805054,0.635177979535956,0.631056699672055,0.586165153480329,0.524210981409425,0.663731312717592,0.580583177210933,0.558464017607986,0.588576462814771,0.547611327280588,0.606715665081424,0.619892996108949,0
"GOBP_PROTEIN_LOCALIZATION_TO_PLASMA_MEMBRANE",0.559562204789946,0.559014267185473,0.55903920981742,0.574690996097105,0.555987894509295,0.541450497189797,0.55791806169467,0.565339691048072,0.566074531310227,0.574178242253025,0.577065089837886,0.571823730857624,0.562260109635878,0.572596236203901,0.574333856691014,0.574626986360299,0.552897471617748,0.580191421798828,0.582623062195047,0.499459576307825,0.584080919440842,0.595452548149248,0.524167747514051,0.607080411219387,0.62862083873757,0.605582559474232,0.581142160908698,0.547876626184019,0.596952010376135,0.589510791845422,0.603552266944498,0.574530431858577,0.569334010037783,0.52199849983592,0.516414468943652,0.514851136503689,0.514793498506598,0.512267617812365,0.511160634603322,0.534957571441893,0.534459179261847,0.528334619404905,0.533653752963376,0.505002779321845,0.534086052945278,0.544492764680451,0.560935773646539,0.565472330306961,0.530658911586684,0.62977374261421,0.539845023113506,0.492197311263459,0.497658164000576,0.504187825628174,0.511070759475429,0.512429744920017,0.492394421505937,0.599251865636572,0.572284426092097,0.558408458898443,0.614728992306087,0.517533746457222,0.566439868626529,0.661395529728495,0.640695000532591,0.667326881025627,0.665864807239645,0.587795688963004,0.682885371040323,0.59619541720709,0.606103184896959,0.591703310029209,0.746303501945525,0.583225248594898,0.641966459599063,0.530455877407888,0.484317887041622,0.495745947841976,0.430231301340251,0.545035307681222,0.527683203631647,0
"GOBP_CELL_SURFACE_TOLL_LIKE_RECEPTOR_SIGNALING_PATHWAY",0.492177439304928,0.488440079879769,0.516063054973561,0.483100284869913,0.50463563433732,0.510862516212711,0.497710651292707,0.499803563836371,0.509266392215936,0.49628242634428,0.490240149519459,0.501133467585956,0.497453270539676,0.485671634485965,0.508476118961476,0.497079286220247,0.497205809354534,0.50573967231689,0.485465176126655,0.526913099870298,0.522670773886727,0.490800368960655,0.504885430177259,0.494863583669066,0.384781668828361,0.496373463504653,0.486656447745942,0.502623511378375,0.561067877215737,0.524543549835379,0.491562302878243,0.517749915934092,0.499990601327093,0.457233603675402,0.447679780948263,0.45539768336747,0.448895848207714,0.473384133160398,0.453134854055855,0.442550630282377,0.447673751731562,0.449689974661654,0.44679828985925,0.437681427953801,0.436357456847324,0.474771750464129,0.450977566412067,0.452618352788586,0.443508835927367,0.518446462026229,0.462682496923742,0.530716653284747,0.514663496181006,0.541486220111822,0.541686121919585,0.462710765239948,0.544679115763003,0.50725389574992,0.491692915817429,0.488356204597738,0.498297530935896,0.454100014411298,0.513175266668992,0.612078681913695,0.598914766568294,0.610799733416992,0.613594288691565,0.510283490828238,0.627263885792191,0.584306095979248,0.586936157947831,0.570951040249702,0.577086035451794,0.497189796800692,0.600848749630236,0.518230292549359,0.540246826239044,0.555702387653052,0.550205361003026,0.625018014123072,0.507498378728923,0
"GOBP_ORGANIC_ACID_TRANSPORT",0.571324457813428,0.563588514109347,0.584435096153846,0.552126934297311,0.557806069958848,0.548448350694444,0.56514623947222,0.568880148301829,0.574352479449815,0.565882551144628,0.556662640901771,0.565206010903996,0.569501504924135,0.576077699161426,0.575857775950292,0.568722868754041,0.56878000685871,0.567004909003831,0.575975529100529,0.573857060185185,0.585618007330247,0.571779285245736,0.552777777777778,0.574601565060636,0.332465277777778,0.58716054313099,0.578466961279461,0.576642071759259,0.593713831018518,0.549601584757835,0.576749392835458,0.492026748971193,0.598782206119163,0.501635012271307,0.514732831790123,0.49918169725155,0.505539160248741,0.502911603009259,0.504168866195816,0.510565314088598,0.502852182539683,0.494665304149086,0.51172805663851,0.520978009259259,0.502319832476986,0.52207584422658,0.538226594650206,0.52831127025463,0.507086859809028,0.59813850308642,0.511293625356125,0.563788304673721,0.519917052469136,0.551970535153798,0.566211419753086,0.494574652777778,0.549990902474527,0.524513553408481,0.529655612244898,0.531171410608139,0.541868925050673,0.489663708847737,0.533189880020866,0.67336598334142,0.65913513150832,0.662149852921514,0.66589629827477,0.577670304232804,0.693793001643048,0.60407460016835,0.603539737654321,0.584208446251129,0.65474537037037,0.513165509259259,0.624710648148148,0.549961419753086,0.593342276936027,0.584730957372467,0.564633969907407,0.627314814814815,0.541187427662037,0
"GOBP_FC_RECEPTOR_MEDIATED_STIMULATORY_SIGNALING_PATHWAY",0.510726398801473,0.548185205772754,0.50961122751006,0.518735675070625,0.523466397655762,0.499297449200173,0.506349613696833,0.506543387277036,0.51659107549903,0.510372689957851,0.501910615935316,0.51151102464332,0.500419687813872,0.50229629085807,0.519466630259176,0.502399427285655,0.49717378424685,0.517681172383977,0.525549173409096,0.444444444444444,0.522679780948263,0.516211061515825,0.528750540423692,0.529810344761621,0.343277129269347,0.522798628118055,0.550092363321935,0.487963290492473,0.530696065715521,0.541737337457182,0.519543846966185,0.499255416246337,0.527190360721066,0.54638788617505,0.5512177547197,0.562557099064309,0.554420884008056,0.549502810203199,0.572427540727973,0.564354924849317,0.55994070780063,0.562423725010535,0.564851264443956,0.50873942313631,0.574266085883009,0.571005315225961,0.513570639381275,0.583157695633377,0.551526021400778,0.595474852284191,0.562140410389438,0.590477219854652,0.554618821155786,0.579942403658027,0.591895085747226,0.603220925205361,0.604643962263795,0.66853762915343,0.652390657949302,0.649469183840131,0.689166575251714,0.577220540904069,0.67966229954502,0.615316504209169,0.626603256953452,0.625012291224768,0.627207422927267,0.627262059168674,0.651878436834959,0.623039735880203,0.635574290243551,0.654877521537861,0.638910505836576,0.621703415477735,0.662650465333242,0.583033097948792,0.587843414691664,0.595404155348359,0.57592952875054,0.605130422251045,0.583711629917856,0
"GOBP_NEGATIVE_REGULATION_OF_T_CELL_CYTOKINE_PRODUCTION",0.488440331384556,0.504885270170244,0.462973296133918,0.502019305841437,0.466004605641911,0.501360103626943,0.492640692640693,0.478571582138327,0.485170108919366,0.493514174243072,0.506664950278377,0.491408167439324,0.492542419807776,0.473135203832242,0.493819880010908,0.495950538162366,0.545499904049127,0.509272824727533,0.497847273624476,0.451424870466321,0.481228411053541,0.491573463596448,0.527668393782383,0.509986702737402,0.455440414507772,0.488448741081627,0.533160621761658,0.580764248704663,0.645336787564767,0.600757273814269,0.599728191624904,0.633736327000576,0.580265825636405,0.454196579062363,0.464343696027634,0.448242796520761,0.452577423831407,0.467130829015544,0.437251373430486,0.438244437671442,0.427672623453526,0.436876106775103,0.439005544950459,0.408623242042931,0.440989547455749,0.449588540079244,0.463327576280944,0.4733646373057,0.480727817357513,0.485405872193437,0.442734157034675,0.454274611398964,0.467055267702936,0.426626855185738,0.459108808290155,0.447668393782383,0.436554517274928,0.456838627318465,0.470730675689965,0.458933026290539,0.446403990410641,0.411139896373057,0.451568667776797,0.424519763784872,0.428640084103026,0.426484727184303,0.4239404809353,0.314137675795707,0.419407545037495,0.461351860574658,0.500647668393782,0.408985214204474,0.392642487046632,0.54740932642487,0.439105535860376,0.414018422567645,0.402661328308997,0.45007332095024,0.46619170984456,0.467357512953368,0.450728626943005,7.40459417401413e-198
"GOBP_SIGNAL_TRANSDUCTION_BY_P53_CLASS_MEDIATOR",0.500609204889361,0.488419492310543,0.510492533838837,0.519262773247102,0.508838929720901,0.500054042369217,0.50318254094862,0.498614183229195,0.507839619149181,0.506457155751031,0.488679969816833,0.502815891869752,0.498088577780858,0.535602704973529,0.518914829226113,0.509447846014018,0.559270468046949,0.491651385720888,0.514792168488666,0.54074794638997,0.491947686986597,0.514880352845132,0.562991785559879,0.522625100910973,0.635538261997406,0.525739361768253,0.516369924930236,0.505797272334237,0.510268050151319,0.476404270178589,0.514327429425981,0.534995436422155,0.515028477978909,0.564931581058345,0.565744343565355,0.564204290915209,0.586526560915278,0.611057068741894,0.581509491908235,0.565979162957877,0.560823032196017,0.574548369972692,0.583697197550248,0.618306466555494,0.582395557654774,0.540271101955698,0.536724792237114,0.559784370946822,0.572977464332036,0.463179132439833,0.578462868735242,0.604435591789677,0.598573281452659,0.63248257820572,0.597256088773598,0.66061392131431,0.621675096332293,0.514484608106669,0.500701447894333,0.536663410780719,0.510628870347785,0.555939856847769,0.527429166438319,0.581276891388525,0.586138837196188,0.599936631907863,0.585695492958787,0.532826879130381,0.610834206402293,0.560468498211689,0.630025940337224,0.597133909082281,0.567747514051016,0.599654128837008,0.61084943227069,0.6174040447711,0.669555476948473,0.688887257421139,0.682501080847384,0.531056348176971,0.699038045827929,0
"GOBP_NATURAL_KILLER_CELL_MEDIATED_IMMUNE_RESPONSE_TO_TUMOR_CELL",0.502161203624172,0.490254132741179,0.48902949382224,0.496433387749308,0.435261945883708,0.535621761658031,0.494999940626274,0.494513361855825,0.495772595704644,0.49401402531989,0.474022463231745,0.491808699209163,0.494968292264895,0.505885228272558,0.5007192527952,0.492447637383226,0.490424102859336,0.516196176523137,0.485331852948433,0.430181347150259,0.464281088082902,0.489586480495828,0.474922279792746,0.498019166399193,0.629015544041451,0.489307884586734,0.48860103626943,0.517969853980217,0.520919689119171,0.500099641291351,0.481236728106685,0.51986183074266,0.47456634377112,0.459922591922093,0.463868739205527,0.457503575363984,0.449291836065802,0.49300518134715,0.454909377355544,0.453959158793051,0.433763349899545,0.46211385846396,0.458704764213354,0.509511472982976,0.467698942765581,0.461429442243219,0.423431203223949,0.459310233160622,0.453521696891192,0.459326424870466,0.435791151853328,0.46574142610412,0.440565630397237,0.472213928163695,0.454977547495682,0.54300518134715,0.451157318370025,0.613064504017421,0.580099397271862,0.570549478666923,0.593565849508932,0.552705814622913,0.59345929557562,0.454653030748693,0.430900352932342,0.457301584332504,0.452127895133076,0.472020725388601,0.445380364513997,0.410032972209138,0.385492227979275,0.4685959812966,0.510569948186528,0.496113989637306,0.447627488410145,0.435924006908463,0.481394253414979,0.399169029230619,0.456541450777202,0.377720207253886,0.423380829015544,0
"GOBP_INTERLEUKIN_1_MEDIATED_SIGNALING_PATHWAY",0.507433986312377,0.518948926720948,0.532323634914308,0.525438285187025,0.564622913068509,0.533581606217617,0.501470885103924,0.518478704878206,0.512788061339832,0.505630475875919,0.495729411386091,0.506425552222525,0.498073145328218,0.532212337471894,0.517933596945732,0.50526404196762,0.467702936096718,0.508879757012685,0.522187268689859,0.464896373056995,0.536852331606218,0.51341841848908,0.498963730569948,0.53310559860608,0.598963730569948,0.524191759506034,0.492416391898257,0.48700541686293,0.527914507772021,0.458190514149063,0.511500891871231,0.515831894070236,0.482496057670647,0.479059242149947,0.509628670120898,0.490879891215155,0.519904950522667,0.47645725388601,0.487951839955453,0.483435944325917,0.490514962461669,0.495556502918607,0.512087789998889,0.487046632124352,0.488852616131061,0.490155440414508,0.458261370178469,0.482836787564767,0.494102169689119,0.496113989637306,0.46175368672778,0.479101899827288,0.520077720207254,0.485711776587336,0.521962003454231,0.398445595854922,0.500880150236441,0.456835623638958,0.485989214338585,0.466967312735879,0.481503106230506,0.458578008059873,0.478663597221577,0.679770120143901,0.609686866411354,0.610684424159668,0.642675257960232,0.533234641006662,0.647541972742858,0.529415920866698,0.497020725388601,0.525300139011753,0.570673575129534,0.444300518134715,0.599850013635124,0.513672999424295,0.534055581723975,0.523482256330042,0.543264248704663,0.363730569948187,0.503562176165803,1.59861314199083e-291
"GOBP_NEUTROPHIL_MEDIATED_CYTOTOXICITY",0.487489955944695,0.495978287688132,0.485870864886409,0.4953474341685,0.501554404145078,0.473607512953368,0.494940698841948,0.487953905359792,0.492461237904201,0.493050742993975,0.496537186625044,0.484261658031088,0.493773154557081,0.499178805357317,0.504485955822198,0.502044112516636,0.485703319900211,0.46515097373593,0.49973476437207,0.542098445595855,0.517810880829015,0.485598396182462,0.510777202072539,0.51492961621349,0.430051813471503,0.483060471121853,0.551860574658502,0.60363283089967,0.527137305699482,0.595117576723794,0.586630425549987,0.617501439263097,0.568438837576031,0.44895748798302,0.457210708117444,0.450334091388648,0.443766344256236,0.459067357512953,0.435051168349642,0.418114396017474,0.440477952839167,0.442326359283794,0.427152077083901,0.46039970392302,0.431210877834017,0.473742761353246,0.465284974093264,0.423267487046632,0.461856379533679,0.38454231433506,0.435344758868075,0.440815445349124,0.423855785837651,0.418775796961447,0.431039723661485,0.366450777202073,0.442014163857275,0.428874371104603,0.423770751824046,0.436518902322011,0.430050524579177,0.436096718480138,0.417956917197959,0.458623888499219,0.453713298791019,0.453304277884813,0.466155174704397,0.425240562546262,0.454071810981391,0.438883655204899,0.404922279792746,0.449488184001011,0.43440414507772,0.51580310880829,0.429329151895282,0.462406447898676,0.447833254828073,0.43573174308339,0.387111398963731,0.370466321243523,0.42464378238342,4.66299497263188e-242
"GOBP_RESPONSE_TO_AXON_INJURY",0.507871768584966,0.544510239328892,0.520336787564767,0.500166796791823,0.524726540011514,0.483322538860104,0.496264337105544,0.486386601595253,0.500557991231566,0.502857408264794,0.484398030444437,0.492683051540769,0.491624807182692,0.486499169029231,0.523735342241614,0.496518418978461,0.504336979466513,0.483571556190816,0.502726375524303,0.383160621761658,0.501424870466321,0.4961850037413,0.523212435233161,0.493924526571599,0.530569948186528,0.509172474300187,0.520584079133302,0.474487753179463,0.510945595854922,0.501175767237943,0.494759194767689,0.468624064478987,0.523113313809417,0.518184655721331,0.494956822107081,0.538665510046187,0.540815486858346,0.524611398963731,0.564440203994323,0.526233871787057,0.500158612667865,0.549957368662688,0.552203335050349,0.53360473723168,0.53515529066459,0.538326729655593,0.481692573402418,0.526133419689119,0.5375,0.453195164075993,0.550011956954962,0.576844312854676,0.531109671848014,0.585457100201985,0.592151986183074,0.520854922279793,0.601966196800688,0.557685664939551,0.540848049064185,0.571768054755965,0.583836001340448,0.561283822682786,0.566455255319008,0.541066135710569,0.571908087407074,0.586689362338901,0.55813515787609,0.588675055514434,0.580702594504516,0.542251530852567,0.600777202072539,0.607342348034879,0.654093264248705,0.624093264248705,0.607785655849468,0.623373632700058,0.653273669335846,0.652243621077329,0.664378238341969,0.619516407599309,0.684294041450777,3.65787136161374e-267
"GOBP_POSITIVE_REGULATION_OF_MACROPHAGE_MIGRATION",0.525632429137458,0.515692079940785,0.511369071343165,0.517573993895947,0.505757052389177,0.590673575129534,0.516328170458009,0.531133231569669,0.521500957209783,0.510960008964881,0.508023042512793,0.511100695391328,0.514879563342958,0.545840258089745,0.526332833378784,0.515968498443012,0.506601420072923,0.541423977130606,0.504848260547742,0.488730569948187,0.524827288428325,0.537107763549858,0.527668393782383,0.537094777385483,0.417616580310881,0.569732986806602,0.580310880829015,0.525047103155911,0.507836787564767,0.554982064567557,0.544627537586002,0.49251583189407,0.539040324397387,0.478019851426431,0.493031088082902,0.474107331254542,0.48031332157128,0.491806994818653,0.47192022219355,0.494682515493244,0.485798879137147,0.471541942677248,0.475889060590451,0.492450037009623,0.494510168019408,0.499375190490704,0.486931491076569,0.465349740932642,0.452299222797927,0.517098445595855,0.471638102829813,0.491518628176659,0.470466321243523,0.468894353209801,0.463868739205527,0.465414507772021,0.46564698961468,0.582796425621386,0.524669556941948,0.594706710164396,0.576065269507385,0.509470351180196,0.57791326385065,0.641500554336267,0.596395584591124,0.616636426553936,0.648084672955139,0.592227979274611,0.636161205980098,0.502779086198775,0.512262521588946,0.495008214330848,0.524248704663212,0.410103626943005,0.533024270520862,0.506793321819229,0.531653320772492,0.488483722749047,0.54449481865285,0.490673575129534,0.427639248704663,0
"GOBP_MALE_SEX_DIFFERENTIATION",0.566918902922565,0.541803059312787,0.573522564767701,0.578268156755444,0.572777057212855,0.542315175097276,0.574665884118848,0.578521544293215,0.570409915118724,0.573577593769201,0.580821873665724,0.569499908981273,0.58210204739447,0.582654234882412,0.586035451794207,0.576095429390208,0.586427759363341,0.575554959225964,0.575355650258374,0.610570687418936,0.590602031993083,0.575795144374116,0.550713359273671,0.57799126904874,0.613921314310419,0.560745004275045,0.551664504971898,0.559697166214676,0.582684824902724,0.546260268050151,0.573437378183184,0.601047221021281,0.60115791650219,0.54785549461139,0.532720853148869,0.52041089807169,0.546122652757339,0.555825767401643,0.557842475630645,0.571875927197511,0.53444153277394,0.562265018305998,0.56574796745912,0.576987215119511,0.563567571079773,0.52452887769894,0.539030599990392,0.548070687418936,0.538755134025076,0.450569246289091,0.540889287971,0.569879356844337,0.510844502089638,0.543684553774905,0.560997261853293,0.45903588413316,0.564559155862913,0.504822772357876,0.472475890485896,0.513786808858145,0.500957168330419,0.509151174520824,0.51012619758167,0.519554369927333,0.524226645864271,0.535257475796042,0.530171346643461,0.483293187573343,0.531206321578669,0.519710725936407,0.526696930393428,0.558571383379203,0.583484651967142,0.624945957630783,0.527749334425558,0.662847672575299,0.658295012380615,0.676912284136423,0.666234327712927,0.69332756881395,0.679163964548206,1.9819625729925e-179
"GOBP_DEVELOPMENTAL_PIGMENTATION",0.486157213709789,0.494547248951394,0.48330011956955,0.514788132585705,0.501093839953944,0.49889896373057,0.492118731618884,0.490785371831531,0.493199563538475,0.495167958808732,0.491491005052618,0.494360171802563,0.501322364170919,0.490634470622739,0.513076083992364,0.487384517979662,0.500383803492612,0.500768268715383,0.48254379471996,0.53380829015544,0.48418609671848,0.49127020654798,0.543626943005181,0.521188500160484,0.594300518134715,0.485015477826152,0.494112105511069,0.471249411210551,0.5360103626943,0.493343961737744,0.505130383079929,0.533045480713874,0.491011489074116,0.490583057619077,0.483367875647668,0.501570815651889,0.492734956310713,0.495660621761658,0.508878914022233,0.516816011378645,0.491117690599556,0.513294418574146,0.506109545596865,0.54541080680977,0.5067507262871,0.48064614446815,0.476914219919401,0.499060880829016,0.489604922279793,0.412089810017271,0.514188919888402,0.498297557364915,0.459499136442142,0.500017563888645,0.480483592400691,0.368264248704663,0.507459782338168,0.52681835248179,0.49704980437771,0.537484807778417,0.497302348361818,0.490500863557858,0.529565523143572,0.510717922030907,0.54245700983705,0.542603019023213,0.531936141003499,0.438415988156921,0.53646001934625,0.458455016486105,0.537305699481865,0.541791987868065,0.577823834196891,0.683678756476684,0.51508044723207,0.644415659182499,0.658525671219972,0.660357806237169,0.676165803108808,0.561830742659758,0.638584844559586,6.18186434062595e-68
"GOBP_MEMBRANE_INVAGINATION",0.522299604319799,0.511362932689331,0.534960488146444,0.500806063736929,0.509048547897703,0.533098992197659,0.509862781854673,0.510867160563107,0.519928929498522,0.507147057321522,0.508111284316972,0.51599715111902,0.508549320521347,0.522646416566479,0.517110396276778,0.51175904516991,0.516977315416847,0.519774897986637,0.508820205585485,0.514466840052016,0.538510511486779,0.517995344107319,0.458647594278283,0.529152329769727,0.35890767230169,0.520683681142681,0.463884619931434,0.530596110651377,0.526820546163849,0.531134340302091,0.511042657059413,0.578456870394452,0.525569627409962,0.516457572814013,0.511876896402254,0.521337283538003,0.505716553458635,0.546834362808843,0.518087864104972,0.522885591167546,0.526266553435418,0.50336002699544,0.503541218310912,0.556683076351477,0.517718754932838,0.508165684999618,0.549703800028898,0.541775032509753,0.498605636378414,0.556458604247941,0.531949584875463,0.477730819245774,0.468194625054183,0.512502479557427,0.487100130039012,0.487646293888166,0.472366710013004,0.617058668325135,0.607461320028662,0.603834545425356,0.595899727629732,0.541052593555845,0.615442091013988,0.633485897297574,0.661997512297167,0.635686554341754,0.619262167539151,0.52665799739922,0.662675558674996,0.608316585884856,0.58016363242306,0.585445145738844,0.532444733420026,0.447496749024707,0.583627061802751,0.506682560323653,0.520185601134886,0.544225531810486,0.540921651495449,0.578023407022107,0.527999024707412,0
"GOBP_POSITIVE_THYMIC_T_CELL_SELECTION",0.509942639949507,0.49346344677084,0.496624430476571,0.520145218508845,0.553105634817697,0.555177258971033,0.507894892422244,0.507316574368579,0.50564630312031,0.507930971438808,0.502579264379298,0.497910835779462,0.502544529262086,0.515013581969018,0.492988713677839,0.510500661446255,0.514323229411859,0.51903036808444,0.525574907870628,0.514699524427151,0.504809770860355,0.518145395472339,0.524686554258539,0.530277117791322,0.67704280155642,0.541331189595135,0.537711747828479,0.487815902212789,0.505404236921747,0.496690944161761,0.511145131225504,0.454003939088245,0.56049925750484,0.641443855838399,0.638341259547485,0.657491690680063,0.647414199919817,0.680420449632512,0.659358268468324,0.659835711197579,0.685601348191676,0.664797758404615,0.659720589363113,0.710178494225187,0.67833981841764,0.577821011673152,0.671038093865591,0.640537181150022,0.64763361975789,0.668323965989336,0.643752702118461,0.590806620962263,0.591151462746794,0.604534429569053,0.579628188499784,0.682771292693472,0.59878378710044,0.559177177515868,0.574543176544288,0.579771874482928,0.563879693620097,0.609718018926839,0.563142799729636,0.539693058222275,0.568394142747044,0.563524951576476,0.553388317979758,0.529800506454203,0.559598444219085,0.569606571552097,0.563950136907335,0.532367424841564,0.576134889753567,0.523130134025076,0.556306460054156,0.537301244175434,0.545768973784538,0.568672556265244,0.58554907047125,0.526156506701254,0.586089494163424,0
"GOBP_B_CELL_HOMEOSTASIS",0.501326481005625,0.490644049827723,0.513893249607535,0.501235164053168,0.475365903937333,0.523840445269017,0.501298606809902,0.490116167176037,0.499413935011125,0.504622063033316,0.49046658753846,0.499422663802363,0.49936221539275,0.503336017082648,0.519854018162289,0.499768204720111,0.548354291211434,0.490928283539121,0.523195511971022,0.452226345083488,0.493931663574521,0.507086591882232,0.534248608534323,0.510417521795524,0.524675324675325,0.520177585992282,0.535941980097824,0.497807387417777,0.513358070500928,0.503239617525332,0.513738252379939,0.510327767470625,0.506638702911995,0.513302188345218,0.517482993197279,0.535926258615334,0.524610651797731,0.527319109461967,0.532810870088533,0.525520753756048,0.54044905531786,0.538101500669313,0.531569182697002,0.518923933209647,0.530058875888769,0.537433155080214,0.522902494331066,0.54371521335807,0.538627666975881,0.533642547928262,0.528077636649065,0.609267603145154,0.547402597402597,0.621433288261375,0.608465058750773,0.568367346938776,0.626740446079186,0.530261622435536,0.504123281965848,0.552788657550562,0.535928889873453,0.546629560915275,0.542576830522687,0.566598342393726,0.582549541555753,0.58989705498215,0.596904682618968,0.513331566392791,0.608192071989273,0.626918536009445,0.670098948670377,0.686908909905426,0.64378478664193,0.803339517625232,0.652983107118445,0.640362811791383,0.630983302411874,0.681478629187524,0.664100185528757,0.57687074829932,0.657026901669759,0
"GOBP_ORGANIC_ANION_TRANSPORT",0.565133968723201,0.545986217172658,0.575980342994685,0.547073636834491,0.550919889902941,0.547767275097784,0.558466989972474,0.559930104356576,0.56514317750986,0.558576274154639,0.547476252560998,0.558321896658204,0.56242058713271,0.565014390789894,0.569222191724422,0.562944334080054,0.564604761214931,0.56471249381828,0.567653815111442,0.564602346805737,0.583317036071273,0.562917627331796,0.531734028683181,0.563588743639741,0.346805736636245,0.578422216760875,0.57821500533365,0.571204219509304,0.592666232073012,0.532785076722495,0.563498407677346,0.496856439229321,0.583799104359163,0.496800238764707,0.507340286831812,0.495983056746919,0.499808731998435,0.494344850065189,0.49880780081371,0.505873149781425,0.499390681957268,0.487668542570924,0.506847010326047,0.515533618923449,0.496124077744534,0.515346268885651,0.525133999710271,0.519972294654498,0.506573908083442,0.583789656671013,0.509629926787684,0.551666977090706,0.514971751412429,0.543491039268115,0.558619730551934,0.504106910039113,0.542185000256202,0.517087844604425,0.52113987707208,0.523852753231284,0.530304150693728,0.48247138925105,0.524151665951618,0.657247940424611,0.64248058500085,0.652139942294749,0.647664894861766,0.564537157757497,0.675886318011698,0.589842361028802,0.590178183398522,0.575100963525933,0.656114732724902,0.506649282920469,0.606196390585329,0.570418658554252,0.595780490695745,0.583587119628053,0.586082138200782,0.600434593654933,0.542250651890482,0
"GOBP_RESPONSE_TO_MONOSACCHARIDE",0.52448957415769,0.484281390896177,0.513069939139978,0.50379333013521,0.485997021664985,0.558933203631647,0.505130653448346,0.517972563518844,0.502521795498768,0.504518889422853,0.494931429967803,0.509042141670649,0.511529588815952,0.494889427273246,0.508891391903884,0.510361579837695,0.504155257722054,0.531210399988073,0.502794762522389,0.48465196714224,0.544332756881395,0.51394970496106,0.463380890618245,0.530851019057348,0.59706009511457,0.530851459109437,0.539637621349684,0.484352277640215,0.539342844790316,0.522132428747215,0.504326933299313,0.506124801844646,0.532378428165943,0.491698310752739,0.534969015708315,0.486915388723583,0.524087913187735,0.52772373540856,0.494175323361773,0.488320914184956,0.545894103426066,0.487552468983785,0.521045130961621,0.516737693780495,0.520083768796123,0.477391215889728,0.487774415141471,0.515172395157804,0.519793017725897,0.560887735985012,0.515427849279989,0.496716282708501,0.514933708027093,0.495167329830655,0.513849257818129,0.432771292693472,0.495492536017233,0.498515636258827,0.512939287258353,0.51522526994497,0.54054844669863,0.47771052505164,0.515614300510448,0.643869754586286,0.613601759431568,0.624598681756389,0.667426031239261,0.521030201964054,0.68534035304751,0.582498133081791,0.558762069462459,0.55352039901722,0.652399481193256,0.575875486381323,0.597355905977655,0.55291348417159,0.556872224187399,0.567008459160284,0.525075659316904,0.549502810203199,0.536167855598789,3.31023982713635e-321
"GOBP_NATURAL_KILLER_CELL_ACTIVATION_INVOLVED_IN_IMMUNE_RESPONSE",0.495129828844638,0.517736190887942,0.506950680102431,0.510020787804488,0.485036268434453,0.580036748811068,0.497542868108215,0.50656132665271,0.496277141808812,0.499021147206615,0.497160258114411,0.489980829180604,0.4954323884582,0.494212368157012,0.508109199717842,0.498152047464564,0.522809882948231,0.494290144162679,0.469653922961316,0.437418936446174,0.487948551664505,0.500305464552329,0.41642888024211,0.498613071940437,0.396022481625594,0.495845816602645,0.517627638250206,0.486852965452187,0.524481193255512,0.478216768100037,0.478173970359975,0.503867031752894,0.475535254422076,0.494337922376927,0.490142671854734,0.485802262639067,0.490456248519835,0.523616515348033,0.491295141314775,0.488561667641549,0.481069730096967,0.51372539361999,0.491911553394704,0.614044839725774,0.492871405401488,0.483278655171537,0.51606859778066,0.475383700821444,0.484209495244271,0.526949128116443,0.480827430243773,0.493010520247874,0.505440265167892,0.503792125568819,0.490975644905606,0.588629485516645,0.484531138788356,0.664296947937618,0.639499898532695,0.630432926080714,0.61835870367144,0.579021953211318,0.651318910594408,0.493938758904011,0.497622135754431,0.490311393302024,0.496931132469394,0.482799085911926,0.498368539789169,0.496069645875093,0.521472834702407,0.493404194742337,0.43199308257674,0.503458711629918,0.477120167474458,0.528078013162319,0.554376449318084,0.513137394056563,0.555447470817121,0.534947398760628,0.542869109381755,0
"GOBP_NEGATIVE_REGULATION_OF_EXTRINSIC_APOPTOTIC_SIGNALING_PATHWAY",0.545929577639136,0.524801587301587,0.552394943019943,0.545882087138508,0.536088605967078,0.567111545138889,0.542913672202888,0.55845987974489,0.548194780136378,0.553475911170134,0.544576360133425,0.551564593993665,0.548287891103572,0.543468291404612,0.552496421174464,0.559076123349035,0.56184627914952,0.56542345146871,0.560019841269841,0.558810763888889,0.566128954475309,0.567716532949844,0.555150462962963,0.568417629465749,0.455729166666667,0.581649915690451,0.60245686026936,0.543327151725589,0.58080150462963,0.565627225783476,0.536799863387978,0.521797839506173,0.58347171900161,0.51797729110888,0.516333912037037,0.512302036199095,0.515266523042221,0.563187210648148,0.520215948254939,0.503113652868555,0.504735922146636,0.499135607126113,0.509434675294203,0.52796378968254,0.511137537465211,0.534637118736383,0.504822530864197,0.542851200810185,0.524206090856482,0.53833912037037,0.517797364672365,0.503058862433862,0.47606819058642,0.486483835530446,0.51068287037037,0.489872685185185,0.500923651544558,0.509220679012346,0.485603269085412,0.51634123513946,0.537297597659849,0.540927211934156,0.525740459169156,0.65315810488436,0.634762479871176,0.645985843695681,0.652063053972776,0.551669973544973,0.669504026322996,0.541048505892256,0.545597029320988,0.570432475158085,0.617534722222222,0.551070601851852,0.615375243664717,0.495788323045267,0.500236742424242,0.511350235849057,0.489221643518518,0.507137345679012,0.475811993634259,0
"GOBP_RESPONSE_TO_PURINE_CONTAINING_COMPOUND",0.543367098905678,0.537980386959979,0.537762237762238,0.534467684956922,0.520841063698207,0.562917439703154,0.529197842064807,0.520695309432713,0.534169811453184,0.529948691848033,0.526675808663386,0.530016599941412,0.530080206961341,0.558525571463577,0.536239136803047,0.530575694344843,0.527410155981585,0.52992770776022,0.558309037900875,0.614656771799629,0.546266233766234,0.546231238594026,0.501595547309833,0.529006518134205,0.417810760667904,0.556476020556349,0.580468881767583,0.538315904874346,0.487755102040816,0.509290709290709,0.549378022445938,0.524263038548753,0.544938291522142,0.585285110758433,0.623358070500928,0.601749510993209,0.606556431455489,0.567833951762523,0.596138181234605,0.602141947688166,0.617333686721442,0.617831896855405,0.61958503763015,0.602226345083488,0.607599172091327,0.605598603077595,0.622964337250052,0.612024582560297,0.612250695732839,0.611626468769326,0.592470386756101,0.585692198957505,0.559322820037106,0.585333794534763,0.566025974025974,0.591929499072356,0.589817792936945,0.593032722970611,0.607549884517815,0.609798666941524,0.604807133165342,0.641063698206555,0.600157735076338,0.682468747721399,0.676690597187492,0.68658231917644,0.702258059400917,0.616220514179698,0.685665588702293,0.640765727778715,0.626561533704391,0.672754423277071,0.619443413729128,0.655473098330241,0.624802265403769,0.631086373943517,0.653938269522685,0.654048377498512,0.69448051948052,0.618429189857761,0.625846474953618,0
"GOBP_REGULATION_OF_PROTEIN_LOCALIZATION_TO_CELL_PERIPHERY",0.651680474356488,0.612854675548976,0.648256277401355,0.667999858045284,0.639435808865861,0.626262953367876,0.662001738990462,0.667970244877776,0.664045501767408,0.675340680210321,0.675055514433753,0.666392827924734,0.663199910348192,0.680946329064425,0.675548813744205,0.678465752716654,0.65764728459029,0.684411291763445,0.677399457192203,0.596632124352332,0.679652417962003,0.683182504835453,0.628290155440414,0.700004585262965,0.77720207253886,0.684813521164065,0.670136599152143,0.648916627414037,0.689313471502591,0.685631725787166,0.683360231037119,0.647207829591249,0.689772471277315,0.543367251388976,0.55213298791019,0.528281715236912,0.54534132037183,0.564766839378238,0.525523058013432,0.544405161028142,0.537770963307603,0.523470190857218,0.553292124958337,0.544744633604737,0.536778579771781,0.53785431270954,0.505699481865285,0.567956606217617,0.541037888601036,0.666407599309154,0.5273893981666,0.568091537132988,0.561917098445596,0.567796610169492,0.550141623488774,0.528238341968912,0.537617937869086,0.585767064654201,0.548567198900285,0.54208725132732,0.610126827004872,0.540126655152562,0.549342214379068,0.632909473493676,0.597889915146054,0.628503020893736,0.638937602409105,0.622131754256107,0.631406050970665,0.551460197833255,0.580008635578584,0.552811828636421,0.700310880829016,0.643264248704663,0.592623397872921,0.507714450201497,0.516062176165803,0.531029426141363,0.520531088082901,0.59153713298791,0.5389896373057,0
"GOBP_NEGATIVE_REGULATION_OF_TYPE_2_IMMUNE_RESPONSE",0.505450112216342,0.505798174191957,0.4837684336389,0.50215416282206,0.53013816925734,0.53384067357513,0.49331900447414,0.49578827424591,0.497098968304269,0.493089964346905,0.50160911402182,0.48675859012817,0.491593165368034,0.492990517157102,0.494286883010635,0.507490341503754,0.522203032047592,0.491254243344649,0.514310387367382,0.575906735751295,0.466860967184801,0.493546893309427,0.550155440414508,0.509000871199963,0.53160621761658,0.492633547981261,0.463447951012718,0.576289448893076,0.610945595854922,0.578138700677561,0.595311305529602,0.585780080598733,0.584050461815724,0.464016168300144,0.462227979274611,0.43828101188662,0.455765730583895,0.445919689119171,0.450115103321359,0.44909682007518,0.425007930633393,0.445307273562012,0.447434071650052,0.469985196150999,0.44652130941328,0.454861322767449,0.462061024755325,0.481169041450777,0.458994494818653,0.480742659758204,0.448840175368673,0.448106340981989,0.445790155440415,0.430122069026082,0.423626943005181,0.45660621761658,0.432938887254791,0.455272208455358,0.450787776250397,0.466948122561249,0.459072513082257,0.452331606217617,0.459395752754871,0.447107269724189,0.457955996095217,0.437457211799256,0.466197245471857,0.42139156180607,0.431578443297291,0.463118228921338,0.427849740932642,0.403450018956148,0.43119170984456,0.499740932642487,0.431060812653395,0.441105354058722,0.427154969382949,0.427373154756086,0.49009067357513,0.460794473229706,0.416709844559585,2.89506628837226e-161
"GOBP_PROTEIN_LOCALIZATION_TO_CELL_PERIPHERY",0.619846616332483,0.618075801749271,0.619865848437277,0.635387704272244,0.606947021232735,0.595616883116883,0.622034976918749,0.627892439510697,0.628850774518222,0.635902718307792,0.635674529552081,0.632166048237477,0.625927761805624,0.635061434522351,0.635775314910653,0.636585253008481,0.617673331959046,0.638065382892969,0.643546249668699,0.572448979591837,0.644828385899815,0.654494295117106,0.59317254174397,0.664606695453725,0.683116883116883,0.663243374608048,0.642368021588801,0.613623713948389,0.655890538033395,0.649322106464964,0.66135831381733,0.63661100803958,0.632088408485924,0.555357981089479,0.543945578231293,0.544690603514133,0.55103289327477,0.544526901669759,0.541637467568941,0.571713776419659,0.564916133429253,0.553765764073178,0.572125841298774,0.534428836469653,0.560517764646584,0.573644003055768,0.574891774891775,0.595384972170686,0.556896451762523,0.663017934446506,0.569242186385044,0.540485025178903,0.539996907854051,0.548863243294236,0.548274582560297,0.538404452690167,0.528747235297454,0.624914629883574,0.594078224982015,0.584372065324446,0.636707003018304,0.551061636775922,0.59270000166287,0.68805891550745,0.659374579871474,0.689769127211108,0.691269048411906,0.616326530612245,0.70223148913405,0.627846179794232,0.647186147186147,0.622544006516132,0.77239332096475,0.640630797773655,0.672512449956059,0.574541331684189,0.544577500421656,0.537543319214478,0.498191094619666,0.600371057513915,0.564540816326531,0
"GOBP_FOCAL_ADHESION_ASSEMBLY",0.51190324457621,0.525067850974587,0.496402949382224,0.5141173965505,0.515572826712723,0.539896373056995,0.510233259577972,0.517018897942511,0.510793275356258,0.513929773135438,0.516361471373862,0.521177052086174,0.511091774446598,0.478189461335419,0.518789200981729,0.514195728295841,0.526348109767799,0.505422547793461,0.532889217863311,0.526036269430052,0.514302677029361,0.533909446428824,0.540518134715026,0.514906689898666,0.474093264248705,0.538492608717244,0.512199717381065,0.508455016486105,0.513147668393782,0.501992825827023,0.513165718168691,0.494933793897524,0.520995719756702,0.524536487920594,0.470880829015544,0.523998311959299,0.511694990899518,0.563115284974093,0.524706809091465,0.514142029868942,0.515607486517923,0.513087820554863,0.521861648941005,0.537786824574389,0.529434843810836,0.583602560195063,0.588716177317214,0.54321567357513,0.542924222797928,0.538860103626943,0.581195695496214,0.472773254379472,0.431109671848014,0.473241415649425,0.489913644214162,0.533160621761658,0.475321854424508,0.493288278140722,0.465433012583272,0.496548966928932,0.501706493439538,0.491796200345423,0.496586016333517,0.624370432382288,0.625305999849816,0.620562653149024,0.616270315752181,0.54359733530718,0.645474222558494,0.541568535091851,0.551640759930915,0.547579931757867,0.637305699481865,0.520725388601036,0.639091900736297,0.539435808865861,0.550306170513424,0.505308436797341,0.427525906735751,0.521243523316062,0.504290803108808,2.97420466929826e-242
"GOBP_CALCIUM_ION_IMPORT",0.570868083455709,0.52973106340982,0.560322837783978,0.592682234367237,0.540932642487047,0.624514248704663,0.56752059278728,0.586681142906284,0.581688217498971,0.577523215797063,0.579062208348084,0.577633283337878,0.569329193529249,0.581552448919738,0.57611467139351,0.579715865775975,0.609595087315295,0.591522244059318,0.58134098198865,0.620466321243523,0.564227115716753,0.601815871581652,0.549430051813471,0.605057545050209,0.53160621761658,0.625433296363125,0.665567593028733,0.571119877531795,0.615997409326425,0.608987644479872,0.605359721396415,0.600115141047784,0.598693399414282,0.526755727573506,0.515958549222798,0.51672332544018,0.531827976485192,0.567972797927461,0.525214078596215,0.517632835517627,0.51616791794438,0.513753525283662,0.517115615752103,0.487083641746854,0.513905777351822,0.552712587625724,0.522049510650547,0.513212435233161,0.520292260362694,0.530224525043178,0.506400956556397,0.581205280039477,0.596416234887737,0.578932115570387,0.576200345423143,0.542875647668394,0.57306152001267,0.564556581812721,0.491276303267421,0.553380669097422,0.574584332224886,0.542890040299367,0.571326783119821,0.638746973776501,0.627295937523466,0.636003815865771,0.631451220052256,0.557364914877868,0.647095668163926,0.520748940178992,0.492616580310881,0.530152912928093,0.5339896373057,0.465284974093264,0.599590946277611,0.494645941278066,0.485421573245407,0.485599765372959,0.581541450777202,0.489464594127807,0.452525906735751,8.56744364721442e-253
"GOBP_REGULATION_OF_CALCIUM_ION_IMPORT",0.570868083455709,0.52973106340982,0.560322837783978,0.592682234367237,0.540932642487047,0.624514248704663,0.56752059278728,0.586681142906284,0.581688217498971,0.577523215797063,0.579062208348084,0.577633283337878,0.569329193529249,0.581552448919738,0.57611467139351,0.579715865775975,0.609595087315295,0.591522244059318,0.58134098198865,0.620466321243523,0.564227115716753,0.601815871581652,0.549430051813471,0.605057545050209,0.53160621761658,0.625433296363125,0.665567593028733,0.571119877531795,0.615997409326425,0.608987644479872,0.605359721396415,0.600115141047784,0.598693399414282,0.526755727573506,0.515958549222798,0.51672332544018,0.531827976485192,0.567972797927461,0.525214078596215,0.517632835517627,0.51616791794438,0.513753525283662,0.517115615752103,0.487083641746854,0.513905777351822,0.552712587625724,0.522049510650547,0.513212435233161,0.520292260362694,0.530224525043178,0.506400956556397,0.581205280039477,0.596416234887737,0.578932115570387,0.576200345423143,0.542875647668394,0.57306152001267,0.564556581812721,0.491276303267421,0.553380669097422,0.574584332224886,0.542890040299367,0.571326783119821,0.638746973776501,0.627295937523466,0.636003815865771,0.631451220052256,0.557364914877868,0.647095668163926,0.520748940178992,0.492616580310881,0.530152912928093,0.5339896373057,0.465284974093264,0.599590946277611,0.494645941278066,0.485421573245407,0.485599765372959,0.581541450777202,0.489464594127807,0.452525906735751,8.56744364721442e-253
"GOBP_B_CELL_APOPTOTIC_PROCESS",0.503749195385225,0.499049272486772,0.507651130698006,0.507935375443937,0.480372299382716,0.528718171296296,0.502687501768384,0.503863627631781,0.501515357176218,0.504368850655579,0.487243357487923,0.5084340353923,0.496898118697578,0.522727769042628,0.522190621954191,0.506683234044518,0.535643861454047,0.485213122605364,0.514185130070547,0.552951388888889,0.48023365162037,0.508661002623877,0.538657407407407,0.515968125204851,0.559606481481482,0.513931413442196,0.505918560606061,0.503399884259259,0.499602141203704,0.483095174501424,0.524111073163327,0.480581275720165,0.513687600644122,0.535941509091923,0.535460069444444,0.542317381012234,0.555389460582723,0.526186342592593,0.541885861123246,0.5529593318809,0.550967261904762,0.55246791490858,0.55738134881958,0.536106977513228,0.549313583815029,0.517156862745098,0.500835905349794,0.528474030671296,0.538214789496528,0.522810570987654,0.5346599002849,0.615602954144621,0.579776716820988,0.626765536723164,0.603317901234568,0.599320023148148,0.628847495147986,0.526273986849168,0.511963813303099,0.547435842478281,0.536548305924083,0.557548868312757,0.538452675226443,0.560286268801553,0.571578938539989,0.56992391195347,0.587836835232669,0.580729166666667,0.584472021120011,0.595249368686869,0.606867283950617,0.624908254290876,0.570949074074074,0.63353587962963,0.608537402534113,0.647312242798354,0.645096801346801,0.676482791754018,0.673538773148148,0.557098765432099,0.641040943287037,0
"GOBP_REGULATION_OF_B_CELL_APOPTOTIC_PROCESS",0.503749195385225,0.499049272486772,0.507651130698006,0.507935375443937,0.480372299382716,0.528718171296296,0.502687501768384,0.503863627631781,0.501515357176218,0.504368850655579,0.487243357487923,0.5084340353923,0.496898118697578,0.522727769042628,0.522190621954191,0.506683234044518,0.535643861454047,0.485213122605364,0.514185130070547,0.552951388888889,0.48023365162037,0.508661002623877,0.538657407407407,0.515968125204851,0.559606481481482,0.513931413442196,0.505918560606061,0.503399884259259,0.499602141203704,0.483095174501424,0.524111073163327,0.480581275720165,0.513687600644122,0.535941509091923,0.535460069444444,0.542317381012234,0.555389460582723,0.526186342592593,0.541885861123246,0.5529593318809,0.550967261904762,0.55246791490858,0.55738134881958,0.536106977513228,0.549313583815029,0.517156862745098,0.500835905349794,0.528474030671296,0.538214789496528,0.522810570987654,0.5346599002849,0.615602954144621,0.579776716820988,0.626765536723164,0.603317901234568,0.599320023148148,0.628847495147986,0.526273986849168,0.511963813303099,0.547435842478281,0.536548305924083,0.557548868312757,0.538452675226443,0.560286268801553,0.571578938539989,0.56992391195347,0.587836835232669,0.580729166666667,0.584472021120011,0.595249368686869,0.606867283950617,0.624908254290876,0.570949074074074,0.63353587962963,0.608537402534113,0.647312242798354,0.645096801346801,0.676482791754018,0.673538773148148,0.557098765432099,0.641040943287037,0
"GOBP_CARBOXYLIC_ACID_TRANSMEMBRANE_TRANSPORT",0.517766202100247,0.490328151986183,0.523485452371463,0.490265455319753,0.504490500863558,0.498996113989637,0.509965418103181,0.522281942682691,0.519789740540611,0.505190636418058,0.504746886364368,0.512000613580584,0.51558688974146,0.519943298465148,0.51874147804745,0.507664775884124,0.515371329879102,0.516240843308916,0.52173698494942,0.49961139896373,0.519894214162349,0.512921743304485,0.457305699481865,0.529345682974919,0.306217616580311,0.521200483371683,0.489307583608102,0.532613047574187,0.555375647668394,0.514667198086887,0.508986664401597,0.422682786413356,0.553931065555305,0.468449965665772,0.491986183074266,0.460724919700842,0.470562556224241,0.479954663212435,0.475298623513673,0.475123437976227,0.476387860843819,0.456079884567456,0.466050561060106,0.531643227239082,0.469972146515319,0.479015544041451,0.504375359815774,0.473591321243523,0.480614475388601,0.527029360967185,0.484463929852531,0.479965457685665,0.461787564766839,0.480161587775534,0.484884283246978,0.432124352331606,0.467011335611014,0.471432004205151,0.487289838215079,0.485812064223118,0.491436599386487,0.397265400115141,0.473504806512177,0.614276987125823,0.603018697904934,0.597115654402275,0.603478588193614,0.523612139156181,0.648401061170544,0.534314649081489,0.536096718480138,0.478541640338683,0.529430051813471,0.403626943005181,0.528129260976275,0.451065054691998,0.529510127178521,0.502541792941636,0.476230569948187,0.579447322970639,0.459650259067358,3.89256114779168e-272
"GOBP_MACROPHAGE_CHEMOTAXIS",0.561665988709533,0.533775068468946,0.561645497359783,0.574882456095763,0.547165532879819,0.591419294990724,0.559000365199208,0.576606440388302,0.564106151459781,0.563529924827591,0.557296120029039,0.560843667610585,0.560152388505715,0.58162915251864,0.576191289913094,0.570163182026381,0.574781831924689,0.584908195253023,0.561498365579998,0.5569573283859,0.568630179344465,0.590226729284729,0.583599257884972,0.591853153167945,0.448237476808905,0.615617609227833,0.629549671108113,0.567933040984989,0.565352504638219,0.590680747823605,0.592067885276316,0.567924139352711,0.572315882874889,0.492759907906207,0.505275200989487,0.483555100361823,0.492774865972328,0.51461038961039,0.477645851620763,0.497649241514788,0.509098481693234,0.484065663089171,0.483809089824127,0.501166180758017,0.494381588683818,0.512703263123431,0.507235621521336,0.478304730983302,0.477580009276438,0.520717377860235,0.476974454117311,0.509620991253644,0.488620902906617,0.480274205213673,0.482379715522573,0.420500927643785,0.47513023470603,0.561411094081901,0.517239029192382,0.565894775418585,0.555987225283601,0.512904555761699,0.548423005565863,0.64168644829905,0.609669005942298,0.624566150713649,0.644114615543187,0.56178107606679,0.6386043847887,0.500252993759487,0.521273964131107,0.517905787592199,0.551614100185529,0.481632653061224,0.552270286104873,0.497876726448155,0.514572440546467,0.486799453915357,0.555426716141002,0.477798392084106,0.45761827458256,0
"GOBP_INTRINSIC_APOPTOTIC_SIGNALING_PATHWAY_IN_RESPONSE_TO_DNA_DAMAGE",0.502232806001188,0.511560295414462,0.522908876424501,0.515349521182141,0.536763760288066,0.525101273148148,0.503223911618519,0.503064007991394,0.503975030358227,0.504908359287717,0.484525966183575,0.490132530762671,0.500330214517953,0.513059049615653,0.511791087962963,0.508802501847234,0.538537379972565,0.500059865900383,0.519452022707231,0.506148726851852,0.499656394675926,0.514069911191846,0.503935185185185,0.522651384791872,0.726273148148148,0.520763075375695,0.550662878787879,0.498033722643098,0.511863425925926,0.487791577635328,0.538640330904675,0.484664351851852,0.525249094202899,0.551980491410085,0.561554783950617,0.546327719121837,0.563436207068441,0.534487123842593,0.557538544852192,0.552229711328976,0.54151313303099,0.553735202766057,0.555136474803263,0.586908895502645,0.549818695140227,0.552806712962963,0.546489197530864,0.537688078703704,0.573628743489583,0.50024112654321,0.557438568376068,0.58500744047619,0.583140432098765,0.608423571876962,0.600721450617284,0.606553819444444,0.59713630114831,0.510527375201288,0.503826530612245,0.53548311042524,0.52337271973466,0.529867541152263,0.515666865248731,0.64051759865761,0.631944444444444,0.65605048301912,0.643392390788224,0.496651785714286,0.670510607071952,0.571522516835017,0.610194830246914,0.591244636404697,0.662905092592593,0.52734375,0.647493299220273,0.578639403292181,0.60502156986532,0.62340037561146,0.63841869212963,0.595003858024691,0.620506004050926,0
"GOBP_HOST_MEDIATED_PERTURBATION_OF_VIRAL_PROCESS",0.522332503335021,0.56831984847549,0.529532076224683,0.523515093367447,0.52620454436278,0.572281668828361,0.507395286063173,0.506934465666726,0.515653341576669,0.511421548688822,0.513393108893024,0.503242542153048,0.50770509422899,0.539966881204676,0.506123853732906,0.512259127365331,0.48364317625018,0.516592870879735,0.50299549132234,0.479355814958928,0.509556492289955,0.530317798581881,0.502291396454821,0.527736648187046,0.309554690877648,0.557818083370973,0.631765122037496,0.507099202138113,0.509025075659317,0.509195516977618,0.543464239898507,0.486765624249412,0.505686197108968,0.56286234431891,0.594602968727482,0.587292364815826,0.583243577904512,0.514564418504107,0.587019972019794,0.576199316734908,0.590627950272197,0.591915808829565,0.578310237331331,0.530263726761781,0.581815773624325,0.555987894509295,0.561704376230965,0.534316904453091,0.568123784046693,0.51686121919585,0.56075692573747,0.493345068247792,0.509043089782389,0.477177632687756,0.500423692174665,0.433635970600951,0.495381147378497,0.642487014166933,0.635829429047884,0.646877818876666,0.664012406622314,0.584210020656194,0.635155190862978,0.625664319953481,0.582028484244691,0.611288260826813,0.622871100173305,0.492125254771169,0.616777468507584,0.486715403057816,0.487065859633953,0.5148735144939,0.56083009079118,0.579550367488111,0.560880151091087,0.522553682086756,0.569429705616476,0.541117065968398,0.590304798962387,0.463035019455253,0.545233463035019,0
"GOBP_ANTIGEN_PROCESSING_AND_PRESENTATION",0.52586873332358,0.521342935174347,0.53396697039941,0.523301558193021,0.537209338209199,0.526237675322872,0.525277361705309,0.529786953287378,0.527051990992564,0.52499174646663,0.519380072298447,0.527435882443228,0.527530103431351,0.530180556683689,0.527174588324721,0.526205663455581,0.517567004582697,0.528022927850059,0.536332586082621,0.464865990834606,0.542624288293293,0.537548107721945,0.575781141508124,0.542692570967897,0.394667407304541,0.55119030770043,0.567219199353625,0.536664730908586,0.554818775170115,0.526732398278017,0.545737044718288,0.51685722661976,0.555828598684965,0.514594693173472,0.521372031662269,0.511897857323738,0.512633862913088,0.530950562421886,0.515238982207765,0.545933979757713,0.535614384623451,0.529186347184551,0.537227745875668,0.540351538476799,0.546219897204386,0.534161921955284,0.505793948371368,0.525421816414387,0.516510293709207,0.543605054853493,0.517575550404324,0.61243808730269,0.612467018469657,0.594361894181364,0.592499189927325,0.60307596167199,0.616835119333862,0.538671963837551,0.547951106563998,0.551319175491744,0.550943380583543,0.539377246987301,0.547461308990909,0.608150008277598,0.594333717740491,0.59634116200267,0.609914102623449,0.568790049001131,0.622669730867632,0.668878059865423,0.614903022728325,0.651166335298959,0.696708790445771,0.6079711151229,0.68816830995695,0.564566649693715,0.576592897451112,0.568671017914179,0.551173448132204,0.585335370087488,0.573813532842661,0
"GOBP_DEVELOPMENT_OF_PRIMARY_SEXUAL_CHARACTERISTICS",0.557949460776046,0.547221485996996,0.563886113886114,0.566785269524996,0.558936301793445,0.53541280148423,0.563791041800427,0.566681806634385,0.557630659738388,0.561723421712039,0.569575588564054,0.566952690166976,0.56935093260066,0.566338782511289,0.571387071575042,0.562614336144796,0.563705077990792,0.570744034290832,0.566657831963954,0.605658627087199,0.566519789734075,0.563874366194335,0.526679035250464,0.566749306319471,0.642671614100186,0.54613027319554,0.541136785292629,0.552104064766402,0.568645640074211,0.546296560582275,0.563338301043219,0.568336425479283,0.590675163345971,0.536161342959966,0.514817563388992,0.511904901820868,0.53254319224325,0.551298701298701,0.542347972192571,0.555905271199389,0.52338798228011,0.549432845635377,0.551348790446535,0.553829843625762,0.547994037341684,0.529946524064171,0.544712430426716,0.5382073283859,0.530609346011132,0.442980828695114,0.537959183673469,0.553904938598816,0.496474953617811,0.531291468821735,0.548388373531231,0.479128014842301,0.548265832732458,0.495590868758571,0.47191700427852,0.501053620101239,0.494951956359206,0.496701710987425,0.499832525257804,0.523981819802157,0.531660885698153,0.541985090721553,0.53043623043623,0.476702888947787,0.542911326856402,0.532366334963738,0.52312925170068,0.562595592560749,0.618107606679035,0.596103896103896,0.558724733912704,0.639868068439497,0.641625906560972,0.650029754611965,0.648933209647495,0.659492888064317,0.644202226345084,3.41588663651939e-171
"GOBP_REPRODUCTIVE_SYSTEM_DEVELOPMENT",0.557949460776046,0.547221485996996,0.563886113886114,0.566785269524996,0.558936301793445,0.53541280148423,0.563791041800427,0.566681806634385,0.557630659738388,0.561723421712039,0.569575588564054,0.566952690166976,0.56935093260066,0.566338782511289,0.571387071575042,0.562614336144796,0.563705077990792,0.570744034290832,0.566657831963954,0.605658627087199,0.566519789734075,0.563874366194335,0.526679035250464,0.566749306319471,0.642671614100186,0.54613027319554,0.541136785292629,0.552104064766402,0.568645640074211,0.546296560582275,0.563338301043219,0.568336425479283,0.590675163345971,0.536161342959966,0.514817563388992,0.511904901820868,0.53254319224325,0.551298701298701,0.542347972192571,0.555905271199389,0.52338798228011,0.549432845635377,0.551348790446535,0.553829843625762,0.547994037341684,0.529946524064171,0.544712430426716,0.5382073283859,0.530609346011132,0.442980828695114,0.537959183673469,0.553904938598816,0.496474953617811,0.531291468821735,0.548388373531231,0.479128014842301,0.548265832732458,0.495590868758571,0.47191700427852,0.501053620101239,0.494951956359206,0.496701710987425,0.499832525257804,0.523981819802157,0.531660885698153,0.541985090721553,0.53043623043623,0.476702888947787,0.542911326856402,0.532366334963738,0.52312925170068,0.562595592560749,0.618107606679035,0.596103896103896,0.558724733912704,0.639868068439497,0.641625906560972,0.650029754611965,0.648933209647495,0.659492888064317,0.644202226345084,3.41588663651939e-171
"GOBP_SEX_DIFFERENTIATION",0.557949460776046,0.547221485996996,0.563886113886114,0.566785269524996,0.558936301793445,0.53541280148423,0.563791041800427,0.566681806634385,0.557630659738388,0.561723421712039,0.569575588564054,0.566952690166976,0.56935093260066,0.566338782511289,0.571387071575042,0.562614336144796,0.563705077990792,0.570744034290832,0.566657831963954,0.605658627087199,0.566519789734075,0.563874366194335,0.526679035250464,0.566749306319471,0.642671614100186,0.54613027319554,0.541136785292629,0.552104064766402,0.568645640074211,0.546296560582275,0.563338301043219,0.568336425479283,0.590675163345971,0.536161342959966,0.514817563388992,0.511904901820868,0.53254319224325,0.551298701298701,0.542347972192571,0.555905271199389,0.52338798228011,0.549432845635377,0.551348790446535,0.553829843625762,0.547994037341684,0.529946524064171,0.544712430426716,0.5382073283859,0.530609346011132,0.442980828695114,0.537959183673469,0.553904938598816,0.496474953617811,0.531291468821735,0.548388373531231,0.479128014842301,0.548265832732458,0.495590868758571,0.47191700427852,0.501053620101239,0.494951956359206,0.496701710987425,0.499832525257804,0.523981819802157,0.531660885698153,0.541985090721553,0.53043623043623,0.476702888947787,0.542911326856402,0.532366334963738,0.52312925170068,0.562595592560749,0.618107606679035,0.596103896103896,0.558724733912704,0.639868068439497,0.641625906560972,0.650029754611965,0.648933209647495,0.659492888064317,0.644202226345084,3.41588663651939e-171
"GOBP_POSITIVE_REGULATION_OF_LIPID_BIOSYNTHETIC_PROCESS",0.517509727626459,0.497560373046754,0.51449166916093,0.501989943677487,0.526973146947207,0.519076956333766,0.50454539399378,0.498359444094627,0.508880939958314,0.510772179025237,0.51518422741566,0.502126140578424,0.509647869273022,0.543311390092096,0.508530161330694,0.512404138809914,0.476757778098029,0.519798142433323,0.526624873901139,0.472222222222222,0.538505188067445,0.519268534323825,0.478339818417639,0.508568345901771,0.481625594466061,0.53855759017306,0.587705852297292,0.501866918209331,0.498648940769563,0.498021217865576,0.538240734834471,0.476773790651871,0.527848267824583,0.496562123982311,0.520665801988759,0.488380646082637,0.495035375567554,0.506647211413748,0.491533126059953,0.498056170155049,0.519565543467711,0.491273867572937,0.501668255280561,0.490334136248533,0.510384881631592,0.48093893848071,0.583225248594898,0.534330415045396,0.515665531776913,0.609958207234472,0.489201503209285,0.573631441335722,0.539703127251765,0.55875779492478,0.569984147571696,0.58852140077821,0.551770229781546,0.525110121117565,0.527144710024087,0.529164198064616,0.561585716037194,0.524763414516981,0.516612942600776,0.642448133485124,0.60047494627092,0.636512195236155,0.646130566364029,0.585139892532889,0.651045724839032,0.600302637267618,0.60480616803574,0.602596142692944,0.716126242974492,0.523778642455685,0.611964411677703,0.536820867560167,0.5462995715914,0.580900407051204,0.532047124945958,0.56463467358409,0.556258106355383,0
"GOBP_POSITIVE_REGULATION_OF_LIPID_METABOLIC_PROCESS",0.517509727626459,0.497560373046754,0.51449166916093,0.501989943677487,0.526973146947207,0.519076956333766,0.50454539399378,0.498359444094627,0.508880939958314,0.510772179025237,0.51518422741566,0.502126140578424,0.509647869273022,0.543311390092096,0.508530161330694,0.512404138809914,0.476757778098029,0.519798142433323,0.526624873901139,0.472222222222222,0.538505188067445,0.519268534323825,0.478339818417639,0.508568345901771,0.481625594466061,0.53855759017306,0.587705852297292,0.501866918209331,0.498648940769563,0.498021217865576,0.538240734834471,0.476773790651871,0.527848267824583,0.496562123982311,0.520665801988759,0.488380646082637,0.495035375567554,0.506647211413748,0.491533126059953,0.498056170155049,0.519565543467711,0.491273867572937,0.501668255280561,0.490334136248533,0.510384881631592,0.48093893848071,0.583225248594898,0.534330415045396,0.515665531776913,0.609958207234472,0.489201503209285,0.573631441335722,0.539703127251765,0.55875779492478,0.569984147571696,0.58852140077821,0.551770229781546,0.525110121117565,0.527144710024087,0.529164198064616,0.561585716037194,0.524763414516981,0.516612942600776,0.642448133485124,0.60047494627092,0.636512195236155,0.646130566364029,0.585139892532889,0.651045724839032,0.600302637267618,0.60480616803574,0.602596142692944,0.716126242974492,0.523778642455685,0.611964411677703,0.536820867560167,0.5462995715914,0.580900407051204,0.532047124945958,0.56463467358409,0.556258106355383,0
"GOBP_DEVELOPMENT_OF_PRIMARY_FEMALE_SEXUAL_CHARACTERISTICS",0.485173588983403,0.484949420182581,0.490265045834994,0.503034282064022,0.511370178468624,0.497636010362694,0.49282382759981,0.493146002192935,0.489715711961529,0.489316309889974,0.498258938628391,0.495842991546223,0.499891231262113,0.496236191221038,0.503500818107445,0.490265915522076,0.478257532143542,0.511979631945685,0.489353565260301,0.503497409326425,0.484682642487047,0.489798252177719,0.463626943005181,0.497395570635976,0.530569948186528,0.475735403665017,0.469571361281206,0.47588318417334,0.526813471502591,0.488880031885213,0.490291344602056,0.506160046056419,0.512142374408651,0.500605530932018,0.487288428324698,0.492739080486718,0.495786581496384,0.514151554404145,0.508418500736797,0.507353449151681,0.486676535899334,0.516006427493933,0.504262238786373,0.51080680977054,0.505172362155201,0.498978969826272,0.512204951065055,0.500145725388601,0.498364637305699,0.398618307426598,0.500486249501794,0.499210461386627,0.426683937823834,0.483516290506718,0.489740932642487,0.403756476683938,0.492913546168292,0.480845535781332,0.442592788410701,0.484638265208213,0.463738303302142,0.464450201496834,0.48000703230215,0.471914383329185,0.486130509874596,0.508301378575036,0.481533147336256,0.437305699481865,0.502597377721165,0.479557230334432,0.463557858376511,0.536345254644256,0.556373056994819,0.589378238341969,0.522197982001636,0.602072538860104,0.62753179463024,0.629269723335614,0.641321243523316,0.591882556131261,0.619721502590674,3.13917255218257e-31
"GOBP_FEMALE_SEX_DIFFERENTIATION",0.485173588983403,0.484949420182581,0.490265045834994,0.503034282064022,0.511370178468624,0.497636010362694,0.49282382759981,0.493146002192935,0.489715711961529,0.489316309889974,0.498258938628391,0.495842991546223,0.499891231262113,0.496236191221038,0.503500818107445,0.490265915522076,0.478257532143542,0.511979631945685,0.489353565260301,0.503497409326425,0.484682642487047,0.489798252177719,0.463626943005181,0.497395570635976,0.530569948186528,0.475735403665017,0.469571361281206,0.47588318417334,0.526813471502591,0.488880031885213,0.490291344602056,0.506160046056419,0.512142374408651,0.500605530932018,0.487288428324698,0.492739080486718,0.495786581496384,0.514151554404145,0.508418500736797,0.507353449151681,0.486676535899334,0.516006427493933,0.504262238786373,0.51080680977054,0.505172362155201,0.498978969826272,0.512204951065055,0.500145725388601,0.498364637305699,0.398618307426598,0.500486249501794,0.499210461386627,0.426683937823834,0.483516290506718,0.489740932642487,0.403756476683938,0.492913546168292,0.480845535781332,0.442592788410701,0.484638265208213,0.463738303302142,0.464450201496834,0.48000703230215,0.471914383329185,0.486130509874596,0.508301378575036,0.481533147336256,0.437305699481865,0.502597377721165,0.479557230334432,0.463557858376511,0.536345254644256,0.556373056994819,0.589378238341969,0.522197982001636,0.602072538860104,0.62753179463024,0.629269723335614,0.641321243523316,0.591882556131261,0.619721502590674,3.13917255218257e-31
"GOBP_GLIAL_CELL_PROLIFERATION",0.503015968797612,0.53087106005394,0.531702085204031,0.497195719252113,0.517942066580199,0.439040207522698,0.497467013374544,0.501303295642705,0.500174734722161,0.505504878146607,0.487799179898655,0.504798393519467,0.49840540632711,0.517395524883962,0.513541879991808,0.505195075432905,0.504235320491265,0.504487380175023,0.518863360303049,0.490164288802421,0.524670341547773,0.503261626324848,0.49433635970601,0.518565705955947,0.592304366623433,0.512381054989924,0.484141021106002,0.501046456785756,0.456333765672287,0.466410588978682,0.502058925673138,0.455589181918624,0.482640651140059,0.460490470311857,0.466133448623721,0.476922685666105,0.472030346354126,0.453523562472979,0.47457444644465,0.462475521985707,0.46211740208405,0.461308399962786,0.472943419219616,0.447717867951331,0.459393875781271,0.510376134889754,0.457030311764423,0.498662451361868,0.475187797233031,0.518806744487678,0.473850144667265,0.522672060609804,0.508592736705577,0.547282493203485,0.571886438968151,0.428772157371379,0.551604090794956,0.498199840849139,0.485754872636474,0.497053690093033,0.516743992962124,0.499303453907864,0.501976525268025,0.633890087732713,0.588902047030959,0.599660371998795,0.606347992210508,0.577296028657896,0.617330478777432,0.564438155877845,0.527705721285488,0.559857855387892,0.523476005188067,0.545179420665802,0.577354540696748,0.486933756064755,0.50715324450733,0.535814795781024,0.531074362300043,0.552817408848537,0.49402831820147,5.09495315960869e-319
"GOBP_TISSUE_MIGRATION",0.50219984232344,0.512609886150742,0.47439223120157,0.504960053065165,0.485492626218956,0.46949308257674,0.49384789485499,0.494471981386104,0.495304515461433,0.497287731293343,0.498282728193065,0.490096024757094,0.495559449906437,0.522387816198843,0.491296334220766,0.493043224192006,0.434004259339322,0.49194955051657,0.468073827023243,0.447903156074362,0.506440048998415,0.490374391397515,0.465974924340683,0.484016849741171,0.233463035019455,0.487606513538563,0.465393231930197,0.466975199465472,0.508916990920882,0.512271774917689,0.497792236326395,0.468703463515396,0.450478392450986,0.481273993509707,0.494221069318346,0.483413638826777,0.489952628917599,0.470384781668828,0.496595401568093,0.492827411985114,0.459761595948366,0.475690510980862,0.4903389520542,0.497375084923723,0.491421945325366,0.503840187177335,0.455877407887784,0.495500972762646,0.491224870298314,0.522049286640726,0.518553992483954,0.48129619335845,0.453523562472979,0.472619754226296,0.469935149156939,0.409533073929961,0.487691555419624,0.548971471894835,0.540158994856049,0.540749280769457,0.574810771047486,0.46764663496181,0.536240356101155,0.505963068058458,0.510730151569265,0.535639869455487,0.517805344005085,0.498178000123525,0.514902108391611,0.447352906496875,0.494091367632224,0.484145814220788,0.647816688283614,0.591655858192823,0.472512344414863,0.5920641783158,0.608772550406792,0.634918304252421,0.635700389105058,0.59662775616083,0.641712602680501,6.26778380815705e-113
"GOBP_NEUTROPHIL_CHEMOTAXIS",0.537101576058584,0.518089418797654,0.557860553555596,0.54695219271296,0.524672499189927,0.537546868490487,0.539286535586069,0.545384717774906,0.54690071243783,0.544514465003872,0.549702810427468,0.54237715521967,0.539830310534337,0.566511988638895,0.542529729058099,0.547325617355029,0.548771518359076,0.547998601726772,0.556996052135616,0.565268712678795,0.546506850900338,0.563253968283999,0.587835022913484,0.562847097195203,0.56019997222608,0.586950339254443,0.624875332971431,0.553213884435243,0.512966949034856,0.559388119171483,0.57390708485388,0.578145010723819,0.572553328945859,0.526034704015339,0.528588621950655,0.524580862009487,0.522669854998081,0.517098319677822,0.52489069251522,0.528746824378967,0.531726035783012,0.523071690113363,0.522107201376893,0.499642906739143,0.521147111070797,0.528884877100403,0.547177089601753,0.53371927510068,0.521124453200944,0.529926399111235,0.513877346095094,0.530655464518817,0.53544067953525,0.526047465159029,0.537560524001296,0.50260380502708,0.529347270423989,0.53555927216228,0.531578663961071,0.541838324924008,0.541859857772656,0.521578793068864,0.532643513553833,0.672373257231983,0.662238940243807,0.669678348925666,0.66475453907755,0.60261471621005,0.671001742672318,0.6076870636654,0.577350368004444,0.596282359157434,0.624940980419386,0.530273573114845,0.632090572215847,0.540048450060948,0.533467573948063,0.535219165053072,0.572246910151368,0.513215757070777,0.534378905707541,0
"GOBP_RESPONSE_TO_INSULIN",0.525002955432084,0.512198897764568,0.5282522256677,0.517797976379215,0.524906082935992,0.536370286085826,0.504568005237324,0.506940360116334,0.507999531006843,0.508475942042715,0.507903302667819,0.508769078091849,0.507657990781458,0.519469048261648,0.526375675860653,0.506330078574695,0.51732649424457,0.501048159275369,0.497875255433773,0.484801690507152,0.542418454703078,0.516460033377861,0.558777633289987,0.528036065686963,0.537061118335501,0.532469245566002,0.546016077550538,0.498459481026126,0.481713263979194,0.495886265879764,0.520385213924833,0.505418292154313,0.514714196867756,0.516745460385103,0.527963805808409,0.502909696438343,0.552752871621917,0.519587126137841,0.515029476077423,0.521402891455672,0.5334784108702,0.514032690819904,0.548546630265883,0.511912502322125,0.539111299863948,0.52630421479385,0.476592977893368,0.53447049739922,0.538077048114434,0.619906805374946,0.519285785735721,0.545145984271472,0.577088751625488,0.55330497454321,0.5751755526658,0.545107282184655,0.565240969670814,0.505636908463843,0.525543377298904,0.521530687601342,0.546140396845422,0.506682560323653,0.536954140019214,0.637125853913379,0.623607734494261,0.638022092548342,0.646657886254765,0.59302433587219,0.672001831603085,0.616251921030855,0.631529042045947,0.640545212344191,0.667750325097529,0.574284785435631,0.629748134966806,0.64716081491114,0.636319304882374,0.635320313075055,0.645440507152146,0.535435630689207,0.596899382314694,0
"GOBP_MICROTUBULE_BASED_PROCESS",0.599927959879194,0.619935849987663,0.586777600637704,0.598371069628788,0.557541738629821,0.594203367875648,0.599445317458118,0.585874916689958,0.602469797254474,0.59955765391432,0.594805779937566,0.605448936460322,0.595477857321784,0.604399257014371,0.610904690482683,0.598029537555076,0.612588754557666,0.570734321958192,0.594843325931409,0.600129533678756,0.587640328151986,0.602768561787918,0.598860103626943,0.612517767893989,0.519689119170984,0.597450710986773,0.61662741403674,0.621720442769666,0.649028497409326,0.588322040653647,0.574101758260426,0.648992515831894,0.581910340166704,0.590987265122667,0.556804835924007,0.575024031134973,0.59652089624056,0.583613989637306,0.589166706279412,0.595479020623794,0.5845617003278,0.583363940447301,0.60742861760042,0.621243523316062,0.591233639821498,0.532932032916794,0.498157743235463,0.60440414507772,0.559581444300518,0.578583765112263,0.608648864089279,0.56692573402418,0.60662780656304,0.605163783261614,0.549927461139896,0.640544041450777,0.572774170192547,0.601156416610348,0.589901660145924,0.5983688351564,0.587269610496739,0.565716753022453,0.604088023193329,0.630278073172387,0.601133889014042,0.621527842726474,0.634247818962845,0.537231680236862,0.644095083945486,0.605157795572303,0.68126079447323,0.627473777328447,0.587979274611399,0.555440414507772,0.650559040087265,0.717674150834773,0.714601978332548,0.720549418320461,0.775777202072539,0.590155440414508,0.712467616580311,3.20680943058897e-55
"GOBP_REGULATION_OF_SIGNAL_TRANSDUCTION_BY_P53_CLASS_MEDIATOR",0.499077332298911,0.488675055514434,0.51443802311678,0.514852012208106,0.496632124352332,0.495110103626943,0.503586964696383,0.499628060972201,0.509591046004874,0.506508237958602,0.490419335114086,0.502646918461958,0.496319661432583,0.536455176459087,0.515325879465503,0.511229051723024,0.565995010554596,0.490664641772378,0.516617320503331,0.50220207253886,0.490749136442142,0.518399853171634,0.579170984455958,0.520005502315558,0.607772020725389,0.527363472330282,0.539142722562412,0.508343146490815,0.483031088082902,0.476843363889996,0.514049095387752,0.560449050086356,0.498738454606893,0.560873025781884,0.5589896373057,0.561962816214569,0.582724774928695,0.627784974093264,0.574420578708262,0.542245250431779,0.544876810827958,0.549632714632387,0.568510943449585,0.602627683197631,0.570693941118332,0.546952148735142,0.54006908462867,0.560184585492228,0.577797117875648,0.506908462867012,0.589788760462336,0.602627683197631,0.620272020725389,0.637990691139018,0.59740932642487,0.720336787564767,0.622379347014503,0.49392505819629,0.477582742941736,0.509137721486599,0.499610754517568,0.5548934945308,0.510494052397285,0.582928705568251,0.572178418562739,0.594943977853014,0.583331119082414,0.536787564766839,0.604623945294168,0.540956194065002,0.623704663212435,0.572639959560217,0.543626943005181,0.569689119170985,0.598186528497409,0.570408750719631,0.661045690061234,0.661873105875452,0.652266839378238,0.545250431778929,0.677736398963731,0
"GOBP_ASTROCYTE_DEVELOPMENT",0.508937574320425,0.515527277230788,0.517242672801841,0.506624418832499,0.543779800606849,0.474012516254876,0.502712291915229,0.504326090358228,0.512619359578365,0.507959431084875,0.522334806031872,0.507175672438574,0.507843288100934,0.53767450990014,0.513307610704264,0.504414759589972,0.496255358088908,0.512516254876463,0.536774722893058,0.460500650195058,0.525635294755093,0.511919652189935,0.562678803641092,0.516145551630091,0.405071521456437,0.524928644727604,0.541257831895023,0.499870699846318,0.516295513654096,0.516342402720816,0.531283975356541,0.47460627077012,0.502925877763329,0.474942030802012,0.480082358040746,0.480189645128833,0.480652759084791,0.498658972691808,0.488040842134685,0.480732553099263,0.476818555770813,0.477121775773238,0.483786948950182,0.493196173137656,0.474683734600149,0.517105867054234,0.504045658141887,0.49939044213264,0.489553702048114,0.532401387082791,0.474907472241673,0.486701962969843,0.476186605981795,0.498380022481321,0.486740355439965,0.51471066319896,0.501152747570996,0.517651382371233,0.522697115257026,0.508996371751032,0.54599240468658,0.503883109377258,0.518891871146491,0.639563375562887,0.588958934057029,0.617090271485778,0.615486034699299,0.59307077837637,0.62985693305034,0.541065728809552,0.573255309926311,0.539400234704558,0.575292587776333,0.503738621586476,0.556293203750599,0.471048258922121,0.501093509871143,0.488842407439213,0.473016905071521,0.443541395752059,0.454262841352406,0
"GOBP_POSITIVE_REGULATION_OF_NEURON_APOPTOTIC_PROCESS",0.497639300656673,0.489587959536146,0.514208848146672,0.502977500177443,0.476741508347726,0.52315414507772,0.497085013939631,0.499791456152044,0.501370149429268,0.499262756523868,0.491400894667396,0.491674052358876,0.500659863676515,0.518995014175384,0.50697436596673,0.492057421213805,0.532987910189983,0.49502412006432,0.498710831482852,0.529274611398964,0.50145725388601,0.503147209555138,0.401968911917098,0.517763308725755,0.666839378238342,0.511797910907315,0.521902967498822,0.487723739990579,0.507772020725389,0.499521721801515,0.504552790282851,0.457109959700633,0.528159495381843,0.509309257756414,0.527012089810017,0.513509014606241,0.520366948165608,0.464928756476684,0.510145390095003,0.538583765112262,0.540456804483451,0.535157735948055,0.540789221181913,0.545706883789785,0.528054149570218,0.54108503505029,0.53321819228555,0.519365284974093,0.503270725388601,0.428929188255613,0.51912315663611,0.530693313594868,0.490867875647668,0.53586546061298,0.565616580310881,0.456088082901554,0.514783808855805,0.591911091086581,0.558464629375066,0.581948442397493,0.583218621916325,0.523862982153138,0.579308446060252,0.633271489015092,0.617541488323196,0.638674921905688,0.647734821309951,0.503552923760178,0.653170582207196,0.554780970325012,0.568955094991364,0.5443321117149,0.555025906735751,0.424870466321243,0.578170166348514,0.612895797351756,0.531417804992935,0.603118584416854,0.597668393782383,0.615889464594128,0.563633419689119,0
"GOBP_RESPONSE_TO_TOXIC_SUBSTANCE",0.52035337622033,0.502052049172468,0.525566157563741,0.503976354277581,0.483946391014454,0.543093032621828,0.508293062034978,0.503802621310388,0.513633184849918,0.508527537625804,0.501106905841711,0.505262098056256,0.511421944028554,0.518290412541129,0.516888526188609,0.512058054621802,0.527960501782491,0.513227880622717,0.512029419097482,0.557390253725332,0.509783192374815,0.514747366561282,0.489931534434152,0.518659628838937,0.500604107933951,0.53617120380247,0.563852377988504,0.50132491853696,0.566728755537656,0.511199231698628,0.53145982847296,0.493332438358616,0.546078551541789,0.478860468050211,0.490757148610552,0.486736960653712,0.483033483678245,0.465528091018929,0.489607179409764,0.488747798757038,0.499268495154808,0.487077952864287,0.489909160066228,0.495325355272999,0.480855947611388,0.497352585818862,0.492303217434107,0.486237666129682,0.488717025775272,0.508423949523426,0.484187862077512,0.512357842855225,0.504203584373741,0.515379154521936,0.518936770036246,0.5032722513089,0.524012191197083,0.560651852889504,0.531499913698867,0.571026187954635,0.556599303121926,0.524757238108023,0.555744491479319,0.628876359242851,0.601761543714651,0.62765796586463,0.62905019087057,0.534088947701513,0.637203966640438,0.536100025628821,0.53438380990737,0.549418975865151,0.551469995972614,0.590314136125655,0.553935180278526,0.524567055980669,0.538946655438802,0.53112105715089,0.546516310914217,0.480534299906028,0.506915777285542,0
"GOBP_POSITIVE_REGULATION_OF_RESPONSE_TO_CYTOKINE_STIMULUS",0.525250062342412,0.503133481371823,0.550717417297728,0.531623961956136,0.618134715025907,0.560686528497409,0.518168624020498,0.509034033496012,0.525862305536135,0.520580593982324,0.505342258552441,0.51507022088901,0.516457698849029,0.501251344217421,0.522593400599945,0.52460106211156,0.533678756476684,0.555100946935859,0.522871946706144,0.576165803108808,0.550097150259067,0.535565218618966,0.548186528497409,0.555651336604154,0.702072538860104,0.578120809813107,0.567169100329722,0.53293099387659,0.483031088082902,0.550119569549621,0.526730654888304,0.516695451928613,0.568123451227754,0.600174792433985,0.609136442141624,0.610433029329707,0.60968626001576,0.64115932642487,0.615038809172954,0.612768464898913,0.629544252934334,0.611920377779235,0.619212394832793,0.585381199111769,0.623154332265117,0.58377019201463,0.61301093839954,0.627509715025907,0.625473607512953,0.550604490500864,0.606775607811877,0.665975820379965,0.662327288428325,0.655212083955388,0.678528497409326,0.714378238341969,0.661300540760685,0.596529248329203,0.591879031405308,0.590203415851084,0.576750960224783,0.549654576856649,0.59462161570459,0.639900898251012,0.638890140422017,0.626881277940929,0.63505380629733,0.58719467061436,0.645186902014117,0.674046161092793,0.676381692573402,0.661367370150385,0.622072538860104,0.636787564766839,0.66360785383147,0.515371329879102,0.625270843146491,0.56524586958647,0.620077720207254,0.675302245250432,0.60880829015544,0
"GOBP_THYMIC_T_CELL_SELECTION",0.508541198723253,0.502306644374265,0.496267630289087,0.517604253878903,0.547590666088716,0.527653608582575,0.504276849645166,0.507353139551824,0.501028587264704,0.505715943582164,0.497217488227835,0.495925586886592,0.499875089753389,0.508783767205633,0.493401803435768,0.509166372106146,0.521408274334152,0.506899914802027,0.514223016905072,0.50658322496749,0.518381556133507,0.511252272139407,0.568270481144343,0.51946557418553,0.696033810143043,0.530241340772839,0.520983567797612,0.490224908381605,0.523407022106632,0.50260078023407,0.501716088597071,0.469729807831238,0.539676033244756,0.632511515502844,0.624290203727785,0.642703105049162,0.634707202201037,0.655498211963589,0.648335227960262,0.64382824651317,0.662807515724105,0.645435877598723,0.637135390129709,0.707737321196359,0.658435247337207,0.568681633901935,0.626318451090883,0.608897513003901,0.618655518530559,0.640821413090594,0.61556967090127,0.565913524057217,0.559939856957087,0.57928522624584,0.555856090160381,0.650032509752926,0.58134962322758,0.530121935131264,0.537127464770043,0.543530960522725,0.536517671719426,0.570040456581419,0.532977626962865,0.518945094008552,0.537838525470685,0.538420190317023,0.52469212986118,0.528004830020435,0.526114766037944,0.547685896678094,0.540176636324231,0.499698690094833,0.553250975292588,0.518205461638492,0.538720826774348,0.493678659153302,0.509679040075659,0.538410579777707,0.519749674902471,0.527850021673169,0.555977730819246,0
"GOBP_GLIAL_CELL_DEVELOPMENT",0.506020994256288,0.509160701317564,0.512791184850008,0.505112364580535,0.52124183006536,0.494866557734205,0.503312523266387,0.500721395058715,0.511346009610233,0.50696622163695,0.508322169447489,0.504400298130948,0.505432486820004,0.507917129115797,0.51259746588694,0.502989258878946,0.49360929557008,0.515723837427691,0.520328872289657,0.465305010893246,0.525394880174292,0.506618225855283,0.541220043572985,0.515815451057512,0.466666666666667,0.517038707566804,0.53236284412755,0.497497029114676,0.515386710239651,0.504038880509469,0.523557984213722,0.473154199951586,0.505124561902055,0.469913641494081,0.462726942628903,0.476211319117893,0.471900263021314,0.494716775599129,0.478555866791161,0.469785979751378,0.463220843893113,0.473125396431428,0.475869654771157,0.476377217553688,0.475002203835934,0.510534409842368,0.485451464536432,0.491578159041394,0.479319852941176,0.514814814814815,0.476437070554718,0.505433654943459,0.486265432098765,0.514146449540268,0.512328249818446,0.538943355119826,0.527732587455166,0.513966720343532,0.507789782579699,0.499502407272923,0.535676736144983,0.511970467199225,0.517742182945165,0.621507739437357,0.588791007546336,0.61148706574487,0.613116585665605,0.575038904450669,0.625263068875116,0.558140225787285,0.566866376180102,0.546835644827037,0.593769063180828,0.526143790849673,0.572141956197684,0.499467441297507,0.511933056050703,0.513186993875118,0.474264705882353,0.48721859114016,0.468668300653595,0
"GOBP_NEGATIVE_REGULATION_OF_ERK1_AND_ERK2_CASCADE",0.514378974730388,0.506634861736903,0.506322249179392,0.514689811167306,0.505648319934034,0.511711502782931,0.504588990259622,0.510940038029546,0.502623371944215,0.507087156278147,0.505172910496779,0.51073991797676,0.50436346641363,0.491434172296706,0.514908212088663,0.505149464002332,0.540026111454683,0.516198579745378,0.516728509585652,0.557050092764378,0.508704390847248,0.509988726726757,0.430946196660482,0.515625461769583,0.599628942486085,0.513790180608985,0.542182492831843,0.493384213189408,0.475046382189239,0.474896532039389,0.515849022172207,0.533992991135848,0.503912236831491,0.5543286317813,0.543988868274583,0.55424743323903,0.563204878182767,0.545709647495362,0.562115173723487,0.556592091382007,0.573495891863239,0.564012118080834,0.568599709953093,0.529101510734164,0.574772378736045,0.550300120048019,0.596619253762111,0.582131261595547,0.579403409090909,0.592145949288806,0.591420008562866,0.611736902553229,0.597278911564626,0.586170246218672,0.620096474953618,0.550092764378479,0.600909009892166,0.597558549111344,0.602809435462497,0.609106942440276,0.604105631397742,0.584724799010513,0.61669473749225,0.593499201983294,0.601645559409535,0.601153359276103,0.613457970600828,0.57005035780546,0.613279880932376,0.653094956991061,0.627798392084106,0.649884610163356,0.658107606679035,0.536920222634508,0.639898447417244,0.606843949701093,0.64046213526733,0.632646060139322,0.625742115027829,0.64378478664193,0.642428107606679,0
"GOBP_POSITIVE_REGULATION_OF_LYMPHOCYTE_CHEMOTAXIS",0.512585225105253,0.496654520000823,0.508655093285443,0.509138342542745,0.523298265840419,0.566039775183744,0.504562128274648,0.502385039995838,0.512353826635896,0.503502634511672,0.49720590881139,0.504276458006235,0.4969345738051,0.540072926608423,0.490935103647575,0.506992354824137,0.491393252309811,0.514885877424452,0.506258621044613,0.541612624297449,0.481157227266177,0.516873352959401,0.549416342412451,0.529630522364932,0.485516645049719,0.526200707488857,0.593797901190897,0.489279959124317,0.498108517077389,0.516262596029133,0.543776090947106,0.526252582024307,0.477715746536589,0.463568932018606,0.487462170341548,0.466392004272526,0.462713820124884,0.43066364029399,0.464037388536728,0.471730966489492,0.469228936710871,0.478694993077104,0.469077651615709,0.443703291952319,0.46857795471187,0.44455888710867,0.46779074794639,0.455793341980112,0.449777750756593,0.50036028246145,0.460407728890219,0.468048092561711,0.48371523274247,0.475001282361303,0.464568381611183,0.401750972762646,0.454958399175346,0.593524940945005,0.576131360455985,0.600193218149696,0.595786738594103,0.558437815247154,0.593723169105424,0.595287316609934,0.526726692857635,0.56915628350822,0.590092786590841,0.500895559261318,0.565418637564901,0.475926580984947,0.462782821732238,0.47401221093923,0.471508862948552,0.438391699092088,0.529990670580472,0.460465004563578,0.473273591950635,0.427469022506098,0.462926934716818,0.504107220060527,0.458333333333333,0
"GOBP_ENDOMEMBRANE_SYSTEM_ORGANIZATION",0.519625370809481,0.529057337220603,0.523455116312259,0.537032048186647,0.556256441970728,0.593413729128015,0.51375657701097,0.517281888236245,0.520184265383329,0.521475085610381,0.514806577628228,0.517458011912899,0.51192907419734,0.502719921587846,0.526227907430915,0.517913935014042,0.509173366316223,0.518501695348986,0.533510027387578,0.49582560296846,0.554955163883735,0.542850672099407,0.555324675324675,0.566696767202456,0.547309833024119,0.56722127712543,0.512261764209816,0.492405970652724,0.532977736549165,0.526673326673327,0.508817178138021,0.524221809936096,0.517302573203194,0.627190021682276,0.595485466914038,0.631145325262972,0.624989699783009,0.593854359925788,0.640215242536905,0.640461275419259,0.615001325205407,0.645935980836523,0.631638258705928,0.679220779220779,0.647177925295184,0.66157372039725,0.696392496392496,0.643320964749536,0.644242810760668,0.59165120593692,0.658855430284002,0.571693612509939,0.55926097711812,0.584774063708688,0.603750154607297,0.641929499072356,0.581513558182304,0.63306929095749,0.64144485252357,0.625213587118349,0.619474058280028,0.656998556998557,0.642071080556539,0.605559381354765,0.615589793229545,0.615126286812723,0.603355374783946,0.507394646170156,0.623036430166084,0.624489795918367,0.625170068027211,0.614416941943074,0.572838589981447,0.544897959183673,0.64206620447222,0.578519892805607,0.573132062742452,0.590156474253509,0.536641929499072,0.598639455782313,0.607954545454545,0
"GOBP_HETEROTYPIC_CELL_CELL_ADHESION",0.514135588876073,0.516754850088183,0.518019943019943,0.516104097651237,0.529411764705882,0.520710784313726,0.50811942126821,0.511227727605565,0.516162390415042,0.510559256903293,0.506093451873503,0.511251576654053,0.504254464013482,0.535869609898467,0.515045579635363,0.507180034662798,0.491567820543855,0.516677935542033,0.507015769270671,0.526525054466231,0.528208968772694,0.512633909755243,0.413551198257081,0.526955482291245,0.603267973856209,0.521346586202816,0.522380669439493,0.491416617151911,0.460348583877996,0.477107424166248,0.518747098110647,0.516533526991043,0.503343752960121,0.581226868257343,0.565344952795933,0.584458640167983,0.580240560408401,0.528213507625272,0.59001362012695,0.58082361484899,0.547570139166778,0.581873086787458,0.575528205650898,0.584702769996888,0.58888762955407,0.555267204921184,0.579932219801501,0.579772603485839,0.584249046840959,0.569135802469136,0.584266800737389,0.524416433239963,0.52328431372549,0.544739854510542,0.528458968772694,0.487037037037037,0.519773382424294,0.598812162546178,0.605620025788093,0.595412732994432,0.585438277024464,0.608593560881143,0.594089193509243,0.639069174491728,0.640762842979382,0.635379061371841,0.637562147366069,0.543355119825708,0.649783544553578,0.589621707268766,0.557407407407407,0.574764865295712,0.605141612200436,0.459477124183007,0.60755647288155,0.559949164851126,0.54520697167756,0.600468615119004,0.556917211328976,0.526506899055919,0.576279956427015,0
"GOBP_POSITIVE_REGULATION_OF_MACROPHAGE_DERIVED_FOAM_CELL_DIFFERENTIATION",0.51252389792469,0.489094497902788,0.558369868473495,0.492774504932926,0.519055843408175,0.509229274611399,0.502375608745618,0.50256272439963,0.508563923972061,0.504098631381211,0.499308080970618,0.508743523316062,0.510581550185236,0.530374425652556,0.504823425143169,0.505382269714315,0.464786029552869,0.527246739324638,0.516765358993338,0.547279792746114,0.525960708117444,0.504371249876467,0.339585492227979,0.536347379522216,0.447668393782383,0.515704613550961,0.474140367404616,0.534296985398022,0.578562176165803,0.519888401753687,0.520759364647923,0.496776050662061,0.548276638882631,0.472507647168987,0.490259067357513,0.466173539962019,0.47096039721337,0.494235751295337,0.472669921702578,0.467641979071421,0.46489372951253,0.466842657571981,0.472911553495137,0.514840858623242,0.461337566264339,0.470618713806766,0.526137017846862,0.499400906735751,0.455719721502591,0.509240069084629,0.474172977281786,0.484943251912164,0.490349740932642,0.47304821287433,0.515778929188256,0.44339378238342,0.480134398262326,0.469733423443719,0.45081949878397,0.463525874752127,0.495937411388653,0.48957973517559,0.466546807931906,0.606409937326063,0.598565743035218,0.607893604683788,0.597606394756654,0.543449296817172,0.62673900759484,0.570489872821479,0.548877374784111,0.557424491343359,0.616269430051813,0.341709844559586,0.590850831742569,0.518998272884283,0.518040508714084,0.547296900967837,0.479533678756477,0.599309153713299,0.498105569948187,9.26400292761498e-261
"GOBP_REGULATION_OF_MACROPHAGE_DERIVED_FOAM_CELL_DIFFERENTIATION",0.51252389792469,0.489094497902788,0.558369868473495,0.492774504932926,0.519055843408175,0.509229274611399,0.502375608745618,0.50256272439963,0.508563923972061,0.504098631381211,0.499308080970618,0.508743523316062,0.510581550185236,0.530374425652556,0.504823425143169,0.505382269714315,0.464786029552869,0.527246739324638,0.516765358993338,0.547279792746114,0.525960708117444,0.504371249876467,0.339585492227979,0.536347379522216,0.447668393782383,0.515704613550961,0.474140367404616,0.534296985398022,0.578562176165803,0.519888401753687,0.520759364647923,0.496776050662061,0.548276638882631,0.472507647168987,0.490259067357513,0.466173539962019,0.47096039721337,0.494235751295337,0.472669921702578,0.467641979071421,0.46489372951253,0.466842657571981,0.472911553495137,0.514840858623242,0.461337566264339,0.470618713806766,0.526137017846862,0.499400906735751,0.455719721502591,0.509240069084629,0.474172977281786,0.484943251912164,0.490349740932642,0.47304821287433,0.515778929188256,0.44339378238342,0.480134398262326,0.469733423443719,0.45081949878397,0.463525874752127,0.495937411388653,0.48957973517559,0.466546807931906,0.606409937326063,0.598565743035218,0.607893604683788,0.597606394756654,0.543449296817172,0.62673900759484,0.570489872821479,0.548877374784111,0.557424491343359,0.616269430051813,0.341709844559586,0.590850831742569,0.518998272884283,0.518040508714084,0.547296900967837,0.479533678756477,0.599309153713299,0.498105569948187,9.26400292761498e-261
"GOBP_NEGATIVE_REGULATION_OF_MONONUCLEAR_CELL_MIGRATION",0.526128397661467,0.55405872193437,0.517626544440016,0.49899921924906,0.448100172711572,0.56509067357513,0.504683135618826,0.511441962462107,0.507938634032238,0.511548329258834,0.512750619508898,0.510947300245432,0.507318488048623,0.537657640043015,0.506930051813472,0.506840411923559,0.548052197274995,0.505297480793282,0.501838144584259,0.487046632124352,0.504263816925734,0.511477460433991,0.383108808290155,0.527424457792654,0.451295336787565,0.528757304375176,0.557041921808761,0.518370230805464,0.546243523316062,0.535193304105221,0.501554404145078,0.543868739205527,0.566636629871593,0.592220176040951,0.594533678756477,0.575556232855837,0.608964148982908,0.629015544041451,0.593755899469642,0.633091537132988,0.651601987945437,0.632898275070506,0.637695563029624,0.610769800148038,0.635017520740364,0.605684242608961,0.640299366724237,0.570304404145078,0.618628562176166,0.522538860103627,0.611582303706656,0.627615346656797,0.654857512953368,0.607912531834548,0.621713298791019,0.547927461139896,0.61806909971265,0.656090711121123,0.661213915618061,0.663164459796584,0.654377078338876,0.613270005757052,0.644686963040608,0.547068805575039,0.553052489299392,0.553805577897907,0.543893095965635,0.51939304219097,0.545777824600385,0.531700423928403,0.525086355785838,0.517629217742955,0.561243523316062,0.4,0.551704390509954,0.581232009211284,0.613471502590674,0.592384397301789,0.664961139896373,0.568221070811744,0.560281735751295,0
"GOBP_ENSHEATHMENT_OF_NEURONS",0.518799808568634,0.534679760360694,0.524127839302937,0.506760478297177,0.527189316424077,0.568498702983139,0.505735399532607,0.50729504711777,0.507924124241022,0.508552412547328,0.502767237837446,0.510798518670216,0.511909673061543,0.513724722446549,0.510950690604592,0.508740578299172,0.482634385358121,0.521721305365475,0.517097976241945,0.531128404669261,0.526012393716674,0.51823398372662,0.446346735840899,0.553336470660254,0.508430609597925,0.529417696061572,0.486617144204693,0.502422080729474,0.515402075226978,0.499102065249925,0.51853741858207,0.470096555699669,0.528769337769507,0.540073393444075,0.529262141518951,0.533877963037954,0.536840457615945,0.518455469087765,0.549618402793714,0.545666013919619,0.542108931769855,0.541898569997866,0.545488715784754,0.577141621888704,0.551672002179188,0.552986953536278,0.584618340779171,0.579036964980545,0.55637294638997,0.610030263726762,0.56011174299112,0.544011076112243,0.54067588989768,0.550521371467095,0.547750396310708,0.56441850410722,0.550726197286271,0.628248651290438,0.627888509489399,0.607420217450481,0.627599142205101,0.634025075659317,0.625156037826614,0.564595026780472,0.56107570944316,0.568467974921219,0.577133703592848,0.496572169723921,0.577834996759456,0.609381755296152,0.52482346159389,0.570560880706083,0.653955901426719,0.530912235192391,0.590131294513846,0.47850314646683,0.476496482333058,0.493306903555784,0.429258538694336,0.443579766536965,0.488164721141375,0
"GOBP_REGULATION_OF_LIPID_BIOSYNTHETIC_PROCESS",0.521941007808082,0.492375651559325,0.522848579991437,0.509822858159453,0.535003092145949,0.529429499072356,0.506249063970334,0.507882277769652,0.511607830109001,0.511069636112322,0.510326231000588,0.503792354262279,0.508895938666931,0.537473308362796,0.512257103798457,0.515494195864698,0.489960832817976,0.520747233062504,0.527767470624613,0.510204081632653,0.543004019789734,0.521178082330282,0.477402597402597,0.523109002249331,0.503896103896104,0.545477069712579,0.582121774329567,0.497158036768426,0.512987012987013,0.489795918367347,0.535673226071352,0.494784580498866,0.535581188997338,0.504382278650781,0.542461348175634,0.499638176949101,0.531470471462781,0.52639146567718,0.503851849330224,0.507622685437812,0.55657869826966,0.514008595382917,0.533010014213022,0.509992048767559,0.529155897776872,0.485626978063953,0.58198309626881,0.536491187384045,0.538503014842301,0.600680272108844,0.506716141001855,0.568495450128103,0.568027210884354,0.556642872865633,0.585236858379716,0.551020408163265,0.552532183973232,0.523171735097201,0.543417515429177,0.534070867404201,0.570200943335272,0.510843125128839,0.524086668772968,0.641832278763034,0.622231184964104,0.633400534483567,0.646708846708847,0.569785316724092,0.667410382065782,0.59239332096475,0.612121212121212,0.597438798135662,0.700333951762523,0.561966604823748,0.61825017088175,0.573386930529788,0.589188733344578,0.606125949522176,0.586873840445269,0.572789115646258,0.590514842300557,0
"GOBP_REGULATION_OF_PROTEIN_STABILITY",0.580913357078369,0.593320964749536,0.592671614100186,0.58019416982235,0.551020408163265,0.593923933209648,0.575791119281243,0.575002117029384,0.575963146923334,0.578835572103317,0.579112458083177,0.574437310809491,0.577185627894461,0.571827633283159,0.589866712235133,0.5780502361906,0.60331203188346,0.561384428379502,0.582171569926672,0.560296846011132,0.578857452071738,0.588716818409306,0.581892393320965,0.597484689772932,0.737291280148423,0.592571736798117,0.648068814302581,0.582800640917524,0.634369202226345,0.584087341230198,0.579889899327838,0.604164089878376,0.58672259417601,0.603681516418177,0.569270253555968,0.595827701710055,0.615811394911568,0.603849721706865,0.611913231872041,0.61129178944305,0.600757260232479,0.612042929945281,0.62847378185724,0.633103631062815,0.614149516874538,0.572399869038524,0.621603793032364,0.622437384044527,0.595982142857143,0.63469387755102,0.63139146567718,0.644774273345702,0.660853432282004,0.671375113990126,0.629763760049474,0.689239332096475,0.646581490873443,0.618110833266113,0.585740789822423,0.624198905151286,0.612969475442823,0.607297464440322,0.625228110100984,0.640602441850103,0.601602538248501,0.651145656818684,0.658880801737945,0.536655181553141,0.668540015569326,0.678225670433463,0.711966604823748,0.699153807864609,0.687940630797774,0.682931354359926,0.69411190313446,0.719253762110905,0.744644965424186,0.710862183638464,0.699768089053803,0.665429808286951,0.71948051948052,6.18986361071763e-271
